195.95165235,0.00107180
196.15151677,0.00224584
196.35139989,0.00155409
196.55130171,-0.00183750
196.75122222,0.00204979
196.95116143,0.00067714
197.15111932,0.00270378
197.35109589,0.00237739
197.55109115,0.00001452
197.75110507,-0.00116950
197.95113767,-0.00082368
198.15118894,0.00115873
198.35125887,0.00028652
198.55134747,-0.00092382
198.75145472,-0.00109742
198.95158062,0.00092656
199.15172517,0.00105365
199.35188837,-0.00067597
199.55207021,0.00262961
199.75227069,0.00330033
199.95248980,0.00056601
200.15272755,0.00385800
200.35298392,0.00162476
200.55325891,-0.00022935
200.75355253,0.00092740
200.95386476,0.00006567
201.15419561,0.00434735
201.35454506,-0.00152632
201.55491312,0.00160245
201.75529978,-0.00027165
201.95570504,0.00210239
202.15612889,-0.00080419
202.35657133,0.00013681
202.55703236,0.00009252
202.75751198,-0.00351095
202.95801017,-0.00158728
203.15852694,-0.00051583
203.35906228,0.00378272
203.55961619,0.00255183
203.76018866,0.00033810
203.96077969,0.00131711
204.16138928,0.00294830
204.36201743,-0.00174092
204.56266412,0.00170188
204.76332936,-0.00189849
204.96401315,0.00119617
205.16471547,-0.00019497
205.36543633,-0.00005930
205.56617572,0.00007263
205.76693363,0.00419199
205.96771007,0.00366314
206.16850503,0.00120736
206.36931851,0.00286276
206.57015050,0.00481005
206.77100100,-0.00025199
206.97187001,0.00061911
207.17275752,0.00347302
207.37366352,0.00306365
207.57458802,0.00236000
207.77553101,-0.00295358
207.97649249,-0.00085369
208.17747245,0.00119143
208.37847089,0.00071804
208.57948781,-0.00006409
208.78052320,0.00258962
208.98157706,0.00127400
209.18264938,0.00055311
209.38374017,-0.00172932
209.58484941,0.00170185
209.78597710,0.00329982
209.98712325,0.00158743
210.18828784,0.00193090
210.38947088,0.00034716
210.59067235,0.00083391
210.79189226,-0.00049865
210.99313061,0.00092316
211.19438738,0.00378323
211.39566257,0.00216355
211.59695619,0.00101742
211.79826822,0.00177565
211.99959866,-0.00063344
212.20094752,0.00027190
212.40231478,0.00291525
212.60370044,0.00308774
212.80510450,0.00149606
213.00652696,0.00241529
213.20796781,-0.00048958
213.40942704,0.00392232
213.61090466,-0.00002530
213.81240066,0.00161606
214.01391504,-0.00059214
214.21544779,0.00083865
214.41699890,0.00005135
214.61856839,0.00057587
214.82015623,-0.00176905
215.02176243,0.00078928
215.22338699,0.00056410
215.42502990,0.00034194
215.62669115,-0.00087798
215.82837075,0.00057468
216.03006868,-0.00096572
216.23178496,-0.00086669
216.43351956,-0.00059416
216.63527249,0.00568327
216.83704375,0.00436590
217.03883333,0.00359605
217.24064123,0.00482692
217.44246744,0.00027251
217.64431195,-0.00015347
217.84617478,0.00099279
218.04805591,0.00102423
218.24995534,0.00234121
218.45187306,0.00177514
218.65380907,0.00258309
218.85576337,0.00205312
219.05773596,0.00008072
219.25972683,-0.00213971
219.46173597,-0.00169266
219.66376339,0.00028824
219.86580907,0.00100943
220.06787302,0.00040632
220.26995524,0.00355801
220.47205571,0.00275123
220.67417443,0.00160628
220.87631141,0.00525662
221.07846663,0.00427507
221.28064010,-0.00003074
221.48283181,0.00013288
221.68504175,0.00075023
221.88726993,0.00269410
222.08951633,0.00420302
222.29178096,-0.00048656
222.49406382,0.00241995
222.69636488,-0.00135846
222.89868417,0.00104367
223.10102166,0.00237936
223.30337736,0.00103984
223.50575126,0.00109724
223.70814337,0.00176557
223.91055366,-0.00098085
224.11298215,-0.00071792
224.31542883,-0.00244101
224.51789369,0.00220444
224.72037673,0.00029005
224.92287795,0.00177776
225.12539735,-0.00087617
225.32793491,-0.00126823
225.53049064,0.00012545
225.73306453,0.00511044
225.93565658,0.00051181
226.13826679,-0.00100941
226.34089514,0.00194683
226.54354164,-0.00099802
226.74620629,0.00128640
226.94888908,0.00185905
227.15159000,0.00145778
227.35430906,0.00369014
227.55704625,-0.00059174
227.75980156,0.00090737
227.96257499,0.00207312
228.16536654,-0.00008212
228.36817621,0.00194461
228.57100398,0.00018361
228.77384987,0.00084883
228.97671385,-0.00190101
229.17959594,0.00536957
229.38249612,0.00083391
229.58541439,0.00036637
229.78835076,-0.00102396
229.99130520,0.00077456
230.19427773,0.00143076
230.39726834,-0.00314370
230.60027702,0.00566590
230.80330377,0.00130794
231.00634858,-0.00170708
231.20941146,0.00141021
231.41249240,-0.00076121
231.61559139,0.00074022
231.81870844,0.00034446
232.02184353,0.00320230
232.22499666,-0.00147080
232.42816784,0.00204818
232.63135705,-0.00004990
232.83456430,0.00194441
233.03778958,0.00055835
233.24103288,0.00062415
233.44429420,-0.00075788
233.64757355,0.00165655
233.85087090,0.00263203
234.05418627,-0.00114275
234.25751965,0.00089497
234.46087103,0.00091305
234.66424040,0.00024875
234.86762778,0.00078212
235.07103315,0.00275576
235.27445650,-0.00057426
235.47789784,-0.00002168
235.68135717,-0.00166143
235.88483447,-0.00079333
236.08832974,-0.00051769
236.29184299,0.00179218
236.49537420,-0.00085275
236.69892338,0.00098908
236.90249051,0.00215941
237.10607560,0.00105758
237.30967864,0.00023457
237.51329963,-0.00224474
237.71693857,-0.00070761
237.92059544,0.00246278
238.12427025,0.00132810
238.32796300,0.00098291
238.53167367,0.00048718
238.73540228,0.00210349
238.93914880,0.00206411
239.14291324,0.00087047
239.34669560,0.00230158
239.55049587,0.00336905
239.75431405,0.00241568
239.95815013,-0.00154084
240.16200411,0.00304113
240.36587599,0.00295836
240.56976576,0.00203346
240.77367342,0.00130483
240.97759896,0.00076085
241.18154239,0.00274195
241.38550369,-0.00103364
241.58948287,-0.00135443
241.79347992,0.00082917
241.99749484,0.00520087
242.20152762,0.00352965
242.40557826,0.00412710
242.60964676,-0.00059355
242.81373311,0.00209987
243.01783730,0.00225456
243.22195934,-0.00119232
243.42609923,0.00216284
243.63025695,0.00336154
243.83443250,0.00113107
244.03862589,-0.00085733
244.24283710,0.00232777
244.44706613,-0.00125116
244.65131298,-0.00106175
244.85557765,0.00291969
245.05986013,0.00122685
245.26416042,0.00111068
245.46847851,-0.00013105
245.67281440,-0.00019930
245.87716809,0.00298286
246.08153957,0.00267988
246.28592885,-0.00137258
246.49033590,0.00107788
246.69476074,-0.00162878
246.89920336,0.00005942
247.10366375,0.00391029
247.30814192,0.00200641
247.51263785,-0.00004092
247.71715155,0.00442266
247.92168300,0.00110785
248.12623221,0.00501131
248.33079918,0.00385810
248.53538389,-0.00010218
248.73998635,0.00039977
248.94460655,0.00201316
249.14924448,0.00422987
249.35390016,0.00260182
249.55857356,-0.00018270
249.76326469,0.00149908
249.96797354,-0.00050085
250.17270011,0.00275657
250.37744440,0.00029186
250.58220640,0.00067462
250.78698610,0.00027473
250.99178352,0.00561139
251.19659863,-0.00010551
251.40143144,0.00102650
251.60628194,0.00158460
251.81115014,-0.00104597
252.01603602,0.00280235
252.22093958,0.00192183
252.42586082,-0.00081219
252.63079974,0.00046910
252.83575632,0.00058458
253.04073058,0.00215034
253.24572250,0.00301324
253.45073208,0.00064018
253.65575931,0.00112217
253.86080420,-0.00360343
254.06586674,0.00360193
254.27094692,-0.00004284
254.47604475,0.00197210
254.68116021,0.00379684
254.88629331,0.00037882
255.09144404,0.00301657
255.29661240,0.00209306
255.50179838,-0.00079142
255.70700198,0.00383629
255.91222319,-0.00106432
256.11746202,0.00141409
256.32271846,0.00210944
256.52799250,0.00329687
256.73328414,0.00177242
256.93859338,0.00159872
257.14392021,0.00148376
257.34926464,-0.00030983
257.55462665,0.00071216
257.76000624,-0.00136456
257.96540341,0.00270347
258.17081816,0.00112187
258.37625048,0.00062798
258.58170037,0.00173458
258.78716782,-0.00194374
258.99265284,0.00013671
259.19815541,0.00361831
259.40367553,0.00189646
259.60921320,0.00220888
259.81476842,-0.00180405
260.02034118,0.00128448
260.22593148,-0.00049264
260.43153931,-0.00108825
260.63716468,0.00025463
260.84280757,0.00070584
261.04846799,0.00225885
261.25414593,0.00303797
261.45984138,0.00027714
261.66555434,-0.00124108
261.87128482,0.00215150
262.07703280,0.00224964
262.28279828,0.00155480
262.48858126,-0.00018619
262.69438173,0.00006466
262.90019970,-0.00086447
263.10603515,0.00293776
263.31188808,0.00018628
263.51775850,0.00219930
263.72364639,0.00138301
263.92955175,0.00332607
264.13547458,0.00187176
264.34141487,0.00267088
264.54737263,0.00286609
264.75334784,-0.00053128
264.95934051,-0.00099053
265.16535062,0.00083088
265.37137818,-0.00146425
265.57742319,0.00175679
265.78348563,0.00010361
265.98956551,0.00105536
266.19566282,0.00161031
266.40177756,-0.00212226
266.60790972,0.00380672
266.81405931,-0.00203624
267.02022631,0.00225976
267.22641072,0.00093788
267.43261254,0.00166220
267.63883177,0.00026968
267.84506840,0.00342729
268.05132243,-0.00230896
268.25759385,0.00265381
268.46388266,0.00082060
268.67018886,0.00127490
268.87651245,0.00099471
269.08285341,-0.00152561
269.28921175,0.00013780
269.49558746,-0.00060021
269.70198054,0.00377876
269.90839099,0.00129023
270.11481880,0.00169202
270.32126396,0.00029774
270.52772648,0.00045004
270.73420635,0.00309793
270.94070356,0.00329450
271.14721812,0.00380208
271.35375002,0.00060083
271.56029925,0.00035252
271.76686582,-0.00014580
271.97344971,0.00065164
272.18005093,0.00369589
272.38666947,0.00209509
272.59330532,0.00149071
272.79995849,0.00318799
273.00662897,0.00127803
273.21331676,0.00123310
273.42002184,0.00260212
273.62674423,-0.00004828
273.83348391,0.00111310
274.04024088,-0.00271883
274.24701514,0.00070480
274.45380668,0.00028138
274.66061550,0.00023645
274.86744160,0.00024583
275.07428498,0.00192082
275.28114562,0.00522137
275.48802352,0.00328386
275.69491869,0.00082705
275.90183112,0.00300548
276.10876080,-0.00072233
276.31570773,-0.00004990
276.52267191,0.00188748
276.72965333,0.00035040
276.93665199,0.00156673
277.14366789,0.00307353
277.35070102,0.00083350
277.55775137,-0.00016062
277.76481895,-0.00119242
277.97190376,-0.00145820
278.17900578,0.00254056
278.38612501,0.00204798
278.59326146,-0.00119605
278.80041511,-0.00037593
279.00758596,0.00042415
279.21477401,0.00133294
279.42197926,0.00353771
279.62920170,0.00022123
279.83644133,0.00101638
280.04369814,0.00132679
280.25097213,-0.00034893
280.45826330,0.00162345
280.66557164,0.00297853
280.87289715,0.00136765
281.08023982,0.00413598
281.28759966,0.00111108
281.49497666,0.00307393
281.70237081,0.00108332
281.90978211,0.00062758
282.11721056,0.00027866
282.32465616,0.00115833
282.53211889,0.00152381
282.73959876,0.00217207
282.94709576,-0.00004887
283.15460989,-0.00080392
283.36214115,0.00115147
283.56968952,-0.00075455
283.77725502,0.00131136
283.98483763,-0.00069349
284.19243735,0.00169505
284.40005417,0.00259859
284.60768810,0.00136690
284.81533913,0.00178200
285.02300725,0.00037504
285.23069247,0.00202819
285.43839477,0.00154043
285.64611416,-0.00000581
285.85385063,0.00019649
286.06160417,-0.00203536
286.26937479,0.00055401
286.47716248,0.00243003
286.68496724,-0.00075173
286.89278906,0.00194965
287.10062793,-0.00130698
287.30848386,0.00127722
287.51635685,0.00095069
287.72424688,0.00020466
287.93215395,0.00186774
288.14007806,0.00062254
288.34801921,0.00298075
288.55597740,0.00032749
288.76395261,0.00261556
288.97194485,-0.00041128
289.17995411,0.00133314
289.38798039,0.00159479
289.59602368,0.00122171
289.80408398,0.00135414
290.01216129,0.00144982
290.22025561,0.00264927
290.42836692,0.00093079
290.63649523,0.00115651
290.84464053,0.00072409
291.05280282,0.00067271
291.26098209,0.00207196
291.46917835,-0.00151200
291.67739158,0.00441012
291.88562179,0.00461323
292.09386897,-0.00035899
292.30213311,0.00017922
292.51041422,0.00069482
292.71871228,0.00028652
292.92702730,0.00100882
293.13535928,0.00150654
293.34370820,-0.00104352
293.55207406,-0.00180883
293.76045686,0.00185784
293.96885661,0.00349801
294.17727328,-0.00127287
294.38570689,0.00318637
294.59415742,0.00286931
294.80262487,0.00279108
295.01110924,0.00188990
295.21961052,0.00060429
295.42812872,0.00245900
295.63666382,0.00165806
295.84521583,0.00160512
296.05378474,-0.00389502
296.26237054,0.00273758
296.47097324,0.00106030
296.67959282,0.00135233
296.88822929,0.00155006
297.09688264,-0.00066881
297.30555287,0.00068017
297.51423998,0.00360561
297.72294395,0.00263899
297.93166479,0.00130322
298.14040250,-0.00029387
298.34915706,-0.00062353
298.55792848,0.00106847
298.76671675,0.00495554
298.97552187,0.00078243
299.18434383,0.00429667
299.39318264,-0.00113751
299.60203828,0.00249886
299.81091075,0.00078394
300.01980006,0.00157986
300.22870619,0.00095603
300.43762914,0.00099632
300.64656892,-0.00048454
300.85552550,-0.00014742
301.06449890,-0.00162737
301.27348911,0.00360321
301.48249612,0.00148900
301.69151993,0.00142814
301.90056054,0.00044157
302.10961794,0.00172215
302.31869213,0.00218480
302.52778310,0.00303424
302.73689086,-0.00098891
302.94601539,0.00156037
303.15515670,-0.00042116
303.36431478,-0.00109137
303.57348963,0.00153806
303.78268124,0.00330940
303.99188961,0.00104851
304.20111474,-0.00139615
304.41035662,-0.00345274
304.61961524,0.00042828
304.82889062,0.00318345
305.03818273,0.00331595
305.24749158,0.00220333
305.45681716,0.00178586
305.66615948,-0.00142829
305.87551852,-0.00029437
306.08489429,0.00254570
306.29428677,0.00300881
306.50369597,-0.00311105
306.71312188,0.00080343
306.92256450,0.00237452
307.13202382,0.00266069
307.34149984,0.00018709
307.55099256,0.00291449
307.76050198,0.00086247
307.97002808,0.00357528
308.17957087,0.00313318
308.38913034,0.00307037
308.59870649,-0.00165056
308.80829931,0.00251048
309.01790881,0.00160325
309.22753497,0.00189071
309.43717780,-0.00215950
309.64683728,0.00238319
309.85651343,-0.00234508
310.06620622,0.00131046
310.27591567,0.00287516
310.48564176,-0.00289151
310.69538449,0.00029388
310.90514386,0.00275979
311.11491986,-0.00176212
311.32471250,0.00116231
311.53452176,0.00060963
311.74434764,0.00149464
311.95419014,0.00039342
312.16404926,0.00174098
312.37392499,0.00003324
312.58381733,0.00156306
312.79372628,0.00281793
313.00365182,0.00270801
313.21359397,-0.00048343
313.42355270,0.00333406
313.63352803,0.00079597
313.84351994,0.00035000
314.05352843,-0.00053753
314.26355351,0.00187680
314.47359516,0.00258599
314.68365338,0.00114670
314.89372816,0.00253552
315.10381952,0.00017418
315.31392743,0.00253138
315.52405190,-0.00236563
315.73419292,-0.00025421
315.94435049,0.00145328
316.15452461,0.00199347
316.36471526,0.00220666
316.57492246,0.00141082
316.78514619,0.00034052
316.99538646,-0.00132518
317.20564324,0.00195903
317.41591656,-0.00223793
317.62620639,0.00199499
317.83651274,0.00170884
318.04683560,0.00207130
318.25717497,0.00151239
318.46753084,0.00095431
318.67790322,0.00256085
318.88829209,0.00079422
319.09869746,0.00330587
319.30911932,-0.00104312
319.51955766,0.00172215
319.73001249,-0.00047204
319.94048380,0.00081674
320.15097158,0.00190844
320.36147583,0.00283038
320.57199655,0.00221170
320.78253374,0.00162216
320.99308739,0.00409118
321.20365749,0.00156387
321.41424405,-0.00061432
321.62484706,0.00090434
321.83546651,0.00358123
322.04610240,0.00219930
322.25675474,0.00249059
322.46742351,-0.00246271
322.67810870,0.00017095
322.88881033,0.00084631
323.09952838,0.00138341
323.31026285,0.00083431
323.52101374,-0.00004909
323.73178104,0.00072288
323.94256475,0.00363563
324.15336487,0.00000874
324.36418138,0.00171751
324.57501430,0.00244021
324.78586360,0.00278977
324.99672930,-0.00066674
325.20761139,0.00232354
325.41850986,0.00258287
325.62942471,0.00098765
325.84035593,0.00073357
326.05130353,0.00366097
326.26226749,0.00310744
326.47324782,0.00014582
326.68424451,0.00090031
326.89525756,0.00226641
327.10628696,0.00071683
327.31733271,0.00347806
327.52839481,0.00045733
327.73947325,0.00079483
327.95056803,0.00308432
328.16167915,0.00032671
328.37280659,0.00425638
328.58395037,0.00067371
328.79511046,0.00311634
329.00628688,0.00045397
329.21747962,0.00054998
329.42868867,0.00170682
329.63991403,-0.00212660
329.85115569,0.00122120
330.06241365,0.00357629
330.27368792,-0.00098523
330.48497848,0.00033952
330.69628533,0.00080286
330.90760846,0.00456175
331.11894788,0.00116337
331.33030358,0.00091516
331.54167556,0.00174943
331.75306381,0.00171731
331.96446832,0.00055210
332.17588911,0.00215074
332.38732615,0.00226903
332.59877945,0.00177534
332.81024901,0.00000380
333.02173481,0.00125380
333.23323686,0.00046537
333.44475516,-0.00349976
333.65628969,-0.00012344
333.86784046,0.00176688
334.07940747,-0.00025714
334.29099070,0.00039342
334.50259015,0.00337117
334.71420583,0.00368671
334.92583772,-0.00158345
335.13748582,0.00198480
335.34915014,0.00182441
335.56083066,0.00342295
335.77252739,0.00228053
335.98424031,0.00390998
336.19596943,0.00073871
336.40771473,0.00689175
336.61947623,0.00314356
336.83125391,0.00109003
337.04304777,0.00128751
337.25485781,0.00467615
337.46668402,0.00033503
337.67852640,0.00023443
337.89038494,-0.00113227
338.10225965,-0.00132513
338.31415051,0.00077194
338.52605753,0.00221947
338.73798070,0.00282398
338.94992001,0.00319141
339.16187547,0.00159902
339.37384707,0.00188012
339.58583481,0.00082080
339.79783867,-0.00153741
340.00985867,0.00254802
340.22189479,0.00216708
340.43394703,0.00298256
340.64601539,0.00029469
340.85809986,0.00154340
341.07020044,-0.00121786
341.28231713,0.00427239
341.49444992,-0.00021543
341.70659882,0.00230778
341.91876380,0.00077597
342.13094488,0.00515683
342.34314204,0.00267894
342.55535529,0.00160305
342.76758462,0.00303833
342.97983003,-0.00083389
343.19209151,-0.00015488
343.40436906,0.00238238
343.61666268,0.00207155
343.82897235,0.00343293
344.04129809,0.00193524
344.25363988,0.00331736
344.46599772,0.00031685
344.67837161,0.00377079
344.89076154,-0.00060525
345.10316751,-0.00220700
345.31558952,0.00267501
345.52802756,0.00352662
345.74048163,-0.00062590
345.95295173,-0.00103203
346.16543784,-0.00019991
346.37793998,0.00286528
346.59045813,0.00291928
346.80299228,0.00028541
347.01554245,0.00205675
347.22810862,-0.00220157
347.44069079,0.00324380
347.65328895,0.00003492
347.86590310,-0.00016943
348.07853325,-0.00139167
348.29117938,-0.00015972
348.50384148,0.00077839
348.71651957,0.00298801
348.92921363,-0.00006364
349.14192366,0.00197633
349.35464966,-0.00036696
349.56739161,-0.00230363
349.78014953,0.00010139
349.99292340,0.00377966
350.20571322,0.00325540
350.41851899,-0.00266774
350.63134071,-0.00125126
350.84417836,0.00348213
351.05703196,0.00032759
351.26990148,0.00244559
351.48278693,-0.00185830
351.69568831,0.00202395
351.90860561,0.00280560
352.12153883,0.00096977
352.33448796,0.00142824
352.54745301,0.00549119
352.76043396,0.00413461
352.97343081,0.00059995
353.18644357,0.00314598
353.39947222,0.00381559
353.61251676,0.00121924
353.82557719,0.00308815
354.03865351,0.00571738
354.25174570,-0.00070569
354.46485378,0.00211186
354.67797773,0.00149424
354.89111754,0.00163172
355.10427323,-0.00014628
355.31744478,-0.00149188
355.53063218,-0.00053653
355.74383545,0.00438342
355.95705456,0.00072328
356.17028952,0.00208854
356.38354033,-0.00069976
356.59680697,0.00124536
356.81008946,0.00183298
357.02338777,0.00129374
357.23670192,0.00437979
357.45003189,0.00328240
357.66337769,0.00374979
357.87673930,0.00094363
358.09011673,0.00039886
358.30350996,-0.00123896
358.51691901,0.00525693
358.73034386,0.00163726
358.94378451,0.00002054
359.15724095,0.00377205
359.37071319,0.00042907
359.58420122,0.00620320
359.79770503,0.00161555
360.01122463,0.00269763
360.22476000,0.00237401
360.43831115,0.00310619
360.65187806,-0.00005111
360.86546075,-0.00041896
361.07905919,0.00019750
361.29267340,0.00098222
361.50630336,-0.00188381
361.71994907,0.00259012
361.93361053,0.00100912
362.14728774,-0.00077858
362.36098069,0.00131083
362.57468937,0.00361307
362.78841379,0.00204929
363.00215394,0.00275496
363.21590981,0.00350585
363.42968141,-0.00085903
363.64346873,0.00231386
363.85727176,0.00141057
364.07109050,-0.00065038
364.28492495,0.00443874
364.49877510,0.00124024
364.71264096,0.00116327
364.92652251,0.00044188
365.14041975,0.00203523
365.35433268,0.00247849
365.56826130,0.00260104
365.78220560,0.00008822
365.99616558,0.00181806
366.21014124,0.00078474
366.42413256,0.00304786
366.63813955,-0.00058629
366.85216221,0.00085909
367.06620052,0.00265784
367.28025449,-0.00025512
367.49432411,0.00346294
367.70840938,0.00318054
367.92251030,0.00089023
368.13662686,0.00171791
368.35075905,0.00089578
368.56490688,0.00161922
368.77907034,0.00289962
368.99324943,0.00336481
369.20744414,0.00227397
369.42165446,0.00036385
369.63588041,0.00495146
369.85012196,0.00336764
370.06437912,0.00133001
370.27865189,0.00215478
370.49294026,0.00164738
370.70724422,0.00158815
370.92156378,0.00121626
371.13589893,0.00567578
371.35024966,0.00001469
371.56461598,0.00295097
371.77899788,0.00021389
371.99339534,0.00071859
372.20780838,0.00237986
372.42223699,0.00586872
372.63668116,0.00168925
372.85114090,0.00156064
373.06561618,0.00329307
373.28010703,-0.00069208
373.49461342,0.00308835
373.70913535,0.00596226
373.92367283,0.00308704
374.13822584,0.00215316
374.35279439,0.00066545
374.56737847,-0.00020565
374.78197808,0.00425114
374.99659321,0.00375513
375.21122386,0.00314346
375.42587002,0.00720146
375.64053170,0.00050546
375.85520888,0.00019206
376.06990157,0.00095058
376.28460976,0.00571234
376.49933345,0.00386102
376.71407263,0.00229064
376.92882731,0.00143701
377.14359746,0.00196274
377.35838311,0.00154623
377.57318422,0.00329014
377.78800082,0.00453974
378.00283289,0.00216721
378.21768042,0.00539951
378.43254342,0.00277515
378.64742188,0.00523549
378.86231579,0.00494350
379.07722516,0.00254167
379.29214998,0.00073800
379.50709024,0.00417052
379.72204595,0.00246730
379.93701709,0.00000905
380.15200367,0.00119546
380.36700568,0.00143681
380.58202311,0.00064923
380.79705597,0.00521573
381.01210425,0.00078948
381.22716795,0.00214348
381.44224706,0.00270660
381.65734157,0.00301277
381.87245150,0.00450684
382.08757682,0.00549925
382.30271754,0.00449232
382.51787365,0.00276423
382.73304516,0.00660431
382.94823205,0.00186174
383.16343433,0.00443022
383.37865198,0.00402896
383.59388501,0.00231537
383.80913341,0.00325015
384.02439718,0.00428691
384.23967631,0.00281813
384.45497081,0.00713809
384.67028066,-0.00027034
384.88560586,0.00464169
385.10094642,0.00308815
385.31630232,0.00172921
385.53167356,0.00240716
385.74706014,0.00625650
385.96246206,0.00148033
386.17787931,0.00083028
386.39331188,0.00303787
386.60875978,0.00216002
386.82422300,0.00504555
387.03970154,0.00522551
387.25519539,0.00344436
387.47070454,0.00396318
387.68622901,0.00280976
387.90176877,0.00456860
388.11732383,0.00111289
388.33289419,0.00432991
388.54847984,0.00505604
388.76408077,0.00335665
388.97969699,0.00533876
389.19532849,0.00412579
389.41097526,0.00576049
389.62663730,0.00589345
389.84231462,0.00344400
390.05800720,0.00365129
390.27371504,0.00494360
390.48943813,0.00572484
390.70517648,0.00172487
390.92093008,0.00488919
391.13669893,0.00381206
391.35248302,0.00506340
391.56828235,0.00212258
391.78409691,0.00544726
391.99992671,0.00390605
392.21577173,0.00774512
392.43163198,0.00424739
392.64750745,0.00310285
392.86339813,0.00362777
393.07930403,0.00492688
393.29522514,0.00243783
393.51116145,0.00784642
393.72711297,0.00436815
393.94307968,0.00574977
394.15906159,0.00477641
394.37505869,0.00317306
394.59107097,0.00497519
394.80709844,0.00358798
395.02314109,0.00586746
395.23919892,0.00203427
395.45527192,0.00505382
395.67136009,0.00391487
395.88746342,0.00479338
396.10358191,0.00788814
396.31971556,0.00643252
396.53586437,0.00611143
396.75202832,0.00818339
396.96820743,0.00451067
397.18440167,0.00450190
397.40061106,0.00489721
397.61683558,0.00697194
397.83307523,0.00739194
398.04933001,0.00658999
398.26559992,0.00465520
398.48188494,0.00592744
398.69818509,0.00537274
398.91450034,0.00412186
399.13083071,0.00811403
399.34717618,0.00532464
399.56353676,0.00631988
399.77991243,0.00451440
399.99630320,0.00685826
400.21270906,0.00740507
400.42913001,0.00509161
400.64556604,0.00664268
400.86201715,0.00772301
401.07848334,0.00483569
401.29496460,0.00674968
401.51146093,0.00857018
401.72797232,0.00610488
401.94449878,0.00710193
402.16104030,0.00797202
402.37759687,0.00796154
402.59416849,0.00646794
402.81075515,0.00424734
403.02735686,0.01014927
403.24397361,0.00908951
403.46060540,0.00726926
403.67725222,0.00754104
403.89391407,0.00799920
404.11059094,0.00568347
404.32728283,0.00726696
404.54398974,0.00678611
404.76071167,0.00587919
404.97744860,0.00743209
405.19420054,0.00945348
405.41096749,0.00872453
405.62774943,0.00538580
405.84454637,0.00877188
406.06135830,0.00576332
406.27818521,0.00573682
406.49502712,0.00812465
406.71188400,0.01079626
406.92875586,0.00642960
407.14564269,0.00602496
407.36254449,0.00753032
407.57946126,0.00650969
407.79639299,0.00567047
408.01333968,0.00861995
408.23030132,0.00932421
408.44727792,0.00729929
408.66426946,0.00883919
408.88127594,0.00797140
409.09829737,0.01028428
409.31533373,0.00906226
409.53238502,0.00882528
409.74945125,0.00768305
409.96653239,0.00936678
410.18362846,0.00801957
410.40073945,0.01220312
410.61786535,0.00722559
410.83500616,0.00939767
411.05216188,0.00987079
411.26933250,0.01038575
411.48651803,0.01197804
411.70371844,0.01037778
411.92093375,0.01033437
412.13816395,0.01099816
412.35540903,0.00779045
412.57266899,0.00837326
412.78994383,0.00925011
413.00723355,0.00980751
413.22453813,0.00848762
413.44185758,0.00552766
413.65919189,0.00934689
413.87654106,0.00959472
414.09390509,0.00990984
414.31128396,0.00741727
414.52867769,0.00790269
414.74608626,0.00521180
414.96350966,0.00595222
415.18094791,0.00752820
415.39840099,0.00873068
415.61586890,0.00860957
415.83335163,0.00543799
416.05084918,0.00757192
416.26836156,0.01044815
416.48588875,0.00923882
416.70343074,0.01036357
416.92098755,0.01103751
417.13855916,0.00901287
417.35614557,0.00505977
417.57374677,0.00751066
417.79136277,0.01031914
418.00899355,0.00908800
418.22663913,0.01015955
418.44429948,0.00759047
418.66197461,0.00757253
418.87966451,0.00861844
419.09736918,0.00686979
419.31508862,0.00732896
419.53282283,0.00564276
419.75057179,0.00786301
419.96833550,0.00849382
420.18611397,0.00703038
420.40390719,0.01096788
420.62171515,0.00911223
420.83953785,0.00721884
421.05737529,0.00914190
421.27522746,0.01034249
421.49309437,0.00853461
421.71097599,0.00528892
421.92887234,0.00821382
422.14678341,0.00662474
422.36470920,0.00943423
422.58264969,0.00621631
422.80060489,0.00941716
423.01857480,0.00878317
423.23655940,0.00849975
423.45455870,0.00713708
423.67257270,0.00627273
423.89060138,0.00950880
424.10864475,0.00989912
424.32670280,0.00852062
424.54477553,0.01087762
424.76286293,0.00927333
424.98096500,0.00631080
425.19908174,0.00573818
425.41721315,0.00961469
425.63535921,0.00692772
425.85351993,0.00713385
426.07169530,0.01087913
426.28988531,0.01053359
426.50808998,0.00772435
426.72630928,0.00628279
426.94454322,0.00621641
427.16279180,0.00616150
427.38105500,0.01075671
427.59933283,0.00724214
427.81762529,0.00622216
428.03593236,0.00787393
428.25425405,0.00898950
428.47259035,0.00718851
428.69094125,0.00754941
428.90930676,0.00840434
429.12768688,0.00963589
429.34608158,0.00849105
429.56449089,0.00597852
429.78291478,0.00797477
430.00135325,0.00947761
430.21980631,0.00865270
430.43827395,0.00755982
430.65675616,0.01014026
430.87525294,0.00758352
431.09376429,0.00685859
431.31229020,0.00806974
431.53083067,0.00747591
431.74938570,0.00999412
431.96795528,0.01400124
432.18653941,0.00975131
432.40513808,0.00696428
432.62375130,0.00926761
432.84237905,0.01121091
433.06102134,0.00961580
433.27967815,0.00850630
433.49834950,0.01179113
433.71703536,0.00943478
433.93573575,0.00916794
434.15445065,0.01252652
434.37318007,0.00757404
434.59192399,0.01026897
434.81068241,0.01311915
435.02945534,0.00677694
435.24824276,0.01305688
435.46704468,0.00989720
435.68586109,0.01025848
435.90469198,0.01034750
436.12353735,0.00839678
436.34239721,0.01091741
436.56127153,0.01154983
436.78016033,0.01038212
436.99906360,0.01310272
437.21798133,0.00993991
437.43691352,0.01233942
437.65586017,0.01259542
437.87482127,0.01086088
438.09379682,0.01437977
438.31278681,0.01101988
438.53179125,0.01086975
438.75081012,0.01385631
438.96984343,0.01156198
439.18889117,0.01075046
439.40795333,0.01289024
439.62702992,0.01201092
439.84612093,0.01485124
440.06522636,0.01756365
440.28434619,0.01371621
440.50348044,0.01421887
440.72262909,0.01475789
440.94179214,0.01102692
441.16096958,0.01320710
441.38016143,0.01370522
441.59936766,0.01622796
441.81858828,0.01639602
442.03782328,0.01689656
442.25707266,0.01668468
442.47633641,0.01797063
442.69561454,0.01608480
442.91490703,0.01440309
443.13421389,0.01870567
443.35353511,0.01657993
443.57287068,0.01527543
443.79222061,0.02021252
444.01158489,0.01908096
444.23096351,0.01648870
444.45035648,0.02184018
444.66976378,0.01872109
444.88918542,0.02463183
445.10862139,0.02501347
445.32807169,0.02479111
445.54753631,0.02023297
445.76701525,0.02093863
445.98650851,0.02368948
446.20601607,0.02403013
446.42553795,0.02484673
446.64507413,0.02552282
446.86462462,0.02425636
447.08418940,0.02528611
447.30376848,0.02661434
447.52336184,0.02362933
447.74296949,0.02326875
447.96259143,0.02396514
448.18222765,0.02698550
448.40187814,0.02380475
448.62154290,0.02372072
448.84122193,0.02593817
449.06091522,0.02295409
449.28062278,0.02278417
449.50034459,0.02690203
449.72008066,0.02155323
449.93983098,0.02506645
450.15959554,0.02456502
450.37937434,0.02293072
450.59916739,0.02358117
450.81897466,0.02637040
451.03879617,0.02498440
451.25863191,0.02711794
451.47848187,0.02413199
451.69834605,0.02481645
451.91822445,0.02831900
452.13811706,0.02322385
452.35802388,0.02762809
452.57794490,0.02710157
452.79788013,0.02686338
453.01782956,0.02746146
453.23779317,0.02472582
453.45777098,0.02980682
453.67776298,0.02566534
453.89776916,0.02544419
454.11778952,0.02901143
454.33782406,0.02888403
454.55787276,0.02794968
454.77793564,0.02404710
454.99801268,0.03015809
455.21810388,0.02765390
455.43820924,0.02702892
455.65832876,0.03137773
455.87846242,0.03038562
456.09861023,0.02925701
456.31877218,0.02811986
456.53894827,0.03570209
456.75913850,0.03166620
456.97934286,0.03153659
457.19956135,0.02729204
457.41979396,0.02835654
457.64004069,0.03180065
457.86030154,0.03277282
458.08057650,0.03494091
458.30086557,0.03266663
458.52116874,0.03448076
458.74148602,0.03223923
458.96181740,0.03114722
459.18216287,0.02905484
459.40252243,0.03585634
459.62289608,0.03534961
459.84328382,0.03613058
460.06368563,0.03607285
460.28410152,0.03560652
460.50453148,0.03782181
460.72497551,0.03503773
460.94543361,0.03920505
461.16590577,0.03941390
461.38639198,0.03512029
461.60689225,0.03727469
461.82740657,0.03969420
462.04793494,0.03867261
462.26847735,0.03548709
462.48903380,0.04558389
462.70960428,0.04358757
462.93018880,0.04173414
463.15078734,0.04484456
463.37139991,0.04324979
463.59202650,0.04283862
463.81266711,0.04490330
464.03332173,0.04930874
464.25399036,0.04549531
464.47467300,0.04383611
464.69536964,0.04722770
464.91608028,0.04945963
465.13680491,0.04431570
465.35754354,0.04775892
465.57829615,0.04355991
465.79906274,0.04654314
466.01984332,0.04816894
466.24063787,0.04792853
466.46144640,0.05089955
466.68226889,0.04818560
466.90310535,0.04973801
467.12395578,0.04687673
467.34482016,0.04438689
467.56569849,0.04512808
467.78659078,0.04875356
468.00749701,0.05050171
468.22841719,0.04934981
468.44935130,0.04736871
468.67029935,0.04982451
468.89126134,0.04579688
469.11223725,0.04890952
469.33322709,0.04486139
469.55423085,0.04402897
469.77524852,0.04259919
469.99628011,0.04633096
470.21732561,0.04670737
470.43838502,0.04649347
470.65945833,0.04945277
470.88054554,0.05142923
471.10164664,0.04945247
471.32276164,0.04533935
471.54389052,0.04753646
471.76503329,0.04651437
471.98618994,0.04216858
472.20736046,0.04727344
472.42854486,0.04589904
472.64974313,0.04642939
472.87095527,0.04767747
473.09218126,0.04013449
473.31342112,0.04554656
473.53467483,0.04400242
473.75594239,0.04278035
473.97722379,0.04370872
474.19851905,0.04731833
474.41982814,0.04288745
474.64115107,0.04590267
474.86248783,0.04827200
475.08383842,0.04375583
475.30520283,0.04360269
475.52658107,0.04692217
475.74797312,0.04235356
475.96937899,0.04380540
476.19079867,0.04417532
476.41223216,0.04272433
476.63367944,0.04552566
476.85514053,0.04305601
477.07661542,0.03998417
477.29810409,0.04463661
477.51960656,0.04771037
477.74112281,0.04633570
477.96265284,0.04842480
478.18419664,0.04718197
478.40575422,0.04624300
478.62732557,0.04494187
478.84891069,0.04609287
479.07050957,0.04521491
479.29212221,0.04553743
479.51374860,0.04895747
479.73538875,0.04832505
479.95704264,0.04672252
480.17871027,0.04620084
480.40039165,0.04479479
480.62208676,0.04279516
480.84379561,0.04384801
481.06551819,0.04738292
481.28725449,0.04435702
481.50900451,0.04286940
481.73076825,0.04739596
481.95254571,0.04565026
482.17433688,0.04310296
482.39614175,0.04090885
482.61796033,0.04176515
482.83979260,0.04105018
483.06163858,0.04486553
483.28349824,0.04181489
483.50537160,0.04517644
483.72725864,0.04465746
483.94915936,0.04277188
484.17107375,0.04594276
484.39300183,0.04071336
484.61494357,0.04200002
484.83689898,0.04304654
485.05886805,0.04873622
485.28085078,0.04507035
485.50284716,0.04122513
485.72485720,0.04054218
485.94688089,0.04581597
486.16891822,0.04112841
486.39096919,0.04517392
486.61303380,0.04233018
486.83511204,0.04610789
487.05720391,0.04512339
487.27930941,0.04315000
487.50142853,0.04207207
487.72356126,0.04354244
487.94570762,0.04392812
488.16786758,0.04164144
488.39004115,0.04134946
488.61222833,0.03828443
488.83442910,0.03771370
489.05664347,0.04207220
489.27887144,0.04014235
489.50111299,0.04343343
489.72336813,0.04463086
489.94563685,0.04521471
490.16791915,0.04238943
490.39021502,0.04360812
490.61252446,0.04255729
490.83484747,0.04669910
491.05718404,0.04414474
491.27953418,0.05114682
491.50189786,0.04706458
491.72427510,0.04363684
491.94666589,0.04983442
492.16907023,0.05284520
492.39148810,0.04846086
492.61391951,0.05236049
492.83636446,0.05090849
493.05882293,0.05123725
493.28129494,0.05137059
493.50378046,0.05222623
493.72627950,0.05427952
493.94879206,0.05144325
494.17131813,0.05201893
494.39385771,0.05389525
494.61641079,0.05296238
494.83897737,0.05448847
495.06155745,0.04931817
495.28415102,0.05482499
495.50675808,0.05524785
495.72937863,0.04992258
495.95201266,0.04726292
496.17466017,0.04657876
496.39732115,0.04765223
496.61999560,0.04780476
496.84268352,0.04736598
497.06538491,0.04620702
497.28809975,0.04588311
497.51082805,0.05241469
497.73356980,0.04763670
497.95632500,0.04689176
498.17909365,0.04801553
498.40187573,0.04715844
498.62467126,0.04588381
498.84748022,0.04390413
499.07030261,0.04087769
499.29313842,0.04233553
499.51598766,0.04853755
499.73885032,0.04810149
499.96172639,0.04151208
500.18461588,0.04480704
500.40751877,0.04050696
500.63043507,0.04464234
500.85336476,0.04402544
501.07630786,0.04331675
501.29926435,0.04406422
501.52223423,0.04507095
501.74521749,0.04532856
501.96821414,0.04967886
502.19122417,0.04417717
502.41424757,0.04857481
502.63728434,0.04243285
502.86033448,0.04534651
503.08339798,0.04533996
503.30647484,0.04540737
503.52956506,0.04018960
503.75266864,0.04369406
503.97578556,0.04406896
504.19891582,0.04589117
504.42205943,0.04571384
504.64521638,0.04389976
504.86838666,0.04993839
505.09157027,0.05060891
505.31476721,0.04659089
505.53797747,0.05254108
505.76120105,0.05114641
505.98443795,0.05005597
506.20768816,0.05615785
506.43095168,0.05385237
506.65422850,0.05603704
506.87751863,0.06095929
507.10082205,0.05930172
507.32413876,0.06215754
507.54746877,0.06247127
507.77081206,0.06593592
507.99416863,0.06315711
508.21753849,0.06193358
508.44092162,0.06560709
508.66431802,0.06434804
508.88772768,0.06084977
509.11115062,0.06363483
509.33458681,0.06112644
509.55803626,0.06067547
509.78149896,0.06181952
510.00497491,0.06384782
510.22846411,0.06208848
510.45196655,0.06135183
510.67548223,0.05761149
510.89901114,0.06094283
511.12255328,0.06069854
511.34610865,0.05614112
511.56967725,0.05905307
511.79325906,0.05446434
512.01685409,0.05426308
512.24046234,0.05591533
512.46408379,0.05608711
512.68771845,0.05540900
512.91136631,0.05976186
513.13502736,0.05813300
513.35870161,0.05972076
513.58238905,0.06151306
513.80608968,0.05751054
514.02980349,0.05723216
514.25353048,0.05553317
514.47727065,0.05681655
514.70102398,0.05328045
514.92479049,0.05433009
515.14857016,0.05493955
515.37236299,0.05054694
515.59616898,0.04843468
515.81998812,0.04830510
516.04382041,0.05124622
516.26766585,0.04633610
516.49152443,0.04613666
516.71539615,0.04737405
516.93928100,0.04323706
517.16317899,0.04895596
517.38709010,0.05015642
517.61101433,0.05172272
517.83495169,0.04779374
518.05890216,0.04841291
518.28286575,0.05181854
518.50684245,0.05043752
518.73083225,0.05372336
518.95483515,0.05422188
519.17885115,0.05249267
519.40288024,0.05328357
519.62692243,0.05686387
519.85097770,0.05972167
520.07504606,0.05584526
520.29912749,0.05833641
520.52322201,0.05805259
520.74732959,0.06428045
520.97145024,0.06400101
521.19558396,0.06858242
521.41973074,0.06698610
521.64389057,0.06617202
521.86806346,0.06966098
522.09224940,0.07159865
522.31644839,0.07287398
522.54066042,0.07472530
522.76488549,0.07565514
522.98912359,0.07762605
523.21337473,0.07671656
523.43763889,0.07723644
523.66191608,0.07565161
523.88620629,0.07997126
524.11050951,0.07947656
524.33482575,0.07745951
524.55915500,0.08125365
524.78349725,0.08743702
525.00785250,0.08672308
525.23222076,0.08737404
525.45660201,0.09052835
525.68099625,0.09329627
525.90540347,0.09395640
526.12982368,0.09121503
526.35425688,0.09521782
526.57870304,0.08490651
526.80316218,0.09768232
527.02763429,0.09636438
527.25211936,0.09649495
527.47661740,0.09894989
527.70112839,0.10108846
527.92565234,0.09876812
528.15018924,0.10006103
528.37473908,0.10388989
528.59930187,0.10498506
528.82387760,0.10535814
529.04846626,0.10779640
529.27306785,0.11188881
529.49768238,0.11336625
529.72230982,0.11604434
529.94695019,0.11972795
530.17160348,0.11376705
530.39626968,0.11701558
530.62094879,0.12646637
530.84564080,0.12530671
531.07034572,0.12815759
531.29506354,0.13232663
531.51979425,0.13391741
531.74453785,0.13447810
531.96929434,0.13372971
532.19406372,0.13162014
532.41884597,0.12974666
532.64364110,0.12449515
532.86844911,0.12848141
533.09326998,0.12121204
533.31810372,0.11916262
533.54295032,0.12537996
533.76780978,0.12551235
533.99268209,0.12598885
534.21756726,0.12368842
534.44246527,0.12392926
534.66737613,0.12401465
534.89229982,0.12033065
535.11723635,0.12371371
535.34218572,0.12277557
535.56714791,0.12049428
535.79212292,0.11345525
536.01711076,0.11268617
536.24211142,0.11076037
536.46712489,0.10429781
536.69215117,0.10848177
536.91719025,0.10772170
537.14224214,0.10481186
537.36730683,0.10138255
537.59238431,0.10157469
537.81747459,0.10026214
538.04257765,0.10352929
538.26769350,0.09609628
538.49282213,0.09729321
538.71796353,0.10089527
538.94311771,0.09422182
539.16828466,0.09349344
539.39346438,0.09656029
539.61865685,0.09519409
539.84386209,0.09633400
540.06908008,0.09585281
540.29431082,0.10025654
540.51955431,0.09626343
540.74481054,0.09384547
540.97007951,0.09965546
541.19536122,0.09746994
541.42065566,0.10124079
541.64596283,0.09941380
541.87128272,0.10264407
542.09661534,0.10919651
542.32196068,0.11450907
542.54731873,0.11672391
542.77268948,0.11724299
542.99807295,0.12065548
543.22346912,0.12192043
543.44887799,0.12075945
543.67429955,0.12782461
543.89973381,0.13062794
544.12518076,0.12990968
544.35064039,0.13152418
544.57611270,0.13500997
544.80159769,0.13517560
545.02709535,0.13960427
545.25260568,0.14201648
545.47812868,0.14684766
545.70366434,0.14406291
545.92921266,0.15532374
546.15477363,0.15369973
546.38034726,0.16165484
546.60593353,0.16600058
546.83153245,0.16061598
547.05714401,0.16698818
547.28276820,0.16175508
547.50840503,0.15913059
547.73405449,0.16230953
547.95971657,0.16976762
548.18539128,0.17232733
548.41107860,0.17674678
548.63677854,0.18149621
548.86249109,0.18428815
549.08821624,0.17935721
549.31395400,0.18194484
549.53970436,0.18631337
549.76546732,0.18836328
549.99124286,0.19571438
550.21703100,0.19582791
550.44283172,0.19109217
550.66864502,0.18987073
550.89447090,0.18513639
551.12030936,0.18651426
551.34616038,0.18160098
551.57202397,0.18502107
551.79790013,0.18466315
552.02378884,0.18536770
552.24969011,0.18587934
552.47560393,0.19470514
552.70153030,0.19442918
552.92746921,0.19847761
553.15342067,0.19943588
553.37938466,0.19926036
553.60536118,0.19539095
553.83135024,0.19108531
554.05735182,0.19464801
554.28336592,0.19862340
554.50939254,0.19431603
554.73543167,0.20576422
554.96148332,0.20155842
555.18754748,0.20435304
555.41362413,0.20697627
555.63971329,0.21349023
555.86581495,0.22062560
556.09192909,0.22555854
556.31805573,0.22580220
556.54419485,0.23428791
556.77034646,0.23112983
556.99651054,0.23850452
557.22268709,0.24149352
557.44887612,0.24377169
557.67507761,0.25060073
557.90129157,0.25728343
558.12751799,0.26601717
558.35375686,0.26675969
558.58000818,0.26666661
558.80627196,0.27801667
559.03254817,0.28685375
559.25883683,0.29599059
559.48513793,0.30881031
559.71145146,0.32161824
559.93777742,0.33411735
560.16411580,0.34860458
560.39046661,0.34673884
560.61682984,0.35789033
560.84320548,0.34663144
561.06959353,0.34273444
561.29599400,0.35318393
561.52240686,0.35775712
561.74883213,0.36558296
561.97526979,0.37152020
562.20171985,0.37672467
562.42818230,0.38412745
562.65465713,0.38237335
562.88114434,0.40259082
563.10764393,0.40468022
563.33415590,0.41117775
563.56068024,0.40367591
563.78721694,0.41175587
564.01376601,0.40310636
564.24032744,0.40187699
564.46690122,0.40873208
564.69348736,0.40405783
564.92008585,0.39460982
565.14669668,0.40067965
565.37331985,0.39846449
565.59995536,0.40439766
565.82660320,0.40729312
566.05326338,0.40358568
566.27993588,0.40408184
566.50662070,0.39432238
566.73331785,0.39777315
566.96002731,0.40621801
567.18674908,0.40018002
567.41348316,0.39509858
567.64022954,0.39060223
567.86698822,0.39078983
568.09375920,0.39686380
568.32054248,0.38948757
568.54733804,0.38817436
568.77414589,0.39333843
569.00096603,0.38607487
569.22779844,0.38076543
569.45464313,0.36262497
569.68150008,0.36470129
569.90836931,0.35053046
570.13525080,0.34451468
570.36214455,0.33094429
570.58905055,0.32860342
570.81596881,0.32414401
571.04289932,0.32113615
571.26984207,0.32068780
571.49679707,0.32402977
571.72376430,0.32316773
571.95074377,0.32936082
572.17773547,0.32229158
572.40473940,0.31961853
572.63175554,0.31671424
572.85878391,0.32799775
573.08582450,0.32106551
573.31287729,0.31358094
573.53994230,0.31658305
573.76701951,0.30080362
573.99410892,0.30073048
574.22121053,0.28890181
574.44832433,0.29425292
574.67545032,0.28985295
574.90258850,0.29981494
575.12973886,0.29094148
575.35690140,0.29427950
575.58407612,0.29811202
575.81126301,0.29549055
576.03846206,0.30202942
576.26567328,0.31223479
576.49289666,0.31573584
576.72013220,0.31790956
576.94737989,0.32015221
577.17463973,0.32891958
577.40191171,0.31983323
577.62919584,0.32010909
577.85649211,0.31257965
578.08380051,0.30629090
578.31112104,0.29852021
578.53845370,0.29131425
578.76579848,0.28908925
578.99315538,0.29152529
579.22052440,0.27993449
579.44790553,0.28212021
579.67529877,0.28231980
579.90270412,0.28347854
580.13012157,0.28002752
580.35755111,0.28310236
580.58499275,0.27784145
580.81244648,0.28126275
581.03991229,0.27466675
581.26739019,0.27690697
581.49488017,0.26973250
581.72238223,0.26537214
581.94989635,0.27051072
582.17742255,0.27346881
582.40496080,0.28109103
582.63251112,0.29003677
582.86007350,0.28097163
583.08764793,0.27916084
583.31523441,0.27334447
583.54283294,0.26614350
583.77044351,0.26600628
583.99806611,0.26117822
584.22570076,0.25789874
584.45334743,0.25570274
584.68100613,0.24325155
584.90867686,0.23528356
585.13635960,0.22271017
585.36405437,0.23260284
585.59176114,0.22969225
585.81947993,0.22929031
586.04721072,0.23374547
586.27495351,0.23024655
586.50270830,0.22440280
586.73047508,0.22419466
586.95825386,0.21838064
587.18604462,0.21779239
587.41384737,0.21416133
587.64166209,0.21130338
587.86948879,0.20861985
588.09732747,0.20388971
588.32517811,0.20629749
588.55304072,0.20189675
588.78091529,0.19499202
589.00880181,0.19921289
589.23670029,0.19472413
589.46461072,0.19670054
589.69253310,0.20369024
589.92046742,0.20601898
590.14841368,0.20963583
590.37637187,0.21294242
590.60434200,0.20938667
590.83232405,0.21351565
591.06031803,0.21533842
591.28832393,0.21677117
591.51634174,0.22354353
591.74437147,0.23076996
591.97241311,0.22540846
592.20046665,0.23163743
592.42853210,0.23512798
592.65660944,0.25059771
592.88469868,0.25190100
593.11279981,0.25662976
593.34091283,0.26336878
593.56903773,0.26682247
593.79717452,0.26470344
594.02532317,0.25982180
594.25348370,0.25861015
594.48165610,0.26279772
594.70984037,0.26067949
594.93803650,0.26242900
595.16624448,0.26221405
595.39446432,0.25805702
595.62269601,0.26242313
595.85093954,0.25961308
596.07919492,0.26387406
596.30746214,0.26792964
596.53574120,0.27237805
596.76403208,0.27308908
596.99233480,0.26617565
597.22064934,0.27773133
597.44897570,0.27379847
597.67731387,0.27491811
597.90566386,0.26738337
598.13402567,0.26881073
598.36239927,0.26392352
598.59078468,0.26240049
598.81918189,0.26763644
599.04759090,0.26491372
599.27601169,0.26057683
599.50444427,0.25177843
599.73288864,0.24814833
599.96134479,0.24208379
600.18981271,0.24165664
600.41829241,0.23376571
600.64678387,0.23878683
600.87528711,0.23782543
601.10380210,0.23654992
601.33232885,0.24137454
601.56086736,0.23333994
601.78941762,0.23550562
602.01797962,0.23486533
602.24655337,0.23620091
602.47513886,0.23805213
602.70373608,0.24029891
602.93234504,0.23494121
603.16096572,0.23623848
603.38959813,0.23392174
603.61824226,0.22701769
603.84689811,0.22260932
604.07556567,0.22249375
604.30424495,0.21953395
604.53293593,0.21856970
604.76163861,0.22034979
604.99035299,0.21731715
605.21907907,0.21547151
605.44781683,0.21344437
605.67656629,0.20920984
605.90532743,0.20844443
606.13410025,0.20533885
606.36288475,0.21130429
606.59168093,0.21243956
606.82048877,0.22094518
607.04930828,0.23022519
607.27813945,0.23501866
607.50698227,0.23343504
607.73583676,0.24144557
607.96470289,0.24307509
608.19358067,0.24800682
608.42247010,0.25175667
608.65137117,0.25583961
608.88028387,0.25096067
609.10920820,0.24994655
609.33814417,0.24452406
609.56709176,0.25147372
609.79605097,0.24286869
610.02502180,0.24546180
610.25400424,0.24614028
610.48299830,0.23765707
610.71200396,0.23415220
610.94102122,0.23339314
611.17005008,0.22848003
611.39909054,0.21914968
611.62814260,0.21006730
611.85720624,0.20291212
612.08628146,0.20363200
612.31536827,0.20658847
612.54446665,0.20394775
612.77357661,0.20752598
613.00269813,0.21853377
613.23183122,0.20991366
613.46097588,0.21770952
613.69013210,0.21889240
613.91929986,0.20931956
614.14847919,0.21678159
614.37767005,0.20281097
614.60687247,0.21321374
614.83608642,0.20895657
615.06531191,0.21685545
615.29454894,0.21919562
615.52379749,0.21922816
615.75305757,0.21651339
615.98232917,0.22364737
616.21161229,0.22057876
616.44090692,0.22248589
616.67021306,0.22340867
616.89953072,0.22708281
617.12885987,0.24165805
617.35820053,0.23800589
617.58755268,0.24632904
617.81691632,0.24736361
618.04629145,0.25647027
618.27567807,0.26048746
618.50507617,0.27074145
618.73448574,0.28590941
618.96390679,0.28405575
619.19333932,0.29926674
619.42278330,0.30250442
619.65223875,0.31062305
619.88170566,0.31045409
620.11118403,0.31170459
620.34067384,0.31988572
620.57017511,0.32942092
620.79968782,0.33102395
621.02921197,0.32343648
621.25874756,0.32097969
621.48829458,0.32379904
621.71785303,0.33174044
621.94742290,0.33347530
622.17700420,0.32651765
622.40659692,0.33493977
622.63620105,0.33507263
622.86581660,0.34514161
623.09544355,0.33606303
623.32508190,0.34433742
623.55473166,0.34194367
623.78439281,0.34625353
624.01406536,0.35485324
624.24374929,0.35306256
624.47344461,0.34142648
624.70315131,0.33941076
624.93286939,0.33526643
625.16259884,0.32915283
625.39233967,0.32876805
625.62209186,0.32211062
625.85185541,0.30070640
626.08163032,0.29321687
626.31141659,0.29620771
626.54121422,0.28598749
626.77102319,0.27874979
627.00084350,0.28046662
627.23067516,0.27161233
627.46051815,0.26989622
627.69037248,0.26463322
627.92023814,0.26054151
628.15011512,0.24972429
628.38000343,0.24960078
628.60990305,0.23580565
628.83981399,0.23160317
629.06973624,0.22738562
629.29966980,0.22544700
629.52961467,0.21402832
629.75957083,0.20762884
629.98953830,0.20406488
630.21951705,0.20790470
630.44950710,0.20504787
630.67950843,0.20900623
630.90952104,0.20406977
631.13954493,0.20579646
631.36958009,0.20843411
631.59962653,0.20422776
631.82968423,0.20801079
632.05975320,0.20767548
632.28983343,0.21561231
632.51992491,0.20373637
632.75002765,0.21256369
632.98014163,0.21350513
633.21026686,0.21901014
633.44040333,0.21480452
633.67055104,0.21460180
633.90070999,0.19869826
634.13088016,0.19993958
634.36106156,0.19863891
634.59125418,0.19677610
634.82145802,0.19576677
635.05167308,0.19799667
635.28189935,0.19247478
635.51213683,0.19623113
635.74238551,0.19302837
635.97264540,0.19038477
636.20291648,0.18762285
636.43319875,0.19218210
636.66349222,0.19026609
636.89379687,0.19155174
637.12411270,0.19103463
637.35443971,0.19640988
637.58477790,0.18787065
637.81512726,0.20165473
638.04548778,0.20103995
638.27585947,0.21375076
638.50624232,0.21684477
638.73663633,0.22155322
638.96704149,0.22017005
639.19745779,0.22255953
639.42788525,0.22021036
639.65832384,0.21442045
639.88877358,0.21610869
640.11923445,0.22456242
640.34970644,0.23237680
640.58018957,0.23540990
640.81068382,0.24044844
641.04118919,0.25238959
641.27170567,0.25764673
641.50223327,0.27141374
641.73277198,0.27109226
641.96332179,0.28272981
642.19388270,0.29000483
642.42445471,0.30006256
642.65503781,0.30741707
642.88563200,0.32054973
643.11623728,0.32252934
643.34685365,0.33987020
643.57748109,0.35288448
643.80811960,0.37579031
644.03876919,0.37779931
644.26942985,0.40545265
644.50010157,0.40237388
644.73078435,0.40495423
644.96147819,0.41419904
645.19218308,0.40978501
645.42289902,0.41363291
645.65362601,0.41475751
645.88436404,0.40082744
646.11511310,0.42631776
646.34587321,0.42369257
646.57664434,0.42228876
646.80742650,0.42430034
647.03821969,0.42345748
647.26902389,0.42655790
647.49983911,0.41755763
647.73066534,0.42403324
647.96150259,0.43057398
648.19235083,0.42784310
648.42321008,0.41950236
648.65408033,0.42162948
648.88496157,0.43130581
649.11585380,0.43710287
649.34675702,0.45128895
649.57767122,0.45647979
649.80859640,0.46157869
650.03953256,0.45595802
650.27047969,0.45428525
650.50143778,0.45248591
650.73240684,0.45792648
650.96338687,0.43603517
651.19437785,0.42917557
651.42537978,0.40382801
651.65639266,0.40045605
651.88741649,0.39496439
652.11845126,0.37133569
652.34949697,0.36910224
652.58055362,0.36508392
652.81162119,0.36614910
653.04269970,0.36277472
653.27378913,0.35358578
653.50488948,0.35460035
653.73600074,0.35413333
653.96712292,0.35658216
654.19825601,0.35972738
654.42940000,0.37478155
654.66055490,0.38173197
654.89172069,0.40035250
655.12289738,0.41210401
655.35408496,0.42549449
655.58528342,0.43559925
655.81649277,0.45226652
656.04771300,0.46718121
656.27894411,0.47494648
656.51018608,0.48798891
656.74143893,0.49113529
656.97270264,0.48001885
657.20397721,0.48848006
657.43526264,0.48301120
657.66655893,0.48836845
657.89786606,0.50157397
658.12918404,0.49105978
658.36051286,0.48847899
658.59185253,0.48668298
658.82320303,0.47929818
659.05456435,0.47669761
659.28593651,0.46633251
659.51731949,0.46830902
659.74871330,0.45522329
659.98011792,0.46227561
660.21153335,0.44368283
660.44295959,0.43672450
660.67439664,0.41721179
660.90584449,0.40887016
661.13730314,0.40139560
661.36877259,0.39951343
661.60025282,0.40824525
661.83174384,0.41183546
662.06324565,0.40221532
662.29475824,0.40718330
662.52628160,0.40395641
662.75781573,0.41866943
662.98936064,0.42889464
663.22091631,0.44171759
663.45248274,0.43938351
663.68405993,0.45525639
663.91564787,0.45136715
664.14724657,0.46398286
664.37885601,0.46897343
664.61047619,0.49128475
664.84210712,0.50344172
665.07374878,0.52564266
665.30540117,0.54169346
665.53706429,0.55654231
665.76873813,0.54477755
666.00042270,0.54170889
666.23211798,0.52985798
666.46382398,0.54109530
666.69554069,0.53485294
666.92726810,0.54212611
667.15900621,0.53363105
667.39075503,0.54219541
667.62251454,0.53087271
667.85428474,0.55279274
668.08606563,0.57743789
668.31785720,0.58818232
668.54965945,0.59322377
668.78147238,0.59616401
669.01329599,0.59968118
669.24513026,0.61429632
669.47697520,0.62351636
669.70883080,0.62754787
669.94069705,0.61529447
670.17257397,0.61509913
670.40446153,0.60607433
670.63635974,0.60818842
670.86826860,0.59676965
671.10018809,0.59432147
671.33211822,0.57968255
671.56405898,0.56828776
671.79601037,0.55396872
672.02797239,0.55818874
672.25994503,0.55346452
672.49192828,0.54919406
672.72392215,0.55009239
672.95592663,0.55938970
673.18794172,0.56937679
673.41996741,0.56671745
673.65200370,0.55895728
673.88405058,0.55490905
674.11610806,0.55050384
674.34817612,0.56165019
674.58025477,0.55934598
674.81234400,0.56485789
675.04444381,0.55597597
675.27655419,0.55914850
675.50867513,0.55644240
675.74080665,0.55566932
675.97294873,0.55155520
676.20510136,0.55498456
676.43726455,0.55485364
676.66943830,0.56098492
676.90162259,0.54526887
677.13381742,0.53685317
677.36602279,0.53030755
677.59823870,0.54349783
677.83046515,0.52520494
678.06270212,0.50960555
678.29494962,0.50518997
678.52720764,0.52799447
678.75947617,0.54849445
678.99175522,0.55199367
679.22404479,0.56658378
679.45634486,0.58000656
679.68865543,0.57817065
679.92097650,0.61032215
680.15330807,0.62240291
680.38565013,0.61862212
680.61800268,0.60073697
680.85036571,0.59179913
681.08273922,0.59282246
681.31512321,0.59692196
681.54751768,0.58416209
681.77992262,0.57663131
682.01233802,0.58004574
682.24476388,0.57789131
682.47720020,0.55594035
682.70964698,0.54556059
682.94210421,0.53847885
683.17457189,0.52843707
683.40705001,0.52097202
683.63953858,0.51982839
683.87203758,0.50846663
684.10454701,0.50845168
684.33706687,0.48392235
684.56959716,0.49497197
684.80213787,0.49019585
685.03468900,0.48832192
685.26725054,0.48546861
685.49982249,0.49720579
685.73240485,0.49237105
685.96499762,0.50273237
686.19760078,0.50111449
686.43021434,0.52651461
686.66283829,0.52185179
686.89547264,0.51993236
687.12811736,0.51311393
687.36077247,0.49151672
687.59343796,0.47362910
687.82611382,0.46933623
688.05880005,0.45973933
688.29149665,0.47659878
688.52420361,0.46586879
688.75692093,0.46405444
688.98964860,0.45027853
689.22238663,0.43378033
689.45513500,0.43052954
689.68789372,0.43338688
689.92066278,0.41593779
690.15344218,0.40017477
690.38623191,0.39828115
690.61903197,0.39890021
690.85184236,0.39793465
691.08466307,0.37813902
691.31749410,0.36433343
691.55033544,0.36021991
691.78318709,0.35076319
692.01604906,0.32508555
692.24892132,0.32979794
692.48180389,0.31801938
692.71469675,0.31467723
692.94759991,0.30721258
693.18051335,0.30850649
693.41343708,0.30140390
693.64637109,0.29400677
693.87931538,0.29282343
694.11226995,0.29571180
694.34523478,0.28687863
694.57820988,0.28286331
694.81119525,0.27598983
695.04419087,0.27006650
695.27719676,0.26639730
695.51021289,0.26911972
695.74323927,0.26559395
695.97627590,0.26655266
696.20932276,0.26685234
696.44237987,0.26893505
696.67544721,0.27043212
696.90852478,0.27578031
697.14161257,0.27038366
697.37471059,0.27688955
697.60781883,0.27397710
697.84093728,0.29131738
698.07406595,0.28557299
698.30720482,0.29017334
698.54035389,0.28962404
698.77351317,0.29209288
699.00668264,0.28568291
699.23986231,0.29257860
699.47305217,0.30282955
699.70625221,0.30570080
699.93946243,0.30994066
700.17268284,0.31180438
700.40591342,0.30716886
700.63915416,0.30814017
700.87240508,0.30088172
701.10566616,0.29612675
701.33893740,0.29885996
701.57221879,0.30491845
701.80551034,0.29454182
702.03881204,0.29396345
702.27212388,0.29073931
702.50544587,0.28998726
702.73877799,0.28412075
702.97212024,0.28519230
703.20547263,0.27637058
703.43883514,0.28274018
703.67220778,0.27128037
703.90559054,0.27260999
704.13898341,0.27154383
704.37238639,0.28672096
704.60579948,0.29647177
704.83922268,0.29819650
705.07265598,0.30398538
705.30609937,0.31797486
705.53955286,0.32252403
705.77301643,0.32941583
706.00649010,0.33749150
706.23997384,0.34112019
706.47346767,0.35611053
706.70697157,0.38145861
706.94048554,0.38044545
707.17400958,0.39634407
707.40754368,0.39622367
707.64108785,0.41092388
707.87464207,0.41770407
708.10820634,0.43175269
708.34178066,0.43605194
708.57536503,0.44316626
708.80895944,0.44636307
709.04256389,0.45959469
709.27617837,0.46880034
709.50980288,0.50442968
709.74343742,0.50912011
709.97708198,0.51645373
710.21073657,0.52317486
710.44440117,0.53210788
710.67807578,0.55236353
710.91176040,0.59201408
711.14545502,0.60388140
711.37915965,0.61016804
711.61287427,0.61086056
711.84659889,0.64565208
712.08033350,0.66062578
712.31407809,0.68503681
712.54783267,0.68887820
712.78159723,0.68384109
713.01537176,0.67384715
713.24915626,0.68195645
713.48295073,0.67355462
713.71675517,0.69153988
713.95056956,0.68405418
714.18439392,0.69794380
714.41822822,0.71471299
714.65207248,0.73505830
714.88592668,0.74707535
715.11979083,0.76389011
715.35366491,0.73974263
715.58754893,0.74045924
715.82144288,0.72527999
716.05534675,0.71417042
716.28926055,0.69511605
716.52318427,0.68897236
716.75711791,0.68244945
716.99106146,0.68538089
717.22501491,0.68530498
717.45897828,0.68415770
717.69295154,0.67366073
717.92693470,0.68113262
718.16092776,0.66512286
718.39493071,0.68085036
718.62894354,0.66995052
718.86296626,0.68038402
719.09699886,0.65137373
719.33104133,0.62857596
719.56509367,0.59727683
719.79915588,0.60764030
720.03322796,0.58615095
720.26730990,0.57093759
720.50140170,0.55831862
720.73550335,0.54298183
720.96961484,0.52525682
721.20373619,0.51115783
721.43786738,0.49564872
721.67200841,0.48448411
721.90615927,0.46404151
722.14031996,0.45489111
722.37449048,0.44440204
722.60867083,0.44337251
722.84286099,0.41779969
723.07706098,0.43635152
723.31127077,0.41710197
723.54549038,0.41388852
723.77971979,0.41204829
724.01395900,0.42064776
724.24820801,0.41892701
724.48246681,0.42017300
724.71673541,0.41393856
724.95101379,0.42949825
725.18530196,0.43072021
725.41959990,0.42594532
725.65390763,0.41788019
725.88822512,0.41547937
726.12255238,0.41089357
726.35688941,0.40560256
726.59123620,0.39277653
726.82559275,0.40249955
727.05995905,0.40118332
727.29433510,0.40466929
727.52872090,0.39431734
727.76311644,0.39548636
727.99752172,0.38370388
728.23193674,0.38672050
728.46636149,0.38045375
728.70079596,0.39002015
728.93524016,0.40893841
729.16969408,0.40523790
729.40415772,0.40047940
729.63863107,0.40011215
729.87311413,0.39928852
730.10760690,0.40291957
730.34210937,0.40439650
730.57662153,0.39871226
730.81114340,0.40789237
731.04567495,0.40764117
731.28021619,0.40029367
731.51476712,0.40790742
731.74932772,0.40954696
731.98389800,0.41826849
732.21847796,0.39519973
732.45306758,0.38091778
732.68766687,0.37662473
732.92227582,0.37386813
733.15689443,0.37513620
733.39152269,0.37370350
733.62616060,0.36890134
733.86080816,0.37291093
734.09546537,0.38528177
734.33013221,0.38833234
734.56480869,0.39466639
734.79949480,0.40263188
735.03419054,0.40257086
735.26889590,0.40155277
735.50361089,0.40659744
735.73833549,0.40062308
735.97306970,0.41125109
736.20781353,0.42407082
736.44256696,0.41626947
736.67733000,0.42275378
736.91210263,0.41716666
737.14688486,0.42119464
737.38167668,0.42238373
737.61647809,0.42942127
737.85128908,0.42517033
738.08610965,0.43837745
738.32093980,0.43187695
738.55577953,0.43010800
738.79062882,0.41791435
739.02548768,0.40087530
739.26035610,0.39729136
739.49523407,0.40313347
739.73012161,0.40156577
739.96501869,0.41631530
740.19992532,0.40091135
740.43484150,0.40170369
740.66976721,0.40485443
740.90470246,0.40050060
741.13964724,0.40701038
741.37460156,0.42112014
741.60956539,0.41309194
741.84453875,0.42213643
742.07952163,0.42140702
742.31451402,0.42743977
742.54951592,0.41590685
742.78452733,0.42439554
743.01954823,0.41699830
743.25457864,0.41477169
743.48961855,0.42097646
743.72466795,0.42417953
743.95972683,0.41373276
744.19479520,0.41038360
744.42987305,0.40952197
744.66496038,0.42240695
744.90005718,0.42032152
745.13516345,0.42756829
745.37027918,0.43733144
745.60540438,0.45118590
745.84053904,0.45163293
746.07568315,0.47450544
746.31083672,0.47243757
746.54599973,0.46718114
746.78117218,0.47049358
747.01635408,0.47082314
747.25154541,0.47295152
747.48674617,0.47601540
747.72195637,0.46602707
747.95717599,0.45645605
748.19240503,0.44326193
748.42764349,0.44629385
748.66289136,0.45949203
748.89814864,0.45309163
749.13341533,0.44572351
749.36869143,0.45512169
749.60397692,0.46176025
749.83927181,0.46479921
750.07457609,0.44314969
750.30988976,0.43695594
750.54521282,0.42189407
750.78054526,0.42949956
751.01588707,0.41705271
751.25123826,0.40846701
751.48659882,0.40518251
751.72196874,0.40266446
751.95734803,0.39146942
752.19273667,0.38302098
752.42813467,0.39671675
752.66354203,0.40521158
752.89895873,0.40432899
753.13438477,0.40194480
753.36982016,0.38890312
753.60526488,0.38971527
753.84071893,0.39931182
754.07618232,0.40593418
754.31165503,0.41494678
754.54713706,0.41764916
754.78262841,0.42091056
755.01812908,0.41835227
755.25363905,0.42934476
755.48915834,0.42116310
755.72468693,0.42935401
755.96022481,0.42408433
756.19577200,0.43134489
756.43132847,0.43968340
756.66689424,0.43927305
756.90246929,0.42454335
757.13805362,0.42985595
757.37364723,0.42584798
757.60925011,0.41861719
757.84486227,0.42297544
758.08048369,0.42590723
758.31611437,0.41555160
758.55175432,0.40783860
758.78740352,0.40100326
759.02306197,0.38647406
759.25872967,0.38018017
759.49440661,0.37114343
759.73009279,0.36191527
759.96578822,0.37264253
760.20149287,0.37573356
760.43720676,0.39059041
760.67292987,0.41044400
760.90866220,0.41320211
761.14440375,0.41765158
761.38015452,0.43184150
761.61591450,0.43301763
761.85168368,0.45514748
762.08746207,0.45769909
762.32324967,0.47537987
762.55904645,0.49215675
762.79485243,0.49485671
763.03066760,0.49091462
763.26649196,0.51496538
763.50232549,0.51156741
763.73816821,0.53603822
763.97402010,0.55390817
764.20988116,0.55227135
764.44575138,0.55035776
764.68163077,0.54745469
764.91751932,0.53512910
765.15341703,0.53682229
765.38932389,0.53901184
765.62523989,0.52000884
765.86116505,0.50401520
766.09709934,0.48016101
766.33304277,0.45390918
766.56899533,0.43568186
766.80495703,0.40936657
767.04092785,0.38405500
767.27690779,0.36115036
767.51289685,0.35391523
767.74889503,0.30847138
767.98490232,0.28804480
768.22091872,0.26649946
768.45694422,0.25679620
768.69297882,0.23757105
768.92902252,0.22554936
769.16507532,0.21108173
769.40113720,0.19897694
769.63720817,0.18516873
769.87328822,0.17901335
770.10937735,0.15911859
770.34547555,0.14505739
770.58158282,0.14032143
770.81769917,0.14339095
771.05382457,0.13258708
771.28995904,0.14228555
771.52610256,0.14578098
771.76225513,0.14814450
771.99841676,0.14488239
772.23458743,0.15132717
772.47076714,0.15701880
772.70695589,0.17463274
772.94315367,0.19338670
773.17936048,0.21393816
773.41557632,0.22917242
773.65180118,0.25977907
773.88803507,0.28408911
774.12427796,0.31291345
774.36052987,0.33862526
774.59679079,0.36293091
774.83306072,0.38745448
775.06933964,0.41616932
775.30562756,0.42832675
775.54192448,0.46433921
775.77823038,0.47887183
776.01454527,0.49899874
776.25086914,0.50951738
776.48720200,0.54030298
776.72354382,0.55340215
776.95989462,0.55944229
777.19625439,0.54474534
777.43262312,0.56267334
777.66900081,0.54352082
777.90538746,0.54945144
778.14178306,0.55082858
778.37818761,0.55769923
778.61460110,0.54617413
778.85102354,0.57845166
779.08745492,0.55792276
779.32389523,0.53529237
779.56034447,0.52132808
779.79680263,0.49585341
780.03326972,0.49356395
780.26974574,0.47032149
780.50623066,0.45248219
780.74272450,0.44886478
780.97922725,0.43565745
781.21573890,0.44645411
781.45225946,0.42685598
781.68878891,0.42493316
781.92532726,0.41972898
782.16187449,0.41189831
782.39843061,0.39754373
782.63499562,0.39459784
782.87156950,0.39690436
783.10815226,0.39513192
783.34474390,0.38941513
783.58134440,0.41629919
783.81795376,0.40923061
784.05457199,0.39402173
784.29119907,0.39674024
784.52783500,0.39046803
784.76447979,0.38280900
785.00113342,0.37257547
785.23779589,0.37327763
785.47446720,0.36238558
785.71114735,0.35153738
785.94783633,0.34335236
786.18453413,0.33549437
786.42124076,0.33330744
786.65795621,0.32745565
786.89468048,0.32111959
787.13141355,0.30710104
787.36815544,0.29839292
787.60490613,0.28793423
787.84166563,0.28935846
788.07843392,0.28617609
788.31521101,0.28283716
788.55199688,0.26984373
788.78879155,0.26889223
789.02559499,0.24868957
789.26240722,0.25392999
789.49922822,0.24262116
789.73605800,0.24052500
789.97289654,0.23804628
790.20974385,0.24487402
790.44659991,0.22894673
790.68346474,0.22814647
790.92033832,0.21223050
791.15722065,0.21866858
791.39411172,0.22840328
791.63101154,0.22678746
791.86792010,0.23072109
792.10483739,0.22731369
792.34176341,0.23130444
792.57869817,0.23386038
792.81564164,0.23306055
793.05259384,0.24956889
793.28955475,0.25325157
793.52652438,0.27502180
793.76350271,0.27828769
794.00048975,0.28583592
794.23748550,0.28377512
794.47448994,0.30939509
794.71150307,0.31866701
794.94852490,0.32399874
795.18555541,0.31648694
795.42259461,0.31568906
795.65964249,0.32299621
795.89669904,0.33141889
796.13376427,0.33208793
796.37083816,0.33967273
796.60792072,0.34599554
796.84501194,0.35419402
797.08211182,0.35431077
797.31922035,0.37145264
797.55633753,0.35840173
797.79346336,0.36886140
798.03059784,0.37554766
798.26774095,0.38244220
798.50489270,0.37815324
798.74205307,0.37513429
798.97922208,0.38023609
799.21639971,0.37974150
799.45358597,0.36887484
799.69078084,0.37771234
799.92798432,0.36794792
800.16519641,0.37143713
800.40241711,0.37388989
800.63964641,0.38111405
800.87688431,0.37270383
801.11413080,0.38576840
801.35138589,0.40092456
801.58864956,0.40884029
801.82592182,0.38763343
802.06320266,0.40188243
802.30049207,0.40204152
802.53779006,0.40514066
802.77509661,0.40197763
803.01241173,0.39862269
803.24973542,0.39057308
803.48706766,0.38603680
803.72440845,0.38269011
803.96175780,0.39723201
804.19911569,0.38538433
804.43648213,0.37216854
804.67385710,0.36652328
804.91124061,0.36533079
805.14863266,0.34532741
805.38603323,0.34241688
805.62344232,0.33552077
805.86085994,0.33401644
806.09828608,0.32294304
806.33572073,0.32802818
806.57316388,0.31647635
806.81061555,0.31085459
807.04807572,0.30546412
807.28554438,0.29965837
807.52302155,0.29658119
807.76050720,0.29215222
807.99800134,0.28421476
808.23550397,0.27591244
808.47301507,0.25798325
808.71053466,0.25666039
808.94806271,0.24794788
809.18559924,0.24105484
809.42314423,0.23498341
809.66069769,0.22839578
809.89825960,0.22428845
810.13582996,0.20954041
810.37340878,0.19348583
810.61099605,0.19795208
810.84859175,0.19913834
811.08619590,0.18991909
811.32380849,0.18765555
811.56142950,0.17960881
811.79905895,0.17809238
812.03669682,0.17167536
812.27434311,0.16875259
812.51199782,0.16257319
812.74966095,0.16125673
812.98733248,0.16339987
813.22501242,0.16875274
813.46270077,0.16881648
813.70039751,0.16797110
813.93810265,0.17781713
814.17581618,0.18362379
814.41353810,0.18336587
814.65126841,0.18507091
814.88900709,0.18758798
815.12675415,0.19678354
815.36450959,0.20786653
815.60227339,0.20912583
815.84004556,0.20767508
816.07782610,0.21010202
816.31561499,0.21544708
816.55341224,0.22050686
816.79121784,0.22237062
817.02903178,0.24836192
817.26685407,0.25801269
817.50468470,0.26046600
817.74252367,0.27102188
817.98037097,0.28251043
818.21822660,0.29337083
818.45609055,0.30933322
818.69396283,0.32053426
818.93184342,0.33283723
819.16973233,0.35992295
819.40762955,0.38249243
819.64553508,0.38952132
819.88344891,0.39259145
820.12137104,0.39238742
820.35930146,0.40763196
820.59724018,0.40325014
820.83518719,0.41634402
821.07314248,0.41253099
821.31110605,0.42469543
821.54907790,0.42189639
821.78705802,0.43843690
822.02504642,0.43464205
822.26304308,0.43128242
822.50104800,0.42952222
822.73906118,0.43448942
822.97708262,0.43393770
823.21511231,0.44040539
823.45315024,0.43015767
823.69119643,0.43034524
823.92925085,0.41892560
824.16731351,0.41145863
824.40538440,0.41207434
824.64346352,0.40950001
824.88155087,0.39208478
825.11964643,0.38493981
825.35775022,0.38362156
825.59586222,0.38749434
825.83398244,0.39349711
826.07211086,0.36867153
826.31024748,0.35858007
826.54839231,0.34701813
826.78654533,0.34494072
827.02470654,0.33181358
827.26287594,0.34975830
827.50105353,0.34915882
827.73923930,0.35207863
827.97743325,0.34684352
828.21563537,0.34849415
828.45384566,0.34712816
828.69206412,0.35674865
828.93029074,0.35186059
829.16852552,0.34498374
829.40676846,0.32953004
829.64501954,0.31976511
829.88327878,0.32627589
830.12154616,0.32547929
830.35982168,0.30178444
830.59810534,0.27515459
830.83639714,0.27068713
831.07469706,0.26009766
831.31300511,0.26124644
831.55132128,0.24861732
831.78964557,0.24671764
832.02797798,0.23239740
832.26631849,0.22221547
832.50466712,0.21844785
832.74302384,0.21656926
832.98138867,0.21388597
833.21976160,0.20583354
833.45814262,0.19061676
833.69653172,0.19106555
833.93492892,0.18751514
834.17333419,0.17875584
834.41174755,0.17183747
834.65016897,0.17635018
834.88859847,0.18276398
835.12703604,0.18845240
835.36548167,0.18756421
835.60393535,0.18975607
835.84239710,0.18921847
836.08086690,0.18609898
836.31934474,0.19195419
836.55783063,0.19406919
836.79632456,0.19478625
837.03482653,0.19912989
837.27333654,0.20187619
837.51185457,0.19592499
837.75038063,0.18696584
837.98891471,0.19533856
838.22745681,0.19749084
838.46600693,0.21140917
838.70456506,0.20767559
838.94313120,0.21309102
839.18170534,0.22002744
839.42028748,0.22751120
839.65887762,0.23088048
839.89747575,0.23248445
840.13608187,0.23072556
840.37469598,0.24157081
840.61331807,0.23416057
840.85194814,0.23827238
841.09058618,0.23187017
841.32923220,0.23040644
841.56788618,0.22151465
841.80654812,0.21963555
842.04521803,0.21968174
842.28389589,0.21414832
842.52258171,0.21588942
842.76127547,0.21700466
842.99997718,0.21784132
843.23868683,0.23225344
843.47740442,0.22681300
843.71612994,0.22758507
843.95486339,0.23052844
844.19360477,0.23425075
844.43235408,0.24101516
844.67111130,0.26836711
844.90987644,0.28381113
845.14864949,0.30262201
845.38743045,0.30552418
845.62621931,0.32191992
845.86501608,0.34866352
846.10382074,0.37628044
846.34263329,0.38301876
846.58145374,0.40325226
846.82028207,0.40174821
847.05911828,0.40905085
847.29796238,0.41239704
847.53681435,0.40979254
847.77567419,0.41639389
848.01454189,0.41947157
848.25341746,0.41561019
848.49230090,0.42652755
848.73119218,0.44310648
848.97009133,0.45389836
849.20899832,0.45175162
849.44791315,0.46588768
849.68683583,0.48046766
849.92576635,0.47137647
850.16470470,0.44586572
850.40365088,0.43306861
850.64260489,0.43711099
850.88156673,0.43818607
851.12053638,0.44367903
851.35951385,0.44287232
851.59849913,0.45754911
851.83749222,0.44555585
852.07649311,0.44790469
852.31550181,0.45471717
852.55451830,0.43053025
852.79354259,0.41367982
853.03257467,0.40630494
853.27161453,0.39640130
853.51066218,0.35882568
853.74971761,0.34822807
853.98878081,0.34893676
854.22785178,0.34069648
854.46693053,0.33330492
854.70601703,0.31663828
854.94511130,0.30985451
855.18421332,0.30455004
855.42332310,0.29220451
855.66244063,0.27329967
855.90156590,0.26134225
856.14069892,0.25390545
856.37983967,0.24555687
856.61898816,0.22578332
856.85814438,0.21413065
857.09730833,0.19752720
857.33648000,0.18750889
857.57565939,0.19214361
857.81484650,0.18762355
858.05404132,0.19003647
858.29324385,0.18621384
858.53245409,0.18780381
858.77167203,0.18580769
859.01089766,0.18281435
859.25013099,0.17863997
859.48937201,0.18100552
859.72862072,0.18812400
859.96787711,0.19063716
860.20714118,0.18588135
860.44641292,0.19892092
860.68569234,0.19846974
860.92497943,0.19195571
861.16427418,0.19112933
861.40357659,0.18921998
861.64288666,0.19240940
861.88220438,0.20070348
862.12152976,0.19134564
862.36086277,0.19585584
862.60020344,0.18691002
862.83955174,0.18872841
863.07890767,0.18719173
863.31827124,0.18948818
863.55764244,0.17761456
863.79702126,0.17579295
864.03640770,0.17231419
864.27580175,0.16553672
864.51520342,0.15809116
864.75461270,0.14167156
864.99402959,0.14041458
865.23345408,0.13932721
865.47288616,0.13776344
865.71232584,0.13313543
865.95177311,0.13248188
866.19122797,0.13008066
866.43069041,0.13455788
866.67016043,0.12899686
866.90963803,0.13508452
867.14912320,0.13973032
867.38861594,0.13781835
867.62811625,0.14046324
867.86762411,0.13927864
868.10713954,0.14263108
868.34666251,0.14652355
868.58619304,0.15411509
868.82573112,0.15380320
869.06527673,0.16917228
869.30482989,0.18242948
869.54439058,0.18445409
869.78395881,0.19048836
870.02353456,0.19322433
870.26311784,0.19851628
870.50270863,0.20357437
870.74230695,0.20034011
870.98191278,0.20201407
871.22152611,0.20448169
871.46114696,0.20141162
871.70077530,0.20144779
871.94041115,0.20450340
872.18005449,0.19548581
872.41970532,0.19507963
872.65936364,0.18764009
872.89902944,0.18614935
873.13870273,0.18329856
873.37838349,0.17858980
873.61807172,0.17582596
873.85776742,0.17264773
874.09747059,0.16535290
874.33718122,0.17069031
874.57689930,0.16816979
874.81662484,0.17135417
875.05635784,0.16625388
875.29609827,0.16564140
875.53584616,0.16029429
875.77560148,0.15561150
876.01536424,0.15206597
876.25513443,0.15414909
876.49491204,0.15803662
876.73469709,0.16614093
876.97448955,0.16932693
877.21428943,0.17160691
877.45409673,0.17443965
877.69391143,0.18615278
877.93373355,0.18635256
878.17356306,0.19036644
878.41339998,0.19996361
878.65324428,0.20275031
878.89309599,0.21696685
879.13295507,0.23512548
879.37282155,0.26022963
879.61269540,0.26381814
879.85257663,0.27340059
880.09246523,0.28475035
880.33236121,0.29908041
880.57226455,0.29925233
880.81217525,0.30416829
881.05209331,0.29795364
881.29201872,0.29744742
881.53195149,0.29261004
881.77189160,0.29383256
882.01183905,0.29318523
882.25179385,0.29352251
882.49175598,0.29172554
882.73172545,0.29395291
882.97170224,0.30054722
883.21168636,0.31654024
883.45167780,0.31296705
883.69167656,0.32539894
883.93168263,0.33039993
884.17169601,0.34870613
884.41171670,0.36155573
884.65174469,0.37340291
884.89177999,0.38112413
885.13182257,0.38698089
885.37187245,0.40295393
885.61192962,0.41886037
885.85199407,0.43388793
886.09206581,0.46893065
886.33214482,0.47033510
886.57223110,0.47169434
886.81232465,0.46110654
887.05242547,0.46505210
887.29253356,0.46501799
887.53264890,0.48033445
887.77277149,0.46284955
888.01290134,0.45389352
888.25303843,0.44282063
888.49318277,0.43547568
888.73333435,0.42876220
888.97349317,0.42779462
889.21365922,0.41288188
889.45383250,0.40774662
889.69401300,0.41015894
889.93420072,0.40575463
890.17439567,0.40378049
890.41459783,0.42486275
890.65480719,0.41673242
890.89502377,0.42561969
891.13524755,0.42347608
891.37547853,0.42089268
891.61571670,0.42039466
891.85596207,0.42626238
892.09621463,0.43208205
892.33647437,0.44507072
892.57674129,0.45883785
892.81701539,0.44887726
893.05729666,0.43657268
893.29758510,0.43314105
893.53788071,0.44359391
893.77818349,0.45029892
894.01849342,0.44056770
894.25881051,0.45448846
894.49913474,0.46064051
894.73946613,0.45822144
894.97980466,0.46792177
895.22015033,0.48100380
895.46050314,0.49910806
895.70086308,0.49511797
895.94123016,0.48885902
896.18160435,0.48694528
896.42198567,0.48293589
896.66237411,0.48880280
896.90276966,0.48766148
897.14317233,0.47976285
897.38358210,0.47604958
897.62399897,0.47546612
897.86442295,0.45920125
898.10485402,0.45528143
898.34529218,0.45949032
898.58573744,0.45713644
898.82618978,0.44521522
899.06664920,0.43569381
899.30711569,0.42489961
899.54758927,0.42286683
899.78806991,0.42176540
900.02855762,0.41305002
900.26905239,0.40007502
900.50955422,0.39398500
900.75006311,0.38449831
900.99057905,0.38998146
901.23110204,0.38336314
901.47163207,0.37076389
901.71216914,0.36970656
901.95271325,0.35633198
902.19326440,0.34545655
902.43382257,0.35571063
902.67438777,0.35567820
902.91495999,0.35167027
903.15553924,0.34757359
903.39612549,0.36187770
903.63671876,0.35714293
903.87731904,0.36790350
904.11792632,0.35672795
904.35854060,0.36184070
904.59916188,0.36322232
904.83979015,0.36220767
905.08042541,0.35890106
905.32106765,0.32762168
905.56171688,0.32881732
905.80237308,0.33326645
906.04303626,0.33945617
906.28370641,0.33762477
906.52438353,0.33548259
906.76506761,0.33298393
907.00575865,0.32225170
907.24645665,0.32575304
907.48716160,0.31452029
907.72787350,0.30956212
907.96859234,0.29895341
908.20931812,0.29341213
908.45005085,0.28507184
908.69079050,0.27899568
908.93153709,0.28038819
909.17229060,0.28301806
909.41305104,0.28030817
909.65381839,0.27241221
909.89459266,0.25979801
910.13537384,0.25893538
910.37616193,0.27100078
910.61695693,0.26997677
910.85775882,0.27406032
911.09856761,0.28441509
911.33938330,0.28207286
911.58020588,0.28484898
911.82103534,0.28618356
912.06187168,0.29387458
912.30271490,0.30159414
912.54356500,0.30725541
912.78442197,0.31776674
913.02528580,0.33381464
913.26615650,0.34169699
913.50703406,0.35097956
913.74791848,0.36433444
913.98880974,0.38407093
914.22970786,0.38191763
914.47061282,0.36866538
914.71152463,0.38720151
914.95244327,0.39102082
915.19336875,0.37599349
915.43430105,0.37615108
915.67524019,0.38166537
915.91618615,0.39862812
916.15713892,0.39431270
916.39809852,0.39031354
916.63906492,0.38260870
916.88003813,0.36935801
917.12101815,0.34657311
917.36200497,0.34885182
917.60299859,0.34980937
917.84399900,0.34883947
918.08500620,0.33313465
918.32602018,0.30863379
918.56704095,0.28187508
918.80806850,0.26191996
919.04910282,0.24469071
919.29014392,0.24429878
919.53119178,0.23836845
919.77224640,0.23580818
920.01330779,0.22539673
920.25437593,0.21554606
920.49545083,0.19635285
920.73653248,0.19398005
920.97762087,0.18302976
921.21871600,0.18394349
921.45981787,0.17813116
921.70092648,0.16832000
921.94204182,0.16113395
922.18316388,0.16636602
922.42429267,0.15759028
922.66542818,0.15346413
922.90657040,0.15113559
923.14771934,0.14285798
923.38887498,0.13891819
923.63003734,0.13606485
923.87120639,0.13731024
924.11238214,0.13918505
924.35356458,0.14455495
924.59475371,0.14267853
924.83594953,0.14548676
925.07715204,0.14064111
925.31836122,0.14290563
925.55957708,0.15473959
925.80079961,0.16998111
926.04202881,0.16835325
926.28326467,0.18162410
926.52450719,0.19893688
926.76575637,0.20546524
927.00701221,0.21515173
927.24827469,0.21479012
927.48954382,0.22566977
927.73081959,0.23032442
927.97210200,0.24530251
928.21339105,0.27069177
928.45468673,0.28388207
928.69598903,0.29747850
928.93729796,0.29610615
929.17861351,0.29280671
929.41993567,0.29154085
929.66126445,0.28140698
929.90259984,0.28643539
930.14394183,0.29276383
930.38529042,0.28908724
930.62664561,0.27936301
930.86800740,0.26978948
931.10937578,0.27056768
931.35075074,0.26287191
931.59213229,0.26320869
931.83352042,0.25661349
932.07491512,0.24548701
932.31631639,0.24100981
932.55772424,0.22610733
932.79913864,0.23501364
933.04055961,0.22986459
933.28198714,0.22587012
933.52342122,0.22286845
933.76486185,0.22616517
934.00630903,0.22940113
934.24776275,0.21371197
934.48922301,0.20129545
934.73068980,0.19582092
934.97216313,0.18630238
935.21364298,0.18084626
935.45512936,0.17751820
935.69662225,0.16910946
935.93812167,0.15780438
936.17962760,0.15013985
936.42114004,0.14600331
936.66265898,0.14354257
936.90418442,0.13048074
937.14571637,0.12106670
937.38725481,0.12231461
937.62879973,0.11358538
937.87035115,0.10947267
938.11190905,0.10716634
938.35347343,0.10491815
938.59504429,0.10611075
938.83662162,0.11041017
939.07820541,0.10158548
939.31979568,0.10240862
939.56139240,0.09661752
939.80299558,0.09143215
940.04460522,0.08954349
940.28622131,0.08929610
940.52784384,0.08836383
940.76947282,0.08675995
941.01110823,0.07742661
941.25275008,0.07861825
941.49439837,0.07579645
941.73605308,0.07367626
941.97771421,0.06945272
942.21938177,0.07123729
942.46105574,0.06451403
942.70273613,0.06399195
942.94442293,0.06375638
943.18611613,0.06092152
943.42781574,0.06088328
943.66952174,0.05290686
943.91123414,0.05033476
944.15295293,0.04579466
944.39467811,0.04884160
944.63640967,0.05152554
944.87814762,0.04970642
945.11989194,0.04417572
945.36164263,0.04581983
945.60339969,0.04314728
945.84516312,0.04298699
946.08693290,0.04558040
946.32870905,0.04368771
946.57049155,0.04707598
946.81228040,0.04744411
947.05407560,0.04550448
947.29587714,0.05228014
947.53768503,0.05368130
947.77949924,0.05768646
948.02131979,0.05965298
948.26314667,0.07045541
948.50497988,0.06729224
948.74681940,0.07376870
948.98866524,0.07522312
949.23051740,0.08123419
949.47237587,0.08420125
949.71424064,0.08636592
949.95611171,0.08867829
950.19798909,0.09549862
950.43987276,0.10332798
950.68176272,0.10559495
950.92365897,0.11092905
951.16556150,0.12543733
951.40747032,0.14217624
951.64938541,0.14192793
951.89130677,0.14773873
952.13323441,0.14728886
952.37516831,0.15375988
952.61710847,0.15903055
952.85905489,0.16511448
953.10100756,0.16280452
953.34296649,0.16943776
953.58493166,0.17228623
953.82690308,0.18175127
954.06888074,0.18672802
954.31086463,0.19142665
954.55285476,0.19513595
954.79485111,0.19804044
955.03685369,0.20536866
955.27886249,0.20914898
955.52087751,0.21262455
955.76289875,0.21620805
956.00492619,0.22029463
956.24695984,0.22628154
956.48899970,0.23047564
956.73104575,0.24381588
956.97309800,0.24548260
957.21515644,0.25939959
957.45722107,0.27180976
957.69929189,0.28234519
957.94136888,0.28627533
958.18345205,0.28373602
958.42554140,0.28252619
958.66763692,0.29276319
958.90973860,0.30305915
959.15184644,0.31407967
959.39396044,0.32603286
959.63608060,0.34595616
959.87820691,0.35627294
960.12033937,0.35725981
960.36247797,0.36245368
960.60462271,0.37663802
960.84677359,0.39454363
961.08893060,0.41415800
961.33109374,0.40979758
961.57326301,0.40821260
961.81543840,0.39017339
962.05761991,0.37397341
962.29980753,0.35959029
962.54200126,0.35843100
962.78420110,0.34926138
963.02640704,0.34952283
963.26861908,0.35214043
963.51083722,0.35086883
963.75306145,0.35314800
963.99529177,0.35098414
964.23752817,0.34888175
964.47977066,0.34127122
964.72201922,0.33582968
964.96427386,0.33526200
965.20653456,0.33302397
965.44880134,0.33430248
965.69107417,0.32661890
965.93335307,0.31679414
966.17563802,0.31845342
966.41792902,0.30912334
966.66022607,0.30180854
966.90252917,0.28989728
967.14483830,0.28250206
967.38715347,0.28009206
967.62947468,0.27919013
967.87180192,0.26246624
968.11413518,0.26033451
968.35647446,0.26601591
968.59881976,0.25402873
968.84117108,0.25773290
969.08352841,0.23775330
969.32589174,0.21821329
969.56826108,0.22088725
969.81063642,0.21047005
970.05301776,0.21267548
970.29540509,0.20301332
970.53779840,0.21171218
970.78019771,0.20873995
971.02260299,0.19775309
971.26501425,0.19394772
971.50743149,0.19264874
971.74985470,0.18553082
971.99228387,0.17552451
972.23471901,0.17209782
972.47716011,0.17043620
972.71960716,0.16247335
972.96206016,0.16377980
973.20451911,0.15985968
973.44698401,0.15190845
973.68945485,0.14957623
973.93193163,0.14535380
974.17441434,0.14115839
974.41690298,0.13479406
974.65939754,0.12516378
974.90189803,0.13057102
975.14440444,0.12229986
975.38691676,0.11632857
975.62943499,0.11711982
975.87195913,0.11262587
976.11448918,0.11116762
976.35702513,0.10938425
976.59956697,0.10517130
976.84211470,0.10264090
977.08466833,0.10133052
977.32722784,0.09920031
977.56979323,0.09416396
977.81236450,0.09264723
978.05494165,0.09318453
978.29752467,0.08550337
978.54011355,0.09092063
978.78270830,0.09027137
979.02530890,0.08790884
979.26791537,0.09160272
979.51052768,0.08973255
979.75314585,0.08738826
979.99576986,0.09131352
980.23839971,0.08496253
980.48103540,0.08314230
980.72367692,0.08732810
980.96632427,0.08243637
981.20897745,0.07799631
981.45163645,0.07905689
981.69430127,0.08006048
981.93697191,0.08388782
982.17964836,0.07965400
982.42233061,0.07559723
982.66501868,0.07865805
982.90771254,0.07990203
983.15041220,0.07929673
983.39311765,0.07898043
983.63582889,0.07703273
983.87854592,0.07440408
984.12126873,0.07477063
984.36399732,0.07687806
984.60673168,0.07198577
984.84947182,0.06804051
985.09221772,0.06836076
985.33496939,0.07010972
985.57772681,0.06788717
985.82049000,0.06784229
986.06325893,0.06831694
986.30603362,0.06442044
986.54881405,0.06550836
986.79160022,0.06387689
987.03439213,0.06490647
987.27718977,0.06443143
987.51999315,0.05788937
987.76280225,0.05796377
988.00561707,0.05545877
988.24843762,0.05579317
988.49126388,0.05617133
988.73409585,0.05676976
988.97693353,0.05741917
989.21977692,0.05741605
989.46262601,0.05750984
989.70548079,0.05811092
989.94834127,0.05714755
990.19120744,0.06015742
990.43407929,0.05307815
990.67695683,0.06080384
990.91984004,0.05921558
991.16272893,0.06399437
991.40562350,0.06373291
991.64852373,0.06916200
991.89142962,0.06606160
992.13434118,0.07247091
992.37725839,0.07274349
992.62018126,0.07183018
992.86310977,0.07451977
993.10604393,0.07187995
993.34898373,0.07776837
993.59192917,0.07977340
993.83488025,0.07241181
994.07783696,0.08165086
994.32079929,0.07817415
994.56376725,0.07962950
994.80674082,0.07724390
995.04972002,0.08184415
995.29270482,0.08235128
995.53569524,0.08021258
995.77869126,0.07940257
996.02169288,0.07830161
996.26470010,0.07845938
996.50771291,0.07665340
996.75073131,0.07608938
996.99375530,0.07669742
997.23678488,0.07368400
997.47982003,0.07120823
997.72286076,0.06652914
997.96590706,0.06891894
998.20895892,0.07161014
998.45201636,0.07132883
998.69507935,0.07344573
998.93814790,0.07305724
999.18122200,0.07067949
999.42430166,0.06945231
999.66738686,0.06968768
999.91047760,0.06699154
1000.15357388,0.06885707
1000.39667569,0.06820702
1000.63978304,0.06710872
1000.88289592,0.06918462
1001.12601431,0.06795761
1001.36913823,0.06585335
1001.61226767,0.06387417
1001.85540262,0.06560961
1002.09854307,0.06143278
1002.34168904,0.06425299
1002.58484050,0.06370530
1002.82799746,0.05881689
1003.07115992,0.05823247
1003.31432787,0.05849469
1003.55750130,0.05737165
1003.80068022,0.06140946
1004.04386462,0.06051447
1004.28705449,0.05541831
1004.53024984,0.05579211
1004.77345065,0.05223393
1005.01665693,0.05141035
1005.25986867,0.05493239
1005.50308587,0.04698797
1005.74630852,0.04809817
1005.98953662,0.04977679
1006.23277017,0.05281285
1006.47600916,0.04945166
1006.71925359,0.05247353
1006.96250346,0.05094341
1007.20575875,0.05496267
1007.44901948,0.05378109
1007.69228563,0.05126571
1007.93555720,0.05291523
1008.17883418,0.05291342
1008.42211658,0.05426530
1008.66540439,0.05594575
1008.90869761,0.05452543
1009.15199622,0.05892789
1009.39530024,0.05485466
1009.63860965,0.05605401
1009.88192445,0.06222611
1010.12524464,0.06140009
1010.36857021,0.06334672
1010.61190116,0.06496057
1010.85523749,0.06605706
1011.09857919,0.06988333
1011.34192626,0.07520436
1011.58527870,0.07052306
1011.82863649,0.07455734
1012.07199965,0.07793928
1012.31536816,0.08063956
1012.55874202,0.08814258
1012.80212122,0.09214598
1013.04550577,0.09499485
1013.28889566,0.09773784
1013.53229088,0.10403370
1013.77569144,0.10604795
1014.01909732,0.11534513
1014.26250853,0.11220628
1014.50592506,0.11380674
1014.74934691,0.11322887
1014.99277407,0.11445709
1015.23620654,0.11642574
1015.47964432,0.11451432
1015.72308739,0.11552451
1015.96653577,0.11691413
1016.20998944,0.11392220
1016.45344841,0.11232447
1016.69691266,0.10859804
1016.94038220,0.10505997
1017.18385701,0.10952345
1017.42733710,0.10870927
1017.67082247,0.11428134
1017.91431310,0.06807170
1018.15780900,0.00330283
1018.40131017,0.00393203
1018.64481659,0.00305539
1018.88832826,0.00209577
1019.13184519,0.00281051
1019.37536736,0.00157609
