198.80933475,0.00741201
199.01143578,0.00846939
199.21355429,0.00382522
199.41569028,0.00125434
199.61784374,0.00179340
199.82001468,0.00251905
200.02220309,0.00229099
200.22440896,0.00146167
200.42663230,0.00256051
200.62887310,0.00208366
200.83113136,0.00347276
201.03340708,-0.00040429
201.23570025,0.00189706
201.43801087,0.00542166
201.64033894,0.00511066
201.84268445,0.00309957
202.04504741,0.00297517
202.24742780,0.00067382
202.44982564,0.00289224
202.65224090,-0.00187633
202.85467360,0.00538019
203.05712372,0.00324470
203.25959128,-0.00197999
203.46207625,0.00293371
203.66457864,0.00222879
203.86709846,0.00436428
204.06963568,0.00598144
204.27219032,0.00303737
204.47476237,0.00278858
204.67735182,0.00285077
204.87995868,0.00996216
205.08258293,0.00544239
205.28522459,0.00260198
205.48788364,0.00144094
205.69056008,0.00220805
205.89325391,0.00743275
206.09596513,0.00278858
206.29869374,0.00637537
206.50143972,0.00498626
206.70420308,0.00142020
206.90698382,0.00185560
207.10978194,0.00197999
207.31259742,0.00556679
207.51543027,-0.00106774
207.71828048,0.00384595
207.92114806,0.00177266
208.12403299,0.00923651
208.32693528,0.00175193
208.52985493,0.00299591
208.73279193,-0.00280931
208.93574627,0.00797180
209.13871796,0.00585705
209.34170699,0.00332763
209.54471336,0.00015550
209.74773707,0.00258125
209.95077811,0.00083968
210.15383649,0.00233245
210.35691219,0.00531799
210.56000522,0.00322397
210.76311557,0.00059089
210.96624324,0.00683149
211.16938823,0.00032136
211.37255053,0.00009330
211.57573015,-0.00054942
211.77892707,0.00260198
211.98214130,0.00135801
212.18537284,0.00334836
212.38862167,0.00025916
212.59188781,0.00158607
212.79517124,0.00046649
212.99847196,-0.00054942
213.20178997,0.00415695
213.40512527,0.00687296
213.60847785,0.00166900
213.81184772,0.00314104
214.01523486,-0.00139947
214.21863928,0.00438501
214.42206097,0.00490333
214.62549993,0.00363863
214.82895616,0.00063235
215.03242966,0.00187633
215.23592042,-0.00040429
215.43942843,0.00301664
215.64295370,0.00351423
215.84649623,0.00401182
216.05005601,0.00705956
216.25363303,0.00301664
216.45722731,0.00430208
216.66083882,0.00032136
216.86446757,0.00401182
217.06811356,-0.00057015
217.27177679,0.00631317
217.47545724,0.00314104
217.67915493,0.00129581
217.88286984,0.00419841
218.08660198,0.00517286
218.29035133,0.00824133
218.49411790,0.00764008
218.69790169,0.00260198
218.90170269,0.00137874
219.10552090,0.00666563
219.30935632,0.00649977
219.51320894,0.00063235
219.71707876,0.00185560
219.92096578,0.00471674
220.12486999,0.00090188
220.32879140,0.00457161
220.53272999,0.00046649
220.73668578,0.00442648
220.94065875,0.00266418
221.14464890,0.00061162
221.34865623,0.00318250
221.55268073,0.00063235
221.75672241,-0.00249832
221.96078126,0.00123361
222.16485728,0.00015550
222.36895046,0.00048722
222.57306080,0.00247758
222.77718831,0.00224952
222.98133297,-0.00243612
223.18549478,0.00469600
223.38967375,0.00088115
223.59386986,0.00027989
223.79808312,0.00241538
224.00231352,0.00444721
224.20656106,0.00455087
224.41082574,0.00372156
224.61510756,0.00743275
224.81940650,0.00127507
225.02372258,-0.00075675
225.22805578,0.00260198
225.43240610,-0.00065309
225.63677355,0.00506920
225.84115811,-0.00135801
226.04555979,0.00291297
226.24997858,0.00183486
226.45441448,0.00158607
226.65886748,0.00430208
226.86333759,0.00241538
227.06782480,0.00237392
227.27232911,0.00206292
227.47685052,0.00135801
227.68138902,0.00411548
227.88594461,-0.00071529
228.09051728,0.00359716
228.29510704,0.00357643
228.49971389,0.00531799
228.70433781,0.00411548
228.90897881,0.00523506
229.11363688,0.00059089
229.31831202,0.00334836
229.52300423,0.00378376
229.72771350,0.00098481
229.93243984,0.00183486
230.13718324,0.00125434
230.34194369,-0.00038356
230.54672120,0.00571192
230.75151576,0.00007257
230.95632737,0.00614731
231.16115602,0.00200073
231.36600172,0.00038356
231.57086446,0.00048722
231.77574423,0.00450941
231.98064104,-0.00247758
232.18555488,0.00262271
232.39048575,0.00453014
232.59543365,0.00137874
232.80039857,-0.00065309
233.00538051,0.00353496
233.21037947,0.00457161
233.41539544,0.01672109
233.62042843,-0.00011403
233.82547842,0.00104701
234.03054543,0.00695589
234.23562943,0.00142020
234.44073044,0.00175193
234.64584845,0.00347276
234.85098345,0.00133727
235.05613545,0.00322397
235.26130444,0.00222879
235.46649041,0.00299591
235.67169337,0.00552532
235.87691331,0.00703882
236.08215023,0.00189706
236.28740413,0.00322397
236.49267500,0.00110921
236.69796284,-0.00108848
236.90326765,0.00415695
237.10858942,0.00409475
237.31392816,0.00508993
237.51928386,0.00465454
237.72465651,-0.00027989
237.93004612,0.00050796
238.13545268,0.00135801
238.34087619,0.00473747
238.54631664,0.00270564
238.75177404,-0.00013476
238.95724838,-0.00075675
239.16273965,0.00241538
239.36824786,0.00720469
239.57377300,0.00208366
239.77931508,0.00417768
239.98487407,0.00001037
240.19045000,0.00397035
240.39604284,0.00419841
240.60165260,-0.00102628
240.80727928,0.00328617
241.01292287,0.00293371
241.21858337,0.00390815
241.42426077,0.00150314
241.62995508,0.00374229
241.83566630,-0.00102628
242.04139441,0.00388742
242.24713941,0.00175193
242.45290131,0.00025916
242.65868010,0.00305810
242.86447578,0.00075675
243.07028835,0.00504846
243.27611779,0.00884259
243.48196412,0.00411548
243.68782732,0.00015550
243.89370739,0.00229099
244.09960434,-0.00083968
244.30551816,0.00511066
244.51144884,0.00283004
244.71739638,0.00216659
244.92336078,0.00204219
245.12934204,0.00212512
245.33534016,0.00001037
245.54135512,-0.00142020
245.74738694,0.00121288
245.95343560,0.00040429
246.15950110,0.00442648
246.36558345,0.00189706
246.57168263,0.00283004
246.77779865,0.00247758
246.98393150,0.00490333
247.19008118,0.00075675
247.39624769,0.00475820
247.60243102,0.00237392
247.80863117,0.00616804
248.01484814,0.00291297
248.22108192,0.00434354
248.42733252,-0.00090188
248.63359993,0.00042502
248.83988415,-0.00102628
249.04618517,0.00477894
249.25250299,0.00112994
249.45883761,-0.00090188
249.66518903,0.00382522
249.87155724,-0.00086042
250.07794224,0.00334836
250.28434403,0.00287151
250.49076260,0.00855232
250.69719796,-0.00090188
250.90365009,-0.00158607
251.11011901,0.00146167
251.31660469,0.00287151
251.52310715,0.00326543
251.72962638,0.00610584
251.93616237,0.00152387
252.14271513,0.00357643
252.34928464,0.00177266
252.55587091,0.00200073
252.76247394,0.00256051
252.96909372,0.00341056
253.17573025,0.00077748
253.38238352,0.00059089
253.58905354,0.00484113
253.79574030,0.00293371
254.00244380,0.00374229
254.20916403,0.00817913
254.41590099,0.00490333
254.62265469,0.00162753
254.82942511,0.00021770
255.03621225,0.00112994
255.24301612,0.00258125
255.44983670,-0.00050796
255.65667400,0.00523506
255.86352802,0.00146167
256.07039874,-0.00057015
256.27728617,0.00030063
256.48419031,0.00421915
256.69111115,0.00359716
256.89804868,0.00150314
257.10500292,0.00021770
257.31197384,0.00233245
257.51896146,0.00911211
257.72596577,-0.00100555
257.93298676,0.00208366
258.14002443,0.00432281
258.34707878,0.00015550
258.55414981,0.00200073
258.76123752,-0.00054942
258.96834190,0.00882185
259.17546294,-0.00098481
259.38260065,-0.00129581
259.58975502,-0.00067382
259.79692606,0.00181413
260.00411375,0.00258125
260.21131810,-0.00382522
260.41853909,0.00357643
260.62577674,0.00272638
260.83303103,0.00133727
261.04030197,-0.00330690
261.24758955,0.00117141
261.45489377,0.00023843
261.66221462,0.00222879
261.86955210,0.00448867
262.07690622,0.00193853
262.28427696,-0.00168973
262.49166433,-0.00119214
262.69906831,0.00502773
262.90648892,-0.00197999
263.11392614,0.00154460
263.32137998,0.00347276
263.52885042,0.00347276
263.73633747,0.00714249
263.94384113,-0.00108848
264.15136139,0.00314104
264.35889825,0.00612657
264.56645171,0.00612657
264.77402176,0.00065309
264.98160840,0.00376302
265.18921163,-0.00059089
265.39683144,-0.00110921
265.60446784,0.00681076
265.81212081,0.00249832
266.01979037,0.00195926
266.22747650,-0.00030063
266.43517920,0.00150314
266.64289847,-0.00075675
266.85063430,-0.00040429
267.05838670,0.00040429
267.26615566,0.00320323
267.47394117,-0.00189706
267.68174324,0.00057015
267.88956187,0.00428135
268.09739704,0.00309957
268.30524876,0.00573265
268.51311702,0.00558752
268.72100183,-0.00353496
268.92890317,-0.00015550
269.13682105,-0.00150314
269.34475546,-0.00247758
269.55270640,0.00038356
269.76067387,0.00193853
269.96865786,-0.00144094
270.17665838,-0.00032136
270.38467541,0.00287151
270.59270896,0.00241538
270.80075902,0.00061162
271.00882560,0.00220805
271.21690868,-0.00110921
271.42500826,0.00241538
271.63312435,0.00355569
271.84125694,0.00025916
272.04940602,0.00573265
272.25757160,0.00197999
272.46575367,0.00506920
272.67395223,0.00115068
272.88216727,0.00177266
273.09039880,0.00672783
273.29864681,0.00030063
273.50691129,0.00096408
273.71519225,0.00166900
273.92348968,0.00146167
274.13180358,0.00075675
274.34013395,0.00057015
274.54848077,0.00079822
274.75684406,0.00405328
274.96522381,0.00214586
275.17362001,-0.00235319
275.38203267,0.00430208
275.59046177,0.00256051
275.79890732,0.00251905
276.00736932,0.00191779
276.21584776,0.00104701
276.42434263,0.00003110
276.63285394,-0.00430208
276.84138169,0.00088115
277.04992586,0.00245685
277.25848646,0.00332763
277.46706349,0.00137874
277.67565694,-0.00181413
277.88426680,0.00133727
278.09289309,-0.00090188
278.30153578,-0.00150314
278.51019489,0.00523506
278.71887041,0.00050796
278.92756233,0.00397035
279.13627065,0.00394962
279.34499537,0.00245685
279.55373649,0.00359716
279.76249401,0.01006583
279.97126791,0.00341056
280.18005820,0.00050796
280.38886488,0.00150314
280.59768795,-0.00048722
280.80652739,0.00057015
281.01538321,-0.00069455
281.22425540,0.00280931
281.43314397,0.00204219
281.64204891,0.00063235
281.85097021,0.00417768
282.05990788,0.00256051
282.26886190,0.00243612
282.47783229,-0.00206292
282.68681903,0.00359716
282.89582212,0.00148240
283.10484156,0.00001037
283.31387735,0.00017623
283.52292949,-0.00003110
283.73199796,0.00092261
283.94108277,0.00399108
284.15018392,-0.00115068
284.35930141,0.00112994
284.56843522,0.00334836
284.77758536,0.00438501
284.98675183,0.00027989
285.19593461,0.00724615
285.40513372,0.00432281
285.61434914,0.00343130
285.82358088,-0.00357643
286.03282893,0.00054942
286.24209328,0.00457161
286.45137395,0.00137874
286.66067091,0.00297517
286.86998417,0.00291297
287.07931373,0.00347276
287.28865959,0.00343130
287.49802174,0.00243612
287.70740017,0.00096408
287.91679489,0.00054942
288.12620590,0.00148240
288.33563318,-0.00019696
288.54507675,0.00370082
288.75453658,-0.00011403
288.96401269,-0.00034209
289.17350507,0.00193853
289.38301372,0.00581558
289.59253863,0.00291297
289.80207980,0.00463381
290.01163723,0.00121288
290.22121091,0.00183486
290.43080085,0.00515213
290.64040703,0.00156533
290.85002947,0.00312030
291.05966815,0.00409475
291.26932307,0.00457161
291.47899422,0.00270564
291.68868162,0.00540092
291.89838525,0.00044576
292.10810511,0.00649977
292.31784119,0.00200073
292.52759350,-0.00131654
292.73736204,0.00320323
292.94714679,0.00278858
293.15694776,0.00131654
293.36676494,0.00063235
293.57659834,0.00108848
293.78644794,-0.00237392
293.99631375,-0.00166900
294.20619576,0.00440574
294.41609397,0.00668636
294.62600838,-0.00027989
294.83593898,0.00197999
295.04588578,0.00075675
295.25584876,-0.00175193
295.46582793,-0.00036283
295.67582328,0.00061162
295.88583481,0.00164827
296.09586253,0.00129581
296.30590641,0.00237392
296.51596647,0.00210439
296.72604270,-0.00094335
296.93613509,0.00432281
297.14624365,-0.00529726
297.35636837,0.00150314
297.56650925,0.00102628
297.77666629,-0.00088115
297.98683947,-0.00088115
298.19702881,0.00289224
298.40723429,0.00152387
298.61745592,0.00380449
298.82769369,0.00386669
299.03794760,0.00697662
299.24821765,-0.00235319
299.45850383,0.00299591
299.66880614,0.00100555
299.87912458,-0.00073602
300.08945914,-0.00210439
300.29980983,0.00243612
300.51017663,0.00293371
300.72055955,0.00747421
300.93095859,0.00137874
301.14137374,0.00166900
301.35180499,-0.00065309
301.56225235,0.00073602
301.77271582,-0.00372156
301.98319538,0.00861452
302.19369105,-0.00314104
302.40420280,-0.00048722
302.61473065,0.00417768
302.82527459,0.00473747
303.03583461,-0.00046649
303.24641072,0.00156533
303.45700291,0.00179340
303.66761117,0.00171046
303.87823552,0.00531799
304.08887593,0.00046649
304.29953241,-0.00092261
304.51020496,-0.00191779
304.72089358,0.00465454
304.93159825,0.00409475
305.14231899,-0.00115068
305.35305578,0.00459234
305.56380862,0.00432281
305.77457752,0.00214586
305.98536246,0.00142020
306.19616344,0.00253978
306.40698047,0.00148240
306.61781354,0.00096408
306.82866264,0.00316177
307.03952778,0.00162753
307.25040895,0.00229099
307.46130614,0.00415695
307.67221937,-0.00061162
307.88314861,0.00048722
308.09409387,0.00535946
308.30505515,0.00189706
308.51603245,0.00295444
308.72702576,-0.00023843
308.93803507,-0.00115068
309.14906039,0.00249832
309.36010172,0.00148240
309.57115904,0.00324470
309.78223236,0.00287151
309.99332168,0.00307884
310.20442699,0.00353496
310.41554829,0.00090188
310.62668557,-0.00123361
310.83783884,0.00318250
311.04900809,-0.00247758
311.26019332,-0.00044576
311.47139452,0.00098481
311.68261169,0.00262271
311.89384484,0.00357643
312.10509395,0.00191779
312.31635903,0.00361789
312.52764007,0.00038356
312.73893706,0.00019696
312.95025002,-0.00009330
313.16157892,-0.00224952
313.37292378,0.00345203
313.58428458,0.00040429
313.79566133,0.00025916
314.00705402,0.00386669
314.21846266,0.00249832
314.42988722,-0.00081895
314.64132772,0.00191779
314.85278416,-0.00183486
315.06425652,0.00801327
315.27574480,-0.00040429
315.48724901,0.00453014
315.69876914,0.00077748
315.91030518,0.00293371
316.12185715,0.00027989
316.33342502,0.00090188
316.54500880,0.00392889
316.75660848,0.00459234
316.96822407,0.00324470
317.17985556,0.00137874
317.39150295,-0.00073602
317.60316624,0.00444721
317.81484541,-0.00009330
318.02654048,0.00195926
318.23825143,0.00312030
318.44997826,0.00156533
318.66172098,0.00117141
318.87347957,0.00585705
319.08525404,0.00185560
319.29704439,0.00266418
319.50885060,0.00121288
319.72067268,0.00270564
319.93251063,0.00054942
320.14436443,0.00320323
320.35623410,0.00691442
320.56811962,0.00649977
320.78002100,-0.00034209
320.99193822,-0.00069455
321.20387130,-0.00204219
321.41582021,0.00015550
321.62778498,0.00589851
321.83976558,0.00162753
322.05176201,0.00291297
322.26377428,0.00079822
322.47580239,0.00515213
322.68784632,0.00280931
322.89990607,-0.00048722
323.11198165,-0.00098481
323.32407305,0.00386669
323.53618027,0.00183486
323.74830330,0.00106774
323.96044215,0.00164827
324.17259680,0.00558752
324.38476726,0.00363863
324.59695352,0.00083968
324.80915558,0.00106774
325.02137344,-0.00017623
325.23360710,0.00233245
325.44585655,0.00322397
325.65812178,0.00494480
325.87040281,0.00030063
326.08269962,0.00455087
326.29501221,0.00019696
326.50734058,0.00307884
326.71968472,-0.00044576
326.93204464,0.00560825
327.14442032,0.00542166
327.35681178,0.00158607
327.56921900,-0.00001037
327.78164198,-0.00054942
327.99408072,-0.00131654
328.20653522,0.00216659
328.41900547,0.00038356
328.63149147,0.00200073
328.84399322,0.00003110
329.05651071,0.00195926
329.26904395,0.00011403
329.48159293,0.00397035
329.69415764,0.00092261
329.90673809,0.00314104
330.11933427,0.00052869
330.33194617,0.00278858
330.54457381,0.00280931
330.75721716,-0.00280931
330.96987624,-0.00108848
331.18255104,0.00266418
331.39524154,0.00668636
331.60794777,0.00044576
331.82066970,-0.00098481
332.03340733,0.00023843
332.24616067,0.00683149
332.45892971,0.00241538
332.67171445,0.00436428
332.88451489,0.00299591
333.09733102,0.00245685
333.31016283,0.00121288
333.52301034,-0.00077748
333.73587352,0.00007257
333.94875239,-0.00117141
334.16164694,0.00096408
334.37455717,-0.00353496
334.58748306,0.00312030
334.80042463,0.00477894
335.01338187,-0.00131654
335.22635477,0.00243612
335.43934333,0.00104701
335.65234755,0.00643757
335.86536743,0.00463381
336.07840296,0.00115068
336.29145415,-0.00158607
336.50452098,0.00324470
336.71760345,0.00247758
336.93070157,0.00108848
337.14381533,0.00052869
337.35694473,-0.00061162
337.57008976,0.00629244
337.78325042,0.00086042
337.99642671,-0.00005183
338.20961863,0.00301664
338.42282617,0.00220805
338.63604933,-0.00231172
338.84928810,0.00025916
339.06254250,0.00438501
339.27581250,0.00241538
339.48909812,0.00119214
339.70239934,0.00430208
339.91571616,0.00036283
340.12904859,0.00175193
340.34239661,-0.00262271
340.55576023,0.00343130
340.76913945,0.00463381
340.98253425,0.00139947
341.19594464,0.00218732
341.40937061,-0.00115068
341.62281217,0.00222879
341.83626930,0.00934018
342.04974201,0.00073602
342.26323030,0.00036283
342.47673415,0.00328617
342.69025357,0.00662416
342.90378856,0.00001037
343.11733911,0.00376302
343.33090522,0.00233245
343.54448688,0.00156533
343.75808410,0.00015550
343.97169687,0.00112994
344.18532519,0.00142020
344.39896906,0.00338983
344.61262847,-0.00164827
344.82630341,0.00349350
345.03999390,0.00090188
345.25369992,0.00475820
345.46742147,0.00737055
345.68115855,0.00247758
345.89491115,0.00027989
346.10867928,-0.00117141
346.32246293,0.00166900
346.53626210,-0.00025916
346.75007679,-0.00179340
346.96390698,0.00075675
347.17775269,0.00127507
347.39161390,0.00015550
347.60549061,0.00189706
347.81938283,0.00005183
348.03329055,0.00291297
348.24721376,0.00326543
348.46115246,0.00428135
348.67510665,-0.00069455
348.88907634,0.00148240
349.10306150,-0.00036283
349.31706215,-0.00050796
349.53107828,0.00191779
349.74510988,0.00110921
349.95915696,0.00351423
350.17321950,0.00334836
350.38729752,0.00492407
350.60139100,0.00057015
350.81549994,0.00073602
351.02962435,-0.00187633
351.24376421,0.00361789
351.45791952,-0.00013476
351.67209028,0.00013476
351.88627650,-0.00098481
352.10047816,0.00135801
352.31469526,0.00212512
352.52892780,0.00299591
352.74317578,0.00419841
352.95743919,0.00260198
353.17171804,0.00227025
353.38601232,0.00498626
353.60032202,-0.00164827
353.81464714,0.00699736
354.02898769,-0.00251905
354.24334365,-0.00179340
354.45771503,-0.00210439
354.67210182,0.00477894
354.88650403,0.00372156
355.10092164,0.00384595
355.31535465,0.00011403
355.52980306,0.00894625
355.74426687,0.00372156
355.95874608,0.00274711
356.17324069,0.00249832
356.38775068,-0.00220805
356.60227606,0.00301664
356.81681682,-0.00322397
357.03137297,-0.00019696
357.24594449,0.00262271
357.46053139,0.00504846
357.67513367,0.00403255
357.88975132,0.00131654
358.10438433,0.00009330
358.31903271,0.00264345
358.53369645,0.00112994
358.74837556,-0.00191779
358.96307002,0.00231172
359.17777983,-0.00083968
359.39250499,0.00266418
359.60724551,0.00208366
359.82200137,0.00386669
360.03677257,-0.00048722
360.25155911,-0.00189706
360.46636100,0.00150314
360.68117821,-0.00341056
360.89601076,-0.00139947
361.11085864,0.00324470
361.32572184,-0.00428135
361.54060037,0.00301664
361.75549422,0.00229099
361.97040338,0.00647903
362.18532786,0.00469600
362.40026766,-0.00057015
362.61522276,0.00119214
362.83019318,0.00583631
363.04517889,0.00061162
363.26017991,0.00164827
363.47519623,0.00123361
363.69022784,0.00413622
363.90527474,0.00243612
364.12033694,0.00540092
364.33541442,-0.00133727
364.55050719,0.00090188
364.76561524,-0.00137874
364.98073857,0.00160680
365.19587718,-0.00057015
365.41103106,0.00164827
365.62620021,0.00102628
365.84138463,0.00106774
366.05658432,-0.00017623
366.27179927,0.00351423
366.48702948,-0.00021770
366.70227494,0.00040429
366.91753566,0.00112994
367.13281163,-0.00083968
367.34810285,-0.00193853
367.56340932,0.00264345
367.77873103,0.00231172
367.99406798,0.00322397
368.20942017,-0.00129581
368.42478759,0.00048722
368.64017025,-0.00040429
368.85556813,0.00372156
369.07098125,0.00150314
369.28640958,0.00195926
369.50185314,0.00032136
369.71731191,0.00285077
369.93278590,-0.00423988
370.14827511,0.00185560
370.36377952,-0.00166900
370.57929914,-0.00044576
370.79483397,0.00508993
371.01038400,0.00152387
371.22594922,0.00081895
371.44152965,0.00108848
371.65712526,0.00318250
371.87273607,-0.00253978
372.08836206,0.00299591
372.30400324,0.00278858
372.51965960,-0.00077748
372.73533114,0.00405328
372.95101786,-0.00090188
373.16671976,0.00397035
373.38243682,0.00251905
373.59816905,0.00183486
373.81391645,-0.00202146
374.02967901,0.00268491
374.24545673,0.00106774
374.46124961,-0.00158607
374.67705764,0.00048722
374.89288082,-0.00100555
375.10871916,-0.00065309
375.32457264,0.00092261
375.54044126,-0.00073602
375.75632503,0.00691442
375.97222393,0.00019696
376.18813797,-0.00268491
376.40406713,-0.00057015
376.62001143,0.00065309
376.83597086,-0.00285077
377.05194541,0.00075675
377.26793508,0.00208366
377.48393987,0.00334836
377.69995978,0.00260198
377.91599480,-0.00003110
378.13204493,0.00098481
378.34811016,0.00372156
378.56419050,0.00513139
378.78028595,0.00258125
378.99639649,0.00079822
379.21252213,0.00065309
379.42866286,0.00154460
379.64481868,-0.00011403
379.86098960,0.00681076
380.07717559,0.00202146
380.29337667,0.00177266
380.50959283,-0.00038356
380.72582407,0.00183486
380.94207038,0.00235319
381.15833176,0.00017623
381.37460821,-0.00036283
381.59089972,0.00123361
381.80720630,0.00241538
382.02352794,0.00146167
382.23986464,0.00040429
382.45621639,0.00127507
382.67258319,0.00268491
382.88896505,0.00106774
383.10536195,0.00417768
383.32177389,0.00197999
383.53820087,0.00079822
383.75464289,0.00200073
383.97109995,0.00052869
384.18757204,-0.00038356
384.40405916,-0.00021770
384.62056131,-0.00171046
384.83707848,0.00094335
385.05361067,0.00258125
385.27015788,0.00231172
385.48672011,0.00631317
385.70329735,0.00399108
385.91988960,0.00168973
386.13649686,-0.00003110
386.35311912,0.00171046
386.56975639,0.00245685
386.78640865,0.00092261
387.00307592,-0.00040429
387.21975817,-0.00094335
387.43645542,0.00152387
387.65316765,0.00253978
387.86989487,0.00283004
388.08663707,0.00001037
388.30339426,-0.00164827
388.52016641,0.00202146
388.73695355,0.00492407
388.95375565,0.00490333
389.17057273,0.00019696
389.38740477,0.00459234
389.60425177,0.00239465
389.82111374,-0.00212512
390.03799066,0.00361789
390.25488253,0.00171046
390.47178936,0.00027989
390.68871114,0.00316177
390.90564787,0.00158607
391.12259954,-0.00119214
391.33956614,0.00023843
391.55654769,0.00034209
391.77354418,0.00239465
391.99055559,0.00191779
392.20758194,0.00245685
392.42462321,0.00160680
392.64167941,0.00316177
392.85875053,0.00353496
393.07583657,0.00154460
393.29293752,0.00450941
393.51005339,0.00442648
393.72718417,0.00305810
393.94432986,0.00459234
394.16149045,0.00158607
394.37866594,0.00075675
394.59585634,0.00473747
394.81306163,0.00239465
395.03028181,0.00297517
395.24751689,0.00593998
395.46476685,0.00183486
395.68203170,0.00162753
395.89931143,0.00699736
396.11660604,0.00251905
396.33391553,0.00477894
396.55123990,-0.00094335
396.76857913,0.00320323
396.98593324,0.00320323
397.20330221,-0.00309957
397.42068604,0.00218732
397.63808474,-0.00191779
397.85549829,0.00361789
398.07292670,0.00583631
398.29036996,0.00303737
398.50782807,0.00413622
398.72530103,0.00635464
398.94278883,0.00355569
399.16029147,0.00596071
399.37780895,0.00112994
399.59534127,0.00564972
399.81288841,0.00330690
400.03045039,0.00722542
400.24802720,0.00849013
400.46561883,0.00200073
400.68322529,0.00052869
400.90084656,0.00073602
401.11848265,0.00652050
401.33613355,0.00253978
401.55379926,0.00415695
401.77147978,0.00581558
401.98917511,0.00527653
402.20688524,0.00380449
402.42461017,0.00338983
402.64234989,0.00347276
402.86010441,-0.00057015
403.07787372,0.00641684
403.29565782,0.00444721
403.51345670,0.00229099
403.73127037,0.00538019
403.94909882,0.00125434
404.16694205,0.00569118
404.38480005,0.00316177
404.60267282,0.00291297
404.82056036,0.00032136
405.03846267,0.00884259
405.25637974,0.00728762
405.47431157,0.00712175
405.69225816,0.00287151
405.91021951,0.00363863
406.12819561,-0.00044576
406.34618645,0.00243612
406.56419205,0.00384595
406.78221239,0.00357643
407.00024747,0.00647903
407.21829729,0.00123361
407.43636184,0.00739128
407.65444113,0.00486187
407.87253515,0.00654123
408.09064390,0.00488260
408.30876737,0.00490333
408.52690556,0.00687296
408.74505847,0.00378376
408.96322610,0.00569118
409.18140844,0.00332763
409.39960550,0.00307884
409.61781726,0.00585705
409.83604372,0.00270564
410.05428489,0.00598144
410.27254076,0.00046649
410.49081133,0.00722542
410.70909659,0.00581558
410.92739654,0.00459234
411.14571118,0.00676929
411.36404051,0.00382522
411.58238452,0.00687296
411.80074321,0.00436428
412.01911658,0.00753641
412.23750462,0.00925724
412.45590734,0.00453014
412.67432472,0.00612657
412.89275677,0.00701809
413.11120349,0.00386669
413.32966486,0.00243612
413.54814090,0.00291297
413.76663159,0.00720469
413.98513693,0.00372156
414.20365692,0.00349350
414.42219156,0.00529726
414.64074084,0.00283004
414.85930477,0.00504846
415.07788333,0.00088115
415.29647653,0.00457161
415.51508437,0.00088115
415.73370683,0.00324470
415.95234392,0.00332763
416.17099564,0.00662416
416.38966198,0.00724615
416.60834294,0.00411548
416.82703851,0.00664490
417.04574870,-0.00083968
417.26447350,0.00502773
417.48321291,0.00384595
417.70196692,0.00361789
417.92073554,0.00477894
418.13951875,0.00745348
418.35831657,0.00191779
418.57712898,0.00131654
418.79595598,0.00813767
419.01479757,0.00942311
419.23365374,0.00562898
419.45252450,0.00083968
419.67140984,0.00666563
419.89030975,0.00788887
420.10922425,0.01211838
420.32815331,0.00479967
420.54709694,0.00689369
420.76605514,0.00602291
420.98502791,0.00465454
421.20401523,0.00154460
421.42301712,0.00382522
421.64203356,0.00809620
421.86106455,0.00324470
422.08011009,0.00625097
422.29917018,0.00832426
422.51824482,0.00455087
422.73733399,0.00303737
422.95643771,0.00755715
423.17555596,0.00413622
423.39468875,0.00450941
423.61383606,0.00504846
423.83299790,0.00484113
424.05217427,0.00490333
424.27136516,0.00718395
424.49057057,0.00490333
424.70979050,0.00498626
424.92902494,0.00627170
425.14827390,0.00548385
425.36753736,0.00521433
425.58681532,0.00871819
425.80610779,0.00774374
426.02541476,0.00946457
426.24473623,0.00419841
426.46407219,0.00739128
426.68342265,0.00314104
426.90278759,0.00875965
427.12216702,0.00705956
427.34156093,0.00515213
427.56096933,0.01027316
427.78039220,0.01114394
427.99982955,0.00809620
428.21928137,0.00635464
428.43874766,0.00256051
428.65822841,0.00606438
428.87772363,0.01075001
429.09723331,0.00674856
429.31675745,0.00117141
429.53629605,0.00326543
429.75584910,0.00616804
429.97541660,0.00894625
430.19499854,0.00390815
430.41459494,0.01039755
430.63420577,0.01033535
430.85383104,0.00689369
431.07347075,0.00919504
431.29312489,0.01166226
431.51279347,0.00710102
431.73247647,0.00546312
431.95217390,0.00589851
432.17188574,0.01027316
432.39161201,0.00649977
432.61135270,0.00479967
432.83110780,0.00741201
433.05087731,0.01191106
433.27066123,0.00380449
433.49045956,0.00840719
433.71027229,0.00851086
433.93009942,0.01004509
434.14994095,0.00772301
434.36979687,0.00695589
434.58966718,0.00724615
434.80955189,0.00886332
435.02945098,0.01016949
435.24936445,0.01460633
435.46929230,0.00878039
435.68923454,0.00944384
435.90919115,0.01135127
436.12916213,0.00985850
436.34914748,0.01045975
436.56914720,0.01025242
436.78916128,0.00929871
437.00918972,0.01016949
437.22923252,0.01021096
437.44928968,0.01120614
437.66936119,0.01124760
437.88944706,0.01471000
438.10954727,0.01385995
438.32966182,0.01267817
438.54979072,0.01025242
438.76993395,0.02049448
438.99009153,0.01645156
439.21026343,0.01611984
439.43044967,0.01489659
439.65065024,0.01993469
439.87086513,0.01379775
440.09109434,0.01398435
440.31133788,0.01184886
440.53159573,0.01709428
440.75186789,0.01224278
440.97215437,0.01410874
441.19245516,0.01597471
441.41277025,0.01431607
441.63309964,0.01454414
441.85344334,0.01649303
442.07380133,0.01471000
442.29417362,0.01446120
442.51456020,0.01404655
442.73496107,0.01667962
442.95537623,0.01522832
443.17580567,0.01458560
443.39624939,0.01537345
443.61670739,0.01419168
443.83717967,0.01634790
444.05766622,0.01468927
444.27816704,0.01817239
444.49868212,0.01271964
444.71921147,0.01477220
444.93975509,0.01661743
445.16031296,0.01500026
445.38088508,0.01711502
445.60147147,0.01616130
445.82207210,0.01315503
446.04268698,0.01647230
446.26331610,0.02001762
446.48395947,0.01128907
446.70461707,0.01524905
446.92528892,0.01356969
447.14597499,0.01728088
447.36667530,0.01189032
447.58738984,0.01929197
447.80811860,0.01543565
448.02886158,0.01135127
448.24961879,0.01701135
448.47039021,0.01719795
448.69117585,0.02321049
448.91197570,0.01738454
449.13278975,0.01085368
449.35361802,0.01495879
449.57446049,0.01599544
449.79531715,0.01031462
450.01618802,0.01104027
450.23707308,0.01072928
450.45797234,0.01804800
450.67888578,0.01448194
450.89981341,0.01041829
451.12075522,0.01659669
451.34171122,0.01829679
451.56268139,0.02101280
451.78366574,0.01792360
452.00466426,0.01699062
452.22567696,0.01108174
452.44670382,0.01520759
452.66774484,0.01037682
452.88880003,0.02055668
453.10986938,0.01435754
453.33095288,0.01578811
453.55205053,0.01524905
453.77316234,0.01079148
453.99428830,0.01477220
454.21542840,0.01587104
454.43658264,0.01327943
454.65775102,0.01321723
454.87893354,0.01471000
455.10013019,0.01504172
455.32134098,0.01966516
455.54256589,0.02207018
455.76380493,0.01247084
455.98505809,0.01487586
456.20632537,0.01875292
456.42760677,0.01618203
456.64890229,0.01512466
456.87021191,0.01856632
457.09153565,0.01634790
457.31287349,0.01881511
457.53422544,0.02111647
457.75559149,0.02271290
457.97697163,0.01709428
458.19836587,0.02032862
458.41977420,0.01846265
458.64119663,0.01970663
458.86263313,0.01707355
459.08408373,0.02153113
459.30554840,0.01837972
459.52702716,0.02627896
459.74851999,0.01522832
459.97002689,0.02611310
460.19154786,0.02066034
460.41308290,0.02306536
460.63463201,0.01958223
460.85619518,0.01854559
461.07777241,0.02045301
461.29936369,0.01844192
461.52096903,0.02354222
461.74258841,0.02312756
461.96422185,0.02113720
462.18586933,0.02202872
462.40753086,0.02524232
462.62920642,0.02260924
462.85089602,0.02082621
463.07259966,0.02012129
463.29431733,0.01869072
463.51604902,0.02163479
463.73779475,0.02082621
463.95955449,0.02399834
464.18132826,0.02712901
464.40311604,0.02169699
464.62491784,0.02393614
464.84673365,0.02426787
465.06856347,0.02876691
465.29040730,0.02289950
465.51226513,0.02596797
465.73413696,0.02252630
465.95602279,0.02650702
466.17792261,0.02627896
466.39983643,0.02901571
466.62176424,0.02663142
466.84370603,0.02974136
467.06566181,0.02648629
467.28763157,0.02860105
467.50961531,0.02731561
467.73161303,0.02967916
467.95362472,0.02669362
468.17565038,0.03183538
468.39769001,0.02549111
468.61974360,0.02696315
468.84181116,0.02793759
469.06389267,0.03341108
469.28598814,0.02953403
469.50809757,0.03100606
469.73022094,0.03210491
469.95235827,0.02986575
470.17450954,0.02864251
470.39667475,0.02862178
470.61885390,0.03144146
470.84104699,0.03065360
471.06325402,0.03419893
471.28547498,0.02824859
471.50770986,0.03322449
471.72995867,0.02737781
471.95222141,0.02511792
472.17449806,0.02565697
472.39678864,0.02449593
472.61909313,0.02714974
472.84141153,0.02233971
473.06374384,0.03148292
473.28609005,0.02748147
473.50845017,0.02544964
473.73082420,0.02804126
473.95321212,0.02802053
474.17561393,0.03067434
474.39802964,0.02692168
474.62045924,0.02737781
474.84290273,0.02528378
475.06536010,0.03096460
475.28783136,0.02996942
475.51031649,0.02986575
475.73281550,0.02462033
475.95532838,0.02488986
476.17785513,0.02515938
476.40039575,0.02528378
476.62295024,0.02814492
476.84551859,0.03104753
477.06810080,0.03108900
477.29069686,0.03129633
477.51330678,0.02812419
477.73593055,0.03305862
477.95856817,0.03007308
478.18121963,0.03301716
478.40388494,0.03334888
478.62656409,0.03453066
478.84925707,0.03152439
479.07196389,0.03193905
479.29468455,0.03150365
479.51741903,0.03312082
479.74016733,0.02741927
479.96292946,0.02696315
480.18570542,0.02737781
480.40849519,0.02455813
480.63129877,0.02974136
480.85411617,0.02930597
481.07694738,0.02634116
481.29979239,0.03011455
481.52265121,0.02719121
481.74552383,0.02874618
481.96841025,0.02613383
482.19131046,0.02768880
482.41422447,0.02621676
482.63715227,0.02978282
482.86009385,0.02667289
483.08304922,0.02443373
483.30601837,0.02551184
483.52900130,0.02996942
483.75199801,0.02555331
483.97500849,0.02760587
484.19803274,0.02969989
484.42107076,0.02603017
484.64412255,0.03057067
484.86718810,0.03127559
485.09026741,0.02281657
485.31336047,0.02826932
485.53646729,0.02903644
485.75958786,0.02441300
485.98272218,0.02762660
486.20587024,0.02385321
486.42903205,0.02586430
486.65220760,0.02580210
486.87539689,0.03110973
487.09859991,0.02783393
487.32181666,0.02833152
487.54504715,0.03094387
487.76829136,0.02683875
487.99154929,0.03415747
488.21482094,0.02955476
488.43810631,0.03021821
488.66140540,0.03471725
488.88471820,0.03274763
489.10804471,0.03212564
489.33138493,0.03457212
489.55473885,0.03614783
489.77810647,0.03548437
490.00148780,0.03900897
490.22488281,0.03797232
490.44829153,0.04184938
490.67171393,0.03963095
490.89515002,0.04282382
491.11859979,0.04174571
491.34206325,0.04085420
491.56554038,0.03674908
491.78903120,0.04357021
492.01253568,0.03635515
492.23605384,0.04261649
492.45958567,0.04311408
492.68313116,0.04464832
492.90669031,0.03940289
493.13026312,0.03517338
493.35384960,0.03616856
493.57744972,0.03266470
493.80106350,0.03482092
494.02469092,0.03471725
494.24833200,0.03424040
494.47198671,0.03882237
494.69565507,0.03191831
494.91933706,0.03770279
495.14303269,0.03345255
495.36674195,0.02928523
495.59046484,0.03517338
495.81420136,0.03828332
496.03795150,0.03131706
496.26171526,0.03009382
496.48549264,0.03181465
496.70928364,0.03125486
496.93308825,0.03239517
497.15690647,0.03538071
497.38073830,0.03310009
497.60458373,0.03703934
497.82844276,0.04551910
498.05231539,0.03643809
498.27620162,0.03820038
498.50010144,0.03967242
498.72401485,0.03546364
498.94794185,0.03979682
499.17188244,0.03558804
499.39583661,0.03683201
499.61980435,0.03179391
499.84378568,0.03801379
500.06778058,0.03759913
500.29178904,0.03764060
500.51581108,0.03368061
500.73984668,0.03689421
500.96389585,0.03434406
501.18795858,0.03525631
501.41203486,0.04083346
501.63612470,0.03233297
501.86022809,0.03629296
502.08434503,0.04128959
502.30847551,0.04004561
502.53261954,0.03463432
502.75677711,0.03210491
502.98094822,0.03567097
503.20513286,0.03621002
503.42933104,0.03484165
503.65354274,0.03365988
503.87776797,0.03262323
504.10200673,0.02739854
504.32625901,0.03376354
504.55052480,0.02895351
504.77480411,0.02578137
504.99909694,0.02640336
505.22340327,0.03187685
505.44772312,0.02909864
505.67205646,0.02480692
505.89640331,0.02802053
506.12076366,0.02478619
506.34513750,0.02640336
506.56952484,0.02335562
506.79392567,0.02350075
507.01833999,0.02615456
507.24276779,0.02916084
507.46720907,0.02795833
507.69166384,0.02644482
507.91613208,0.02721194
508.14061380,0.02862178
508.36510898,0.02652776
508.58961764,0.03193905
508.81413976,0.03069507
509.03867534,0.03293422
509.26322439,0.03183538
509.48778689,0.03005235
509.71236285,0.03683201
509.93695226,0.03368061
510.16155512,0.03102680
510.38617142,0.03303789
510.61080117,0.03490385
510.83544436,0.03465506
511.06010099,0.03285129
511.28477105,0.03882237
511.50945454,0.03871871
511.73415147,0.03610636
511.95886182,0.03206344
512.18358560,0.03169025
512.40832280,0.02613383
512.63307341,0.03067434
512.85783745,0.02914010
513.08261489,0.02704608
513.30740575,0.02603017
513.53221001,0.02951329
513.75702768,0.03069507
513.98185875,0.02940963
514.20670322,0.02652776
514.43156109,0.02638263
514.65643235,0.02725341
514.88131700,0.02789613
515.10621504,0.03164878
515.33112647,0.02679728
515.55605128,0.02727414
515.78098946,0.03169025
516.00594103,0.02683875
516.23090597,0.02735707
516.45588428,0.03079874
516.68087596,0.02424714
516.90588100,0.02723268
517.13089941,0.02435080
517.35593118,0.02536671
517.58097631,0.02379101
517.80603479,0.02681802
518.03110663,0.02250557
518.25619181,0.02480692
518.48129034,0.02298243
518.70640222,0.02692168
518.93152743,0.02698388
519.15666598,0.02544964
519.38181787,0.02250557
519.60698310,0.02768880
519.83216165,0.02661069
520.05735353,0.02109573
520.28255873,0.02244337
520.50777726,0.02231898
520.73300910,0.02366661
520.95825426,0.02542891
521.18351273,0.02673509
521.40878452,0.02600943
521.63406961,0.02420567
521.85936801,0.02619603
522.08467971,0.02368735
522.31000471,0.02329342
522.53534300,0.02538745
522.76069459,0.02926450
522.98605947,0.02932670
523.21143764,0.03187685
523.43682910,0.03272690
523.66223383,0.03131706
523.88765185,0.03291349
524.11308315,0.03467579
524.33852772,0.03598196
524.56398556,0.03353548
524.78945667,0.03670761
525.01494104,0.03697714
525.24043868,0.03639662
525.46594959,0.03900897
525.69147374,0.04593376
525.91701116,0.04292749
526.14256182,0.03915410
526.36812574,0.03589903
526.59370290,0.03936143
526.81929331,0.03732960
527.04489696,0.03697714
527.27051384,0.03817965
527.49614396,0.03575390
527.72178732,0.03492458
527.94744390,0.03504898
528.17311372,0.03448919
528.39879675,0.03809672
528.62449301,0.03834551
528.85020249,0.04786192
529.07592518,0.04228477
529.30166109,0.04396413
529.52741021,0.04628622
529.75317254,0.05020474
529.97894807,0.04369460
530.20473680,0.04976935
530.43053874,0.04983155
530.65635387,0.05872596
530.88218219,0.05064013
531.10802371,0.05561603
531.33387841,0.05567823
531.55974630,0.05692220
531.78562738,0.05619655
532.01152163,0.05957601
532.23742906,0.05565749
532.46334967,0.05339761
532.68928344,0.05430985
532.91523039,0.05292075
533.14119051,0.05466231
533.36716378,0.05180117
533.59315022,0.05254756
533.81914982,0.05406106
534.04516257,0.06175297
534.27118847,0.05484891
534.49722752,0.05254756
534.72327973,0.05540870
534.94934507,0.05345980
535.17542356,0.05984554
535.40151518,0.05847717
535.62761994,0.05066086
535.85373784,0.05441352
536.07986886,0.06349453
536.30601301,0.05698440
536.53217029,0.05694293
536.75834069,0.05138651
536.98452420,0.05375006
537.21072084,0.05462085
537.43693059,0.05775152
537.66315345,0.05128285
537.88938941,0.05352200
538.11563848,0.05644534
538.34190066,0.05735759
538.56817593,0.05694293
538.79446431,0.05820764
539.02076577,0.05669414
539.24708033,0.06287254
539.47340798,0.06046753
539.69974871,0.06185663
539.92610252,0.06397139
540.15246942,0.06169077
540.37884939,0.06498730
540.60524244,0.06959001
540.83164856,0.06032240
541.05806775,0.06519463
541.28450001,0.06614834
541.51094533,0.07201576
541.73740371,0.07025346
541.96387515,0.06880216
542.19035965,0.06455191
542.41685719,0.07730265
542.64336779,0.07639040
542.86989144,0.07680506
543.09642813,0.06160784
543.32297786,0.07023273
543.54954063,0.06009433
543.77611643,0.07031566
544.00270527,0.06370186
544.22930714,0.07651480
544.45592204,0.06959001
544.68254996,0.06782771
544.90919091,0.06668740
545.13584487,0.06853263
545.36251185,0.06401285
545.58919184,0.06399212
545.81588485,0.06496657
546.04259086,0.06351526
546.26930988,0.06241642
546.49604191,0.06608615
546.72278693,0.06125538
546.94954495,0.06169077
547.17631596,0.06542269
547.40309997,0.06436531
547.62989696,0.06409579
547.85670694,0.06805577
548.08352991,0.07821490
548.31036585,0.06726792
548.53721477,0.06896802
548.76407667,0.07856736
548.99095154,0.07330120
549.21783938,0.06909242
549.44474018,0.07122791
549.67165395,0.07164256
549.89858069,0.07145597
550.12552038,0.07041932
550.35247302,0.06880216
550.57943862,0.06898875
550.80641717,0.07182916
551.03340866,0.07359146
551.26041310,0.08006013
551.48743048,0.08016379
551.71446081,0.08366765
551.94150406,0.08984606
552.16856025,0.08951433
552.39562937,0.09194008
552.62271142,0.08692272
552.84980640,0.08793863
553.07691429,0.08837402
553.30403511,0.08982533
553.53116884,0.09106930
553.75831549,0.08837402
553.98547505,0.08783497
554.21264752,0.09001192
554.43983289,0.09082050
554.66703116,0.09627326
554.89424234,0.09770383
555.12146641,0.10267973
555.34870338,0.09996372
555.57595324,0.11232053
555.80321599,0.11198880
556.03049162,0.11418649
556.25778014,0.11118022
556.48508154,0.11874773
556.71239582,0.12214793
556.93972297,0.11617685
557.16706300,0.10856787
557.39441589,0.11059970
557.62178165,0.11549267
557.84916028,0.11136682
558.07655177,0.11580366
558.30395611,0.11557560
558.53137331,0.11594879
558.75880337,0.11142902
558.98624627,0.11547193
559.21370202,0.11024724
559.44117062,0.10408957
559.66865206,0.10711657
559.89614634,0.11310838
560.12365345,0.10481522
560.35117340,0.10945939
560.57870618,0.10639092
560.80625179,0.10019178
561.03381022,0.09971492
561.26138148,0.10506401
561.48896555,0.10122842
561.71656244,0.09878194
561.94417215,0.09822215
562.17179467,0.09484269
562.39942999,0.09575494
562.62707812,0.09784896
562.85473906,0.10120769
563.08241279,0.09934173
563.31009933,0.09386824
563.53779866,0.10375784
563.76551078,0.09310112
563.99323568,0.09459389
564.22097338,0.09612813
564.44872386,0.09401337
564.67648712,0.09581714
564.90426316,0.09704038
565.13205197,0.09851241
565.35985356,0.10164308
565.58766792,0.10493962
565.81549504,0.10539574
566.04333493,0.10925206
566.27118758,0.09502929
566.49905298,0.09496709
566.72693115,0.09351578
566.95482207,0.09484269
567.18272573,0.08941067
567.41064215,0.09672938
567.63857131,0.08926554
567.86651321,0.09030218
568.09446785,0.08961800
568.32243523,0.09208521
568.55041534,0.09158762
568.77840819,0.09480122
569.00641376,0.09712331
569.23443206,0.09863681
569.46246308,0.09701964
569.69050682,0.10015031
569.91856327,0.10039911
570.14663244,0.09745504
570.37471433,0.09938320
570.60280892,0.10243093
570.83091622,0.09901000
571.05903622,0.10332245
571.28716892,0.09977712
571.51531432,0.10299072
571.74347241,0.10595553
571.97164320,0.09782823
572.19982667,0.09977712
572.42802284,0.09442803
572.65623168,0.09471829
572.88445321,0.10112476
573.11268742,0.09417924
573.34093430,0.09320479
573.56919385,0.09631473
573.79746608,0.09664645
574.02575097,0.10170528
574.25404853,0.10506401
574.48235874,0.10454569
574.71068162,0.11227906
574.93901715,0.10734463
575.16736534,0.11256933
575.39572618,0.11594879
575.62409966,0.11843674
575.85248579,0.11538900
576.08088456,0.11872700
576.30929597,0.12187840
576.53772002,0.11941119
576.76615671,0.12517493
576.99460602,0.12639818
577.22306796,0.12040637
577.45154253,0.12374436
577.68002972,0.12061369
577.90852953,0.12051003
578.13704196,0.12191987
578.36556700,0.12075882
578.59410465,0.12160887
578.82265492,0.12189913
579.05121779,0.11943192
579.27979326,0.11692324
579.50838133,0.11936972
579.73698201,0.11970145
579.96559527,0.11285959
580.19422113,0.11200954
580.42285958,0.10829835
580.65151062,0.11064117
580.88017424,0.10724097
581.10885044,0.10952159
581.33753922,0.10999845
581.56624057,0.10545794
581.79495450,0.10382004
582.02368100,0.09880267
582.25242007,0.10537501
582.48117170,0.10303219
582.70993589,0.11003991
582.93871264,0.10968745
583.16750195,0.10995698
583.39630381,0.10583113
583.62511822,0.10794589
583.85394518,0.11091069
584.08278469,0.11055823
584.31163674,0.10821541
584.54050133,0.10568600
584.76937845,0.11472555
584.99826811,0.10993625
585.22717030,0.11302545
585.45608502,0.11194734
585.68501226,0.12057223
585.91395203,0.11820868
586.14290432,0.12606645
586.37186912,0.12712383
586.60084644,0.12965324
586.82983628,0.12772508
587.05883862,0.13784274
587.28785347,0.13989530
587.51688082,0.14636397
587.74592067,0.13825740
587.97497302,0.14022703
588.20403787,0.14055875
588.43311520,0.14099414
588.66220503,0.14644690
588.89130735,0.14265278
589.12042215,0.14901778
589.34954943,0.15179599
589.57868919,0.14495413
589.80784142,0.15353755
590.03700613,0.14499559
590.26618331,0.14453947
590.49537296,0.14617737
590.72457507,0.13964650
590.95378964,0.13682683
591.18301667,0.13979163
591.41225616,0.14312963
591.64150811,0.14242471
591.87077250,0.15048981
592.10004934,0.14901778
592.32933863,0.14630177
592.55864036,0.13753175
592.78795453,0.13477427
593.01728114,0.14250765
593.24662018,0.14350282
593.47597165,0.14447727
593.70533555,0.14650910
593.93471188,0.15397294
594.16410063,0.14447727
594.39350180,0.14767014
594.62291539,0.14764941
594.85234140,0.14771161
595.08177981,0.15065568
595.31123064,0.14246618
595.54069387,0.14099414
595.77016951,0.14335769
595.99965755,0.14325403
596.22915798,0.14582491
596.45867081,0.14980563
596.68819604,0.15028249
596.91773365,0.14835433
597.14728365,0.15297776
597.37684603,0.15318509
597.60642080,0.15303996
597.83600795,0.16085627
598.06560747,0.16218318
598.29521936,0.16290883
598.52484363,0.17103613
598.75448026,0.17128492
598.98412926,0.16438086
599.21379062,0.16452599
599.44346434,0.16344788
599.67315042,0.16382108
599.90284885,0.16821645
600.13255963,0.17333748
600.36228276,0.18148551
600.59201824,0.18160991
600.82176606,0.18731146
601.05152622,0.18546623
601.28129871,0.18685534
601.51108354,0.19904629
601.74088070,0.20037319
601.97069019,0.20748458
602.20051201,0.20501736
602.43034615,0.20634427
602.66019261,0.21013839
602.89005139,0.21206655
603.11992249,0.20810657
603.34980589,0.20582595
603.57970161,0.20717359
603.80960963,0.20136837
604.03952996,0.20232209
604.26946259,0.21100917
604.49940751,0.21196289
604.72936474,0.21326906
604.95933425,0.22118903
605.18931606,0.23317265
605.41931015,0.23495568
605.64931653,0.23435443
605.87933519,0.23273726
606.10936612,0.23528741
606.33940934,0.22981392
606.56946483,0.24003525
606.79953259,0.23787902
607.02961261,0.24447209
607.25970490,0.25166641
607.48980946,0.25844607
607.71992627,0.26074742
607.95005534,0.26868813
608.18019667,0.27069922
608.41035024,0.28237184
608.64051607,0.29099673
608.87069414,0.29450060
609.10088445,0.29221998
609.33108700,0.29352615
609.56130179,0.30714767
609.79152882,0.31394806
610.02176808,0.32740372
610.25201956,0.32756958
610.48228328,0.34459130
610.71255921,0.33627741
610.94284737,0.33880682
611.17314775,0.33186130
611.40346034,0.34334733
611.63378514,0.33457731
611.86412215,0.33107345
612.09447137,0.32323641
612.32483280,0.31913129
612.55520642,0.30113513
612.78559225,0.27671176
613.01599027,0.25875706
613.24640048,0.24834914
613.47682288,0.24069870
613.70725747,0.23570207
613.93770425,0.23304826
614.16816321,0.23566060
614.39863434,0.23329705
614.62911766,0.24260613
614.85961314,0.24065723
615.09012080,0.23995231
615.32064063,0.23926813
615.55117262,0.23850101
615.78171677,0.22840408
616.01227308,0.22912974
616.24284156,0.22085731
616.47342218,0.22740890
616.70401496,0.22674545
616.93461988,0.22183175
617.16523695,0.22139636
617.39586617,0.20791997
617.62650752,0.21148603
617.85716101,0.19921215
618.08782664,0.19572902
618.31850440,0.18577722
618.54919429,0.17798165
618.77989630,0.17360701
619.01061044,0.16558337
619.24133670,0.15921837
619.47207508,0.15780853
619.70282557,0.15621210
619.93358818,0.16697248
620.16436289,0.15731094
620.39514972,0.15872078
620.62594864,0.15044835
620.85675967,0.15104960
621.08758280,0.14636397
621.31841802,0.13763541
621.54926534,0.13713782
621.78012475,0.13091795
622.01099624,0.13077282
622.24187982,0.12490541
622.47277549,0.12708236
622.70368323,0.12480174
622.93460305,0.10941792
623.16553494,0.10676411
623.39647890,0.10176748
623.62743493,0.10299072
623.85840303,0.10305292
624.08938319,0.09803556
624.32037541,0.10182968
624.55137968,0.09869901
624.78239602,0.09135956
625.01342440,0.09218888
625.24446483,0.08742031
625.47551731,0.08723371
625.70658183,0.09138029
625.93765839,0.09115223
626.16874699,0.09753797
626.39984763,0.09021925
626.63096029,0.09884414
626.86208499,0.10002592
627.09322171,0.10794589
627.32437046,0.10802882
627.55553123,0.11132535
627.78670401,0.11661224
628.01788882,0.12183694
628.24908563,0.12641891
628.48029446,0.12391023
628.71151529,0.12813974
628.94274813,0.13398642
629.17399296,0.13767688
629.40524980,0.14113927
629.63651863,0.14296377
629.86779946,0.15496812
630.09909228,0.15965376
630.33039709,0.16890064
630.56171388,0.18127818
630.79304265,0.17435339
631.02438340,0.17178251
631.25573613,0.17964028
631.48710084,0.17684134
631.71847751,0.17885243
631.94986615,0.19112632
632.18126676,0.20279894
632.41267933,0.21136163
632.64410387,0.20883222
632.87554035,0.22220494
633.10698880,0.23097497
633.33844919,0.22156222
633.56992154,0.22197688
633.80140583,0.22516975
634.03290207,0.21492769
634.26441024,0.21380812
634.49593035,0.22604053
634.72746240,0.22993832
634.95900638,0.23335925
635.19056229,0.24281346
635.42213013,0.25303478
635.65370989,0.25894366
635.88530158,0.25616545
636.11690518,0.26018763
636.34852069,0.26713316
636.58014812,0.28477686
636.81178746,0.31133572
637.04343871,0.33090758
637.27510187,0.32151558
637.50677692,0.32771472
637.73846387,0.32570362
637.97016272,0.33859949
638.20187347,0.35101850
638.43359610,0.34886228
638.66533062,0.34481936
638.89707703,0.34367905
639.12883532,0.33202716
639.36060549,0.34305707
639.59238754,0.34017273
639.82418146,0.35070924
640.05598725,0.33380678
640.28780491,0.33439792
640.51963444,0.33137828
640.75147583,0.31614013
640.98332908,0.32156664
641.21519419,0.32909332
641.44707115,0.31782082
641.67895997,0.31120565
641.91086063,0.30025135
642.14277314,0.29217369
642.37469750,0.29567121
642.60663369,0.30077025
642.83858172,0.30763763
643.07054159,0.31245248
643.30251329,0.29723818
643.53449683,0.29815303
643.76649218,0.29430621
643.99849937,0.29514138
644.23051837,0.29431793
644.46254919,0.27810095
644.69459183,0.27325965
644.92664628,0.26682811
645.15871254,0.25953623
645.39079061,0.25388030
645.62288049,0.26210668
645.85498217,0.25507710
646.08709564,0.25447407
646.31922091,0.26233139
646.55135798,0.25708360
646.78350684,0.25467432
647.01566748,0.23956691
647.24783991,0.23086978
647.48002413,0.23325717
647.71222012,0.23318871
647.94442789,0.23160866
648.17664744,0.22479994
648.40887875,0.21850573
648.64112184,0.22338613
648.87337669,0.22637283
649.10564331,0.21578858
649.33792168,0.22857505
649.57021181,0.22191599
649.80251370,0.22307040
650.03482734,0.22405560
650.26715273,0.23304786
650.49948987,0.22668631
650.73183875,0.23014806
650.96419937,0.22866587
651.19657173,0.22660743
651.42895582,0.23433864
651.66135165,0.23055850
651.89375921,0.22288749
652.12617849,0.22672819
652.35860950,0.22230828
652.59105224,0.22196730
652.82350669,0.21974290
653.05597285,0.21727907
653.28845073,0.21674266
653.52094032,0.21612298
653.75344162,0.21468901
653.98595462,0.22082035
654.21847933,0.21325468
654.45101573,0.21072663
654.68356383,0.22221541
654.91612363,0.22167269
655.14869511,0.21055245
655.38127829,0.22144597
655.61387315,0.20987589
655.84647969,0.21461713
656.07909792,0.21838065
656.31172782,0.21860811
656.54436939,0.21605892
656.77702264,0.21192371
657.00968756,0.21506848
657.24236414,0.21915864
657.47505238,0.22422986
657.70775229,0.23458084
657.94046385,0.23103984
658.17318707,0.23315854
658.40592195,0.23902451
658.63866847,0.23777581
658.87142663,0.24028574
659.10419645,0.24117869
659.33697790,0.24352191
659.56977099,0.25205484
659.80257572,0.24535564
660.03539208,0.25264172
660.26822007,0.24334822
660.50105969,0.24140854
660.73391093,0.24682185
660.96677380,0.24920345
661.19964828,0.25484827
661.43253438,0.25832040
661.66543209,0.25221915
661.89834142,0.25582732
662.13126235,0.25433100
662.36419489,0.25389919
662.59713903,0.26981628
662.83009477,0.25627955
663.06306210,0.25125559
663.29604103,0.24766321
663.52903155,0.24648809
663.76203367,0.23445470
663.99504736,0.22812046
664.22807264,0.22985653
664.46110950,0.22093556
664.69415794,0.21883132
664.92721795,0.21474855
665.16028953,0.21899315
665.39337269,0.21314104
665.62646740,0.21625064
665.85957369,0.20973013
666.09269153,0.20312880
666.32582093,0.20012207
666.55896189,0.19613129
666.79211440,0.19332400
667.02527846,0.20066345
667.25845406,0.19657907
667.49164121,0.19747059
667.72483991,0.19239102
667.95805014,0.19143731
668.19127190,0.19189343
668.42450520,0.18982014
668.65775003,0.18272949
668.89100639,0.17995128
669.12427427,0.18799565
669.35755368,0.18328928
669.59084460,0.18610895
669.82414704,0.19288861
670.05746099,0.19757425
670.29078646,0.19313741
670.52412343,0.18930182
670.75747191,0.19836210
670.99083189,0.20165863
671.22420337,0.20669673
671.45758635,0.20601254
671.69098082,0.21291660
671.92438678,0.20966154
672.15780424,0.21119577
672.39123317,0.21592287
672.62467360,0.21940600
672.85812550,0.22042191
673.09158888,0.23586793
673.32506373,0.23128596
673.55855006,0.23576427
673.79204785,0.23744363
674.02555712,0.24762349
674.25907784,0.24930286
674.49261003,0.25935832
674.72615367,0.25801068
674.95970878,0.25492147
675.19327533,0.25973151
675.42685333,0.26686363
675.66044278,0.26593065
675.89404368,0.27275178
676.12765601,0.26949671
676.36127979,0.26180480
676.59491500,0.26495620
676.82856165,0.25931685
677.06221972,0.25367750
677.29588922,0.25674597
677.52957015,0.25877780
677.76326250,0.24677344
677.99696627,0.24175608
678.23068146,0.24215000
678.46440806,0.23883274
678.69814607,0.23178355
678.93189549,0.22881874
679.16565631,0.23690458
679.39942854,0.22421604
679.63321217,0.22438190
679.86700720,0.22747110
680.10081361,0.22266107
680.33463143,0.22442337
680.56846063,0.21944747
680.80230121,0.21484476
681.03615318,0.22429897
681.27001653,0.21086404
681.50389126,0.21892915
681.73777736,0.21082258
681.97167484,0.20261235
682.20558368,0.20236355
682.43950390,0.19902555
682.67343547,0.19178977
682.90737841,0.19394599
683.14133270,0.19141658
683.37529836,0.19025553
683.60927536,0.18689680
683.84326371,0.18797491
684.07726341,0.18237703
684.31127446,0.18208677
684.54529685,0.17655108
684.77933057,0.17590836
685.01337564,0.17862437
685.24743203,0.18760172
685.48149976,0.20468564
685.71557881,0.21743638
685.94966919,0.22392578
686.18377090,0.22890167
686.41788392,0.24420256
686.65200826,0.25743016
686.88614391,0.26097548
687.12029088,0.26168040
687.35444915,0.26004250
687.58861873,0.25123102
687.82279961,0.25009071
688.05699179,0.24486601
688.29119527,0.24034624
688.52541004,0.24577826
688.75963611,0.23906080
688.99387346,0.24766496
689.22812210,0.24507334
689.46238203,0.25626911
689.69665323,0.25776188
689.93093571,0.27331156
690.16522947,0.27229565
690.39953450,0.27868139
690.63385080,0.28479759
690.86817837,0.29630436
691.10251720,0.30262790
691.33686730,0.31154305
691.57122865,0.30901363
691.80560125,0.31398953
692.03998511,0.31562743
692.27438023,0.31996061
692.50878658,0.31564816
692.74320419,0.31977401
692.97763303,0.32066553
693.21207312,0.32941481
693.44652444,0.32010574
693.68098699,0.33030633
693.91546077,0.33731405
694.14994579,0.34021666
694.38444203,0.34003006
694.61894949,0.34260094
694.85346817,0.35616027
695.08799806,0.36488882
695.32253918,0.36117763
695.55709150,0.37212460
695.79165503,0.36660965
696.02622977,0.37643705
696.26081571,0.37705904
696.49541285,0.38321671
696.73002119,0.38663764
696.96464072,0.39206966
697.19927145,0.39211113
697.43391336,0.38837920
697.66856647,0.39648577
697.90323075,0.40030063
698.13790622,0.38694863
698.37259286,0.39853833
698.60729068,0.40025916
698.84199967,0.40506920
699.07671984,0.41846265
699.31145117,0.42283730
699.54619366,0.43030115
699.78094731,0.42737781
700.01571213,0.43842845
700.25048810,0.45016327
700.48527522,0.45254756
700.72007349,0.45117918
700.95488292,0.44541544
701.18970348,0.45207070
701.42453519,0.45474524
701.65937804,0.45530503
701.89423202,0.46115171
702.12909714,0.45219510
702.36397339,0.45779298
702.59886077,0.45970041
702.83375927,0.45161458
703.06866889,0.44278236
703.30358964,0.43996268
703.53852150,0.43681128
703.77346448,0.43222931
704.00841857,0.41680402
704.24338376,0.41864925
704.47836007,0.41419168
704.71334748,0.40007257
704.94834598,0.39109522
705.18335559,0.38508267
705.41837629,0.38618152
705.65340808,0.39623698
705.88845096,0.40662416
706.12350493,0.43341108
706.35856998,0.42831079
706.59364612,0.43664542
706.82873333,0.44124812
707.06383161,0.46648007
707.29894097,0.47560255
707.53406141,0.48107604
707.76919290,0.49328772
708.00433546,0.51329498
708.23948909,0.52579692
708.47465377,0.55463640
708.70982951,0.54885192
708.94501630,0.56023428
709.18021414,0.56348935
709.41542303,0.56707614
709.65064297,0.54180273
709.88587395,0.52743482
710.12111597,0.50892033
710.35636902,0.47305240
710.59163311,0.46492510
710.82690823,0.45497331
711.06219437,0.44487638
711.29749155,0.42486912
711.53279974,0.42294096
711.76811896,0.42354222
712.00344920,0.40960970
712.23879044,0.42236044
712.47414270,0.41970663
712.70950597,0.42870471
712.94488025,0.43517338
713.18026553,0.44077126
713.41566181,0.43260250
713.65106908,0.43554657
713.88648736,0.43581610
714.12191662,0.42049448
714.35735688,0.41110247
714.59280812,0.40160680
714.82827034,0.39385269
715.06374355,0.39457834
715.29922774,0.38369357
715.53472290,0.38300938
715.77022903,0.38381797
716.00574614,0.38236666
716.24127421,0.37604312
716.47681324,0.36352045
716.71236324,0.35201368
716.94792420,0.34446691
717.18349611,0.33372726
717.41907898,0.33123931
717.65467280,0.31778365
717.89027757,0.33055512
718.12589328,0.32636708
718.36151993,0.32829524
718.59715752,0.32775618
718.83280605,0.32354740
719.06846552,0.31208210
719.30413591,0.31680921
719.53981724,0.29665682
719.77550949,0.30665008
720.01121266,0.30395480
720.24692676,0.30971855
720.48265177,0.31817758
720.71838769,0.31457005
720.95413453,0.31222723
721.18989228,0.31233090
721.42566093,0.30980148
721.66144049,0.31444565
721.89723095,0.30799772
722.13303231,0.31672627
722.36884456,0.31929715
722.60466770,0.32128751
722.84050173,0.31620795
723.07634666,0.31662261
723.31220246,0.32029233
723.54806915,0.32066553
723.78394671,0.31527497
724.01983515,0.31220650
724.25573447,0.30061680
724.49164465,0.29611776
724.72756571,0.28948323
724.96349762,0.28519152
725.19944040,0.28923444
725.43539404,0.28189499
725.67135854,0.27880578
725.90733388,0.27090655
726.14332008,0.28562691
726.37931713,0.27561292
726.61532503,0.27219199
726.85134376,0.26779661
727.08737334,0.27142487
727.32341375,0.27208832
727.55946500,0.26684290
727.79552708,0.26139014
728.03159998,0.25510807
728.26768372,0.25367750
728.50377827,0.26027056
728.73988365,0.25523247
728.97599985,0.25670450
729.21212686,0.25371897
729.44826468,0.25237133
729.68441331,0.24961385
729.92057275,0.23806562
730.15674299,0.23955839
730.39292403,0.24289639
730.62911587,0.23120303
730.86531851,0.22398797
731.10153194,0.22187322
731.33775616,0.22017312
731.57399117,0.21026279
731.81023696,0.19539729
732.04649353,0.20157570
732.28276088,0.18501011
732.51903901,0.18366247
732.75532791,0.18148551
732.99162758,0.17624009
733.22793802,0.17124346
733.46425923,0.16906650
733.70059119,0.16477479
733.93693392,0.15789146
734.17328740,0.15747681
734.40965164,0.15382781
734.64602662,0.14852019
734.88241236,0.14572125
735.11880884,0.14737988
735.35521607,0.14116001
735.59163403,0.14242471
735.82806273,0.14814700
736.06450217,0.15158866
736.30095234,0.15729021
736.53741323,0.16632976
736.77388486,0.17679988
737.01036720,0.18793345
737.24686027,0.19946094
737.48336406,0.21192142
737.71987856,0.22707718
737.95640377,0.23586793
738.19293969,0.25195667
738.42948632,0.25954491
738.66604365,0.25846680
738.90261169,0.25929612
739.13919042,0.26914425
739.37577985,0.26489400
739.61237997,0.26557819
739.84899078,0.26045716
740.08561228,0.26841860
740.32224446,0.25562639
740.55888732,0.24221220
740.79554087,0.23570207
741.03220509,0.22655886
741.26887998,0.21791323
741.50556555,0.20775411
741.74226178,0.19946094
741.97896868,0.20014513
742.21568624,0.18420152
742.45241446,0.17126419
742.68915333,0.16717981
742.92590286,0.17178251
743.16266304,0.16767740
743.39943387,0.15780853
743.63621535,0.15863785
743.87300747,0.15498886
744.10981023,0.15231431
744.34662363,0.15521692
744.58344766,0.16110506
744.82028232,0.16624683
745.05712761,0.16255637
745.29398353,0.16336495
745.53085007,0.15733167
745.76772724,0.15639869
746.00461502,0.15780853
746.24151341,0.15173379
746.47842242,0.15556938
746.71534204,0.15270824
746.95227227,0.15254237
747.18921310,0.15981962
747.42616453,0.16118800
747.66312656,0.16817499
747.90009918,0.15878298
748.13708240,0.17186544
748.37407621,0.17431193
748.61108061,0.17126419
748.84809559,0.16937749
749.08512115,0.16699321
749.32215730,0.15675115
749.55920401,0.16396621
749.79626131,0.16228684
750.03332917,0.16429793
750.27040760,0.15675115
750.50749660,0.16222464
750.74459616,0.16436013
750.98170628,0.16075260
751.21882695,0.15955010
751.45595818,0.15913544
751.69309997,0.17010315
751.93025230,0.16941896
752.16741517,0.17257036
752.40458859,0.17572176
752.64177256,0.16525165
752.87896705,0.16883844
753.11617209,0.16834085
753.35338765,0.16966776
753.59061374,0.16614316
753.82785037,0.17165811
754.06509751,0.17640595
754.30235518,0.17939149
754.53962336,0.19274348
754.77690206,0.20263308
755.01419127,0.20742238
755.25149099,0.22147929
755.48880122,0.22342819
755.72612195,0.22546001
755.96345319,0.23746437
756.20079492,0.23835588
756.43814715,0.23752656
756.67550987,0.23277873
756.91288309,0.23375317
757.15026679,0.22927487
757.38766097,0.23097497
757.62506564,0.22458923
757.86248079,0.21681439
758.09990641,0.20041466
758.33734251,0.19836210
758.57478908,0.18905302
758.81224612,0.18855543
759.04971362,0.18527964
759.28719159,0.17984761
759.52468001,0.16603950
759.76217889,0.16863111
759.99968823,0.15890738
760.23720802,0.15442907
760.47473826,0.14970196
760.71227894,0.15266677
760.94983007,0.14785674
761.18739164,0.14097341
761.42496364,0.13771834
761.66254608,0.14296377
761.90013895,0.15032395
762.13774226,0.15044835
762.37535598,0.14947390
762.61298014,0.14717255
762.85061471,0.15013736
763.08825970,0.15248017
763.32591511,0.15809879
763.56358093,0.15917690
763.80125716,0.16344788
764.03894380,0.17852071
764.27664084,0.18453325
764.51434829,0.18092572
764.75206613,0.19079459
764.98979437,0.19091899
765.22753300,0.19303374
765.46528203,0.21177629
765.70304144,0.21163116
765.94081124,0.21337273
766.17859142,0.21946820
766.41638197,0.21658633
766.65418291,0.20545275
766.89199422,0.20476857
767.12981590,0.19535583
767.36764795,0.19765718
767.60549036,0.19257762
767.84334314,0.19174830
768.08120628,0.18785052
768.31907977,0.18134038
768.55696362,0.18845177
768.79485782,0.17883170
769.03276238,0.17026901
769.27067727,0.17159592
769.50860251,0.16301249
769.74653809,0.17348261
769.98448401,0.17955735
770.22244027,0.18438812
770.46040685,0.18546623
770.69838377,0.18880423
770.93637101,0.20219769
771.17436858,0.19973047
771.41237647,0.20590888
771.65039468,0.21768517
771.88842320,0.21084331
772.12646204,0.20624061
772.36451118,0.20959934
772.60257064,0.20543202
772.84064039,0.19284715
773.07872045,0.19606075
773.31681081,0.19448505
773.55491147,0.19282641
773.79302242,0.18926035
774.03114366,0.18328928
774.26927519,0.17995128
774.50741700,0.18115379
774.74556910,0.17704867
774.98373147,0.17891463
775.22190413,0.18461618
775.46008705,0.17383507
775.69828025,0.17084953
775.93648372,0.16755300
776.17469745,0.16794692
776.41292145,0.16711761
776.65115570,0.16732494
776.88940022,0.17275696
777.12765499,0.16315762
777.36592001,0.16782253
777.60419528,0.15855492
777.84248079,0.16120873
778.08077655,0.16297103
778.31908256,0.16444306
778.55739879,0.15654382
778.79572527,0.15198258
779.03406198,0.14617737
779.27240891,0.14431141
779.51076608,0.13896232
779.74913346,0.14006116
779.98751107,0.13630851
780.22589890,0.15525838
780.46429695,0.14105634
780.70270520,0.14157466
780.94112367,0.13479500
781.17955235,0.14445654
781.41799123,0.13500233
781.65644031,0.13639144
781.89489959,0.13477427
782.13336907,0.13292904
782.37184874,0.13218266
782.61033861,0.13458767
782.84883866,0.14458094
783.08734890,0.13670243
783.32586931,0.13467061
783.56439991,0.13435961
783.80294069,0.12853367
784.04149164,0.13037889
784.28005276,0.12795314
784.51862406,0.13363396
784.75720551,0.13102161
784.99579713,0.12905199
785.23439891,0.12691650
785.47301085,0.12558959
785.71163295,0.12855440
785.95026519,0.13454621
786.18890759,0.12996424
786.42756013,0.13460841
786.66622282,0.13137407
786.90489564,0.13616338
787.14357861,0.12909345
787.38227171,0.12710309
787.62097494,0.11874773
787.85968831,0.12183694
788.09841180,0.11702690
788.33714541,0.11642565
788.57588915,0.10943866
788.81464301,0.10993625
789.05340698,0.11132535
789.29218106,0.11433162
789.53096526,0.11868553
789.76975956,0.11256933
790.00856397,0.11493288
790.24737848,0.12200280
790.48620309,0.11294252
790.72503780,0.12731042
790.96388260,0.12975691
791.20273749,0.13645364
791.44160247,0.13887939
791.68047754,0.13504380
791.91936269,0.13193386
792.15825792,0.12534080
792.39716323,0.12685430
792.63607861,0.12556886
792.87500406,0.11785622
793.11393958,0.12571399
793.35288517,0.11941119
793.59184082,0.11625978
793.83080653,0.10813248
794.06978230,0.10993625
794.30876813,0.11698544
794.54776401,0.11134608
794.78676993,0.10634945
795.02578591,0.11476701
795.26481193,0.11256933
795.50384798,0.11232053
795.74289408,0.11300472
795.98195022,0.11493288
796.22101638,0.12075882
796.46009258,0.11769035
796.69917880,0.11992951
796.93827505,0.12169181
797.17738132,0.12200280
797.41649761,0.12162961
797.65562392,0.13234852
797.89476024,0.13010937
798.13390657,0.12505054
798.37306290,0.12915565
798.61222925,0.12498834
798.85140559,0.12969471
799.09059194,0.12057223
799.32978828,0.12888612
799.56899462,0.11974291
799.80821094,0.12706163
800.04743726,0.11872700
800.28667356,0.12051003
800.52591985,0.12063443
800.76517611,0.12046856
801.00444236,0.12146374
801.24371857,0.12355777
801.48300476,0.13245218
801.72230092,0.13164360
801.96160705,0.13873426
802.20092314,0.14619810
802.44024919,0.14563831
802.67958519,0.15069714
802.91893116,0.15749754
803.15828707,0.16386254
803.39765294,0.17024828
803.63702875,0.17549370
803.87641450,0.17524491
804.11581020,0.17180324
804.35521584,0.17480952
804.59463141,0.17313015
804.83405692,0.17373141
805.07349235,0.17951589
805.31293772,0.17864510
805.55239300,0.17331675
805.79185821,0.16570777
806.03133334,0.16941896
806.27081839,0.16819572
806.51031335,0.16139532
806.74981822,0.16112580
806.98933300,0.15592184
807.22885768,0.15194112
807.46839227,0.14460167
807.70793675,0.13999896
807.94749114,0.14634323
808.18705542,0.13813300
808.42662959,0.13674390
808.66621364,0.13263878
808.90580759,0.13630851
809.14541141,0.13141554
809.38502512,0.12563106
809.62464871,0.12751775
809.86428217,0.12923858
810.10392550,0.13425595
810.34357870,0.11822941
810.58324177,0.12480174
810.82291470,0.11393770
811.06259749,0.10800809
811.30229015,0.11263152
811.54199265,0.10496035
811.78170501,0.09422070
812.02142722,0.08327373
812.26115928,0.07122791
812.50090118,0.07332193
812.74065292,0.06683253
812.98041450,0.06196030
813.22018592,0.06529829
813.45996717,0.05387446
813.69975825,0.05207070
813.93955916,0.05234023
814.17936989,0.04842171
814.41919045,0.04327995
814.65902083,0.05001814
814.89886102,0.04298969
815.13871102,0.04439952
815.37857084,0.04259576
815.61844047,0.04456539
815.85831990,0.04566423
816.09820913,0.04112372
816.33810817,0.03755766
816.57801700,0.03801379
816.81793562,0.03591976
817.05786404,0.03666615
817.29780225,0.02899497
817.53775024,0.03007308
817.77770801,0.03291349
818.01767557,0.02714974
818.25765290,0.02808272
818.49764001,0.02860105
818.73763689,0.02957549
818.97764354,0.03038408
819.21765996,0.03046701
819.45768614,0.02650702
819.69772209,0.02526305
819.93776779,0.02754367
820.17782324,0.02372881
820.41788845,0.02667289
820.65796341,0.02260924
820.89804812,0.02209091
821.13814257,0.02306536
821.37824677,0.02528378
821.61836070,0.02395688
821.85848437,0.02617530
822.09861777,0.03401234
822.33876090,0.03339035
822.57891376,0.03911263
822.81907635,0.04189084
823.05924866,0.05260975
823.29943069,0.06013580
823.53962243,0.07377805
823.77982389,0.09007412
824.02003506,0.10328098
824.26025594,0.11346084
824.50048652,0.13427668
824.74072681,0.14331623
824.98097680,0.16162339
825.22123648,0.16377961
825.46150586,0.19440211
825.70178493,0.18917742
825.94207369,0.18901156
826.18237214,0.19639247
826.42268027,0.19861090
826.66299808,0.19755352
826.90332557,0.21967553
827.14366273,0.22548074
827.38400957,0.23364951
827.62436608,0.23574353
827.86473225,0.23889494
828.10510809,0.24579899
828.34549359,0.24399523
828.58588874,0.24971751
828.82629356,0.24536360
829.06670802,0.23578500
829.30713214,0.24237806
829.54756590,0.23468616
829.78800931,0.23344218
830.02846236,0.23711191
830.26892505,0.23777536
830.50939738,0.23327632
830.74987934,0.22896387
830.99037093,0.22732597
831.23087215,0.22465143
831.47138299,0.21932307
831.71190346,0.21880475
831.95243355,0.20771264
832.19297325,0.19545949
832.43352257,0.19411185
832.67408150,0.18758099
832.91465003,0.18179651
833.15522818,0.17315088
833.39581592,0.17004095
833.63641327,0.16757373
833.87702022,0.15996475
834.11763676,0.14694449
834.35826289,0.14099414
834.59889861,0.14269424
834.83954392,0.13185093
835.08019881,0.13062769
835.32086328,0.12415902
835.56153733,0.12438708
835.80222095,0.12283212
836.04291415,0.11451822
836.28361692,0.10483595
836.52432926,0.10265900
836.76505116,0.10162235
837.00578262,0.10216141
837.24652364,0.08905821
837.48727421,0.08545068
837.72803434,0.07966620
837.96880402,0.07873322
838.20958325,0.07315607
838.45037202,0.07597574
838.69117033,0.07147670
838.93197819,0.07282434
839.17279558,0.07328046
839.41362250,0.08082724
839.65445896,0.07997719
839.89530494,0.08974239
840.13616045,0.08808376
840.37702548,0.08659099
840.61790003,0.08955580
840.85878410,0.09214741
841.09967768,0.09374384
841.34058078,0.09332919
841.58149338,0.08739957
841.82241549,0.08675685
842.06334710,0.09046805
842.30428821,0.08659099
842.54523883,0.07983206
842.78619893,0.08455917
843.02716853,0.07933447
843.26814762,0.08128337
843.50913619,0.07485617
843.75013425,0.07346706
843.99114179,0.07108278
844.23215881,0.07537449
844.47318530,0.07014980
844.71422127,0.08310786
844.95526670,0.07686726
845.19632161,0.07688799
845.43738597,0.06913388
845.67845980,0.07771731
845.91954309,0.07095838
846.16063584,0.06780698
846.40173803,0.06589955
846.64284968,0.07048152
846.88397078,0.06469704
847.12510132,0.06701913
847.36624130,0.06525683
847.60739073,0.06293474
847.84854959,0.06388846
848.08971788,0.06635567
848.33089561,0.06390919
848.57208276,0.07068885
848.81327934,0.07618307
849.05448534,0.07597574
849.29570076,0.07792464
849.53692560,0.09214741
849.77815986,0.09210595
850.01940353,0.10599699
850.26065660,0.10556160
850.50191908,0.11416576
850.74319097,0.11356451
850.98447225,0.12001244
851.22576294,0.12453221
851.46706301,0.13166433
851.70837248,0.13755248
851.94969135,0.14590784
852.19101959,0.14767014
852.43235722,0.16166485
852.67370424,0.16811279
852.91506063,0.17337895
853.15642640,0.17559737
853.39780154,0.17897683
853.63918605,0.18129892
853.88057992,0.18432592
854.12198317,0.17885243
854.36339577,0.18200384
854.60481773,0.18216970
854.84624905,0.17727673
855.08768973,0.17694501
855.32913975,0.17570103
855.57059912,0.16452599
855.81206784,0.17364847
856.05354590,0.16834085
856.29503330,0.17640595
856.53653004,0.17839631
856.77803611,0.17951589
857.01955151,0.17045561
857.26107624,0.19817550
857.50261030,0.16981289
857.74415367,0.16560411
857.98570637,0.15731094
858.22726839,0.15878298
858.46883972,0.15500959
858.71042037,0.15111180
858.95201032,0.14607371
859.19360958,0.13444254
859.43521814,0.13203753
859.67683601,0.12816047
859.91846317,0.14097341
860.16009963,0.12071736
860.40174538,0.11690250
860.64340042,0.11033017
860.88506474,0.10655678
861.12673835,0.10583113
861.36842125,0.10280413
861.61011342,0.10160162
861.85181487,0.10276266
862.09352559,0.10479449
862.33524558,0.10562380
862.57697484,0.10066864
862.81871336,0.10552014
863.06046114,0.10545794
863.30221819,0.10326025
863.54398449,0.10977038
863.78576004,0.10612139
864.02754485,0.09867828
864.26933890,0.09654279
864.51114220,0.10207847
864.75295474,0.10168455
864.99477653,0.10960452
865.23660755,0.09807702
865.47844780,0.09409630
865.72029728,0.08961800
865.96215600,0.09096564
866.20402394,0.09198155
866.44590110,0.08990826
866.68778748,0.07819416
866.92968308,0.07746851
867.17158790,0.07966620
867.41350193,0.08184316
867.65542516,0.08302493
867.89735761,0.08028819
868.13929926,0.08464210
868.38125011,0.08117970
868.62321015,0.08501529
868.86517940,0.08681905
869.10715783,0.08277614
869.34914546,0.08742031
869.59114227,0.09173275
869.83314827,0.08696418
870.07516344,0.08990826
870.31718780,0.08706785
870.55922133,0.09316332
870.80126404,0.09424143
871.04331592,0.08864355
871.28537696,0.08733738
871.52744717,0.08277614
871.76952655,0.07796610
872.01161508,0.08281760
872.25371277,0.07842223
872.49581961,0.07543669
872.73793560,0.07622454
872.98006075,0.07402685
873.22219503,0.06967294
873.46433846,0.06838750
873.70649103,0.07284507
873.94865274,0.06585808
874.19082358,0.07073032
874.43300356,0.06531903
874.67519266,0.06473851
874.91739089,0.05899549
875.15959824,0.06175297
875.40181471,0.05474524
875.64404031,0.05961748
875.88627501,0.05762712
876.12851883,0.05424765
876.37077176,0.05341834
876.61303379,0.04947909
876.85530493,0.05122065
877.09758517,0.04694967
877.33987451,0.04583009
877.58217294,0.04848391
877.82448047,0.05016327
878.06679709,0.05520137
878.30912279,0.05368787
878.55145758,0.06069559
878.79380145,0.06395066
879.03615440,0.06401285
879.27851643,0.06990100
879.52088753,0.07280361
879.76326770,0.06900949
880.00565694,0.07583061
880.24805524,0.07392318
880.49046260,0.07663920
880.73287903,0.07253408
880.97530451,0.07925154
881.21773905,0.07433784
881.46018264,0.07440004
881.70263527,0.08153216
881.94509695,0.08192609
882.18756768,0.08244441
882.43004744,0.08248588
882.67253625,0.08609340
882.91503409,0.07995646
883.15754095,0.08035039
883.40005685,0.08008086
883.64258178,0.08609340
883.88511573,0.07850516
884.12765869,0.07927227
884.37021068,0.07425491
884.61277168,0.07881615
884.85534170,0.07665993
885.09792072,0.07149743
885.34050876,0.06722646
885.58310579,0.06871922
885.82571183,0.06932048
886.06832686,0.06326647
886.31095090,0.07002540
886.55358392,0.06650080
886.79622594,0.05858083
887.03887694,0.05464158
887.28153693,0.05406106
887.52420589,0.05731613
887.76688384,0.05422692
888.00957077,0.05321101
888.25226667,0.04765459
888.49497154,0.04823511
888.73768537,0.04641062
888.98040818,0.04415073
889.22313994,0.03873944
889.46588067,0.04475198
889.70863035,0.03685274
889.95138899,0.03633442
890.19415657,0.03567097
890.43693311,0.03274763
890.67971859,0.03214637
890.92251302,0.02974136
891.16531639,0.02953403
891.40812869,0.02501425
891.65094993,0.02314829
891.89378010,0.02642409
892.13661920,0.02391541
892.37946723,0.02605090
892.62232418,0.02327269
892.86519005,0.02851812
893.10806484,0.02876691
893.35094854,0.03283056
893.59384116,0.02822785
893.83674269,0.03374281
894.07965312,0.03463432
894.32257246,0.03419893
894.56550070,0.03521484
894.80843784,0.04228477
895.05138388,0.04017001
895.29433881,0.04516664
895.53730263,0.04603742
895.78027533,0.05064013
896.02325692,0.04854610
896.26624740,0.04983155
896.50924675,0.05638314
896.75225498,0.06094438
896.99527208,0.06044679
897.23829806,0.05909916
897.48133290,0.06436531
897.72437661,0.06009433
897.96742918,0.06135904
898.21049061,0.05951381
898.45356090,0.06341160
898.69664005,0.06185663
898.93972804,0.05435132
899.18282488,0.06092365
899.42593057,0.05959674
899.66904511,0.05789665
899.91216848,0.06106878
900.15530069,0.05791738
900.39844174,0.06334940
900.64159162,0.06057119
900.88475033,0.05911989
901.12791786,0.06780698
901.37109422,0.06840823
901.61427940,0.06944488
901.85747340,0.06811797
902.10067621,0.06861556
902.34388784,0.07336340
902.58710827,0.07344633
902.83033752,0.06840823
903.07357557,0.07323900
903.31682242,0.07466957
903.56007807,0.07363292
903.80334251,0.07825636
904.04661575,0.07209869
904.28989778,0.07871249
904.53318860,0.08312860
904.77648820,0.07580988
905.01979659,0.08236148
905.26311375,0.08091017
905.50643969,0.08511896
905.74977441,0.09036438
905.99311789,0.09745504
906.23647015,0.09983932
906.47983117,0.10102110
906.72320095,0.09861608
906.96657950,0.10446276
907.20996680,0.09952833
907.45336285,0.10315659
907.69676766,0.10168455
907.94018122,0.10508475
908.18360352,0.10193334
908.42703457,0.10863007
908.67047435,0.10290779
908.91392288,0.10029544
909.15738014,0.09952833
909.40084613,0.09426217
909.64432085,0.09287306
909.88780430,0.09405484
910.13129648,0.09167055
910.37479737,0.08625927
910.61830699,0.08671539
910.86182531,0.08569948
911.10535236,0.07784170
911.34888811,0.08557508
911.59243257,0.07182916
911.83598573,0.06938268
912.07954760,0.06496657
912.32311816,0.06988027
912.56669743,0.07350853
912.81028538,0.06898875
913.05388203,0.06527756
913.29748736,0.07037786
913.54110138,0.06343233
913.78472408,0.06146271
914.02835547,0.05545016
914.27199552,0.06310061
914.51564426,0.05395739
914.75930166,0.05350127
915.00296774,0.05319028
915.24664247,0.05702586
915.49032588,0.05679780
915.73401794,0.05513917
915.97771866,0.05936868
916.22142803,0.06654227
916.46514606,0.06917535
916.70887274,0.06979734
916.95260806,0.06399212
917.19635202,0.07357073
917.44010463,0.07541595
917.68386588,0.08428964
917.92763576,0.08451770
918.17141427,0.09519515
918.41520141,0.10172601
918.65899718,0.09842948
918.90280158,0.10176748
919.14661459,0.10068937
919.39043623,0.10346758
919.63426648,0.10829835
919.87810534,0.11514021
920.12195281,0.12283212
920.36580890,0.13087648
920.60967358,0.14412481
920.85354687,0.14827139
921.09742876,0.15144353
921.34131924,0.14997149
921.58521832,0.16326129
921.82912599,0.16006842
922.07304225,0.15903177
922.31696709,0.15461566
922.56090052,0.14746281
922.80484252,0.13937698
923.04879310,0.13170580
923.29275226,0.12123568
923.53671999,0.11370964
923.78069629,0.10328098
924.02468115,0.10529207
924.26867458,0.09471829
924.51267656,0.08617633
924.75668711,0.07605867
925.00070621,0.07166330
925.24473386,0.06608615
925.48877006,0.06542269
925.73281481,0.06482144
925.97686810,0.06034313
926.22092994,0.05972114
926.46500031,0.05706733
926.70907921,0.04945835
926.95316665,0.05182190
927.19726262,0.04651428
927.44136712,0.04162131
927.68548014,0.03788939
927.92960168,0.03896750
928.17373175,0.03415747
928.41787032,0.03193905
928.66201741,0.03357695
928.90617302,0.02766807
929.15033713,0.02569844
929.39450974,0.02352148
929.63869086,0.02596797
929.88288047,0.02466179
930.12707859,0.02453740
930.37128520,0.03225004
930.61550029,0.02026642
930.85972388,0.02712901
931.10395595,0.02580210
931.34819651,0.02704608
931.59244554,0.02605090
931.83670306,0.02688022
932.08096904,0.03384647
932.32524350,0.03357695
932.56952643,0.03658322
932.81381782,0.04162131
933.05811768,0.03958949
933.30242600,0.05316954
933.54674278,0.05231949
933.79106801,0.05880889
934.03540169,0.05723319
934.27974382,0.05700513
934.52409440,0.06473851
934.76845343,0.06629347
935.01282089,0.06220909
935.25719680,0.06950708
935.50158114,0.07151817
935.74597391,0.06979734
935.99037511,0.06952781
936.23478474,0.07031566
936.47920279,0.06697766
936.72362927,0.07620380
936.96806417,0.06515316
937.21250748,0.06633494
937.45695920,0.06490437
937.70141934,0.05644534
937.94588788,0.05416472
938.19036483,0.05547090
938.43485019,0.05851863
938.67934394,0.05503551
938.92384608,0.05074379
939.16835663,0.05010107
939.41287556,0.04989374
939.65740288,0.05290002
939.90193859,0.04448245
940.14648268,0.04719847
940.39103515,0.04305188
940.63559600,0.04804852
940.88016523,0.04562276
941.12474282,0.04898150
941.36932879,0.04674234
941.61392312,0.04711553
941.85852581,0.04769606
942.10313687,0.04678381
942.34775628,0.05039133
942.59238405,0.04763386
942.83702017,0.04748873
943.08166464,0.05149018
943.32631746,0.04935469
943.57097862,0.04597522
943.81564813,0.04278236
944.06032597,0.04543617
944.30501215,0.04458612
944.54970666,0.04645208
944.79440950,0.04064687
945.03912067,0.04143472
945.28384016,0.04796558
945.52856798,0.04294822
945.77330412,0.04234697
946.01804857,0.03778573
946.26280133,0.03515265
946.50756241,0.03863577
946.75233179,0.04025294
946.99710948,0.03571243
947.24189548,0.03828332
947.48668977,0.03846991
947.73149236,0.04193231
947.97630324,0.03776499
948.22112242,0.03867724
948.46594988,0.04095786
948.71078563,0.03780646
948.95562966,0.04564350
949.20048198,0.03869797
949.44534257,0.03892604
949.69021144,0.03990048
949.93508857,0.04133105
950.17997398,0.04213964
950.42486766,0.03625149
950.66976959,0.04226403
950.91467979,0.03876017
951.15959825,0.03911263
951.40452496,0.03623076
951.64945993,0.03488312
951.89440314,0.03890530
952.13935461,0.03332815
952.38431431,0.03231224
952.62928226,0.02785466
952.87425845,0.02974136
953.11924287,0.03450993
953.36423553,0.03048774
953.60923642,0.02853885
953.85424553,0.03081947
954.09926287,0.02781320
954.34428843,0.02495206
954.58932222,0.02524232
954.83436421,0.02831079
955.07941443,0.02428860
955.32447285,0.02090914
955.56953948,0.02681802
955.81461432,0.02403981
956.05969736,0.01978956
956.30478860,0.01539418
956.54988803,0.01929197
956.79499567,0.01599544
957.04011149,0.01701135
957.28523550,0.01174519
957.53036770,0.01433681
957.77550808,0.01255378
958.02065664,0.01363189
958.26581338,0.01093661
958.51097830,0.01180739
958.75615139,0.01106101
959.00133264,0.01539418
959.24652207,0.00963044
959.49171965,0.01582958
959.73692540,0.01257451
959.98213931,0.01342456
960.22736137,0.01433681
960.47259159,0.01719795
960.71782995,0.04692894
960.96307647,0.01875292
961.20833112,0.01808946
961.45359392,0.02337635
961.69886486,0.02306536
961.94414394,0.02430933
962.18943115,0.02636189
962.43472648,0.02702535
962.68002995,0.03048774
962.92534154,0.03446846
963.17066126,0.03374281
963.41598909,0.03621002
963.66132504,0.03938216
963.90666911,0.04093713
964.15202128,0.04019074
964.39738157,0.04800705
964.64274996,0.04597522
964.88812645,0.05049500
965.13351104,0.04690821
965.37890374,0.04985228
965.62430452,0.04788265
965.86971340,0.05242316
966.11513036,0.05690147
966.36055542,0.05497331
966.60598855,0.05304515
966.85142977,0.05010107
967.09687907,0.04744726
967.34233644,0.04850464
967.58780188,0.04769606
967.83327539,0.04504224
968.07875697,0.05043280
968.32424661,0.05393666
968.56974432,0.04753019
968.81525008,0.04406780
969.06076390,0.04520811
969.30628577,0.04595449
969.55181570,0.04939615
969.79735367,0.05061940
970.04289968,0.04442026
970.28845374,0.04668014
970.53401583,0.04649355
970.77958597,0.04867050
971.02516413,0.04653501
971.27075033,0.04512517
971.51634455,0.04392267
971.76194680,0.04962422
972.00755708,0.04531177
972.25317537,0.04900223
972.49880168,0.04705334
972.74443600,0.04437879
972.99007834,0.04533250
973.23572868,0.04831804
973.48138703,0.04840097
973.72705338,0.05018400
973.97272774,0.05068159
974.21841009,0.05484891
974.46410043,0.05679780
974.70979877,0.05339761
974.95550510,0.05107552
975.20121941,0.05236096
975.44694171,0.05540870
975.69267199,0.05221583
975.93841024,0.05204997
976.18415647,0.05777225
976.42991068,0.05710880
976.67567285,0.05565749
976.92144299,0.05066086
977.16722110,0.05192557
977.41300717,0.05880889
977.65880119,0.05157311
977.90460317,0.05059866
978.15041311,0.05648681
978.39623099,0.05223656
978.64205683,0.05379153
978.88789061,0.05175971
979.13373233,0.04952055
979.37958199,0.04431659
979.62543958,0.04025294
979.87130511,0.04265796
980.11717857,0.04168351
980.36305996,0.03778573
980.60894928,0.03490385
980.85484651,0.03382574
981.10075167,0.03538071
981.34666475,0.03108900
981.59258573,0.03133779
981.83851463,0.02677655
982.08445144,0.03183538
982.33039616,0.03063287
982.57634878,0.02661069
982.82230930,0.02617530
983.06827771,0.03146219
983.31425403,0.03036334
983.56023823,0.02704608
983.80623032,0.03164878
984.05223031,0.02366661
984.29823817,0.02735707
984.54425391,0.02675582
984.79027754,0.02553258
985.03630904,0.02737781
985.28234841,0.02775100
985.52839565,0.03450993
985.77445076,0.03017675
986.02051374,0.03706007
986.26658457,0.03038408
986.51266327,0.04002488
986.75874982,0.03919556
987.00484422,0.03952729
987.25094647,0.04354947
987.49705658,0.04224330
987.74317452,0.04205670
987.98930031,0.04133105
988.23543394,0.04417146
988.48157541,0.04166278
988.72772471,0.04242990
988.97388184,0.04989374
989.22004680,0.04141398
989.46621959,0.04852537
989.71240020,0.04290675
989.95858862,0.04531177
990.20478487,0.04160058
990.45098893,0.05375006
990.69720080,0.04097859
990.94342048,0.04522884
991.18964797,0.04213964
991.43588326,0.04064687
991.68212635,0.03873944
991.92837724,0.03693568
992.17463593,0.03732960
992.42090240,0.03365988
992.66717667,0.02938890
992.91345872,0.02862178
993.15974856,0.02339709
993.40604618,0.02609237
993.65235158,0.02215311
993.89866475,0.02472399
994.14498570,0.02401907
994.39131441,0.02252630
994.63765090,0.02480692
994.88399515,0.02374955
995.13034716,0.02482766
995.37670693,0.02714974
995.62307445,0.02412274
995.86944973,0.02165552
996.11583276,0.02207018
996.36222354,0.02327269
996.60862206,0.02304463
996.85502833,0.02287876
997.10144233,0.02171772
997.34786408,0.01759187
997.59429355,0.01947857
997.84073076,0.01954077
998.08717570,0.01280257
998.33362836,0.01591251
998.58008875,0.01412948
998.82655685,0.01497953
999.07303267,0.02370808
999.31951621,0.01574664
999.56600746,0.01255378
999.81250642,0.01172446
1000.05901309,0.01085368
1000.30552746,0.01085368
1000.55204953,0.00896698
1000.79857929,0.01319650
1001.04511676,0.01388068
1001.29166191,0.01502099
1001.53821476,0.00950604
1001.78477529,0.01396361
1002.03134351,0.01135127
1002.27791941,0.01377702
1002.52450299,0.01500026
1002.77109424,0.01309283
1003.01769317,0.01068781
1003.26429976,0.01350749
1003.51091403,0.01344529
1003.75753596,0.01423314
1004.00416555,0.01191106
1004.25080280,0.01885658
1004.49744771,0.01471000
1004.74410027,0.01394288
1004.99076048,0.01475146
1005.23742834,0.01321723
1005.48410384,0.01837972
1005.73078699,0.01359042
1005.97747778,0.01582958
1006.22417620,0.01379775
1006.47088226,0.01377702
1006.71759595,0.01497953
1006.96431727,0.01682476
1007.21104622,0.01508319
1007.45778279,0.01908464
1007.70452698,0.01222205
1007.95127879,0.01508319
1008.19803821,0.01468927
1008.44480524,0.01904318
1008.69157988,0.02039082
1008.93836213,0.02198725
1009.18515199,0.01529052
1009.43194944,0.01784067
1009.67875450,0.02014202
1009.92556715,0.01500026
1010.17238739,0.01889805
1010.41921522,0.01914684
1010.66605064,0.01848339
1010.91289364,0.01773700
1011.15974422,0.01497953
1011.40660239,0.01713575
1011.65346813,0.01425387
1011.90034144,0.02321049
1012.14722232,0.01866998
1012.39411078,0.01497953
1012.64100679,0.01813093
1012.88791037,0.01964443
1013.13482151,0.01713575
1013.38174020,0.01840046
1013.62866645,0.02374955
1013.87560025,0.02557404
1014.12254160,0.02132380
1014.36949049,0.02207018
1014.61644693,0.02590577
1014.86341091,0.02037008
1015.11038242,0.01864925
1015.35736147,0.02204945
1015.60434805,0.01825533
1015.85134216,0.01620277
1016.09834379,0.01553931
1016.34535295,0.01848339
1016.59236963,0.01842119
1016.83939383,0.01819313
1017.08642554,0.02055668
1017.33346476,0.01983103
1017.58051150,0.01798580
1017.82756574,0.01593324
1018.07462748,0.01616130
1018.32169673,0.01721868
1018.56877347,0.01344529
1018.81585771,0.01937490
1019.06294945,0.01529052
1019.31004867,0.00967190
1019.55715538,0.00844866
1019.80426957,0.01365262
1020.05139125,0.01591251
1020.29852041,0.01400508
1020.54565704,0.00956824
1020.79280114,0.01062562
1021.03995272,0.00610584
1021.28711177,0.01450267
1021.53427828,0.01114394
1021.78145225,0.01334163
1022.02863368,0.00904991
1022.27582257,0.00761934
1022.52301891,0.01510392
1022.77022270,0.01124760
1023.01743395,0.00867672
1023.26465263,0.01043902
1023.51187876,0.00426061
1023.75911234,0.00871819
1024.00635335,0.00701809
1024.25360179,0.00662416
1024.50085766,0.00531799
1024.74812097,0.00718395
1024.99539170,0.00612657
1025.24266985,0.00554605
1025.48995543,0.00417768
1025.73724842,0.00459234
1025.98454883,0.00896698
1026.23185665,0.00421915
1026.47917188,0.00608511
1026.72649452,0.00604364
1026.97382456,0.00645830
1027.22116200,0.00338983
1027.46850685,0.00614731
1027.71585908,0.00685223
1027.96321872,0.00471674
1028.21058574,0.00112994
1028.45796014,-0.01215985
1028.70534194,-0.01116467
1028.95273111,-0.01271964
1029.20012767,-0.01242938
1029.44753160,-0.01180739
1029.69494290,-0.01091588
