198.80933475,0.00765017
199.01143578,0.00870846
199.21355429,0.00227568
199.41569028,0.00069861
199.61784374,0.00399801
199.82001468,0.00233794
200.02220309,0.00416402
200.22440896,0.00269070
200.42663230,0.00098913
200.62887310,0.00154940
200.83113136,0.00372825
201.03340708,0.00144565
201.23570025,0.00466204
201.43801087,0.00549207
201.64033894,0.00486955
201.84268445,0.00484880
202.04504741,0.00343773
202.24742780,0.00266995
202.44982564,0.00291896
202.65224090,-0.00116897
202.85467360,0.00731815
203.05712372,0.00314722
203.25959128,-0.00087846
203.46207625,0.00455828
203.66457864,0.00144565
203.86709846,0.00569958
204.06963568,0.00410176
204.27219032,0.00312647
204.47476237,0.00254544
204.67735182,0.00219268
204.87995868,0.01094956
205.08258293,0.00601085
205.28522459,0.00277370
205.48788364,0.00327173
205.69056008,0.00248319
205.89325391,0.00841795
206.09596513,0.00320947
206.29869374,0.00767092
206.50143972,0.00607310
206.70420308,0.00229643
206.90698382,0.00175691
207.10978194,0.00244169
207.31259742,0.00760867
207.51543027,-0.00152173
207.71828048,0.00347924
207.92114806,0.00233794
208.12403299,0.00955925
208.32693528,0.00279446
208.52985493,0.00291896
208.73279193,-0.00118972
208.93574627,0.01059680
209.13871796,0.00738041
209.34170699,0.00329248
209.54471336,0.00047035
209.74773707,0.00399801
209.95077811,0.00250394
210.15383649,0.00283596
210.35691219,0.00372825
210.56000522,0.00325098
210.76311557,0.00067786
210.96624324,0.00518081
211.16938823,0.00053261
211.37255053,0.00134189
211.57573015,-0.00042194
211.77892707,0.00447528
211.98214130,0.00109288
212.18537284,0.00140414
212.38862167,0.00495255
212.59188781,0.00161165
212.79517124,0.00113438
212.99847196,0.00113438
213.20178997,0.00468279
213.40512527,0.00511856
213.60847785,0.00188142
213.81184772,0.00408101
214.01523486,0.00030435
214.21863928,0.00528456
214.42206097,0.00437152
214.62549993,0.00439228
214.82895616,0.00030435
215.03242966,0.00455828
215.23592042,-0.00000692
215.43942843,0.00358299
215.64295370,0.00258695
215.84649623,0.00447528
216.05005601,0.00756716
216.25363303,0.00362449
216.45722731,0.00424702
216.66083882,0.00009684
216.86446757,0.00262845
217.06811356,0.00059486
217.27177679,0.00696539
217.47545724,0.00285671
217.67915493,0.00186066
217.88286984,0.00374900
218.08660198,0.00545057
218.29035133,0.00831420
218.49411790,0.01041004
218.69790169,0.00370750
218.90170269,0.00399801
219.10552090,0.00735965
219.30935632,0.00555433
219.51320894,0.00306422
219.71707876,0.00015909
219.92096578,0.00459978
220.12486999,0.00310572
220.32879140,0.00642586
220.53272999,0.00047035
220.73668578,0.00480729
220.94065875,0.00424702
221.14464890,0.00119664
221.34865623,0.00347924
221.55268073,0.00169466
221.75672241,-0.00289129
221.96078126,0.00227568
222.16485728,-0.00040118
222.36895046,0.00198517
222.57306080,0.00582409
222.77718831,0.00206817
222.98133297,-0.00089921
223.18549478,0.00623911
223.38967375,0.00113438
223.59386986,0.00142490
223.79808312,0.00188142
224.00231352,0.00293971
224.20656106,0.00607310
224.41082574,0.00426777
224.61510756,0.00746341
224.81940650,0.00107213
225.02372258,-0.00033893
225.22805578,0.00159090
225.43240610,-0.00042194
225.63677355,0.00437152
225.84115811,-0.00083695
226.04555979,0.00192292
226.24997858,0.00005534
226.45441448,0.00204742
226.65886748,0.00563733
226.86333759,0.00349999
227.06782480,0.00256620
227.27232911,0.00237944
227.47685052,0.00213043
227.68138902,0.00503555
227.88594461,0.00167391
228.09051728,0.00459978
228.29510704,0.00480729
228.49971389,0.00650887
228.70433781,0.00497330
228.90897881,0.00470354
229.11363688,0.00246244
229.31831202,0.00433002
229.52300423,0.00530531
229.72771350,0.00223418
229.93243984,0.00154940
230.13718324,0.00254544
230.34194369,0.00296046
230.54672120,0.00848020
230.75151576,0.00329248
230.95632737,0.00802368
231.16115602,0.00219268
231.36600172,-0.00042194
231.57086446,0.00134189
231.77574423,0.00285671
231.98064104,-0.00118972
232.18555488,0.00088537
232.39048575,0.00561658
232.59543365,0.00115513
232.80039857,0.00015909
233.00538051,0.00437152
233.21037947,0.00586559
233.41539544,0.01707108
233.62042843,0.00026284
233.82547842,0.00325098
234.03054543,0.00601085
234.23562943,0.00163240
234.44073044,0.00130039
234.64584845,0.00590709
234.85098345,0.00123814
235.05613545,0.00410176
235.26130444,0.00354149
235.46649041,0.00223418
235.67169337,0.00540907
235.87691331,0.00727665
236.08215023,0.00007609
236.28740413,0.00443378
236.49267500,0.00150790
236.69796284,-0.00079545
236.90326765,0.00567883
237.10858942,0.00385275
237.31392816,0.00536757
237.51928386,0.00588634
237.72465651,0.00053261
237.93004612,-0.00071245
238.13545268,0.00059486
238.34087619,0.00437152
238.54631664,0.00192292
238.75177404,0.00275295
238.95724838,0.00017984
239.16273965,0.00235869
239.36824786,0.00590709
239.57377300,0.00067786
239.77931508,0.00470354
239.98487407,0.00457903
240.19045000,0.00468279
240.39604284,0.00379050
240.60165260,-0.00135573
240.80727928,0.00277370
241.01292287,0.00482804
241.21858337,0.00466204
241.42426077,0.00370750
241.62995508,0.00335473
241.83566630,0.00042885
242.04139441,0.00443378
242.24713941,0.00426777
242.45290131,0.00121739
242.65868010,0.00443378
242.86447578,0.00047035
243.07028835,0.00511856
243.27611779,0.00754641
243.48196412,0.00576183
243.68782732,0.00246244
243.89370739,0.00206817
244.09960434,-0.00031818
244.30551816,0.00428852
244.51144884,0.00401876
244.71739638,0.00221343
244.92336078,0.00335473
245.12934204,0.00306422
245.33534016,0.00293971
245.54135512,0.00179841
245.74738694,0.00175691
245.95343560,0.00215118
246.15950110,0.00821044
246.36558345,0.00138339
246.57168263,0.00418477
246.77779865,0.00258695
246.98393150,0.00534682
247.19008118,0.00078162
247.39624769,0.00640511
247.60243102,0.00279446
247.80863117,0.00744266
248.01484814,0.00379050
248.22108192,0.00256620
248.42733252,-0.00067095
248.63359993,-0.00027668
248.83988415,-0.00243477
249.04618517,0.00572033
249.25250299,0.00040810
249.45883761,-0.00085770
249.66518903,0.00453753
249.87155724,0.00142490
250.07794224,0.00642586
250.28434403,0.00563733
250.49076260,0.00723515
250.69719796,-0.00218576
250.90365009,-0.00177074
251.11011901,0.00213043
251.31660469,0.00426777
251.52310715,0.00412251
251.72962638,0.00464129
251.93616237,0.00306422
252.14271513,0.00285671
252.34928464,0.00140414
252.55587091,0.00030435
252.76247394,0.00360374
252.96909372,0.00399801
253.17573025,0.00256620
253.38238352,0.00244169
253.58905354,0.00422627
253.79574030,0.00059486
254.00244380,0.00430927
254.20916403,0.01041004
254.41590099,0.00594859
254.62265469,0.00352074
254.82942511,0.00030435
255.03621225,0.00086462
255.24301612,0.00233794
255.44983670,-0.00069170
255.65667400,0.00497330
255.86352802,-0.00004842
256.07039874,0.00142490
256.27728617,0.00030435
256.48419031,0.00430927
256.69111115,0.00505630
256.89804868,0.00271145
257.10500292,0.00059486
257.31197384,0.00314722
257.51896146,0.00872921
257.72596577,-0.00187450
257.93298676,0.00302272
258.14002443,0.00435077
258.34707878,0.00103063
258.55414981,0.00349999
258.76123752,0.00150790
258.96834190,0.00642586
259.17546294,-0.00148023
259.38260065,-0.00168774
259.58975502,0.00103063
259.79692606,0.00381125
260.00411375,0.00370750
260.21131810,-0.00214426
260.41853909,0.00391500
260.62577674,0.00406026
260.83303103,0.00447528
261.04030197,0.00044960
261.24758955,0.00127964
261.45489377,0.00171541
261.66221462,0.00132114
261.86955210,0.00636361
262.07690622,0.00258695
262.28427696,-0.00000692
262.49166433,-0.00118972
262.69906831,0.00582409
262.90648892,-0.00004842
263.11392614,0.00142490
263.32137998,0.00495255
263.52885042,0.00318872
263.73633747,0.00628061
263.94384113,-0.00042194
264.15136139,0.00422627
264.35889825,0.00920649
264.56645171,0.00547132
264.77402176,0.00341698
264.98160840,0.00105138
265.18921163,0.00067786
265.39683144,-0.00052569
265.60446784,0.00808594
265.81212081,0.00103063
266.01979037,0.00437152
266.22747650,0.00136264
266.43517920,0.00312647
266.64289847,-0.00143873
266.85063430,0.00136264
267.05838670,-0.00056719
267.26615566,0.00302272
267.47394117,-0.00220651
267.68174324,-0.00094071
267.88956187,0.00528456
268.09739704,0.00401876
268.30524876,0.00582409
268.51311702,0.00783693
268.72100183,-0.00058794
268.92890317,0.00067786
269.13682105,-0.00168774
269.34475546,-0.00067095
269.55270640,0.00169466
269.76067387,0.00279446
269.96865786,-0.00089921
270.17665838,0.00150790
270.38467541,0.00163240
270.59270896,0.00181916
270.80075902,0.00154940
271.00882560,0.00306422
271.21690868,0.00123814
271.42500826,0.00360374
271.63312435,0.00474504
271.84125694,0.00150790
272.04940602,0.00711064
272.25757160,0.00252469
272.46575367,0.00462054
272.67395223,0.00109288
272.88216727,0.00188142
273.09039880,0.00777467
273.29864681,0.00017984
273.50691129,0.00217193
273.71519225,0.00372825
273.92348968,0.00074012
274.13180358,0.00105138
274.34013395,0.00011759
274.54848077,0.00271145
274.75684406,0.00204742
274.96522381,0.00235869
275.17362001,-0.00220651
275.38203267,0.00692389
275.59046177,0.00362449
275.79890732,0.00163240
276.00736932,0.00213043
276.21584776,-0.00017292
276.42434263,-0.00044269
276.63285394,-0.00444761
276.84138169,0.00059486
277.04992586,0.00266995
277.25848646,0.00304347
277.46706349,0.00196442
277.67565694,-0.00334781
277.88426680,0.00047035
278.09289309,-0.00069170
278.30153578,-0.00108596
278.51019489,0.00677863
278.71887041,0.00022134
278.92756233,0.00520156
279.13627065,0.00503555
279.34499537,0.00231718
279.55373649,0.00468279
279.76249401,0.00893672
279.97126791,0.00370750
280.18005820,0.00109288
280.38886488,0.00302272
280.59768795,-0.00073320
280.80652739,0.00235869
281.01538321,0.00107213
281.22425540,0.00127964
281.43314397,0.00273220
281.64204891,0.00053261
281.85097021,0.00296046
282.05990788,0.00262845
282.26886190,0.00177766
282.47783229,-0.00031818
282.68681903,0.00331323
282.89582212,0.00080237
283.10484156,0.00271145
283.31387735,0.00100988
283.52292949,-0.00025593
283.73199796,0.00260770
283.94108277,0.00383200
284.15018392,0.00080237
284.35930141,0.00188142
284.56843522,0.00271145
284.77758536,0.00578259
284.98675183,0.00127964
285.19593461,0.00862546
285.40513372,0.00522231
285.61434914,0.00526381
285.82358088,-0.00199900
286.03282893,0.00105138
286.24209328,0.00428852
286.45137395,0.00080237
286.66067091,0.00200592
286.86998417,0.00260770
287.07931373,0.00433002
287.28865959,0.00379050
287.49802174,0.00136264
287.70740017,0.00051186
287.91679489,0.00225493
288.12620590,0.00329248
288.33563318,-0.00158399
288.54507675,0.00476579
288.75453658,0.00059486
288.96401269,-0.00081620
289.17350507,0.00121739
289.38301372,0.00457903
289.59253863,0.00140414
289.80207980,0.00551282
290.01163723,0.00306422
290.22121091,0.00331323
290.43080085,0.00430927
290.64040703,0.00318872
290.85002947,0.00256620
291.05966815,0.00497330
291.26932307,0.00443378
291.47899422,0.00159090
291.68868162,0.00445453
291.89838525,0.00289821
292.10810511,0.00416402
292.31784119,0.00260770
292.52759350,-0.00015217
292.73736204,0.00213043
292.94714679,0.00310572
293.15694776,0.00204742
293.36676494,0.00057411
293.57659834,0.00173616
293.78644794,-0.00299505
293.99631375,-0.00002767
294.20619576,0.00489030
294.41609397,0.00727665
294.62600838,0.00275295
294.83593898,0.00283596
295.04588578,0.00040810
295.25584876,-0.00031818
295.46582793,0.00125889
295.67582328,0.00310572
295.88583481,-0.00008992
296.09586253,0.00289821
296.30590641,0.00256620
296.51596647,0.00140414
296.72604270,0.00186066
296.93613509,0.00513931
297.14624365,-0.00262153
297.35636837,0.00053261
297.56650925,0.00146640
297.77666629,0.00119664
297.98683947,-0.00189525
298.19702881,0.00202667
298.40723429,0.00175691
298.61745592,0.00343773
298.82769369,0.00329248
299.03794760,0.00802368
299.24821765,-0.00069170
299.45850383,0.00426777
299.66880614,0.00233794
299.87912458,0.00009684
300.08945914,-0.00098221
300.29980983,0.00457903
300.51017663,0.00329248
300.72055955,0.00603160
300.93095859,0.00219268
301.14137374,0.00119664
301.35180499,-0.00073320
301.56225235,0.00098913
301.77271582,-0.00245552
301.98319538,0.00958000
302.19369105,-0.00326481
302.40420280,-0.00071245
302.61473065,0.00486955
302.82527459,0.00464129
303.03583461,-0.00089921
303.24641072,0.00134189
303.45700291,0.00219268
303.66761117,0.00169466
303.87823552,0.00501480
304.08887593,0.00028360
304.29953241,-0.00000692
304.51020496,-0.00199900
304.72089358,0.00424702
304.93159825,0.00325098
305.14231899,0.00098913
305.35305578,0.00611460
305.56380862,0.00233794
305.77457752,0.00219268
305.98536246,0.00260770
306.19616344,0.00111363
306.40698047,0.00204742
306.61781354,0.00063636
306.82866264,0.00430927
307.03952778,0.00277370
307.25040895,0.00489030
307.46130614,0.00260770
307.67221937,0.00001383
307.88314861,-0.00033893
308.09409387,0.00451678
308.30505515,0.00248319
308.51603245,0.00478654
308.72702576,0.00074012
308.93803507,0.00030435
309.14906039,0.00208892
309.36010172,0.00298121
309.57115904,0.00412251
309.78223236,0.00204742
309.99332168,0.00271145
310.20442699,0.00536757
310.41554829,0.00275295
310.62668557,-0.00058794
310.83783884,0.00264920
311.04900809,-0.00413635
311.26019332,0.00040810
311.47139452,0.00198517
311.68261169,0.00273220
311.89384484,0.00262845
312.10509395,0.00235869
312.31635903,0.00329248
312.52764007,0.00011759
312.73893706,0.00032510
312.95025002,0.00138339
313.16157892,-0.00143873
313.37292378,0.00545057
313.58428458,0.00200592
313.79566133,-0.00048419
314.00705402,0.00408101
314.21846266,0.00256620
314.42988722,0.00011759
314.64132772,0.00329248
314.85278416,-0.00172924
315.06425652,0.01136458
315.27574480,-0.00139723
315.48724901,0.00277370
315.69876914,-0.00052569
315.91030518,0.00414326
316.12185715,0.00146640
316.33342502,0.00148715
316.54500880,0.00264920
316.75660848,0.00530531
316.96822407,0.00258695
317.17985556,-0.00027668
317.39150295,0.00237944
317.60316624,0.00271145
317.81484541,0.00152865
318.02654048,0.00401876
318.23825143,0.00200592
318.44997826,0.00113438
318.66172098,0.00188142
318.87347957,0.00698614
319.08525404,0.00275295
319.29704439,0.00389425
319.50885060,0.00304347
319.72067268,0.00320947
319.93251063,0.00279446
320.14436443,-0.00004842
320.35623410,0.00717290
320.56811962,0.00457903
320.78002100,-0.00081620
320.99193822,0.00078162
321.20387130,-0.00201975
321.41582021,0.00213043
321.62778498,0.00534682
321.83976558,0.00173616
322.05176201,0.00426777
322.26377428,0.00069861
322.47580239,0.00663337
322.68784632,0.00542982
322.89990607,0.00202667
323.11198165,0.00020059
323.32407305,0.00260770
323.53618027,0.00395651
323.74830330,-0.00000692
323.96044215,0.00333398
324.17259680,0.00613535
324.38476726,0.00536757
324.59695352,0.00094762
324.80915558,0.00235869
325.02137344,-0.00035968
325.23360710,0.00063636
325.44585655,0.00422627
325.65812178,0.00426777
325.87040281,-0.00118972
326.08269962,0.00372825
326.29501221,-0.00060869
326.50734058,0.00590709
326.71968472,0.00088537
326.93204464,0.00821044
327.14442032,0.00501480
327.35681178,0.00318872
327.56921900,0.00022134
327.78164198,0.00059486
327.99408072,0.00055336
328.20653522,0.00130039
328.41900547,-0.00050494
328.63149147,0.00389425
328.84399322,0.00177766
329.05651071,0.00252469
329.26904395,0.00026284
329.48159293,0.00401876
329.69415764,0.00030435
329.90673809,0.00352074
330.11933427,0.00163240
330.33194617,0.00165316
330.54457381,0.00136264
330.75721716,-0.00164624
330.96987624,0.00090612
331.18255104,0.00356224
331.39524154,0.00829345
331.60794777,0.00034585
331.82066970,-0.00081620
332.03340733,0.00024209
332.24616067,0.00634286
332.45892971,0.00293971
332.67171445,0.00252469
332.88451489,0.00076087
333.09733102,0.00283596
333.31016283,0.00163240
333.52301034,0.00100988
333.73587352,-0.00054644
333.94875239,-0.00272529
334.16164694,0.00071936
334.37455717,-0.00442686
334.58748306,0.00308497
334.80042463,0.00383200
335.01338187,-0.00224801
335.22635477,0.00325098
335.43934333,0.00125889
335.65234755,0.00551282
335.86536743,0.00410176
336.07840296,-0.00015217
336.29145415,-0.00035968
336.50452098,0.00271145
336.71760345,0.00370750
336.93070157,0.00119664
337.14381533,-0.00004842
337.35694473,-0.00019368
337.57008976,0.00424702
337.78325042,-0.00031818
337.99642671,0.00123814
338.20961863,0.00401876
338.42282617,0.00410176
338.63604933,-0.00067095
338.84928810,0.00132114
339.06254250,0.00308497
339.27581250,0.00337548
339.48909812,0.00445453
339.70239934,0.00557508
339.91571616,0.00264920
340.12904859,0.00032510
340.34239661,-0.00231027
340.55576023,0.00528456
340.76913945,0.00486955
340.98253425,0.00379050
341.19594464,0.00022134
341.40937061,0.00065711
341.62281217,0.00256620
341.83626930,0.00864621
342.04974201,0.00136264
342.26323030,-0.00220651
342.47673415,0.00293971
342.69025357,0.00883297
342.90378856,-0.00085770
343.11733911,0.00385275
343.33090522,0.00173616
343.54448688,0.00354149
343.75808410,0.00047035
343.97169687,0.00140414
344.18532519,0.00061561
344.39896906,0.00395651
344.61262847,-0.00094071
344.82630341,0.00426777
345.03999390,0.00323022
345.25369992,0.00403951
345.46742147,0.00837645
345.68115855,0.00279446
345.89491115,0.00424702
346.10867928,0.00053261
346.32246293,0.00472429
346.53626210,-0.00060869
346.75007679,-0.00046344
346.96390698,0.00422627
347.17775269,0.00389425
347.39161390,0.00051186
347.60549061,0.00312647
347.81938283,0.00088537
348.03329055,0.00262845
348.24721376,0.00188142
348.46115246,0.00428852
348.67510665,-0.00094071
348.88907634,0.00103063
349.10306150,-0.00133497
349.31706215,0.00049110
349.53107828,0.00250394
349.74510988,0.00246244
349.95915696,0.00443378
350.17321950,0.00418477
350.38729752,0.00650887
350.60139100,-0.00013142
350.81549994,0.00181916
351.02962435,-0.00160474
351.24376421,0.00223418
351.45791952,0.00096838
351.67209028,0.00132114
351.88627650,0.00107213
352.10047816,0.00146640
352.31469526,0.00615610
352.52892780,0.00345848
352.74317578,0.00509781
352.95743919,0.00258695
353.17171804,0.00379050
353.38601232,0.00518081
353.60032202,-0.00143873
353.81464714,0.00889522
354.02898769,-0.00170849
354.24334365,-0.00071245
354.45771503,-0.00191600
354.67210182,0.00354149
354.88650403,0.00248319
355.10092164,0.00410176
355.31535465,0.00020059
355.52980306,0.01049304
355.74426687,0.00167391
355.95874608,0.00275295
356.17324069,0.00142490
356.38775068,0.00063636
356.60227606,0.00240019
356.81681682,-0.00214426
357.03137297,-0.00145948
357.24594449,0.00366599
357.46053139,0.00480729
357.67513367,0.00495255
357.88975132,0.00148715
358.10438433,0.00123814
358.31903271,0.00279446
358.53369645,0.00210968
358.74837556,-0.00123122
358.96307002,0.00376975
359.17777983,-0.00096146
359.39250499,0.00134189
359.60724551,0.00362449
359.82200137,0.00302272
360.03677257,0.00127964
360.25155911,0.00030435
360.46636100,-0.00006917
360.68117821,-0.00311955
360.89601076,-0.00104446
361.11085864,0.00258695
361.32572184,-0.00332706
361.54060037,0.00250394
361.75549422,0.00349999
361.97040338,0.00682013
362.18532786,0.00499405
362.40026766,-0.00073320
362.61522276,0.00393576
362.83019318,0.00549207
363.04517889,0.00119664
363.26017991,0.00233794
363.47519623,0.00196442
363.69022784,0.00443378
363.90527474,0.00229643
364.12033694,0.00644661
364.33541442,-0.00062944
364.55050719,0.00098913
364.76561524,0.00009684
364.98073857,0.00125889
365.19587718,0.00163240
365.41103106,0.00273220
365.62620021,-0.00118972
365.84138463,0.00159090
366.05658432,0.00115513
366.27179927,0.00389425
366.48702948,0.00086462
366.70227494,0.00069861
366.91753566,0.00146640
367.13281163,0.00175691
367.34810285,-0.00193675
367.56340932,0.00098913
367.77873103,0.00150790
367.99406798,0.00318872
368.20942017,-0.00100296
368.42478759,0.00275295
368.64017025,-0.00060869
368.85556813,0.00366599
369.07098125,0.00038735
369.28640958,0.00372825
369.50185314,0.00096838
369.71731191,0.00503555
369.93278590,-0.00413635
370.14827511,0.00389425
370.36377952,-0.00162549
370.57929914,0.00017984
370.79483397,0.00607310
371.01038400,0.00260770
371.22594922,0.00121739
371.44152965,0.00098913
371.65712526,0.00430927
371.87273607,-0.00284979
372.08836206,0.00387350
372.30400324,0.00383200
372.51965960,-0.00017292
372.73533114,0.00366599
372.95101786,0.00042885
373.16671976,0.00667487
373.38243682,0.00387350
373.59816905,0.00269070
373.81391645,-0.00143873
374.02967901,0.00426777
374.24545673,0.00094762
374.46124961,-0.00029743
374.67705764,0.00225493
374.89288082,0.00044960
375.10871916,0.00074012
375.32457264,0.00115513
375.54044126,0.00142490
375.75632503,0.00696539
375.97222393,0.00032510
376.18813797,-0.00324406
376.40406713,0.00192292
376.62001143,0.00237944
376.83597086,-0.00299505
377.05194541,0.00038735
377.26793508,0.00372825
377.48393987,0.00331323
377.69995978,0.00385275
377.91599480,0.00094762
378.13204493,0.00078162
378.34811016,0.00694464
378.56419050,0.00447528
378.78028595,0.00426777
378.99639649,-0.00011067
379.21252213,-0.00056719
379.42866286,0.00213043
379.64481868,-0.00023518
379.86098960,0.00623911
380.07717559,0.00277370
380.29337667,0.00345848
380.50959283,0.00044960
380.72582407,0.00233794
380.94207038,0.00389425
381.15833176,0.00225493
381.37460821,0.00161165
381.59089972,0.00100988
381.80720630,0.00352074
382.02352794,0.00036660
382.23986464,0.00188142
382.45621639,0.00225493
382.67258319,0.00179841
382.88896505,0.00076087
383.10536195,0.00275295
383.32177389,0.00252469
383.53820087,0.00125889
383.75464289,0.00333398
383.97109995,0.00256620
384.18757204,0.00036660
384.40405916,0.00210968
384.62056131,-0.00216501
384.83707848,0.00331323
385.05361067,0.00370750
385.27015788,0.00198517
385.48672011,0.00646737
385.70329735,0.00426777
385.91988960,0.00229643
386.13649686,0.00194367
386.35311912,0.00426777
386.56975639,0.00509781
386.78640865,0.00356224
387.00307592,0.00084387
387.21975817,-0.00081620
387.43645542,0.00148715
387.65316765,0.00196442
387.86989487,0.00370750
388.08663707,0.00215118
388.30339426,-0.00021443
388.52016641,0.00526381
388.73695355,0.00576183
388.95375565,0.00644661
389.17057273,0.00100988
389.38740477,0.00609385
389.60425177,0.00470354
389.82111374,-0.00035968
390.03799066,0.00711064
390.25488253,0.00275295
390.47178936,0.00115513
390.68871114,0.00393576
390.90564787,0.00304347
391.12259954,0.00076087
391.33956614,0.00318872
391.55654769,0.00119664
391.77354418,0.00437152
391.99055559,0.00181916
392.20758194,0.00167391
392.42462321,0.00462054
392.64167941,0.00426777
392.85875053,0.00675788
393.07583657,-0.00048419
393.29293752,0.00563733
393.51005339,0.00569958
393.72718417,0.00748416
393.94432986,0.00567883
394.16149045,0.00266995
394.37866594,0.00181916
394.59585634,0.00615610
394.81306163,0.00426777
395.03028181,0.00717290
395.24751689,0.00962150
395.46476685,0.00331323
395.68203170,0.00430927
395.89931143,0.00908198
396.11660604,0.00563733
396.33391553,0.00445453
396.55123990,0.00161165
396.76857913,0.00553357
396.98593324,0.00408101
397.20330221,-0.00114822
397.42068604,0.00347924
397.63808474,0.00024209
397.85549829,0.00592784
398.07292670,0.00661262
398.29036996,0.00580334
398.50782807,0.00630136
398.72530103,0.00632211
398.94278883,0.00478654
399.16029147,0.00675788
399.37780895,0.00304347
399.59534127,0.00642586
399.81288841,0.00592784
400.03045039,0.00881222
400.24802720,0.00980826
400.46561883,0.00486955
400.68322529,0.00223418
400.90084656,0.00347924
401.11848265,0.00617685
401.33613355,0.00293971
401.55379926,0.00269070
401.77147978,0.00702764
401.98917511,0.00735965
402.20688524,0.00260770
402.42461017,0.00366599
402.64234989,0.00642586
402.86010441,0.00306422
403.07787372,0.00872921
403.29565782,0.00605235
403.51345670,0.00406026
403.73127037,0.00642586
403.94909882,0.00416402
404.16694205,0.00773317
404.38480005,0.00457903
404.60267282,0.00509781
404.82056036,0.00495255
405.03846267,0.00989127
405.25637974,0.00920649
405.47431157,0.00872921
405.69225816,0.00445453
405.91021951,0.00667487
406.12819561,0.00136264
406.34618645,0.00368674
406.56419205,0.00634286
406.78221239,0.00542982
407.00024747,0.00841795
407.21829729,0.00260770
407.43636184,0.01059680
407.65444113,0.00779542
407.87253515,0.00872921
408.09064390,0.00686163
408.30876737,0.00636361
408.52690556,0.00777467
408.74505847,0.00667487
408.96322610,0.00852171
409.18140844,0.00684088
409.39960550,0.00524306
409.61781726,0.01051379
409.83604372,0.00773317
410.05428489,0.00916498
410.27254076,0.00435077
410.49081133,0.00989127
410.70909659,0.00729740
410.92739654,0.00569958
411.14571118,0.01041004
411.36404051,0.00634286
411.58238452,0.01294165
411.80074321,0.00968376
412.01911658,0.01041004
412.23750462,0.01300390
412.45590734,0.00814819
412.67432472,0.00785768
412.89275677,0.00877072
413.11120349,0.00623911
413.32966486,0.00690313
413.54814090,0.00810669
413.76663159,0.01072130
413.98513693,0.00549207
414.20365692,0.00445453
414.42219156,0.00918573
414.64074084,0.00509781
414.85930477,0.00744266
415.07788333,0.00356224
415.29647653,0.00735965
415.51508437,0.00395651
415.73370683,0.00646737
415.95234392,0.00864621
416.17099564,0.00964225
416.38966198,0.01070055
416.60834294,0.00727665
416.82703851,0.00914423
417.04574870,0.00269070
417.26447350,0.00708989
417.48321291,0.00906123
417.70196692,0.00588634
417.92073554,0.00785768
418.13951875,0.00862546
418.35831657,0.00470354
418.57712898,0.00555433
418.79595598,0.01335667
419.01479757,0.01287940
419.23365374,0.00887447
419.45252450,0.00578259
419.67140984,0.01005727
419.89030975,0.01032703
420.10922425,0.01495449
420.32815331,0.00837645
420.54709694,0.00941399
420.76605514,0.00926874
420.98502791,0.00833495
421.20401523,0.00368674
421.42301712,0.00698614
421.64203356,0.01124007
421.86106455,0.00771242
422.08011009,0.00804443
422.29917018,0.01121932
422.51824482,0.00901973
422.73733399,0.00769167
422.95643771,0.01119857
423.17555596,0.00746341
423.39468875,0.00791993
423.61383606,0.00777467
423.83299790,0.00708989
424.05217427,0.00796143
424.27136516,0.00991202
424.49057057,0.00810669
424.70979050,0.00821044
424.92902494,0.00964225
425.14827390,0.00972526
425.36753736,0.00785768
425.58681532,0.01341892
425.80610779,0.00835570
426.02541476,0.01146833
426.24473623,0.00493180
426.46407219,0.01049304
426.68342265,0.00686163
426.90278759,0.01090806
427.12216702,0.00958000
427.34156093,0.00918573
427.56096933,0.01246438
427.78039220,0.01466397
427.99982955,0.01005727
428.21928137,0.00816894
428.43874766,0.00486955
428.65822841,0.00924799
428.87772363,0.01005727
429.09723331,0.00682013
429.31675745,0.00256620
429.53629605,0.00551282
429.75584910,0.00742191
429.97541660,0.01082506
430.19499854,0.00449603
430.41459494,0.01105332
430.63420577,0.01001577
430.85383104,0.00827269
431.07347075,0.00972526
431.29312489,0.01306615
431.51279347,0.00843870
431.73247647,0.00781617
431.95217390,0.00536757
432.17188574,0.01009877
432.39161201,0.00725590
432.61135270,0.00684088
432.83110780,0.00972526
433.05087731,0.01269264
433.27066123,0.00661262
433.49045956,0.00767092
433.71027229,0.00901973
433.93009942,0.01177960
434.14994095,0.00814819
434.36979687,0.00671638
434.58966718,0.00810669
434.80955189,0.00891597
435.02945098,0.00926874
435.24936445,0.01470548
435.46929230,0.00848020
435.68923454,0.01051379
435.90919115,0.01198711
436.12916213,0.00841795
436.34914748,0.01063830
436.56914720,0.00972526
436.78916128,0.00756716
437.00918972,0.00879147
437.22923252,0.00816894
437.44928968,0.01171734
437.66936119,0.00885372
437.88944706,0.01287940
438.10954727,0.01078355
438.32966182,0.01032703
438.54979072,0.00810669
438.76993395,0.01447722
438.99009153,0.01269264
439.21026343,0.01030628
439.43044967,0.01364718
439.65065024,0.01601278
439.87086513,0.00953850
440.09109434,0.01001577
440.31133788,0.00818969
440.53159573,0.01478848
440.75186789,0.00816894
440.97215437,0.01213236
441.19245516,0.01451872
441.41277025,0.01175885
441.63309964,0.01250588
441.85344334,0.01576377
442.07380133,0.01302465
442.29417362,0.01379244
442.51456020,0.01184185
442.73496107,0.01198711
442.95537623,0.01385469
443.17580567,0.01497524
443.39624939,0.01619954
443.61670739,0.01225687
443.83717967,0.01412445
444.05766622,0.01526575
444.27816704,0.01655231
444.49868212,0.01032703
444.71921147,0.01219462
444.93975509,0.01356418
445.16031296,0.01690507
445.38088508,0.01399994
445.60147147,0.01491298
445.82207210,0.01082506
446.04268698,0.01580527
446.26331610,0.01997621
446.48395947,0.00735965
446.70461707,0.01223612
446.92528892,0.01082506
447.14597499,0.01368868
447.36667530,0.00910273
447.58738984,0.01711258
447.80811860,0.01456022
448.02886158,0.00891597
448.24961879,0.01244363
448.47039021,0.01410370
448.69117585,0.02093075
448.91197570,0.01391694
449.13278975,0.00673713
449.35361802,0.01099106
449.57446049,0.01177960
449.79531715,0.00565808
450.01618802,0.00891597
450.23707308,0.00688238
450.45797234,0.01422820
450.67888578,0.01059680
450.89981341,0.00808594
451.12075522,0.01375093
451.34171122,0.01595053
451.56268139,0.01566002
451.78366574,0.01609579
452.00466426,0.01578452
452.22567696,0.00962150
452.44670382,0.01113632
452.66774484,0.00879147
452.88880003,0.01960269
453.10986938,0.01277564
453.33095288,0.01447722
453.55205053,0.01144758
453.77316234,0.00984976
453.99428830,0.01271339
454.21542840,0.01148909
454.43658264,0.01426971
454.65775102,0.01302465
454.87893354,0.01578452
455.10013019,0.01524500
455.32134098,0.01823313
455.54256589,0.01794262
455.76380493,0.01161359
455.98505809,0.01445646
456.20632537,0.01512049
456.42760677,0.01507899
456.64890229,0.01124007
456.87021191,0.01547326
457.09153565,0.01526575
457.31287349,0.01682207
457.53422544,0.01985170
457.75559149,0.01767286
457.97697163,0.01298315
458.19836587,0.01574302
458.41977420,0.01632405
458.64119663,0.01802562
458.86263313,0.01516200
459.08408373,0.02211355
459.30554840,0.01935368
459.52702716,0.02620148
459.74851999,0.01482998
459.97002689,0.02518468
460.19154786,0.01906317
460.41308290,0.02393963
460.63463201,0.01868965
460.85619518,0.01711258
461.07777241,0.01908392
461.29936369,0.01815013
461.52096903,0.02207205
461.74258841,0.02111751
461.96422185,0.01881415
462.18586933,0.02072324
462.40753086,0.02182304
462.62920642,0.02030822
462.85089602,0.01823313
463.07259966,0.01580527
463.29431733,0.01609579
463.51604902,0.01875190
463.73779475,0.01951969
463.95955449,0.01962344
464.18132826,0.02246631
464.40311604,0.01775586
464.62491784,0.01827463
464.84673365,0.01810862
465.06856347,0.02213430
465.29040730,0.01756910
465.51226513,0.01920842
465.73413696,0.01783886
465.95602279,0.02124201
466.17792261,0.02383587
466.39983643,0.02725977
466.62176424,0.02219655
466.84370603,0.02586946
467.06566181,0.02242481
467.28763157,0.02580721
467.50961531,0.02327560
467.73161303,0.02340011
467.95362472,0.02149102
468.17565038,0.02657499
468.39769001,0.02136652
468.61974360,0.01939518
468.84181116,0.02043273
469.06389267,0.02825582
469.28598814,0.01850289
469.50809757,0.02539219
469.73022094,0.02694851
469.95235827,0.02366987
470.17450954,0.02010071
470.39667475,0.01900091
470.61885390,0.02273608
470.84104699,0.02425089
471.06325402,0.02570346
471.28547498,0.01765210
471.50770986,0.02362837
471.72995867,0.01808787
471.95222141,0.01725784
472.17449806,0.01850289
472.39678864,0.01412445
472.61909313,0.01686357
472.84141153,0.01383394
473.06374384,0.02605622
473.28609005,0.02257007
473.50845017,0.01866890
473.73082420,0.01999696
473.95321212,0.01746535
474.17561393,0.01927067
474.39802964,0.01910467
474.62045924,0.02097225
474.84290273,0.01360568
475.06536010,0.02385663
475.28783136,0.02076474
475.51031649,0.02165703
475.73281550,0.01690507
475.95532838,0.01416595
476.17785513,0.01588828
476.40039575,0.01771436
476.62295024,0.01630330
476.84551859,0.02032897
477.06810080,0.01983095
477.29069686,0.01852364
477.51330678,0.01927067
477.73593055,0.02169853
477.95856817,0.01671831
478.18121963,0.01943668
478.40388494,0.02122126
478.62656409,0.02302659
478.84925707,0.01858589
479.07196389,0.02093075
479.29468455,0.01945743
479.51741903,0.02564120
479.74016733,0.01719558
479.96292946,0.01827463
480.18570542,0.01945743
480.40849519,0.01632405
480.63129877,0.02176078
480.85411617,0.01958194
481.07694738,0.01727859
481.29979239,0.01912542
481.52265121,0.01702958
481.74552383,0.01804637
481.96841025,0.01727859
482.19131046,0.01937443
482.41422447,0.01574302
482.63715227,0.01935368
482.86009385,0.01518275
483.08304922,0.01559776
483.30601837,0.01458097
483.52900130,0.01767286
483.75199801,0.01572227
483.97500849,0.01788036
484.19803274,0.01819163
484.42107076,0.01412445
484.64412255,0.01966494
484.86718810,0.01748610
485.09026741,0.01186260
485.31336047,0.01414520
485.53646729,0.01499599
485.75958786,0.01389619
485.98272218,0.01323216
486.20587024,0.00835570
486.42903205,0.01476773
486.65220760,0.01200786
486.87539689,0.01987245
487.09859991,0.01673906
487.32181666,0.01456022
487.54504715,0.01871040
487.76829136,0.01464322
487.99154929,0.01978945
488.21482094,0.01738234
488.43810631,0.01734084
488.66140540,0.02360761
488.88471820,0.02194754
489.10804471,0.02180229
489.33138493,0.02669950
489.55473885,0.02615998
489.77810647,0.02680325
490.00148780,0.02854633
490.22488281,0.02638824
490.44829153,0.03084968
490.67171393,0.02987439
490.89515002,0.03234375
491.11859979,0.03294552
491.34206325,0.03558089
491.56554038,0.03284177
491.78903120,0.03358880
492.01253568,0.02817281
492.23605384,0.03292477
492.45958567,0.03329829
492.68313116,0.03238525
492.90669031,0.02925186
493.13026312,0.02632598
493.35384960,0.02852558
493.57744972,0.02234181
493.80106350,0.02381512
494.02469092,0.02452065
494.24833200,0.02497717
494.47198671,0.02755029
494.69565507,0.01875190
494.91933706,0.02835957
495.14303269,0.02381512
495.36674195,0.02103450
495.59046484,0.02553745
495.81420136,0.02551670
496.03795150,0.02117976
496.26171526,0.01970644
496.48549264,0.02134577
496.70928364,0.02537144
496.93308825,0.02694851
497.15690647,0.02813131
497.38073830,0.02742578
497.60458373,0.03307003
497.82844276,0.04184766
498.05231539,0.03365105
498.27620162,0.03578840
498.50010144,0.03925380
498.72401485,0.03755222
498.94794185,0.04454528
499.17188244,0.03904629
499.39583661,0.04093462
499.61980435,0.03956506
499.84378568,0.04444152
500.06778058,0.04300971
500.29178904,0.04585259
500.51581108,0.04309272
500.73984668,0.04597709
500.96389585,0.04479429
501.18795858,0.04153640
501.41203486,0.04662037
501.63612470,0.04095537
501.86022809,0.04313422
502.08434503,0.04780317
502.30847551,0.04643361
502.53261954,0.04388125
502.75677711,0.04014609
502.98094822,0.04321722
503.20513286,0.04469053
503.42933104,0.04410951
503.65354274,0.04288521
503.87776797,0.03906704
504.10200673,0.03688819
504.32625901,0.03937830
504.55052480,0.03547713
504.77480411,0.03060067
504.99909694,0.03070442
505.22340327,0.03668069
505.44772312,0.03371331
505.67205646,0.03076668
505.89640331,0.03452259
506.12076366,0.03163821
506.34513750,0.03215699
506.56952484,0.02875384
506.79392567,0.02858783
507.01833999,0.02987439
507.24276779,0.03037241
507.46720907,0.03093268
507.69166384,0.03028941
507.91613208,0.03055917
508.14061380,0.03124395
508.36510898,0.03033091
508.58961764,0.03429433
508.81413976,0.03556014
509.03867534,0.03695045
509.26322439,0.03317378
509.48778689,0.03057992
509.71236285,0.03686744
509.93695226,0.03437733
510.16155512,0.03670144
510.38617142,0.03821625
510.61080117,0.03614116
510.83544436,0.03707495
511.06010099,0.03937830
511.28477105,0.04512630
511.50945454,0.04321722
511.73415147,0.04132889
511.95886182,0.03829926
512.18358560,0.03844451
512.40832280,0.03336054
512.63307341,0.03724096
512.85783745,0.03686744
513.08261489,0.03466785
513.30740575,0.03682594
513.53221001,0.03798799
513.75702768,0.03811250
513.98185875,0.03282102
514.20670322,0.03026866
514.43156109,0.03325679
514.65643235,0.03087043
514.88131700,0.02960463
515.10621504,0.03948206
515.33112647,0.03319453
515.55605128,0.03545638
515.78098946,0.03425283
516.00594103,0.03435658
516.23090597,0.03219849
516.45588428,0.03782198
516.68087596,0.03140995
516.90588100,0.03383781
517.13089941,0.03109869
517.35593118,0.03250975
517.58097631,0.03051767
517.80603479,0.03257201
518.03110663,0.02819356
518.25619181,0.03097419
518.48129034,0.02742578
518.70640222,0.02985364
518.93152743,0.03246825
519.15666598,0.03192873
519.38181787,0.02692776
519.60698310,0.03315303
519.83216165,0.02952162
520.05735353,0.02510168
520.28255873,0.02427164
520.50777726,0.02404338
520.73300910,0.02757104
520.95825426,0.02767479
521.18351273,0.03062142
521.40878452,0.02811056
521.63406961,0.02555820
521.85936801,0.02545444
522.08467971,0.02294359
522.31000471,0.02373212
522.53534300,0.02599397
522.76069459,0.02748803
522.98605947,0.02759179
523.21143764,0.02987439
523.43682910,0.03060067
523.66223383,0.03037241
523.88765185,0.02991589
524.11308315,0.03182497
524.33852772,0.03238525
524.56398556,0.02570346
524.78945667,0.03149296
525.01494104,0.02960463
525.24043868,0.03138920
525.46594959,0.03304928
525.69147374,0.04215892
525.91701116,0.03553939
526.14256182,0.03136845
526.36812574,0.02769554
526.59370290,0.02945937
526.81929331,0.02636748
527.04489696,0.02649199
527.27051384,0.02779930
527.49614396,0.02510168
527.72178732,0.02410564
527.94744390,0.02346236
528.17311372,0.02252857
528.39879675,0.02624298
528.62449301,0.02377362
528.85020249,0.03082893
529.07592518,0.02642974
529.30166109,0.02647124
529.52741021,0.03132695
529.75317254,0.03508287
529.97894807,0.02586946
530.20473680,0.03365105
530.43053874,0.03298702
530.65635387,0.04745041
530.88218219,0.03437733
531.10802371,0.03993858
531.33387841,0.04147414
531.55974630,0.04130814
531.78562738,0.04410951
532.01152163,0.04635061
532.23742906,0.04651661
532.46334967,0.04444152
532.68928344,0.04728440
532.91523039,0.04396425
533.14119051,0.04998202
533.36716378,0.04769942
533.59315022,0.04471129
533.81914982,0.04458678
534.04516257,0.05487923
534.27118847,0.04406801
534.49722752,0.04659962
534.72327973,0.04751266
534.94934507,0.04929724
535.17542356,0.05319841
535.40151518,0.05527350
535.62761994,0.04807293
535.85373784,0.04674487
536.07986886,0.05911241
536.30601301,0.05332291
536.53217029,0.05552251
536.75834069,0.04699389
536.98452420,0.05021028
537.21072084,0.05471322
537.43693059,0.05419445
537.66315345,0.04919348
537.88938941,0.05027253
538.11563848,0.05104031
538.34190066,0.05143458
538.56817593,0.04784467
538.79446431,0.04676563
539.02076577,0.04865396
539.24708033,0.05122707
539.47340798,0.05355117
539.69974871,0.05168359
539.92610252,0.04971225
540.15246942,0.04792768
540.37884939,0.04933874
540.60524244,0.05645630
540.83164856,0.04861246
541.05806775,0.05438121
541.28450001,0.05290789
541.51094533,0.05776361
541.73740371,0.05969344
541.96387515,0.05780511
542.19035965,0.05664306
542.41685719,0.06087624
542.64336779,0.06407188
542.86989144,0.06529618
543.09642813,0.05377943
543.32297786,0.05905016
543.54954063,0.05332291
543.77611643,0.06259857
544.00270527,0.05512824
544.22930714,0.06259857
544.45592204,0.05519049
544.68254996,0.05751459
544.90919091,0.05529425
545.13584487,0.06035747
545.36251185,0.05651855
545.58919184,0.05591678
545.81588485,0.05240987
546.04259086,0.05573002
546.26930988,0.05492073
546.49604191,0.06120826
546.72278693,0.05573002
546.94954495,0.05998395
547.17631596,0.05950668
547.40309997,0.06604322
547.62989696,0.06220430
547.85670694,0.06818056
548.08352991,0.07822400
548.31036585,0.06660349
548.53721477,0.07073292
548.76407667,0.07533962
548.99095154,0.07359655
549.21783938,0.06994439
549.44474018,0.07027640
549.67165395,0.07374180
549.89858069,0.07567164
550.12552038,0.07278726
550.35247302,0.07251750
550.57943862,0.07210248
550.80641717,0.07210248
551.03340866,0.07174972
551.26041310,0.07872202
551.48743048,0.08036134
551.71446081,0.07932380
551.94150406,0.08538306
552.16856025,0.08758266
552.39562937,0.08911822
552.62271142,0.08554907
552.84980640,0.08712614
553.07691429,0.08754116
553.30403511,0.08664887
553.53116884,0.09272888
553.75831549,0.08824669
553.98547505,0.09274963
554.21264752,0.09177434
554.43983289,0.09146308
554.66703116,0.09509449
554.89424234,0.09447196
555.12146641,0.09708657
555.34870338,0.09629804
555.57595324,0.10156877
555.80321599,0.10094624
556.03049162,0.10279307
556.25778014,0.09841463
556.48508154,0.10970312
556.71239582,0.11424757
556.93972297,0.10903909
557.16706300,0.10393437
557.39441589,0.10922585
557.62178165,0.11466259
557.84916028,0.10727527
558.07655177,0.11090668
558.30395611,0.11117644
558.53137331,0.11335528
558.75880337,0.11744321
558.98624627,0.11939380
559.21370202,0.11976731
559.44117062,0.12113687
559.66865206,0.12557757
559.89614634,0.12717539
560.12365345,0.12441552
560.35117340,0.12480978
560.57870618,0.12331572
560.80625179,0.12105387
561.03381022,0.12354398
561.26138148,0.13028802
561.48896555,0.13211410
561.71656244,0.13481172
561.94417215,0.13435520
562.17179467,0.12979000
562.39942999,0.13472872
562.62707812,0.13396093
562.85473906,0.14124450
563.08241279,0.14273857
563.31009933,0.13844313
563.53779866,0.14894309
563.76551078,0.14321584
563.99323568,0.14659823
564.22097338,0.14265556
564.44872386,0.14734527
564.67648712,0.14531168
564.90426316,0.14485516
565.13205197,0.14182553
565.35985356,0.13981269
565.58766792,0.14439864
565.81549504,0.14375536
566.04333493,0.14910909
566.27118758,0.13618128
566.49905298,0.13738483
566.72693115,0.13454196
566.95482207,0.13657555
567.18272573,0.13508148
567.41064215,0.13560025
567.63857131,0.13311015
567.86651321,0.13329690
568.09446785,0.13126332
568.32243523,0.13759234
568.55041534,0.13072379
568.77840819,0.13798661
569.00641376,0.12661511
569.23443206,0.13313090
569.46246308,0.13244612
569.69050682,0.13242537
569.91856327,0.13134632
570.14663244,0.13300639
570.37471433,0.12707163
570.60280892,0.12819218
570.83091622,0.12165565
571.05903622,0.12705088
571.28716892,0.12495504
571.51531432,0.12812993
571.74347241,0.13057854
571.97164320,0.12236118
572.19982667,0.11955980
572.42802284,0.11777523
572.65623168,0.11572089
572.88445321,0.12109537
573.11268742,0.11329303
573.34093430,0.10777329
573.56919385,0.11065767
573.79746608,0.10522093
574.02575097,0.11082367
574.25404853,0.10576045
574.48235874,0.10663199
574.71068162,0.10796005
574.93901715,0.10466065
575.16736534,0.10912210
575.39572618,0.11069917
575.62409966,0.11377030
575.85248579,0.11196497
576.08088456,0.11339678
576.30929597,0.11862601
576.53772002,0.11480785
576.76615671,0.12007858
576.99460602,0.11706970
577.22306796,0.11565863
577.45154253,0.12109537
577.68002972,0.11945605
577.90852953,0.11719420
578.13704196,0.11742246
578.36556700,0.12078411
578.59410465,0.12238193
578.82265492,0.11671693
579.05121779,0.11547188
579.27979326,0.11246299
579.50838133,0.10611322
579.73698201,0.10646598
579.96559527,0.10603021
580.19422113,0.10177628
580.42285958,0.09766760
580.65151062,0.10248181
580.88017424,0.10279307
581.10885044,0.09999170
581.33753922,0.10522093
581.56624057,0.09791661
581.79495450,0.09667155
582.02368100,0.09291564
582.25242007,0.10055197
582.48117170,0.09945218
582.70993589,0.10312509
582.93871264,0.10426639
583.16750195,0.10277232
583.39630381,0.09600753
583.62511822,0.09920317
583.85394518,0.09752234
584.08278469,0.10057273
584.31163674,0.09772985
584.54050133,0.09619428
584.76937845,0.09702432
584.99826811,0.09785436
585.22717030,0.10366461
585.45608502,0.09992945
585.68501226,0.10831281
585.91395203,0.11036715
586.14290432,0.11101043
586.37186912,0.11061616
586.60084644,0.12063885
586.82983628,0.12391749
587.05883862,0.13035028
587.28785347,0.13240462
587.51688082,0.13450046
587.74592067,0.13105581
587.97497302,0.12929198
588.20403787,0.13452121
588.43311520,0.13900340
588.66220503,0.13927316
588.89130735,0.13740558
589.12042215,0.13734333
589.34954943,0.14267631
589.57868919,0.13670005
589.80784142,0.14553994
590.03700613,0.13902415
590.26618331,0.13883740
590.49537296,0.14053897
590.72457507,0.13690756
590.95378964,0.13862989
591.18301667,0.14321584
591.41225616,0.13852613
591.64150811,0.13688681
591.87077250,0.14605871
592.10004934,0.15120494
592.32933863,0.14912985
592.55864036,0.14232355
592.78795453,0.13985419
593.01728114,0.14595496
593.24662018,0.14022771
593.47597165,0.14070498
593.70533555,0.13597377
593.93471188,0.14259331
594.16410063,0.13547575
594.39350180,0.13055778
594.62291539,0.13059929
594.85234140,0.13284038
595.08177981,0.13595302
595.31123064,0.13041253
595.54069387,0.13026727
595.77016951,0.13313090
595.99965755,0.12810918
596.22915798,0.13138782
596.45867081,0.12464378
596.68819604,0.13078604
596.91773365,0.12912597
597.14728365,0.13493623
597.37684603,0.13425145
597.60642080,0.13240462
597.83600795,0.13831862
598.06560747,0.13773760
598.29521936,0.13350441
598.52484363,0.14564369
598.75448026,0.14537393
598.98412926,0.15191047
599.21379062,0.15962980
599.44346434,0.16736989
599.67315042,0.16685112
599.90284885,0.17266137
600.13255963,0.18388761
600.36228276,0.18322358
600.59201824,0.18226904
600.82176606,0.18830756
601.05152622,0.19021664
601.28129871,0.19249924
601.51108354,0.21175608
601.74088070,0.21088454
601.97069019,0.21308414
602.20051201,0.21401793
602.43034615,0.21011676
602.66019261,0.20955648
602.89005139,0.21901890
603.11992249,0.23041114
603.34980589,0.24821542
603.57970161,0.25844562
603.80960963,0.26741001
604.03952996,0.28201865
604.26946259,0.29714606
604.49940751,0.30961735
604.72936474,0.30774977
604.95933425,0.31038514
605.18931606,0.30934759
605.41931015,0.31239797
605.64931653,0.31837424
605.87933519,0.32154912
606.10936612,0.33586725
606.33940934,0.33009850
606.56946483,0.34883657
606.79953259,0.34323382
607.02961261,0.35018537
607.25970490,0.35900451
607.48980946,0.36543729
607.71992627,0.35348477
607.95005534,0.35624464
608.18019667,0.36251141
608.41035024,0.37157956
608.64051607,0.37373765
608.87069414,0.37821985
609.10088445,0.37182857
609.33108700,0.37195308
609.56130179,0.37736906
609.79152882,0.38552417
610.02176808,0.38751625
610.25201956,0.38907257
610.48228328,0.39805772
610.71255921,0.38232853
610.94284737,0.38000443
611.17314775,0.37205683
611.40346034,0.36576931
611.63378514,0.36054008
611.86412215,0.35265473
612.09447137,0.33709155
612.32483280,0.32686136
612.55520642,0.30569543
612.78559225,0.28629333
613.01599027,0.27276374
613.24640048,0.25944166
613.47682288,0.24769665
613.70725747,0.23970755
613.93770425,0.22287857
614.16816321,0.22018095
614.39863434,0.21113355
614.62911766,0.21094679
614.85961314,0.21053178
615.09012080,0.21086379
615.32064063,0.20831143
615.55117262,0.21163157
615.78171677,0.21908115
616.01227308,0.22833605
616.24284156,0.22391611
616.47342218,0.22406137
616.70401496,0.23080541
616.93461988,0.23539136
617.16523695,0.24499903
617.39586617,0.23454057
617.62650752,0.23765321
617.85716101,0.22781728
618.08782664,0.22661373
618.31850440,0.22723626
618.54919429,0.22433113
618.77989630,0.22146750
619.01061044,0.21814736
619.24133670,0.21665329
619.47207508,0.21513848
619.70282557,0.20743989
619.93358818,0.20897546
620.16436289,0.19521761
620.39514972,0.19299726
620.62594864,0.18133525
620.85675967,0.18239355
621.08758280,0.17286888
621.31841802,0.16811692
621.54926534,0.16749440
621.78012475,0.15948455
622.01099624,0.15933929
622.24187982,0.15603990
622.47277549,0.15487785
622.70368323,0.14832056
622.93460305,0.13651329
623.16553494,0.13273663
623.39647890,0.12003707
623.62743493,0.12159339
623.85840303,0.12047284
624.08938319,0.11702819
624.32037541,0.11312702
624.55137968,0.11769222
624.78239602,0.11157071
625.01342440,0.11242149
625.24446483,0.11401931
625.47551731,0.11246299
625.70658183,0.11090668
625.93765839,0.11084442
626.16874699,0.11213098
626.39984763,0.10405888
626.63096029,0.10949561
626.86208499,0.10949561
627.09322171,0.10812605
627.32437046,0.11065767
627.55553123,0.10683950
627.78670401,0.10497192
628.01788882,0.10505492
628.24908563,0.11119719
628.48029446,0.10532468
628.71151529,0.11240074
628.94274813,0.11885427
629.17399296,0.12821293
629.40524980,0.12866945
629.63651863,0.13186509
629.86779946,0.13225936
630.09909228,0.13653405
630.33039709,0.14292532
630.56171388,0.15678693
630.79304265,0.15033340
631.02438340,0.16097861
631.25573613,0.17191434
631.48710084,0.18778878
631.71847751,0.19658717
631.94986615,0.20926597
632.18126676,0.21540824
632.41267933,0.22171651
632.64410387,0.20644385
632.87554035,0.20326896
633.10698880,0.20870570
633.33844919,0.20899621
633.56992154,0.22260880
633.80140583,0.23186371
634.03290207,0.23918878
634.26441024,0.24035083
634.49593035,0.24199015
634.72746240,0.24282019
634.95900638,0.23404255
635.19056229,0.23713444
635.42213013,0.24445951
635.65370989,0.24479152
635.88530158,0.24964723
636.11690518,0.25056027
636.34852069,0.25792685
636.58014812,0.26657997
636.81178746,0.27170545
637.04343871,0.27622915
637.27510187,0.27915502
637.50677692,0.29455220
637.73846387,0.29868163
637.97016272,0.30227153
638.20187347,0.30200177
638.43359610,0.29986443
638.66533062,0.30490690
638.89707703,0.31219047
639.12883532,0.30895332
639.36060549,0.31615389
639.59238754,0.31475546
639.82418146,0.31992365
640.05598725,0.29657316
640.28780491,0.30334784
640.51963444,0.30757051
640.75147583,0.29971724
640.98332908,0.29586440
641.21519419,0.29089771
641.44707115,0.28860197
641.67895997,0.27635756
641.91086063,0.27294555
642.14277314,0.26774273
642.37469750,0.25889203
642.60663369,0.25197168
642.83858172,0.25378543
643.07054159,0.25874548
643.30251329,0.26060636
643.53449683,0.27064384
643.76649218,0.27537392
643.99849937,0.28051036
644.23051837,0.28380653
644.46254919,0.27205702
644.69459183,0.27545836
644.92664628,0.27619258
645.15871254,0.27365858
645.39079061,0.26513363
645.62288049,0.26588967
645.85498217,0.26131804
646.08709564,0.26202225
646.31922091,0.25723839
646.55135798,0.25587735
646.78350684,0.25426903
647.01566748,0.24990019
647.24783991,0.24910182
647.48002413,0.25114396
647.71222012,0.25950597
647.94442789,0.24951647
648.17664744,0.24771225
648.40887875,0.24967369
648.64112184,0.23932256
648.87337669,0.23664487
649.10564331,0.23010910
649.33792168,0.23279764
649.57021181,0.23122861
649.80251370,0.23297238
650.03482734,0.23991461
650.26715273,0.24529808
650.49948987,0.23824264
650.73183875,0.23836878
650.96419937,0.22474377
651.19657173,0.22711778
651.42895582,0.22979539
651.66135165,0.22906176
651.89375921,0.22146020
652.12617849,0.22096081
652.35860950,0.22608264
652.59105224,0.23624173
652.82350669,0.23535334
653.05597285,0.24294990
653.28845073,0.23715977
653.52094032,0.23980936
653.75344162,0.24855078
653.98595462,0.24753570
654.21847933,0.24161657
654.45101573,0.24827693
654.68356383,0.26327906
654.91612363,0.26664945
655.14869511,0.26117319
655.38127829,0.27756280
655.61387315,0.28667324
655.84647969,0.28447581
656.07909792,0.29588182
656.31172782,0.29882367
656.54436939,0.28452654
656.77702264,0.27900575
657.00968756,0.27935587
657.24236414,0.28461958
657.47505238,0.28532929
657.70775229,0.29137168
657.94046385,0.29831032
658.17318707,0.29133176
658.40592195,0.29477103
658.63866847,0.28841074
658.87142663,0.29529490
659.10419645,0.30365004
659.33697790,0.29782641
659.56977099,0.30735514
659.80257572,0.29865415
660.03539208,0.29979668
660.26822007,0.28833223
660.50105969,0.28774668
660.73391093,0.29971218
660.96677380,0.29725232
661.19964828,0.30351506
661.43253438,0.30976184
661.66543209,0.32252011
661.89834142,0.32619263
662.13126235,0.32500847
662.36419489,0.34086264
662.59713903,0.35700995
662.83009477,0.34918785
663.06306210,0.34223435
663.29604103,0.34497802
663.52903155,0.33918378
663.76203367,0.32278459
663.99504736,0.32236043
664.22807264,0.31285543
664.46110950,0.30474700
664.69415794,0.30581239
664.92721795,0.29510084
665.16028953,0.30354425
665.39337269,0.31042708
665.62646740,0.30794692
665.85957369,0.30468863
666.09269153,0.30505958
666.32582093,0.31205902
666.55896189,0.29381074
666.79211440,0.28982099
667.02527846,0.29214509
667.25845406,0.27745345
667.49164121,0.27156019
667.72483991,0.26687049
667.95805014,0.26438038
668.19127190,0.25597626
668.42450520,0.25551974
668.65775003,0.24939822
668.89100639,0.25784384
669.12427427,0.26027170
669.35755368,0.24983399
669.59084460,0.25271837
669.82414704,0.26382010
670.05746099,0.26041695
670.29078646,0.27909277
670.52412343,0.28529729
670.75747191,0.28697811
670.99083189,0.30086047
671.22420337,0.31571812
671.45758635,0.32304319
671.69098082,0.33144731
671.92438678,0.34516366
672.15780424,0.34464488
672.39123317,0.34109648
672.62467360,0.35566361
672.85812550,0.36381872
673.09158888,0.38216252
673.32506373,0.37900838
673.55855006,0.39141743
673.79204785,0.39423955
674.02555712,0.39751819
674.25907784,0.39637689
674.49261003,0.39274548
674.72615367,0.39778795
674.95970878,0.41526022
675.19327533,0.41413967
675.42685333,0.43412279
675.66044278,0.43034613
675.89404368,0.45134604
676.12765601,0.45433417
676.36127979,0.46742799
676.59491500,0.46900506
676.82856165,0.47006336
677.06221972,0.46443986
677.29588922,0.46122347
677.52957015,0.46856929
677.76326250,0.45649227
677.99696627,0.43835597
678.23068146,0.44418698
678.46440806,0.43839748
678.69814607,0.41330963
678.93189549,0.40899344
679.16565631,0.39262098
679.39942854,0.37342639
679.63321217,0.37641452
679.86700720,0.36817641
680.10081361,0.36425449
680.33463143,0.36350746
680.56846063,0.35497883
680.80230121,0.35331876
681.03615318,0.35649365
681.27001653,0.35564286
681.50389126,0.36792740
681.73777736,0.36537504
681.97167484,0.36234541
682.20558368,0.36228315
682.43950390,0.36581081
682.67343547,0.35568436
682.90737841,0.34835930
683.14133270,0.33916664
683.37529836,0.32530504
683.60927536,0.30999087
683.84326371,0.30034170
684.07726341,0.28606507
684.31127446,0.28023407
684.54529685,0.27925878
684.77933057,0.27498409
685.01337564,0.27073016
685.24743203,0.28291094
685.48149976,0.28969648
685.71557881,0.29963617
685.94966919,0.30544642
686.18377090,0.31125667
686.41788392,0.32076059
686.65200826,0.33485046
686.88614391,0.34422986
687.12029088,0.34881581
687.35444915,0.35327726
687.58861873,0.34977036
687.82279961,0.35373378
688.05699179,0.34871206
688.29119527,0.34665772
688.52541004,0.35219821
688.75963611,0.34804803
688.99387346,0.35219821
689.22812210,0.35858949
689.46238203,0.35962704
689.69665323,0.35286224
689.93093571,0.37072877
690.16522947,0.36570705
690.39953450,0.37572974
690.63385080,0.37292837
690.86817837,0.38365659
691.10251720,0.38183051
691.33686730,0.39998755
691.57122865,0.39706167
691.80560125,0.41472069
692.03998511,0.40793515
692.27438023,0.42576017
692.50878658,0.41644302
692.74320419,0.42806353
692.97763303,0.43569986
693.21207312,0.45223833
693.44652444,0.45198932
693.68098699,0.46599618
693.91546077,0.47579061
694.14994579,0.48371746
694.38444203,0.47025012
694.61894949,0.47614337
694.85346817,0.48346844
695.08799806,0.48614531
695.32253918,0.48402872
695.55709150,0.50658495
695.79165503,0.50442686
696.02622977,0.50585867
696.26081571,0.51364026
696.49541285,0.53549097
696.73002119,0.53244058
696.96464072,0.54281604
697.19927145,0.52820740
697.43391336,0.54227651
697.66856647,0.53289710
697.90323075,0.51974103
698.13790622,0.52945245
698.37259286,0.53156905
698.60729068,0.54972609
698.84199967,0.53798108
699.07671984,0.56163711
699.31145117,0.59444429
699.54619366,0.60029605
699.78094731,0.60635531
700.01571213,0.62299754
700.25048810,0.63061312
700.48527522,0.64947569
700.72007349,0.63391251
700.95488292,0.65854384
701.18970348,0.67089063
701.42453519,0.68664057
701.65937804,0.70060593
701.89423202,0.71228869
702.12909714,0.70525413
702.36397339,0.71565033
702.59886077,0.72125308
702.83375927,0.71909498
703.06866889,0.72563152
703.30358964,0.70996459
703.53852150,0.69355062
703.77346448,0.69272058
704.00841857,0.67362975
704.24338376,0.69133027
704.47836007,0.68533326
704.71334748,0.69106051
704.94834598,0.69147553
705.18335559,0.69263758
705.41837629,0.68525026
705.65340808,0.68199236
705.88845096,0.68392220
706.12350493,0.70089644
706.35856998,0.69585397
706.59364612,0.69761780
706.82873333,0.73453366
707.06383161,0.75924799
707.29894097,0.76350192
707.53406141,0.80224386
707.76919290,0.80651855
708.00433546,0.85320809
708.23948909,0.86777523
708.47465377,0.88487397
708.70982951,0.89157652
708.94501630,0.88072379
709.18021414,0.87497579
709.41542303,0.87397975
709.65064297,0.86096893
709.88587395,0.86364580
710.12111597,0.85026146
710.35636902,0.82174972
710.59163311,0.80963119
710.82690823,0.79510555
711.06219437,0.77447915
711.29749155,0.77979138
711.53279974,0.75893672
711.76811896,0.76184185
712.00344920,0.75738041
712.23879044,0.75829345
712.47414270,0.75379050
712.70950597,0.75545057
712.94488025,0.75221343
713.18026553,0.76854439
713.41566181,0.75572033
713.65106908,0.76078355
713.88648736,0.77935562
714.12191662,0.77348311
714.35735688,0.74555239
714.59280812,0.73378663
714.82827034,0.73509393
715.06374355,0.72233213
715.29922774,0.71928174
715.53472290,0.70768199
715.77022903,0.71255845
716.00574614,0.71668788
716.24127421,0.71361674
716.47681324,0.72268489
716.71236324,0.72517500
716.94792420,0.72741610
717.18349611,0.71672938
717.41907898,0.73723128
717.65467280,0.73994964
717.89027757,0.74001190
718.12589328,0.74461860
718.36151993,0.75065711
718.59715752,0.72762361
718.83280605,0.71131339
719.06846552,0.68595579
719.30413591,0.67819495
719.53981724,0.65613673
719.77550949,0.64993221
720.01121266,0.64769112
720.24692676,0.65128102
720.48265177,0.66420884
720.71838769,0.66854578
720.95413453,0.64997372
721.18989228,0.64837590
721.42566093,0.64524251
721.66144049,0.64347868
721.89723095,0.63028111
722.13303231,0.63517832
722.36884456,0.62266552
722.60466770,0.63883048
722.84050173,0.63270896
723.07634666,0.62071494
723.31220246,0.61552721
723.54806915,0.63430678
723.78394671,0.61963589
724.01983515,0.63071687
724.25573447,0.61303710
724.49164465,0.60911518
724.72756571,0.60525551
724.96349762,0.58703622
725.19944040,0.57614199
725.43539404,0.56051656
725.67135854,0.52976372
725.90733388,0.49961265
726.14332008,0.48398722
726.37931713,0.47211770
726.61532503,0.45553773
726.85134376,0.44885593
727.08737334,0.43887475
727.32341375,0.42395485
727.55946500,0.41117229
727.79552708,0.41038375
728.03159998,0.41384915
728.26768372,0.41569599
728.50377827,0.42312481
728.73988365,0.44140636
728.97599985,0.43094790
729.21212686,0.43406054
729.44826468,0.44196663
729.68441331,0.43414354
729.92057275,0.42244003
730.15674299,0.41393216
730.39292403,0.41183632
730.62911587,0.39102316
730.86531851,0.38672772
731.10153194,0.37166256
731.33775616,0.36078909
731.57399117,0.34875356
731.81023696,0.32432975
732.04649353,0.31654816
732.28276088,0.30550867
732.51903901,0.30034170
732.75532791,0.29339014
732.99162758,0.28309770
733.22793802,0.28409374
733.46425923,0.27658191
733.70059119,0.26917384
733.93693392,0.26292781
734.17328740,0.26460864
734.40965164,0.26191102
734.64602662,0.25361066
734.88241236,0.25578950
735.11880884,0.26639322
735.35521607,0.25867388
735.59163403,0.25029051
735.82806273,0.25466895
736.06450217,0.25859088
736.30095234,0.25776084
736.53741323,0.26213928
736.77388486,0.26728550
737.01036720,0.26533492
737.24686027,0.27104142
737.48336406,0.27977755
737.71987856,0.28633484
737.95640377,0.29480121
738.19293969,0.29967767
738.42948632,0.30575768
738.66604365,0.31366378
738.90261169,0.31658966
739.13919042,0.33335639
739.37577985,0.34005893
739.61237997,0.32899870
739.84899078,0.33202833
740.08561228,0.32767064
740.32224446,0.31600863
740.55888732,0.29606701
740.79554087,0.27990206
741.03220509,0.27205821
741.26887998,0.26039620
741.50556555,0.25591401
741.74226178,0.24927372
741.97896868,0.24562156
742.21568624,0.23205047
742.45241446,0.21823036
742.68915333,0.21092604
742.92590286,0.20795866
743.16266304,0.19554962
743.39943387,0.18758127
743.63621535,0.19152395
743.87300747,0.18978087
744.10981023,0.18291232
744.34662363,0.18772653
744.58344766,0.19366129
744.82028232,0.19689843
745.05712761,0.19573638
745.29398353,0.19984506
745.53085007,0.20021858
745.76772724,0.20270868
746.00461502,0.19905653
746.24151341,0.18805855
746.47842242,0.18569294
746.71534204,0.19376504
746.95227227,0.19092217
747.18921310,0.19160695
747.42616453,0.18787179
747.66312656,0.19330852
747.90009918,0.18405362
748.13708240,0.19613065
748.37407621,0.19430457
748.61108061,0.19801898
748.84809559,0.19550812
749.08512115,0.19760396
749.32215730,0.19380655
749.55920401,0.19274825
749.79626131,0.19586089
750.03332917,0.20262568
750.27040760,0.19121268
750.50749660,0.20675511
750.74459616,0.20167114
750.98170628,0.19693993
751.21882695,0.20129762
751.45595818,0.19737570
751.69309997,0.21146557
751.93025230,0.21080154
752.16741517,0.20073735
752.40458859,0.19704369
752.64177256,0.18911684
752.87896705,0.19731345
753.11617209,0.18590045
753.35338765,0.19007138
753.59061374,0.18368010
753.82785037,0.19658717
754.06509751,0.19444982
754.30235518,0.20152588
754.53962336,0.20714938
754.77690206,0.21100905
755.01419127,0.21984893
755.25149099,0.22787953
755.48880122,0.22989237
755.72612195,0.23238248
755.96345319,0.23501785
756.20079492,0.23636665
756.43814715,0.22843981
756.67550987,0.23234098
756.91288309,0.21955842
757.15026679,0.21796060
757.38766097,0.21982818
757.62506564,0.21349916
757.86248079,0.20907921
758.09990641,0.19552887
758.33734251,0.19125418
758.57478908,0.18407437
758.81224612,0.18152201
759.04971362,0.17448745
759.28719159,0.16793017
759.52468001,0.15392330
759.76217889,0.15616440
759.99968823,0.14361010
760.23720802,0.14080873
760.47473826,0.13427220
760.71227894,0.13115956
760.94983007,0.13136707
761.18739164,0.12373074
761.42496364,0.11358354
761.66254608,0.11995407
761.90013895,0.12119913
762.13774226,0.12800542
762.37535598,0.12231967
762.61298014,0.12943724
762.85061471,0.13846388
763.08825970,0.15525136
763.32591511,0.16448552
763.56358093,0.17421769
763.80125716,0.17496472
764.03894380,0.17786985
764.27664084,0.18453089
764.51434829,0.17504773
764.75206613,0.18683424
764.98979437,0.19106743
765.22753300,0.18994688
765.46528203,0.19905653
765.70304144,0.20461777
765.94081124,0.20870570
766.17859142,0.21607227
766.41638197,0.22026395
766.65418291,0.22532717
766.89199422,0.22509891
767.12981590,0.21318789
767.36764795,0.21642503
767.60549036,0.21129956
767.84334314,0.21345765
768.08120628,0.20959799
768.31907977,0.20621559
768.55696362,0.20930747
768.79485782,0.20990925
769.03276238,0.20806242
769.27067727,0.21385192
769.50860251,0.21275212
769.74653809,0.22740226
769.98448401,0.23080541
770.22244027,0.22727776
770.46040685,0.23126193
770.69838377,0.22956036
770.93637101,0.23063940
771.17436858,0.22630247
771.41237647,0.22472540
771.65039468,0.21972443
771.88842320,0.21578176
772.12646204,0.20978474
772.36451118,0.20289544
772.60257064,0.20484603
772.84064039,0.19465733
773.07872045,0.19884902
773.31681081,0.19351603
773.55491147,0.18673049
773.79302242,0.17909415
774.03114366,0.17411394
774.26927519,0.17708132
774.50741700,0.16967324
774.74556910,0.16436101
774.98373147,0.16990150
775.22190413,0.17652104
775.46008705,0.17158233
775.69828025,0.17098055
775.93648372,0.18073348
776.17469745,0.17762084
776.41292145,0.17950917
776.65115570,0.17513073
776.88940022,0.18434413
777.12765499,0.17168608
777.36592001,0.18073348
777.60419528,0.17475721
777.84248079,0.17282738
778.08077655,0.17376117
778.31908256,0.17201809
778.55739879,0.15790748
778.79572527,0.15821874
779.03406198,0.15172371
779.27240891,0.15037490
779.51076608,0.14398362
779.74913346,0.14358935
779.98751107,0.14713776
780.22589890,0.15838475
780.46429695,0.13539275
780.70270520,0.14265556
780.94112367,0.13547575
781.17955235,0.14107849
781.41799123,0.13176134
781.65644031,0.13929392
781.89489959,0.13171984
782.13336907,0.13232161
782.37184874,0.12557757
782.61033861,0.12339872
782.84883866,0.12790167
783.08734890,0.12329497
783.32586931,0.12225742
783.56439991,0.12534931
783.80294069,0.12559832
784.04149164,0.13230086
784.28005276,0.13574551
784.51862406,0.14537393
784.75720551,0.14458540
784.99579713,0.14240655
785.23439891,0.14431564
785.47301085,0.14072573
785.71163295,0.14255181
785.95026519,0.14869408
786.18890759,0.14394212
786.42756013,0.14296683
786.66622282,0.14298758
786.90489564,0.14645298
787.14357861,0.14479291
787.38227171,0.14886008
787.62097494,0.13885815
787.85968831,0.14551919
788.09841180,0.13526824
788.33714541,0.13968818
788.57588915,0.13937692
788.81464301,0.14199153
789.05340698,0.13728108
789.29218106,0.13626428
789.53096526,0.13883740
789.76975956,0.13811111
790.00856397,0.13254987
790.24737848,0.14049747
790.48620309,0.13524749
790.72503780,0.14489666
790.96388260,0.14697175
791.20273749,0.15286501
791.44160247,0.14452314
791.68047754,0.13817337
791.91936269,0.13750934
792.15825792,0.13321390
792.39716323,0.13655480
792.63607861,0.12248568
792.87500406,0.11767147
793.11393958,0.12111612
793.35288517,0.10964087
793.59184082,0.10501342
793.83080653,0.10339485
794.06978230,0.11111419
794.30876813,0.11408156
794.54776401,0.10947486
794.78676993,0.10520018
795.02578591,0.11242149
795.26481193,0.11356279
795.50384798,0.11136320
795.74289408,0.11733946
795.98195022,0.12240268
796.22101638,0.12495504
796.46009258,0.13269513
796.69917880,0.13261212
796.93827505,0.13549650
797.17738132,0.14047672
797.41649761,0.13966743
797.65562392,0.15078992
797.89476024,0.15336303
798.13390657,0.15574938
798.37306290,0.16326121
798.61222925,0.15531362
798.85140559,0.15639266
799.09059194,0.15286501
799.32978828,0.16211991
799.56899462,0.14929585
799.80821094,0.16234817
800.04743726,0.15886202
800.28667356,0.15543812
800.52591985,0.15215948
800.76517611,0.15498160
801.00444236,0.15361204
801.24371857,0.15645492
801.48300476,0.16070885
801.72230092,0.16813768
801.96160705,0.17656254
802.20092314,0.18670974
802.44024919,0.19191821
802.67958519,0.20301995
802.91893116,0.20032233
803.15828707,0.20245967
803.39765294,0.20497053
803.63702875,0.21943392
803.87641450,0.20947348
804.11581020,0.21669480
804.35521584,0.21470271
804.59463141,0.21013751
804.83405692,0.20546856
805.07349235,0.20140138
805.31293772,0.19667017
805.55239300,0.19198047
805.79185821,0.18693800
806.03133334,0.18716626
806.27081839,0.18382536
806.51031335,0.17965443
806.74981822,0.17461196
806.98933300,0.17102205
807.22885768,0.16407050
807.46839227,0.15359129
807.70793675,0.14446089
807.94749114,0.14224054
808.18705542,0.13672080
808.42662959,0.13340066
808.66621364,0.12960324
808.90580759,0.12705088
809.14541141,0.12908447
809.38502512,0.11837700
809.62464871,0.12045209
809.86428217,0.11603215
810.10392550,0.11416457
810.34357870,0.10760728
810.58324177,0.10822981
810.82291470,0.10084249
811.06259749,0.10113300
811.30229015,0.10414188
811.54199265,0.09791661
811.78170501,0.09111031
812.02142722,0.08787317
812.26115928,0.08036134
812.50090118,0.07994632
812.74065292,0.07706195
812.98041450,0.07307777
813.22018592,0.07704120
813.45996717,0.06654124
813.69975825,0.06739203
813.93955916,0.06351161
814.17936989,0.06349086
814.41919045,0.05994245
814.65902083,0.06496417
814.89886102,0.05612428
815.13871102,0.05662231
815.37857084,0.05591678
815.61844047,0.06010846
815.85831990,0.05921617
816.09820913,0.05782586
816.33810817,0.05326066
816.57801700,0.05267963
816.81793562,0.05612428
817.05786404,0.05521124
817.29780225,0.04684863
817.53775024,0.04433777
817.77770801,0.04485654
818.01767557,0.03998008
818.25765290,0.03508287
818.49764001,0.03410757
818.73763689,0.03794649
818.97764354,0.03315303
819.21765996,0.03163821
819.45768614,0.03045541
819.69772209,0.02649199
819.93776779,0.02572421
820.17782324,0.02468666
820.41788845,0.02755029
820.65796341,0.01956119
820.89804812,0.01777661
821.13814257,0.01817088
821.37824677,0.02271533
821.61836070,0.01962344
821.85848437,0.01817088
822.09861777,0.02476966
822.33876090,0.02167778
822.57891376,0.02418864
822.81907635,0.02503943
823.05924866,0.03267576
823.29943069,0.04134964
823.53962243,0.05564701
823.77982389,0.06436239
824.02003506,0.07002739
824.26025594,0.08413801
824.50048652,0.09849763
824.74072681,0.10285532
824.98097680,0.12155189
825.22123648,0.12483053
825.46150586,0.14217829
825.70178493,0.14012395
825.94207369,0.14576820
826.18237214,0.15915253
826.42268027,0.16463077
826.66299808,0.17031652
826.90332557,0.18069197
827.14366273,0.18019395
827.38400957,0.18847356
827.62436608,0.18654373
827.86473225,0.19700219
828.10510809,0.20162964
828.34549359,0.19922253
828.58588874,0.20177489
828.82629356,0.21111280
829.06670802,0.20893396
829.30713214,0.21308414
829.54756590,0.21042802
829.78800931,0.21806436
830.02846236,0.22416512
830.26892505,0.22526492
830.50939738,0.21891514
830.74987934,0.22356335
830.99037093,0.22752677
831.23087215,0.23271450
831.47138299,0.23460283
831.71190346,0.23692693
831.95243355,0.23783997
832.19297325,0.23734195
832.43352257,0.24082810
832.67408150,0.24080735
832.91465003,0.23819273
833.15522818,0.22897933
833.39581592,0.23366904
833.63641327,0.23674017
833.87702022,0.22549318
834.11763676,0.21627978
834.35826289,0.20889245
834.59889861,0.20441026
834.83954392,0.18448939
835.08019881,0.17720582
835.32086328,0.16672661
835.56153733,0.16253493
835.80222095,0.15164070
836.04291415,0.14035221
836.28361692,0.13375342
836.52432926,0.13076529
836.76505116,0.11931079
837.00578262,0.11364580
837.24652364,0.11009739
837.48727421,0.10362311
837.72803434,0.09436820
837.96880402,0.09546800
838.20958325,0.09146308
838.45037202,0.09044628
838.69117033,0.08463603
838.93197819,0.08590183
839.17279558,0.08600559
839.41362250,0.09241762
839.65445896,0.08998976
839.89530494,0.09287414
840.13616045,0.09812412
840.37702548,0.09907866
840.61790003,0.10046897
840.85878410,0.10544919
841.09967768,0.10190078
841.34058078,0.10588496
841.58149338,0.10488891
841.82241549,0.10102924
842.06334710,0.09916166
842.30428821,0.09976344
842.54523883,0.09907866
842.78619893,0.09949368
843.02716853,0.09646405
843.26814762,0.09970119
843.50913619,0.09692057
843.75013425,0.09920317
843.99114179,0.09714883
844.23215881,0.09515674
844.47318530,0.08745815
844.71422127,0.09737709
844.95526670,0.08830894
845.19632161,0.09003126
845.43738597,0.07849376
845.67845980,0.08637911
845.91954309,0.07758072
846.16063584,0.07953131
846.40173803,0.07450959
846.64284968,0.08372299
846.88397078,0.07548488
847.12510132,0.07886728
847.36624130,0.08166865
847.60739073,0.07785048
847.84854959,0.07907479
848.08971788,0.08034059
848.33089561,0.07712420
848.57208276,0.07658468
848.81327934,0.08044435
849.05448534,0.08112913
849.29570076,0.08845420
849.53692560,0.09824862
849.77815986,0.10252331
850.01940353,0.11042941
850.26065660,0.10920510
850.50191908,0.11955980
850.74319097,0.12043134
850.98447225,0.13477022
851.22576294,0.13833937
851.46706301,0.14705475
851.70837248,0.14595496
851.94969135,0.15846775
852.19101959,0.16525330
852.43235722,0.18424038
852.67370424,0.19322552
852.91506063,0.19976206
853.15642640,0.21376892
853.39780154,0.21569875
853.63918605,0.22238054
853.88057992,0.22325208
854.12198317,0.22368785
854.36339577,0.23541211
854.60481773,0.23362754
854.84624905,0.23885676
855.08768973,0.23611764
855.32913975,0.23410481
855.57059912,0.23676092
855.81206784,0.25282212
856.05354590,0.25491796
856.29503330,0.25080929
856.53653004,0.24273718
856.77803611,0.25508397
857.01955151,0.24383698
857.26107624,0.27469358
857.50261030,0.23584788
857.74415367,0.22817005
857.98570637,0.21055253
858.22726839,0.20731539
858.46883972,0.19430457
858.71042037,0.18685499
858.95201032,0.17913566
859.19360958,0.17048253
859.43521814,0.15879977
859.67683601,0.15626816
859.91846317,0.16786791
860.16009963,0.14879783
860.40174538,0.14871483
860.64340042,0.14242730
860.88506474,0.13730183
861.12673835,0.13852613
861.36842125,0.13329690
861.61011342,0.13672080
861.85181487,0.13821487
862.09352559,0.13203110
862.33524558,0.14251031
862.57697484,0.14576820
862.81871336,0.14504192
863.06046114,0.14778104
863.30221819,0.14136901
863.54398449,0.14740752
863.78576004,0.14195003
864.02754485,0.13767535
864.26933890,0.13416844
864.51114220,0.13279888
864.75295474,0.12966550
864.99477653,0.13358742
865.23660755,0.11941455
865.47844780,0.11090668
865.72029728,0.11045016
865.96215600,0.10951637
866.20402394,0.10638298
866.44590110,0.10607172
866.68778748,0.09872589
866.92968308,0.10437014
867.17158790,0.10391362
867.41350193,0.10188003
867.65542516,0.10297983
867.89735761,0.10538694
868.13929926,0.10420413
868.38125011,0.10449465
868.62321015,0.10297983
868.86517940,0.10959937
869.10715783,0.10339485
869.34914546,0.10999364
869.59114227,0.10837507
869.83314827,0.10679800
870.07516344,0.10833356
870.31718780,0.10551144
870.55922133,0.12032759
870.80126404,0.11310627
871.04331592,0.10721301
871.28537696,0.11030490
871.52744717,0.10694325
871.76952655,0.09995020
872.01161508,0.09986719
872.25371277,0.09503223
872.49581961,0.09355892
872.73793560,0.09760535
872.98006075,0.09206485
873.22219503,0.08876546
873.46433846,0.08085936
873.70649103,0.08341173
873.94865274,0.07486235
874.19082358,0.07969731
874.43300356,0.07749772
874.67519266,0.07233074
874.91739089,0.06664499
875.15959824,0.06652049
875.40181471,0.06012921
875.64404031,0.06154027
875.88627501,0.05527350
876.12851883,0.05353042
876.37077176,0.05166284
876.61303379,0.04875771
876.85530493,0.04761641
877.09758517,0.04153640
877.33987451,0.04178541
877.58217294,0.04045735
877.82448047,0.04242869
878.06679709,0.04850870
878.30912279,0.04477354
878.55145758,0.04956700
878.79380145,0.05220236
879.03615440,0.04927649
879.27851643,0.05975569
879.52088753,0.06114600
879.76326770,0.06054423
880.00565694,0.06990289
880.24805524,0.07116869
880.49046260,0.07322303
880.73287903,0.07150071
880.97530451,0.07426058
881.21773905,0.07000664
881.46018264,0.06732977
881.70263527,0.07494536
881.94509695,0.06973688
882.18756768,0.06818056
882.43004744,0.07096118
882.67253625,0.07450959
882.91503409,0.07417757
883.15754095,0.07048391
883.40005685,0.06811831
883.64258178,0.07284951
883.88511573,0.07050466
884.12765869,0.07397006
884.37021068,0.06894834
884.61277168,0.07253825
884.85534170,0.06523393
885.09792072,0.06533769
885.34050876,0.06467366
885.58310579,0.06606397
885.82571183,0.06413413
886.06832686,0.06058573
886.31095090,0.06618847
886.55358392,0.06276457
886.79622594,0.05867665
887.03887694,0.05489998
887.28153693,0.05724483
887.52420589,0.05581302
887.76688384,0.05436046
888.00957077,0.05440196
888.25226667,0.04616385
888.49497154,0.05120632
888.73768537,0.05133082
888.98040818,0.04811443
889.22313994,0.04603934
889.46588067,0.05097806
889.70863035,0.04193066
889.95138899,0.03983482
890.19415657,0.04068561
890.43693311,0.04101762
890.67971859,0.03890103
890.92251302,0.03346429
891.16531639,0.03539413
891.40812869,0.02742578
891.65094993,0.02672025
891.89378010,0.02736353
892.13661920,0.02497717
892.37946723,0.02694851
892.62232418,0.02435465
892.86519005,0.02763329
893.10806484,0.02728052
893.35094854,0.03309078
893.59384116,0.02788230
893.83674269,0.03201173
894.07965312,0.03325679
894.32257246,0.03753147
894.56550070,0.03796724
894.80843784,0.04344548
895.05138388,0.04188916
895.29433881,0.04718064
895.53730263,0.04456603
895.78027533,0.05074980
896.02325692,0.04948399
896.26624740,0.04776167
896.50924675,0.05429820
896.75225498,0.05471322
896.99527208,0.05199485
897.23829806,0.05104031
897.48133290,0.05423595
897.72437661,0.05367568
897.96742918,0.05276264
898.21049061,0.05382093
898.45356090,0.05265888
898.69664005,0.05743159
898.93972804,0.05089506
899.18282488,0.05639405
899.42593057,0.05479623
899.66904511,0.05286639
899.91216848,0.05487923
900.15530069,0.05263813
900.39844174,0.06371912
900.64159162,0.05301165
900.88475033,0.05755610
901.12791786,0.06423789
901.37109422,0.06465291
901.61427940,0.06145727
901.85747340,0.06234956
902.10067621,0.06388512
902.34388784,0.06842957
902.58710827,0.06749578
902.83033752,0.06129126
903.07357557,0.06961237
903.31682242,0.06587721
903.56007807,0.06618847
903.80334251,0.06992364
904.04661575,0.06818056
904.28989778,0.07249675
904.53318860,0.08048585
904.77648820,0.07631492
905.01979659,0.08173090
905.26311375,0.08299671
905.50643969,0.08307971
905.74977441,0.09324766
905.99311789,0.09484547
906.23647015,0.09727333
906.47983117,0.10071798
906.72320095,0.10055197
906.96657950,0.10586421
907.20996680,0.10441164
907.45336285,0.10897684
907.69676766,0.10339485
907.94018122,0.10750353
908.18360352,0.10644523
908.42703457,0.10781479
908.67047435,0.09752234
908.91392288,0.09876740
909.15738014,0.09963893
909.40084613,0.09617353
909.64432085,0.09432670
909.88780430,0.09100656
910.13129648,0.08847495
910.37479737,0.08467753
910.61830699,0.08500955
910.86182531,0.08295521
911.10535236,0.07839001
911.34888811,0.08361923
911.59243257,0.06921811
911.83598573,0.07386631
912.07954760,0.07015190
912.32311816,0.07413607
912.56669743,0.07712420
912.81028538,0.06979913
913.05388203,0.06898985
913.29748736,0.07272501
913.54110138,0.06863708
913.78472408,0.06647899
914.02835547,0.06390587
914.27199552,0.06772404
914.51564426,0.06000470
914.75930166,0.05716183
915.00296774,0.05645630
915.24664247,0.06239106
915.49032588,0.05660155
915.73401794,0.06048197
915.97771866,0.05973494
916.22142803,0.06930111
916.46514606,0.07685444
916.70887274,0.07760147
916.95260806,0.07210248
917.19635202,0.08345323
917.44010463,0.08376449
917.68386588,0.09092355
917.92763576,0.08428326
918.17141427,0.09395319
918.41520141,0.09938992
918.65899718,0.09760535
918.90280158,0.10571895
919.14661459,0.10796005
919.39043623,0.11318928
919.63426648,0.11468334
919.87810534,0.12364773
920.12195281,0.13466646
920.36580890,0.12883546
920.60967358,0.13956368
920.85354687,0.15025039
921.09742876,0.15218023
921.34131924,0.15504385
921.58521832,0.16014858
921.82912599,0.15396481
922.07304225,0.15481559
922.31696709,0.14462690
922.56090052,0.14437789
922.80484252,0.13842238
923.04879310,0.13869214
923.29275226,0.12568132
923.53671999,0.11773372
923.78069629,0.10854107
924.02468115,0.11163296
924.26867458,0.10679800
924.51267656,0.09874665
924.75668711,0.08918048
925.00070621,0.08671112
925.24473386,0.07892953
925.48877006,0.07345129
925.73281481,0.07314003
925.97686810,0.06290983
926.22092994,0.06224580
926.46500031,0.05855214
926.70907921,0.05097806
926.95316665,0.05367568
927.19726262,0.05172509
927.44136712,0.05147608
927.68548014,0.04757491
927.92960168,0.05010652
928.17373175,0.04149490
928.41787032,0.04027059
928.66201741,0.04060261
928.90617302,0.03483385
929.15033713,0.03304928
929.39450974,0.03458484
929.63869086,0.03483385
929.88288047,0.03516587
930.12707859,0.03294552
930.37128520,0.04257394
930.61550029,0.03288327
930.85972388,0.03572614
931.10395595,0.03186647
931.34819651,0.03456409
931.59244554,0.03682594
931.83670306,0.03805024
932.08096904,0.04296821
932.32524350,0.04612235
932.56952643,0.05155908
932.81381782,0.05272114
933.05811768,0.05014802
933.30242600,0.06002545
933.54674278,0.05842763
933.79106801,0.06699776
934.03540169,0.06670725
934.27974382,0.07054616
934.52409440,0.07654318
934.76845343,0.07961431
935.01282089,0.07316078
935.25719680,0.07737321
935.50158114,0.07469635
935.74597391,0.06903135
935.99037511,0.06986138
936.23478474,0.06996514
936.47920279,0.07112719
936.72362927,0.07961431
936.96806417,0.07046316
937.21250748,0.07185347
937.45695920,0.07162521
937.70141934,0.06898985
937.94588788,0.07042166
938.19036483,0.07106494
938.43485019,0.07484160
938.67934394,0.07083668
938.92384608,0.06716377
939.16835663,0.06232881
939.41287556,0.06423789
939.65740288,0.06249481
939.90193859,0.05290789
940.14648268,0.05525275
940.39103515,0.05068755
940.63559600,0.05809562
940.88016523,0.05338516
941.12474282,0.05707883
941.36932879,0.05763910
941.61392312,0.05409070
941.85852581,0.05290789
942.10313687,0.05521124
942.34775628,0.05419445
942.59238405,0.05436046
942.83702017,0.05294940
943.08166464,0.05581302
943.32631746,0.06320034
943.57097862,0.06004621
943.81564813,0.06033672
944.06032597,0.06012921
944.30501215,0.05855214
944.54970666,0.05873890
944.79440950,0.05454722
945.03912067,0.05207786
945.28384016,0.05417370
945.52856798,0.04917273
945.77330412,0.05151758
946.01804857,0.04313422
946.26280133,0.04520931
946.50756241,0.04554132
946.75233179,0.04761641
946.99710948,0.04346623
947.24189548,0.04437927
947.48668977,0.04410951
947.73149236,0.04657887
947.97630324,0.04286446
948.22112242,0.04253244
948.46594988,0.04624685
948.71078563,0.04778242
948.95562966,0.05365493
949.20048198,0.04715989
949.44534257,0.04581108
949.69021144,0.04496030
949.93508857,0.04852945
950.17997398,0.04755416
950.42486766,0.04740890
950.66976959,0.05243062
950.91467979,0.05027253
951.15959825,0.05072905
951.40452496,0.05147608
951.64945993,0.05002352
951.89440314,0.05168359
952.13935461,0.04861246
952.38431431,0.05000277
952.62928226,0.04448303
952.87425845,0.04836345
953.11924287,0.04967075
953.36423553,0.05168359
953.60923642,0.04417176
953.85424553,0.04452453
954.09926287,0.04008383
954.34428843,0.03809175
954.58932222,0.03506211
954.83436421,0.03730321
955.07941443,0.03273801
955.32447285,0.03116094
955.56953948,0.03292477
955.81461432,0.03024790
956.05969736,0.02481117
956.30478860,0.02082699
956.54988803,0.02196829
956.79499567,0.02122126
957.04011149,0.02153252
957.28523550,0.01804637
957.53036770,0.01841989
957.77550808,0.01827463
958.02065664,0.01640705
958.26581338,0.01393769
958.51097830,0.01850289
958.75615139,0.01588828
959.00133264,0.01943668
959.24652207,0.01260963
959.49171965,0.01929143
959.73692540,0.01657306
959.98213931,0.01769361
960.22736137,0.02012146
960.47259159,0.02184379
960.71782995,0.05537725
960.96307647,0.02209280
961.20833112,0.02765404
961.45359392,0.03273801
961.69886486,0.03055917
961.94414394,0.03396232
962.18943115,0.03641092
962.43472648,0.03358880
962.68002995,0.03952356
962.92534154,0.03771823
963.17066126,0.03520737
963.41598909,0.03730321
963.66132504,0.03861052
963.90666911,0.04130814
964.15202128,0.03958581
964.39738157,0.05006502
964.64274996,0.04271920
964.88812645,0.05016877
965.13351104,0.04483579
965.37890374,0.05294940
965.62430452,0.05257588
965.86971340,0.05400769
966.11513036,0.05979719
966.36055542,0.05851064
966.60598855,0.05577152
966.85142977,0.05639405
967.09687907,0.05824088
967.34233644,0.05720333
967.58780188,0.05832388
967.83327539,0.06064798
968.07875697,0.06714302
968.32424661,0.07475860
968.56974432,0.06533769
968.81525008,0.06407188
969.06076390,0.06253631
969.30628577,0.06394738
969.55181570,0.06616772
969.79735367,0.07025565
970.04289968,0.06201754
970.28845374,0.07002739
970.53401583,0.07199873
970.77958597,0.07517362
971.02516413,0.06820131
971.27075033,0.06963312
971.51634455,0.06654124
971.76194680,0.07548488
972.00755708,0.07118944
972.25317537,0.07166671
972.49880168,0.06569045
972.74443600,0.06415488
972.99007834,0.06382287
973.23572868,0.06566970
973.48138703,0.06525468
973.72705338,0.06041972
973.97272774,0.06280608
974.21841009,0.06347010
974.46410043,0.06467366
974.70979877,0.06757878
974.95550510,0.06334560
975.20121941,0.06799380
975.44694171,0.06894834
975.69267199,0.06176853
975.93841024,0.06838807
976.18415647,0.06946712
976.42991068,0.07054616
976.67567285,0.06807681
976.92144299,0.06338710
977.16722110,0.06326260
977.41300717,0.07340979
977.65880119,0.07000664
977.90460317,0.06461140
978.15041311,0.07085743
978.39623099,0.06703926
978.64205683,0.06807681
978.88789061,0.06913510
979.13373233,0.06637523
979.37958199,0.06060648
979.62543958,0.05631104
979.87130511,0.05691282
980.11717857,0.05778436
980.36305996,0.05191185
980.60894928,0.04755416
980.85484651,0.04537531
981.10075167,0.04871621
981.34666475,0.04396425
981.59258573,0.04386050
981.83851463,0.03873502
982.08445144,0.04307196
982.33039616,0.03925380
982.57634878,0.03809175
982.82230930,0.04141189
983.06827771,0.04431702
983.31425403,0.04327947
983.56023823,0.04313422
983.80623032,0.04726365
984.05223031,0.04354923
984.29823817,0.04585259
984.54425391,0.04508480
984.79027754,0.04292671
985.03630904,0.04305121
985.28234841,0.04087237
985.52839565,0.04643361
985.77445076,0.04197217
986.02051374,0.04662037
986.26658457,0.04278145
986.51266327,0.04965000
986.75874982,0.04803143
987.00484422,0.04927649
987.25094647,0.05193260
987.49705658,0.04709764
987.74317452,0.04506405
987.98930031,0.04554132
988.23543394,0.04670337
988.48157541,0.04444152
988.72772471,0.04769942
988.97388184,0.05415295
989.22004680,0.04466978
989.46621959,0.05122707
989.71240020,0.04807293
989.95858862,0.04965000
990.20478487,0.04662037
990.45098893,0.05641480
990.69720080,0.04803143
990.94342048,0.04942174
991.18964797,0.04651661
991.43588326,0.04954625
991.68212635,0.04288521
991.92837724,0.04599784
992.17463593,0.04769942
992.42090240,0.04568658
992.66717667,0.04462828
992.91345872,0.04431702
993.15974856,0.03852752
993.40604618,0.04020834
993.65235158,0.03759372
993.89866475,0.04058186
994.14498570,0.03697120
994.39131441,0.03487536
994.63765090,0.03614116
994.88399515,0.03487536
995.13034716,0.03655618
995.37670693,0.03566389
995.62307445,0.03149296
995.86944973,0.02873309
996.11583276,0.02638824
996.36222354,0.02943862
996.60862206,0.02850483
996.85502833,0.03145146
997.10144233,0.02678250
997.34786408,0.02308884
997.59429355,0.02510168
997.84073076,0.02599397
998.08717570,0.01806712
998.33362836,0.02088925
998.58008875,0.01649005
998.82655685,0.01970644
999.07303267,0.02427164
999.31951621,0.02016296
999.56600746,0.01570152
999.81250642,0.01732009
1000.05901309,0.01509974
1000.30552746,0.01595053
1000.55204953,0.01449797
1000.79857929,0.01767286
1001.04511676,0.01927067
1001.29166191,0.01956119
1001.53821476,0.01080431
1001.78477529,0.01673906
1002.03134351,0.01522425
1002.27791941,0.01640705
1002.52450299,0.01711258
1002.77109424,0.01491298
1003.01769317,0.01453947
1003.26429976,0.01756910
1003.51091403,0.01476773
1003.75753596,0.01586753
1004.00416555,0.01572227
1004.25080280,0.02128351
1004.49744771,0.01626179
1004.74410027,0.01588828
1004.99076048,0.01526575
1005.23742834,0.01277564
1005.48410384,0.02097225
1005.73078699,0.01613729
1005.97747778,0.01864815
1006.22417620,0.01694657
1006.47088226,0.01686357
1006.71759595,0.01918767
1006.96431727,0.02126276
1007.21104622,0.01653156
1007.45778279,0.02140802
1007.70452698,0.01433196
1007.95127879,0.01920842
1008.19803821,0.01887641
1008.44480524,0.02342086
1008.69157988,0.02362837
1008.93836213,0.02227956
1009.18515199,0.01634480
1009.43194944,0.02132501
1009.67875450,0.01997621
1009.92556715,0.01871040
1010.17238739,0.02300584
1010.41921522,0.02240406
1010.66605064,0.02153252
1010.91289364,0.02165703
1011.15974422,0.02007996
1011.40660239,0.02061948
1011.65346813,0.02198904
1011.90034144,0.02707302
1012.14722232,0.02418864
1012.39411078,0.02001771
1012.64100679,0.02124201
1012.88791037,0.02153252
1013.13482151,0.02122126
1013.38174020,0.02113826
1013.62866645,0.02910660
1013.87560025,0.02867084
1014.12254160,0.02680325
1014.36949049,0.02835957
1014.61644693,0.03230224
1014.86341091,0.02470741
1015.11038242,0.02503943
1015.35736147,0.02721827
1015.60434805,0.02553745
1015.85134216,0.02356611
1016.09834379,0.01960269
1016.34535295,0.02045348
1016.59236963,0.02109675
1016.83939383,0.02111751
1017.08642554,0.02047423
1017.33346476,0.01972719
1017.58051150,0.01891791
1017.82756574,0.01599203
1018.07462748,0.01738234
1018.32169673,0.02026672
1018.56877347,0.01661456
1018.81585771,0.02097225
1019.06294945,0.01970644
1019.31004867,0.01190410
1019.55715538,0.01003652
1019.80426957,0.01568077
1020.05139125,0.02126276
1020.29852041,0.01904241
1020.54565704,0.01298315
1020.79280114,0.01356418
1021.03995272,0.01043079
1021.28711177,0.01740309
1021.53427828,0.01277564
1021.78145225,0.01501674
1022.02863368,0.01061755
1022.27582257,0.01225687
1022.52301891,0.01910467
1022.77022270,0.01449797
1023.01743395,0.01335667
1023.26465263,0.01285864
1023.51187876,0.00590709
1023.75911234,0.01061755
1024.00635335,0.00748416
1024.25360179,0.00783693
1024.50085766,0.00671638
1024.74812097,0.00895747
1024.99539170,0.00804443
1025.24266985,0.00974601
1025.48995543,0.00561658
1025.73724842,0.00640511
1025.98454883,0.00974601
1026.23185665,0.00435077
1026.47917188,0.00428852
1026.72649452,0.00804443
1026.97382456,0.00756716
1027.22116200,0.00325098
1027.46850685,0.00374900
1027.71585908,0.00433002
1027.96321872,0.00557508
1028.21058574,0.00144565
1028.45796014,-0.01237446
1028.70534194,-0.01216695
1028.95273111,-0.01305924
1029.20012767,-0.01260272
1029.44753160,-0.01249896
1029.69494290,-0.01210470
