198.80933475,0.00561398
199.01143578,0.00421134
199.21355429,0.00064287
199.41569028,-0.00040910
199.61784374,0.00155046
199.82001468,0.00097291
200.02220309,0.00006532
200.22440896,-0.00018221
200.42663230,0.00078726
200.62887310,0.00027159
200.83113136,0.00179799
201.03340708,0.00014783
201.23570025,-0.00018221
201.43801087,0.00282934
201.64033894,0.00491266
201.84268445,0.00282934
202.04504741,0.00223115
202.24742780,-0.00038848
202.44982564,0.00113792
202.65224090,-0.00346190
202.85467360,0.00377818
203.05712372,0.00173611
203.25959128,-0.00205926
203.46207625,0.00272620
203.66457864,0.00029222
203.86709846,0.00233429
204.06963568,0.00280871
204.27219032,0.00291184
204.47476237,0.00089040
204.67735182,-0.00014095
204.87995868,0.00777981
205.08258293,0.00511893
205.28522459,0.00313874
205.48788364,-0.00049161
205.69056008,0.00204551
205.89325391,0.00388131
206.09596513,0.00111730
206.29869374,0.00639781
206.50143972,0.00499517
206.70420308,0.00111730
206.90698382,0.00062225
207.10978194,0.00076664
207.31259742,0.00332438
207.51543027,-0.00067725
207.71828048,0.00270557
207.92114806,0.00175673
208.12403299,0.00703724
208.32693528,0.00192175
208.52985493,0.00045723
208.73279193,-0.00259556
208.93574627,0.00650094
209.13871796,0.00251993
209.34170699,0.00301498
209.54471336,-0.00084227
209.74773707,0.00254056
209.95077811,0.00025096
210.15383649,0.00053974
210.35691219,0.00373692
210.56000522,0.00208676
210.76311557,-0.00065663
210.96624324,0.00425260
211.16938823,0.00043660
211.37255053,0.00167422
211.57573015,0.00130294
211.77892707,0.00225178
211.98214130,0.00056037
212.18537284,-0.00073913
212.38862167,0.00014783
212.59188781,-0.00051224
212.79517124,0.00047786
212.99847196,-0.00133732
213.20178997,0.00200426
213.40512527,0.00330376
213.60847785,0.00163297
213.81184772,0.00000344
214.01523486,-0.00203863
214.21863928,0.00171548
214.42206097,0.00311811
214.62549993,0.00268495
214.82895616,0.00039535
215.03242966,0.00128231
215.23592042,-0.00007907
215.43942843,0.00353065
215.64295370,0.00239617
215.84649623,0.00480953
216.05005601,0.00427323
216.25363303,0.00107604
216.45722731,-0.00001719
216.66083882,-0.00014095
216.86446757,0.00134419
217.06811356,-0.00028534
217.27177679,0.00355128
217.47545724,0.00175673
217.67915493,-0.00090415
217.88286984,0.00233429
218.08660198,0.00254056
218.29035133,0.00505705
218.49411790,0.00722288
218.69790169,0.00241680
218.90170269,0.00247868
219.10552090,0.00631530
219.30935632,0.00427323
219.51320894,0.00068413
219.71707876,0.00082852
219.92096578,0.00348940
220.12486999,-0.00014095
220.32879140,0.00398445
220.53272999,-0.00135794
220.73668578,0.00107604
220.94065875,0.00256118
221.14464890,0.00047786
221.34865623,0.00270557
221.55268073,0.00018908
221.75672241,-0.00018221
221.96078126,-0.00047098
222.16485728,-0.00119293
222.36895046,0.00035410
222.57306080,0.00326250
222.77718831,0.00014783
222.98133297,-0.00329688
223.18549478,0.00346877
223.38967375,-0.00098666
223.59386986,-0.00090415
223.79808312,-0.00036785
224.00231352,0.00119980
224.20656106,0.00338626
224.41082574,0.00307686
224.61510756,0.00643906
224.81940650,-0.00090415
225.02372258,-0.00090415
225.22805578,0.00025096
225.43240610,-0.00234804
225.63677355,0.00276745
225.84115811,-0.00125481
226.04555979,0.00140607
226.24997858,-0.00009970
226.45441448,0.00282934
226.65886748,0.00390194
226.86333759,0.00262307
227.06782480,0.00101416
227.27232911,0.00010657
227.47685052,0.00097291
227.68138902,0.00295310
227.88594461,-0.00028534
228.09051728,0.00070476
228.29510704,0.00144733
228.49971389,0.00332438
228.70433781,0.00322125
228.90897881,0.00379880
229.11363688,-0.00001719
229.31831202,0.00218990
229.52300423,0.00076664
229.72771350,0.00068413
229.93243984,0.00190112
230.13718324,-0.00007907
230.34194369,0.00185987
230.54672120,0.00598527
230.75151576,0.00056037
230.95632737,0.00460326
231.16115602,0.00113792
231.36600172,-0.00055349
231.57086446,-0.00117230
231.77574423,0.00287059
231.98064104,-0.00255431
232.18555488,0.00058099
232.39048575,0.00229303
232.59543365,-0.00078039
232.80039857,-0.00018221
233.00538051,0.00338626
233.21037947,0.00173611
233.41539544,0.01627813
233.62042843,-0.00078039
233.82547842,0.00103479
234.03054543,0.00666596
234.23562943,0.00289122
234.44073044,0.00115855
234.64584845,0.00305623
234.85098345,0.00041598
235.05613545,0.00134419
235.26130444,0.00237554
235.46649041,0.00188049
235.67169337,0.00330376
235.87691331,0.00478890
236.08215023,-0.00075976
236.28740413,0.00266432
236.49267500,0.00070476
236.69796284,-0.00127544
236.90326765,0.00307686
237.10858942,0.00171548
237.31392816,0.00293247
237.51928386,0.00445887
237.72465651,0.00130294
237.93004612,0.00076664
238.13545268,-0.00030597
238.34087619,0.00291184
238.54631664,-0.00034722
238.75177404,0.00064287
238.95724838,0.00128231
239.16273965,0.00144733
239.36824786,0.00386069
239.57377300,0.00105541
239.77931508,0.00454138
239.98487407,0.00018908
240.19045000,0.00320062
240.39604284,0.00204551
240.60165260,-0.00177048
240.80727928,0.00161234
241.01292287,0.00155046
241.21858337,0.00429385
241.42426077,0.00124106
241.62995508,0.00284996
241.83566630,-0.00185299
242.04139441,0.00204551
242.24713941,0.00111730
242.45290131,0.00152984
242.65868010,0.00169485
242.86447578,-0.00189425
243.07028835,0.00249930
243.27611779,0.00693411
243.48196412,0.00152984
243.68782732,0.00031284
243.89370739,0.00041598
244.09960434,-0.00156421
244.30551816,0.00375755
244.51144884,0.00221053
244.71739638,0.00033347
244.92336078,0.00194238
245.12934204,0.00175673
245.33534016,0.00278808
245.54135512,0.00171548
245.74738694,0.00231366
245.95343560,0.00150921
246.15950110,0.00379880
246.36558345,-0.00007907
246.57168263,0.00188049
246.77779865,0.00214864
246.98393150,0.00359253
247.19008118,0.00068413
247.39624769,0.00472702
247.60243102,0.00020971
247.80863117,0.00355128
248.01484814,0.00068413
248.22108192,0.00216927
248.42733252,-0.00218302
248.63359993,-0.00012032
248.83988415,-0.00148171
249.04618517,0.00555210
249.25250299,-0.00045036
249.45883761,-0.00098666
249.66518903,0.00196300
249.87155724,-0.00115167
250.07794224,0.00396382
250.28434403,0.00157109
250.49076260,0.00786232
250.69719796,-0.00245117
250.90365009,-0.00108979
251.11011901,0.00006532
251.31660469,0.00251993
251.52310715,0.00155046
251.72962638,0.00122043
251.93616237,-0.00032659
252.14271513,0.00260244
252.34928464,0.00035410
252.55587091,0.00066350
252.76247394,0.00041598
252.96909372,0.00241680
253.17573025,0.00008595
253.38238352,-0.00016158
253.58905354,0.00150921
253.79574030,0.00041598
254.00244380,0.00243742
254.20916403,0.00724351
254.41590099,0.00396382
254.62265469,0.00198363
254.82942511,0.00006532
255.03621225,0.00027159
255.24301612,0.00272620
255.44983670,0.00043660
255.65667400,0.00254056
255.86352802,0.00006532
256.07039874,0.00023033
256.27728617,0.00008595
256.48419031,0.00258181
256.69111115,0.00245805
256.89804868,0.00126168
257.10500292,-0.00094540
257.31197384,0.00268495
257.51896146,0.00625342
257.72596577,-0.00273995
257.93298676,0.00089040
258.14002443,0.00309749
258.34707878,0.00231366
258.55414981,0.00109667
258.76123752,-0.00098666
258.96834190,0.00443824
259.17546294,-0.00032659
259.38260065,-0.00154359
259.58975502,-0.00078039
259.79692606,0.00025096
260.00411375,0.00084914
260.21131810,-0.00133732
260.41853909,0.00190112
260.62577674,0.00260244
260.83303103,0.00146795
261.04030197,-0.00073913
261.24758955,-0.00007907
261.45489377,-0.00115167
261.66221462,0.00117918
261.86955210,0.00301498
262.07690622,0.00074601
262.28427696,-0.00278121
262.49166433,-0.00222428
262.69906831,0.00361316
262.90648892,-0.00243055
263.11392614,0.00029222
263.32137998,0.00299435
263.52885042,0.00402570
263.73633747,0.00462388
263.94384113,0.00142670
264.15136139,0.00111730
264.35889825,0.00476827
264.56645171,0.00390194
264.77402176,0.00173611
264.98160840,0.00002406
265.18921163,-0.00042973
265.39683144,-0.00065663
265.60446784,0.00656282
265.81212081,0.00097291
266.01979037,0.00194238
266.22747650,0.00080789
266.43517920,0.00254056
266.64289847,-0.00160547
266.85063430,0.00006532
267.05838670,-0.00030597
267.26615566,0.00202488
267.47394117,-0.00259556
267.68174324,-0.00032659
267.88956187,0.00480953
268.09739704,0.00264369
268.30524876,0.00251993
268.51311702,0.00577900
268.72100183,-0.00294622
268.92890317,-0.00154359
269.13682105,-0.00055349
269.34475546,-0.00189425
269.55270640,0.00035410
269.76067387,0.00025096
269.96865786,-0.00016158
270.17665838,0.00018908
270.38467541,0.00260244
270.59270896,0.00235491
270.80075902,-0.00012032
271.00882560,0.00243742
271.21690868,0.00018908
271.42500826,0.00150921
271.63312435,0.00122043
271.84125694,0.00165360
272.04940602,0.00526332
272.25757160,0.00175673
272.46575367,0.00394319
272.67395223,0.00225178
272.88216727,-0.00055349
273.09039880,0.00637718
273.29864681,0.00066350
273.50691129,0.00293247
273.71519225,0.00188049
273.92348968,0.00105541
274.13180358,0.00074601
274.34013395,-0.00012032
274.54848077,0.00126168
274.75684406,0.00103479
274.96522381,0.00210739
275.17362001,-0.00179111
275.38203267,0.00445887
275.59046177,0.00336564
275.79890732,0.00029222
276.00736932,0.00183924
276.21584776,-0.00119293
276.42434263,0.00027159
276.63285394,-0.00232741
276.84138169,0.00060162
277.04992586,0.00233429
277.25848646,0.00264369
277.46706349,0.00035410
277.67565694,-0.00397757
277.88426680,0.00023033
278.09289309,-0.00032659
278.30153578,0.00020971
278.51019489,0.00237554
278.71887041,-0.00152296
278.92756233,0.00165360
279.13627065,0.00313874
279.34499537,0.00138545
279.55373649,0.00293247
279.76249401,0.00792420
279.97126791,0.00183924
280.18005820,0.00033347
280.38886488,0.00169485
280.59768795,-0.00125481
280.80652739,0.00064287
281.01538321,0.00041598
281.22425540,0.00140607
281.43314397,-0.00073913
281.64204891,-0.00069788
281.85097021,0.00237554
282.05990788,0.00317999
282.26886190,0.00200426
282.47783229,-0.00080101
282.68681903,0.00148858
282.89582212,0.00109667
283.10484156,0.00082852
283.31387735,0.00010657
283.52292949,0.00084914
283.73199796,0.00124106
283.94108277,0.00462388
284.15018392,-0.00057412
284.35930141,-0.00003782
284.56843522,0.00124106
284.77758536,0.00099353
284.98675183,0.00006532
285.19593461,0.00487141
285.40513372,0.00235491
285.61434914,0.00218990
285.82358088,-0.00245117
286.03282893,0.00198363
286.24209328,0.00320062
286.45137395,0.00064287
286.66067091,0.00239617
286.86998417,0.00130294
287.07931373,0.00342752
287.28865959,0.00334501
287.49802174,0.00066350
287.70740017,-0.00020283
287.91679489,0.00058099
288.12620590,0.00056037
288.33563318,-0.00199738
288.54507675,0.00179799
288.75453658,-0.00018221
288.96401269,-0.00059474
289.17350507,-0.00022346
289.38301372,0.00266432
289.59253863,0.00173611
289.80207980,0.00221053
290.01163723,0.00086977
290.22121091,0.00058099
290.43080085,0.00311811
290.64040703,0.00144733
290.85002947,0.00221053
291.05966815,0.00202488
291.26932307,0.00344815
291.47899422,0.00165360
291.68868162,0.00371630
291.89838525,0.00002406
292.10810511,0.00538708
292.31784119,0.00107604
292.52759350,-0.00057412
292.73736204,0.00353065
292.94714679,0.00177736
293.15694776,-0.00106917
293.36676494,-0.00042973
293.57659834,0.00076664
293.78644794,0.00012720
293.99631375,0.00122043
294.20619576,0.00307686
294.41609397,0.00373692
294.62600838,0.00113792
294.83593898,0.00272620
295.04588578,-0.00121355
295.25584876,-0.00108979
295.46582793,0.00136482
295.67582328,0.00161234
295.88583481,-0.00080101
296.09586253,0.00051911
296.30590641,0.00258181
296.51596647,0.00136482
296.72604270,-0.00179111
296.93613509,0.00480953
297.14624365,-0.00197675
297.35636837,0.00056037
297.56650925,-0.00063600
297.77666629,0.00047786
297.98683947,0.00008595
298.19702881,0.00282934
298.40723429,-0.00067725
298.61745592,0.00227241
298.82769369,0.00245805
299.03794760,0.00579962
299.24821765,-0.00102791
299.45850383,0.00262307
299.66880614,-0.00131669
299.87912458,0.00020971
300.08945914,-0.00236867
300.29980983,0.00326250
300.51017663,0.00155046
300.72055955,0.00540771
300.93095859,0.00159172
301.14137374,0.00122043
301.35180499,-0.00226553
301.56225235,0.00053974
301.77271582,-0.00319375
301.98319538,0.00705787
302.19369105,-0.00166735
302.40420280,0.00000344
302.61473065,0.00375755
302.82527459,0.00086977
303.03583461,-0.00137857
303.24641072,-0.00059474
303.45700291,0.00113792
303.66761117,0.00016845
303.87823552,0.00480953
304.08887593,0.00138545
304.29953241,-0.00057412
304.51020496,-0.00174986
304.72089358,0.00384006
304.93159825,0.00212802
305.14231899,-0.00117230
305.35305578,0.00140607
305.56380862,0.00113792
305.77457752,0.00113792
305.98536246,0.00188049
306.19616344,0.00051911
306.40698047,0.00208676
306.61781354,0.00049849
306.82866264,0.00309749
307.03952778,0.00247868
307.25040895,0.00146795
307.46130614,0.00233429
307.67221937,-0.00092478
307.88314861,0.00053974
308.09409387,0.00190112
308.30505515,0.00249930
308.51603245,0.00357191
308.72702576,0.00016845
308.93803507,-0.00146108
309.14906039,0.00239617
309.36010172,-0.00036785
309.57115904,0.00301498
309.78223236,0.00029222
309.99332168,0.00216927
310.20442699,0.00208676
310.41554829,-0.00012032
310.62668557,-0.00212114
310.83783884,0.00262307
311.04900809,-0.00220365
311.26019332,0.00056037
311.47139452,0.00033347
311.68261169,0.00115855
311.89384484,0.00138545
312.10509395,0.00284996
312.31635903,0.00082852
312.52764007,0.00078726
312.73893706,0.00033347
312.95025002,-0.00063600
313.16157892,-0.00236867
313.37292378,0.00390194
313.58428458,0.00101416
313.79566133,0.00109667
314.00705402,0.00101416
314.21846266,0.00225178
314.42988722,0.00020971
314.64132772,0.00103479
314.85278416,-0.00104854
315.06425652,0.00681035
315.27574480,-0.00071851
315.48724901,0.00260244
315.69876914,-0.00111042
315.91030518,0.00056037
316.12185715,-0.00100728
316.33342502,0.00150921
316.54500880,0.00014783
316.75660848,0.00165360
316.96822407,0.00155046
317.17985556,0.00029222
317.39150295,-0.00032659
317.60316624,0.00303561
317.81484541,-0.00018221
318.02654048,0.00113792
318.23825143,0.00235491
318.44997826,0.00066350
318.66172098,-0.00026471
318.87347957,0.00505705
319.08525404,0.00099353
319.29704439,0.00157109
319.50885060,-0.00026471
319.72067268,0.00161234
319.93251063,0.00150921
320.14436443,-0.00045036
320.35623410,0.00561398
320.56811962,0.00282934
320.78002100,-0.00113105
320.99193822,-0.00032659
321.20387130,-0.00156421
321.41582021,0.00136482
321.62778498,0.00287059
321.83976558,0.00301498
322.05176201,0.00348940
322.26377428,0.00117918
322.47580239,0.00559335
322.68784632,0.00402570
322.89990607,0.00062225
323.11198165,-0.00104854
323.32407305,0.00041598
323.53618027,0.00023033
323.74830330,-0.00034722
323.96044215,0.00093165
324.17259680,0.00493329
324.38476726,0.00311811
324.59695352,0.00066350
324.80915558,0.00115855
325.02137344,-0.00092478
325.23360710,-0.00030597
325.44585655,0.00303561
325.65812178,0.00363379
325.87040281,-0.00191487
326.08269962,0.00200426
326.29501221,-0.00123418
326.50734058,0.00406696
326.71968472,-0.00032659
326.93204464,0.00365442
327.14442032,0.00336564
327.35681178,0.00157109
327.56921900,-0.00080101
327.78164198,0.00047786
327.99408072,0.00012720
328.20653522,0.00045723
328.41900547,-0.00086290
328.63149147,0.00144733
328.84399322,0.00002406
329.05651071,0.00037472
329.26904395,-0.00197675
329.48159293,0.00258181
329.69415764,0.00002406
329.90673809,0.00192175
330.11933427,0.00105541
330.33194617,0.00251993
330.54457381,0.00056037
330.75721716,-0.00166735
330.96987624,-0.00084227
331.18255104,0.00099353
331.39524154,0.00480953
331.60794777,0.00089040
331.82066970,-0.00232741
332.03340733,0.00185987
332.24616067,0.00423197
332.45892971,0.00221053
332.67171445,0.00278808
332.88451489,0.00004469
333.09733102,0.00311811
333.31016283,-0.00249243
333.52301034,-0.00057412
333.73587352,-0.00090415
333.94875239,-0.00306998
334.16164694,-0.00032659
334.37455717,-0.00480265
334.58748306,0.00274683
334.80042463,0.00342752
335.01338187,-0.00125481
335.22635477,0.00212802
335.43934333,0.00223115
335.65234755,0.00173611
335.86536743,0.00305623
336.07840296,-0.00106917
336.29145415,0.00008595
336.50452098,0.00245805
336.71760345,0.00056037
336.93070157,0.00027159
337.14381533,-0.00121355
337.35694473,0.00074601
337.57008976,0.00344815
337.78325042,-0.00166735
337.99642671,0.00012720
338.20961863,0.00185987
338.42282617,0.00206614
338.63604933,-0.00096603
338.84928810,-0.00111042
339.06254250,0.00260244
339.27581250,0.00171548
339.48909812,-0.00100728
339.70239934,0.00342752
339.91571616,-0.00009970
340.12904859,0.00247868
340.34239661,-0.00158484
340.55576023,0.00249930
340.76913945,0.00134419
340.98253425,-0.00024409
341.19594464,0.00000344
341.40937061,0.00012720
341.62281217,0.00177736
341.83626930,0.00505705
342.04974201,0.00029222
342.26323030,-0.00251306
342.47673415,0.00262307
342.69025357,0.00540771
342.90378856,-0.00172923
343.11733911,0.00225178
343.33090522,0.00140607
343.54448688,0.00136482
343.75808410,0.00000344
343.97169687,0.00163297
344.18532519,0.00128231
344.39896906,0.00204551
344.61262847,-0.00053286
344.82630341,0.00051911
345.03999390,0.00122043
345.25369992,0.00365442
345.46742147,0.00534583
345.68115855,0.00134419
345.89491115,-0.00014095
346.10867928,-0.00036785
346.32246293,0.00157109
346.53626210,-0.00080101
346.75007679,-0.00001719
346.96390698,0.00119980
347.17775269,0.00124106
347.39161390,-0.00100728
347.60549061,0.00278808
347.81938283,0.00169485
348.03329055,0.00076664
348.24721376,0.00107604
348.46115246,0.00043660
348.67510665,0.00107604
348.88907634,0.00155046
349.10306150,-0.00183236
349.31706215,-0.00179111
349.53107828,-0.00078039
349.74510988,0.00218990
349.95915696,0.00371630
350.17321950,0.00070476
350.38729752,0.00338626
350.60139100,-0.00028534
350.81549994,0.00138545
351.02962435,-0.00063600
351.24376421,0.00076664
351.45791952,-0.00053286
351.67209028,-0.00009970
351.88627650,-0.00016158
352.10047816,0.00117918
352.31469526,0.00291184
352.52892780,0.00179799
352.74317578,0.00274683
352.95743919,0.00315937
353.17171804,0.00181861
353.38601232,0.00247868
353.60032202,-0.00088352
353.81464714,0.00612965
354.02898769,-0.00269870
354.24334365,-0.00162609
354.45771503,-0.00144045
354.67210182,0.00351003
354.88650403,0.00002406
355.10092164,0.00307686
355.31535465,-0.00082164
355.52980306,0.00664533
355.74426687,0.00233429
355.95874608,0.00276745
356.17324069,-0.00026471
356.38775068,-0.00144045
356.60227606,-0.00012032
356.81681682,-0.00195613
357.03137297,-0.00051224
357.24594449,0.00185987
357.46053139,0.00289122
357.67513367,0.00433511
357.88975132,0.00097291
358.10438433,0.00020971
358.31903271,0.00334501
358.53369645,0.00086977
358.74837556,-0.00354440
358.96307002,0.00198363
359.17777983,-0.00177048
359.39250499,0.00043660
359.60724551,0.00165360
359.82200137,0.00111730
360.03677257,-0.00135794
360.25155911,0.00029222
360.46636100,0.00035410
360.68117821,-0.00135794
360.89601076,-0.00304936
361.11085864,0.00159172
361.32572184,-0.00160547
361.54060037,0.00392257
361.75549422,0.00241680
361.97040338,0.00511893
362.18532786,0.00276745
362.40026766,-0.00028534
362.61522276,0.00216927
362.83019318,0.00513956
363.04517889,-0.00144045
363.26017991,0.00049849
363.47519623,0.00068413
363.69022784,0.00173611
363.90527474,-0.00026471
364.12033694,0.00177736
364.33541442,-0.00207989
364.55050719,-0.00106917
364.76561524,-0.00162609
364.98073857,-0.00026471
365.19587718,-0.00141982
365.41103106,0.00078726
365.62620021,-0.00098666
365.84138463,0.00169485
366.05658432,0.00126168
366.27179927,0.00301498
366.48702948,0.00049849
366.70227494,-0.00104854
366.91753566,0.00023033
367.13281163,0.00167422
367.34810285,-0.00129606
367.56340932,0.00099353
367.77873103,0.00264369
367.99406798,0.00229303
368.20942017,-0.00257494
368.42478759,0.00064287
368.64017025,-0.00152296
368.85556813,0.00305623
369.07098125,0.00171548
369.28640958,0.00249930
369.50185314,0.00119980
369.71731191,0.00099353
369.93278590,-0.00251306
370.14827511,0.00169485
370.36377952,-0.00292560
370.57929914,-0.00016158
370.79483397,0.00225178
371.01038400,0.00039535
371.22594922,-0.00210052
371.44152965,0.00124106
371.65712526,0.00175673
371.87273607,-0.00086290
372.08836206,0.00282934
372.30400324,0.00181861
372.51965960,-0.00177048
372.73533114,0.00091103
372.95101786,-0.00228616
373.16671976,0.00216927
373.38243682,0.00247868
373.59816905,0.00016845
373.81391645,-0.00199738
374.02967901,0.00196300
374.24545673,-0.00003782
374.46124961,-0.00234804
374.67705764,-0.00108979
374.89288082,0.00008595
375.10871916,-0.00150233
375.32457264,-0.00092478
375.54044126,-0.00172923
375.75632503,0.00313874
375.97222393,-0.00022346
376.18813797,-0.00189425
376.40406713,-0.00040910
376.62001143,-0.00028534
376.83597086,-0.00230679
377.05194541,0.00086977
377.26793508,0.00037472
377.48393987,0.00278808
377.69995978,0.00025096
377.91599480,-0.00154359
378.13204493,0.00023033
378.34811016,0.00247868
378.56419050,0.00223115
378.78028595,0.00196300
378.99639649,0.00111730
379.21252213,0.00006532
379.42866286,0.00091103
379.64481868,-0.00059474
379.86098960,0.00579962
380.07717559,0.00076664
380.29337667,0.00035410
380.50959283,-0.00088352
380.72582407,0.00122043
380.94207038,0.00344815
381.15833176,-0.00127544
381.37460821,0.00018908
381.59089972,-0.00028534
381.80720630,0.00155046
382.02352794,0.00190112
382.23986464,0.00144733
382.45621639,-0.00034722
382.67258319,0.00099353
382.88896505,0.00000344
383.10536195,0.00179799
383.32177389,0.00035410
383.53820087,-0.00049161
383.75464289,-0.00018221
383.97109995,-0.00073913
384.18757204,-0.00073913
384.40405916,0.00029222
384.62056131,-0.00397757
384.83707848,0.00078726
385.05361067,-0.00020283
385.27015788,0.00266432
385.48672011,0.00239617
385.70329735,0.00295310
385.91988960,0.00136482
386.13649686,-0.00102791
386.35311912,0.00400507
386.56975639,0.00185987
386.78640865,0.00033347
387.00307592,-0.00034722
387.21975817,0.00043660
387.43645542,0.00029222
387.65316765,0.00053974
387.86989487,0.00291184
388.08663707,0.00122043
388.30339426,-0.00026471
388.52016641,0.00173611
388.73695355,0.00239617
388.95375565,0.00284996
389.17057273,-0.00067725
389.38740477,0.00342752
389.60425177,0.00093165
389.82111374,0.00010657
390.03799066,0.00571711
390.25488253,0.00043660
390.47178936,-0.00078039
390.68871114,0.00004469
390.90564787,0.00068413
391.12259954,0.00049849
391.33956614,0.00111730
391.55654769,-0.00049161
391.77354418,0.00060162
391.99055559,0.00136482
392.20758194,0.00078726
392.42462321,0.00501580
392.64167941,0.00122043
392.85875053,0.00491266
393.07583657,-0.00005844
393.29293752,0.00363379
393.51005339,0.00431448
393.72718417,0.00274683
393.94432986,0.00245805
394.16149045,0.00012720
394.37866594,0.00002406
394.59585634,0.00330376
394.81306163,0.00237554
395.03028181,0.00495392
395.24751689,0.00866677
395.46476685,0.00192175
395.68203170,0.00157109
395.89931143,0.00551084
396.11660604,0.00551084
396.33391553,0.00480953
396.55123990,0.00183924
396.76857913,0.00307686
396.98593324,0.00254056
397.20330221,-0.00203863
397.42068604,0.00247868
397.63808474,-0.00018221
397.85549829,0.00691348
398.07292670,0.00722288
398.29036996,0.00460326
398.50782807,0.00384006
398.72530103,0.00518081
398.94278883,0.00396382
399.16029147,0.00654219
399.37780895,0.00373692
399.59534127,0.00478890
399.81288841,0.00619154
400.03045039,0.00571711
400.24802720,0.00808922
400.46561883,0.00373692
400.68322529,0.00324188
400.90084656,0.00274683
401.11848265,0.00678972
401.33613355,0.00390194
401.55379926,0.00371630
401.77147978,0.00796546
401.98917511,0.00848113
402.20688524,0.00412884
402.42461017,0.00402570
402.64234989,0.00763542
402.86010441,0.00167422
403.07787372,0.00590276
403.29565782,0.00608840
403.51345670,0.00433511
403.73127037,0.00522207
403.94909882,0.00338626
404.16694205,0.00664533
404.38480005,0.00412884
404.60267282,0.00396382
404.82056036,0.00249930
405.03846267,0.00813047
405.25637974,0.00891430
405.47431157,0.00800671
405.69225816,0.00241680
405.91021951,0.00582025
406.12819561,0.00214864
406.34618645,0.00402570
406.56419205,0.00509830
406.78221239,0.00590276
407.00024747,0.00664533
407.21829729,0.00148858
407.43636184,0.00800671
407.65444113,0.00705787
407.87253515,0.00681035
408.09064390,0.00480953
408.30876737,0.00645969
408.52690556,0.00848113
408.74505847,0.00324188
408.96322610,0.00714038
409.18140844,0.00478890
409.39960550,0.00538708
409.61781726,0.00726414
409.83604372,0.00623279
410.05428489,0.00905869
410.27254076,0.00412884
410.49081133,0.00920308
410.70909659,0.00660408
410.92739654,0.00575837
411.14571118,0.00945060
411.36404051,0.00687223
411.58238452,0.00928558
411.80074321,0.00707850
412.01911658,0.01004878
412.23750462,0.00918245
412.45590734,0.00924433
412.67432472,0.00835737
412.89275677,0.00912057
413.11120349,0.00697536
413.32966486,0.00561398
413.54814090,0.00835737
413.76663159,0.00815110
413.98513693,0.00511893
414.20365692,0.00406696
414.42219156,0.00874928
414.64074084,0.00421134
414.85930477,0.00668658
415.07788333,0.00295310
415.29647653,0.00612965
415.51508437,0.00425260
415.73370683,0.00608840
415.95234392,0.00571711
416.17099564,0.00798608
416.38966198,0.00831612
416.60834294,0.00891430
416.82703851,0.00786232
417.04574870,0.00435573
417.26447350,0.00786232
417.48321291,0.00835737
417.70196692,0.00534583
417.92073554,0.01023443
418.13951875,0.01017254
418.35831657,0.00509830
418.57712898,0.00456200
418.79595598,0.01029631
419.01479757,0.00942997
419.23365374,0.00794483
419.45252450,0.00317999
419.67140984,0.00963624
419.89030975,0.00934747
420.10922425,0.01332847
420.32815331,0.00792420
420.54709694,0.00835737
420.76605514,0.00753229
420.98502791,0.00650094
421.20401523,0.00454138
421.42301712,0.00612965
421.64203356,0.00800671
421.86106455,0.00563461
422.08011009,0.00584088
422.29917018,0.00860489
422.51824482,0.00709912
422.73733399,0.00676909
422.95643771,0.00753229
423.17555596,0.00732602
423.39468875,0.00553147
423.61383606,0.00668658
423.83299790,0.00773856
424.05217427,0.00786232
424.27136516,0.00936809
424.49057057,0.00660408
424.70979050,0.00881116
424.92902494,0.00674846
425.14827390,0.00734665
425.36753736,0.00827486
425.58681532,0.01209086
425.80610779,0.01064697
426.02541476,0.00891430
426.24473623,0.00586150
426.46407219,0.01021380
426.68342265,0.00641843
426.90278759,0.00936809
427.12216702,0.00860489
427.34156093,0.00703724
427.56096933,0.01151330
427.78039220,0.01145142
427.99982955,0.00825423
428.21928137,0.00734665
428.43874766,0.00681035
428.65822841,0.00829549
428.87772363,0.00703724
429.09723331,0.00759417
429.31675745,0.00447950
429.53629605,0.00435573
429.75584910,0.00672784
429.97541660,0.00924433
430.19499854,0.00565523
430.41459494,0.00893493
430.63420577,0.00897618
430.85383104,0.00788295
431.07347075,0.00887304
431.29312489,0.01136891
431.51279347,0.00691348
431.73247647,0.00775919
431.95217390,0.00889367
432.17188574,0.01004878
432.39161201,0.00563461
432.61135270,0.00650094
432.83110780,0.00932684
433.05087731,0.01174020
433.27066123,0.00625342
433.49045956,0.00794483
433.71027229,0.00959499
433.93009942,0.00887304
434.14994095,0.00780044
434.36979687,0.00833674
434.58966718,0.00846050
434.80955189,0.00769731
435.02945098,0.00891430
435.24936445,0.01413293
435.46929230,0.01089449
435.68923454,0.01035819
435.90919115,0.01048195
436.12916213,0.00942997
436.34914748,0.01120389
436.56914720,0.01130703
436.78916128,0.01068822
437.00918972,0.01013129
437.22923252,0.00998690
437.44928968,0.01021380
437.66936119,0.01019317
437.88944706,0.01029631
438.10954727,0.00957436
438.32966182,0.01120389
438.54979072,0.00749104
438.76993395,0.01462798
438.99009153,0.01324597
439.21026343,0.01235901
439.43044967,0.01262716
439.65065024,0.01413293
439.87086513,0.00971875
440.09109434,0.01004878
440.31133788,0.01048195
440.53159573,0.01479299
440.75186789,0.00889367
440.97215437,0.01052320
441.19245516,0.01339036
441.41277025,0.01155455
441.63309964,0.01316346
441.85344334,0.01343161
442.07380133,0.01128640
442.29417362,0.01312220
442.51456020,0.01217336
442.73496107,0.01202897
442.95537623,0.01386478
443.17580567,0.01301907
443.39624939,0.01343161
443.61670739,0.01310158
443.83717967,0.01138954
444.05766622,0.01295719
444.27816704,0.01625751
444.49868212,0.00955374
444.71921147,0.01147205
444.93975509,0.01361725
445.16031296,0.01518490
445.38088508,0.01380290
445.60147147,0.01440108
445.82207210,0.01159581
446.04268698,0.01326659
446.26331610,0.01838209
446.48395947,0.00835737
446.70461707,0.01322534
446.92528892,0.00942997
447.14597499,0.01392666
447.36667530,0.00980126
447.58738984,0.01770140
447.80811860,0.01209086
448.02886158,0.00914120
448.24961879,0.01378227
448.47039021,0.01551494
448.69117585,0.01906278
448.91197570,0.01481362
449.13278975,0.00874928
449.35361802,0.01273029
449.57446049,0.01384415
449.79531715,0.00926496
450.01618802,0.00961562
450.23707308,0.00736727
450.45797234,0.01497863
450.67888578,0.01097700
450.89981341,0.00978063
451.12075522,0.01285405
451.34171122,0.01324597
451.56268139,0.01553556
451.78366574,0.01541180
452.00466426,0.01559744
452.22567696,0.00976000
452.44670382,0.01353474
452.66774484,0.00829549
452.88880003,0.01832021
453.10986938,0.01235901
453.33095288,0.01561807
453.55205053,0.01528804
453.77316234,0.00835737
453.99428830,0.01400917
454.21542840,0.01114201
454.43658264,0.01524678
454.65775102,0.01438045
454.87893354,0.01394728
455.10013019,0.01291593
455.32134098,0.01801080
455.54256589,0.01782516
455.76380493,0.01126578
455.98505809,0.01576246
456.20632537,0.01543243
456.42760677,0.01308095
456.64890229,0.01213211
456.87021191,0.01561807
457.09153565,0.01431857
457.31287349,0.01495801
457.53422544,0.01838209
457.75559149,0.01848522
457.97697163,0.01213211
458.19836587,0.01759826
458.41977420,0.01821707
458.64119663,0.01990848
458.86263313,0.01512302
459.08408373,0.01951657
459.30554840,0.01722698
459.52702716,0.02322943
459.74851999,0.01638127
459.97002689,0.02341507
460.19154786,0.02009413
460.41308290,0.02351821
460.63463201,0.01825833
460.85619518,0.01844397
461.07777241,0.01943406
461.29936369,0.01941344
461.52096903,0.02075419
461.74258841,0.02079545
461.96422185,0.01902152
462.18586933,0.02056855
462.40753086,0.02079545
462.62920642,0.01776328
462.85089602,0.01893902
463.07259966,0.01846460
463.29431733,0.01594810
463.51604902,0.01739199
463.73779475,0.01780453
463.95955449,0.02091921
464.18132826,0.02236310
464.40311604,0.01636064
464.62491784,0.02065106
464.84673365,0.01972284
465.06856347,0.02182680
465.29040730,0.01972284
465.51226513,0.02069231
465.73413696,0.01889776
465.95602279,0.01988786
466.17792261,0.02225996
466.39983643,0.02409576
466.62176424,0.02271376
466.84370603,0.02692166
467.06566181,0.02162053
467.28763157,0.02430203
467.50961531,0.02551903
467.73161303,0.02112548
467.95362472,0.02209495
468.17565038,0.02459081
468.39769001,0.02232184
468.61974360,0.02102234
468.84181116,0.02296128
469.06389267,0.02822116
469.28598814,0.02415765
469.50809757,0.02754047
469.73022094,0.02611721
469.95235827,0.02500335
470.17450954,0.02228059
470.39667475,0.02209495
470.61885390,0.02537464
470.84104699,0.02438454
471.06325402,0.02768486
471.28547498,0.02135237
471.50770986,0.02335319
471.72995867,0.02174429
471.95222141,0.01972284
472.17449806,0.01887714
472.39678864,0.01815519
472.61909313,0.01970221
472.84141153,0.01895964
473.06374384,0.02405451
473.28609005,0.02388949
473.50845017,0.02135237
473.73082420,0.02294065
473.95321212,0.02110485
474.17561393,0.02384824
474.39802964,0.02141426
474.62045924,0.02038291
474.84290273,0.01714447
475.06536010,0.02370385
475.28783136,0.02415765
475.51031649,0.02240435
475.73281550,0.01937218
475.95532838,0.01737136
476.17785513,0.01947532
476.40039575,0.02100172
476.62295024,0.02079545
476.84551859,0.02110485
477.06810080,0.01955783
477.29069686,0.02126987
477.51330678,0.02184742
477.73593055,0.02343570
477.95856817,0.02017664
478.18121963,0.02178554
478.40388494,0.02180617
478.62656409,0.02638536
478.84925707,0.02015601
479.07196389,0.02058918
479.29468455,0.02236310
479.51741903,0.02624097
479.74016733,0.01984660
479.96292946,0.02108422
480.18570542,0.02302316
480.40849519,0.01716510
480.63129877,0.02213620
480.85411617,0.02135237
481.07694738,0.02089858
481.29979239,0.02211557
481.52265121,0.01980535
481.74552383,0.01782516
481.96841025,0.01961971
482.19131046,0.02087795
482.41422447,0.01842334
482.63715227,0.01891839
482.86009385,0.01489613
483.08304922,0.01586559
483.30601837,0.01720635
483.52900130,0.02015601
483.75199801,0.01609249
483.97500849,0.01986723
484.19803274,0.02287877
484.42107076,0.01578309
484.64412255,0.02512711
484.86718810,0.01924842
485.09026741,0.01390603
485.31336047,0.01763952
485.53646729,0.01836146
485.75958786,0.01588622
485.98272218,0.01588622
486.20587024,0.01592748
486.42903205,0.01687632
486.65220760,0.01501989
486.87539689,0.02093983
487.09859991,0.01673193
487.32181666,0.01792829
487.54504715,0.01834083
487.76829136,0.01980535
487.99154929,0.02285814
488.21482094,0.02106360
488.43810631,0.02034165
488.66140540,0.02448768
488.88471820,0.02391012
489.10804471,0.02510649
489.33138493,0.02793238
489.55473885,0.02473520
489.77810647,0.02921126
490.00148780,0.02991258
490.22488281,0.03141835
490.44829153,0.03125333
490.67171393,0.02993320
490.89515002,0.03496619
491.11859979,0.03376982
491.34206325,0.03432675
491.56554038,0.03187214
491.78903120,0.03397609
492.01253568,0.03018073
492.23605384,0.03327478
492.45958567,0.03550249
492.68313116,0.03506932
492.90669031,0.03154211
493.13026312,0.02749922
493.35384960,0.02655038
493.57744972,0.02570467
493.80106350,0.02657100
494.02469092,0.02772611
494.24833200,0.02743734
494.47198671,0.02760235
494.69565507,0.02238372
494.91933706,0.03201653
495.14303269,0.02613784
495.36674195,0.02335319
495.59046484,0.02595219
495.81420136,0.02638536
496.03795150,0.02327068
496.26171526,0.02397200
496.48549264,0.02556028
496.70928364,0.02813865
496.93308825,0.02677727
497.15690647,0.03137709
497.38073830,0.02931439
497.60458373,0.03275910
497.82844276,0.03954538
498.05231539,0.03537873
498.27620162,0.03490431
498.50010144,0.03863779
498.72401485,0.03698763
498.94794185,0.04125742
499.17188244,0.03647196
499.39583661,0.03661635
499.61980435,0.03537873
499.84378568,0.04024670
500.06778058,0.03909159
500.29178904,0.04061798
500.51581108,0.03832839
500.73984668,0.04323761
500.96389585,0.03956601
501.18795858,0.04020544
501.41203486,0.04391830
501.63612470,0.04447523
501.86022809,0.04325824
502.08434503,0.04688859
502.30847551,0.04346451
502.53261954,0.04373266
502.75677711,0.04076237
502.98094822,0.04428959
503.20513286,0.04181435
503.42933104,0.04360890
503.65354274,0.03993729
503.87776797,0.03570876
504.10200673,0.03583252
504.32625901,0.03808086
504.55052480,0.03488368
504.77480411,0.03135647
504.99909694,0.03148023
505.22340327,0.03416174
505.44772312,0.03218155
505.67205646,0.03158336
505.89640331,0.02978881
506.12076366,0.03024261
506.34513750,0.02972693
506.56952484,0.02873684
506.79392567,0.02875746
507.01833999,0.02985069
507.24276779,0.03139772
507.46720907,0.03162462
507.69166384,0.02904624
507.91613208,0.02985069
508.14061380,0.03065515
508.36510898,0.02927314
508.58961764,0.03247032
508.81413976,0.03038700
509.03867534,0.03550249
509.26322439,0.03513120
509.48778689,0.03313039
509.71236285,0.03876156
509.93695226,0.03451240
510.16155512,0.03766832
510.38617142,0.03583252
510.61080117,0.03541998
510.83544436,0.03770958
511.06010099,0.03682262
511.28477105,0.04059736
511.50945454,0.04214438
511.73415147,0.03795710
511.95886182,0.03702889
512.18358560,0.03735892
512.40832280,0.03199590
512.63307341,0.03488368
512.85783745,0.03434738
513.08261489,0.03135647
513.30740575,0.03409986
513.53221001,0.03121208
513.75702768,0.03374920
513.98185875,0.03036637
514.20670322,0.03135647
514.43156109,0.03181026
514.65643235,0.02962380
514.88131700,0.03034574
515.10621504,0.03684325
515.33112647,0.03110894
515.55605128,0.03145960
515.78098946,0.03123270
516.00594103,0.03395547
516.23090597,0.03253220
516.45588428,0.03480117
516.68087596,0.02758173
516.90588100,0.03061389
517.13089941,0.02820054
517.35593118,0.02894311
517.58097631,0.02877809
517.80603479,0.02937627
518.03110663,0.02556028
518.25619181,0.02663288
518.48129034,0.02659163
518.70640222,0.02830367
518.93152743,0.02731357
519.15666598,0.02850994
519.38181787,0.02716919
519.60698310,0.02784988
519.83216165,0.02564279
520.05735353,0.02300253
520.28255873,0.02232184
520.50777726,0.02366260
520.73300910,0.02696292
520.95825426,0.02362134
521.18351273,0.02448768
521.40878452,0.02813865
521.63406961,0.02541589
521.85936801,0.02409576
522.08467971,0.02384824
522.31000471,0.02271376
522.53534300,0.02638536
522.76069459,0.02846869
522.98605947,0.02650912
523.21143764,0.02784988
523.43682910,0.03030449
523.66223383,0.02848931
523.88765185,0.02853057
524.11308315,0.03067577
524.33852772,0.03315101
524.56398556,0.02582843
524.78945667,0.03191339
525.01494104,0.03238781
525.24043868,0.03304788
525.46594959,0.03358418
525.69147374,0.03717328
525.91701116,0.03257346
526.14256182,0.03071703
526.36812574,0.02900499
526.59370290,0.03199590
526.81929331,0.02766423
527.04489696,0.02991258
527.27051384,0.02945878
527.49614396,0.02782925
527.72178732,0.02570467
527.94744390,0.02692166
528.17311372,0.02351821
528.39879675,0.02886060
528.62449301,0.02601407
528.85020249,0.03106769
529.07592518,0.02985069
529.30166109,0.03164524
529.52741021,0.03282098
529.75317254,0.03812212
529.97894807,0.02999508
530.20473680,0.03704952
530.43053874,0.03531685
530.65635387,0.04457837
530.88218219,0.03793648
531.10802371,0.04325824
531.33387841,0.04400081
531.55974630,0.04525906
531.78562738,0.04476401
532.01152163,0.04775492
532.23742906,0.04303134
532.46334967,0.04740426
532.68928344,0.04789931
532.91523039,0.04274256
533.14119051,0.04996201
533.36716378,0.04808496
533.59315022,0.04695047
533.81914982,0.04521780
534.04516257,0.05381926
534.27118847,0.04862126
534.49722752,0.04705361
534.72327973,0.04965261
534.94934507,0.04810558
535.17542356,0.05534566
535.40151518,0.05233412
535.62761994,0.04796119
535.85373784,0.04796119
536.07986886,0.05534566
536.30601301,0.05117900
536.53217029,0.05196283
536.75834069,0.04858000
536.98452420,0.04864188
537.21072084,0.05080772
537.43693059,0.05251976
537.66315345,0.04909568
537.88938941,0.05122026
538.11563848,0.05045706
538.34190066,0.05190095
538.56817593,0.05010640
538.79446431,0.04866251
539.02076577,0.04608414
539.24708033,0.05150904
539.47340798,0.05353048
539.69974871,0.05031267
539.92610252,0.05035392
540.15246942,0.04954947
540.37884939,0.05132339
540.60524244,0.05322108
540.83164856,0.04983825
541.05806775,0.05553130
541.28450001,0.05672767
541.51094533,0.05808905
541.73740371,0.06072930
541.96387515,0.05697519
542.19035965,0.05744961
542.41685719,0.06221445
542.64336779,0.06413276
542.86989144,0.06755684
543.09642813,0.05652140
543.32297786,0.06398837
543.54954063,0.05848096
543.77611643,0.06244134
544.00270527,0.05829532
544.22930714,0.06270949
544.45592204,0.05736710
544.68254996,0.05945043
544.90919091,0.05699582
545.13584487,0.05942980
545.36251185,0.05487124
545.58919184,0.05689268
545.81588485,0.05763525
546.04259086,0.05668641
546.26930988,0.05551067
546.49604191,0.05786215
546.72278693,0.05874911
546.94954495,0.05819218
547.17631596,0.06415338
547.40309997,0.06539100
547.62989696,0.06446279
547.85670694,0.06576229
548.08352991,0.07690086
548.31036585,0.06681426
548.53721477,0.07048587
548.76407667,0.07362117
548.99095154,0.07487942
549.21783938,0.07300236
549.44474018,0.07525070
549.67165395,0.07892231
549.89858069,0.07607578
550.12552038,0.07370368
550.35247302,0.07258982
550.57943862,0.07265170
550.80641717,0.07149659
551.03340866,0.07436374
551.26041310,0.07607578
551.48743048,0.07580763
551.71446081,0.07822099
551.94150406,0.08756502
552.16856025,0.08777129
552.39562937,0.09049405
552.62271142,0.08682245
552.84980640,0.08496602
553.07691429,0.08494539
553.30403511,0.08405843
553.53116884,0.08511041
553.75831549,0.08368714
553.98547505,0.08669868
554.21264752,0.08902953
554.43983289,0.08558483
554.66703116,0.09387688
554.89424234,0.09637274
555.12146641,0.10196266
555.34870338,0.09818792
555.57595324,0.10464417
555.80321599,0.10464417
556.03049162,0.10528360
556.25778014,0.10604680
556.48508154,0.11064662
556.71239582,0.11122418
556.93972297,0.11301873
557.16706300,0.10666561
557.39441589,0.10798574
557.62178165,0.11107979
557.84916028,0.10798574
558.07655177,0.11147170
558.30395611,0.11260619
558.53137331,0.11289496
558.75880337,0.11239992
558.98624627,0.11489578
559.21370202,0.11749478
559.44117062,0.11081164
559.66865206,0.12011441
559.89614634,0.11883554
560.12365345,0.12201209
560.35117340,0.11877366
560.57870618,0.12056820
560.80625179,0.11555585
561.03381022,0.11951623
561.26138148,0.12407479
561.48896555,0.12401291
561.71656244,0.12483799
561.94417215,0.12459047
562.17179467,0.12345598
562.39942999,0.12376539
562.62707812,0.12844772
562.85473906,0.12910778
563.08241279,0.13018038
563.31009933,0.12787016
563.53779866,0.13836930
563.76551078,0.13168615
563.99323568,0.13502773
564.22097338,0.13011850
564.44872386,0.13117048
564.67648712,0.13240810
564.90426316,0.12962345
565.13205197,0.13273813
565.35985356,0.12677693
565.58766792,0.12910778
565.81549504,0.12487925
566.04333493,0.12931405
566.27118758,0.12060946
566.49905298,0.12159955
566.72693115,0.12407479
566.95482207,0.12648815
567.18272573,0.12015567
567.41064215,0.12619937
567.63857131,0.12562182
567.86651321,0.12355912
568.09446785,0.11902118
568.32243523,0.12017629
568.55041534,0.11534958
568.77840819,0.12228025
569.00641376,0.11834049
569.23443206,0.11829924
569.46246308,0.11852613
569.69050682,0.12263090
569.91856327,0.11980501
570.14663244,0.12223899
570.37471433,0.12034131
570.60280892,0.12413667
570.83091622,0.11974313
571.05903622,0.11945435
571.28716892,0.11842300
571.51531432,0.12219774
571.74347241,0.11821673
571.97164320,0.11664908
572.19982667,0.12277529
572.42802284,0.11341064
572.65623168,0.11301873
572.88445321,0.10903772
573.11268742,0.10988342
573.34093430,0.10565489
573.56919385,0.10718129
573.79746608,0.10431414
574.02575097,0.10660373
574.25404853,0.10544862
574.48235874,0.10305589
574.71068162,0.10763508
574.93901715,0.10185952
575.16736534,0.11223490
575.39572618,0.10786198
575.62409966,0.11386443
575.85248579,0.11580337
576.08088456,0.11501954
576.30929597,0.11650469
576.53772002,0.11518456
576.76615671,0.12318783
576.99460602,0.12122827
577.22306796,0.11621591
577.45154253,0.12434294
577.68002972,0.12017629
577.90852953,0.12019692
578.13704196,0.11714412
578.36556700,0.11765980
578.59410465,0.11681409
578.82265492,0.11947497
579.05121779,0.11846425
579.27979326,0.11110042
579.50838133,0.11120355
579.73698201,0.10994530
579.96559527,0.10957402
580.19422113,0.10664499
580.42285958,0.10377783
580.65151062,0.10119946
580.88017424,0.09812604
581.10885044,0.10122009
581.33753922,0.10146761
581.56624057,0.09385625
581.79495450,0.09600146
582.02368100,0.09513512
582.25242007,0.09486697
582.48117170,0.09738347
582.70993589,0.09874485
582.93871264,0.10212767
583.16750195,0.09934303
583.39630381,0.09569205
583.62511822,0.09812604
583.85394518,0.09232985
584.08278469,0.09404189
584.31163674,0.09461945
584.54050133,0.09715657
584.76937845,0.09948742
584.99826811,0.10212767
585.22717030,0.10526298
585.45608502,0.10394285
585.68501226,0.11124480
585.91395203,0.11233804
586.14290432,0.11485453
586.37186912,0.11551459
586.60084644,0.12157893
586.82983628,0.12438420
587.05883862,0.13310942
587.28785347,0.13795676
587.51688082,0.13871996
587.74592067,0.13770924
587.97497302,0.13249061
588.20403787,0.13645099
588.43311520,0.13775049
588.66220503,0.14142209
588.89130735,0.14142209
589.12042215,0.14323727
589.34954943,0.14445426
589.57868919,0.13979256
589.80784142,0.14096830
590.03700613,0.13886435
590.26618331,0.13859620
590.49537296,0.14092705
590.72457507,0.13777112
590.95378964,0.13535776
591.18301667,0.14144272
591.41225616,0.13709043
591.64150811,0.13882309
591.87077250,0.14412423
592.10004934,0.14393859
592.32933863,0.14527934
592.55864036,0.13504835
592.78795453,0.13533713
593.01728114,0.13762673
593.24662018,0.13898811
593.47597165,0.13985444
593.70533555,0.13983382
593.93471188,0.13948316
594.16410063,0.13793613
594.39350180,0.13892623
594.62291539,0.13492459
594.85234140,0.13430578
595.08177981,0.14133959
595.31123064,0.13397575
595.54069387,0.13830742
595.77016951,0.14348479
595.99965755,0.14012259
596.22915798,0.14261846
596.45867081,0.13593531
596.68819604,0.14039074
596.91773365,0.13671914
597.14728365,0.14166962
597.37684603,0.13981319
597.60642080,0.14439238
597.83600795,0.15109615
598.06560747,0.15171496
598.29521936,0.14930160
598.52484363,0.15340638
598.75448026,0.15740801
598.98412926,0.16126526
599.21379062,0.16970170
599.44346434,0.17471406
599.67315042,0.18199539
599.90284885,0.18469752
600.13255963,0.19334023
600.36228276,0.19767190
600.59201824,0.19536168
600.82176606,0.20103410
601.05152622,0.19736250
601.28129871,0.20150852
601.51108354,0.20860421
601.74088070,0.21631870
601.97069019,0.21782447
602.20051201,0.22087727
602.43034615,0.21450353
602.66019261,0.21994905
602.89005139,0.23059258
603.11992249,0.23119076
603.34980589,0.24441266
603.57970161,0.26132680
603.80960963,0.26633916
604.03952996,0.28533662
604.26946259,0.30375652
604.49940751,0.30914016
604.72936474,0.30703621
604.95933425,0.30641740
605.18931606,0.29903294
605.41931015,0.29340177
605.64931653,0.28909073
605.87933519,0.28896697
606.10936612,0.30260141
606.33940934,0.29872353
606.56946483,0.30581922
606.79953259,0.30825320
607.02961261,0.31852545
607.25970490,0.32131009
607.48980946,0.32852954
607.71992627,0.32244457
607.95005534,0.32976716
608.18019667,0.33335625
608.41035024,0.33733726
608.64051607,0.33560459
608.87069414,0.34045194
609.10088445,0.33857488
609.33108700,0.33523331
609.56130179,0.34323658
609.79152882,0.35210619
610.02176808,0.35297252
610.25201956,0.35788175
610.48228328,0.35641723
610.71255921,0.34752700
610.94284737,0.34397915
611.17314775,0.34474235
611.40346034,0.34144203
611.63378514,0.33993626
611.86412215,0.32430100
612.09447137,0.32044376
612.32483280,0.31825729
612.55520642,0.30575734
612.78559225,0.28463530
613.01599027,0.26258504
613.24640048,0.25037386
613.47682288,0.24177241
613.70725747,0.23290280
613.93770425,0.21615368
614.16816321,0.21506045
614.39863434,0.20843919
614.62911766,0.20746972
614.85961314,0.20984183
615.09012080,0.21264710
615.32064063,0.21169825
615.55117262,0.21790698
615.78171677,0.21330716
616.01227308,0.21673124
616.24284156,0.22161984
616.47342218,0.21885582
616.70401496,0.22176423
616.93461988,0.21966027
617.16523695,0.22549771
617.39586617,0.22331125
617.62650752,0.21658685
617.85716101,0.21297713
618.08782664,0.21068753
618.31850440,0.19785754
618.54919429,0.19624864
618.77989630,0.19041120
619.01061044,0.18170661
619.24133670,0.18185100
619.47207508,0.18084027
619.70282557,0.17529161
619.93358818,0.17393023
620.16436289,0.16349297
620.39514972,0.16947480
620.62594864,0.15887253
620.85675967,0.16279166
621.08758280,0.15305572
621.31841802,0.14756894
621.54926534,0.14024636
621.78012475,0.13360446
622.01099624,0.13129424
622.24187982,0.12933468
622.47277549,0.12805580
622.70368323,0.12822082
622.93460305,0.11883554
623.16553494,0.12120764
623.39647890,0.11745353
623.62743493,0.11685535
623.85840303,0.11714412
624.08938319,0.11815485
624.32037541,0.12207398
624.55137968,0.12060946
624.78239602,0.11728851
625.01342440,0.11444199
625.24446483,0.11499892
625.47551731,0.10887270
625.70658183,0.10551050
625.93765839,0.10165325
626.16874699,0.09907488
626.39984763,0.09468133
626.63096029,0.10276711
626.86208499,0.09893049
627.09322171,0.10340655
627.32437046,0.10526298
627.55553123,0.10738756
627.78670401,0.10767633
628.01788882,0.11221427
628.24908563,0.12203272
628.48029446,0.11312186
628.71151529,0.11821673
628.94274813,0.12038256
629.17399296,0.12793204
629.40524980,0.12459047
629.63651863,0.12646752
629.86779946,0.12972659
630.09909228,0.13275876
630.33039709,0.14212341
630.56171388,0.15441710
630.79304265,0.15095176
631.02438340,0.17052678
631.25573613,0.17737494
631.48710084,0.18579075
631.71847751,0.18597640
631.94986615,0.20128162
632.18126676,0.20163228
632.41267933,0.20460257
632.64410387,0.19940457
632.87554035,0.20427254
633.10698880,0.22428072
633.33844919,0.22652906
633.56992154,0.24595969
633.80140583,0.24882684
634.03290207,0.23935905
634.26441024,0.23195396
634.49593035,0.22723038
634.72746240,0.22339376
634.95900638,0.22040285
635.19056229,0.22687972
635.42213013,0.23133515
635.65370989,0.23907027
635.88530158,0.23603810
636.11690518,0.24243247
636.34852069,0.24179304
636.58014812,0.25214779
636.81178746,0.27846783
637.04343871,0.28973016
637.27510187,0.30460223
637.50677692,0.31431754
637.73846387,0.31701967
637.97016272,0.31310055
638.20187347,0.31660713
638.43359610,0.31046029
638.66533062,0.31295616
638.89707703,0.31087283
639.12883532,0.30792317
639.36060549,0.30326147
639.59238754,0.29417743
639.82418146,0.30399370
640.05598725,0.30185127
640.28780491,0.30814571
640.51963444,0.31466464
640.75147583,0.29100522
640.98332908,0.29123346
641.21519419,0.28983926
641.44707115,0.28580531
641.67895997,0.28558100
641.91086063,0.28112984
642.14277314,0.27536480
642.37469750,0.26737131
642.60663369,0.26623584
642.83858172,0.27422660
643.07054159,0.27829589
643.30251329,0.28239779
643.53449683,0.29195534
643.76649218,0.28370377
643.99849937,0.27995882
644.23051837,0.28526365
644.46254919,0.28073045
644.69459183,0.28453899
644.92664628,0.27426295
645.15871254,0.27099487
645.39079061,0.25554242
645.62288049,0.26057383
645.85498217,0.25768515
646.08709564,0.25600865
646.31922091,0.24320523
646.55135798,0.24837338
646.78350684,0.25152976
647.01566748,0.25429077
647.24783991,0.25347412
647.48002413,0.25134011
647.71222012,0.24936995
647.94442789,0.24531995
648.17664744,0.24609802
648.40887875,0.24921186
648.64112184,0.24635051
648.87337669,0.24922566
649.10564331,0.23535609
649.33792168,0.23777526
649.57021181,0.23836287
649.80251370,0.24000425
650.03482734,0.24379846
650.26715273,0.24561577
650.49948987,0.23435388
650.73183875,0.23679130
650.96419937,0.23198167
651.19657173,0.22817690
651.42895582,0.23288830
651.66135165,0.23346364
651.89375921,0.22456230
652.12617849,0.22303839
652.35860950,0.21981673
652.59105224,0.22017279
652.82350669,0.22076175
653.05597285,0.22960546
653.28845073,0.23095527
653.52094032,0.23428512
653.75344162,0.24307753
653.98595462,0.23970888
654.21847933,0.24985140
654.45101573,0.25183503
654.68356383,0.25797343
654.91612363,0.26379151
655.14869511,0.26040475
655.38127829,0.28395192
655.61387315,0.27008125
655.84647969,0.27168439
656.07909792,0.27135823
656.31172782,0.26551595
656.54436939,0.25327703
656.77702264,0.26359606
657.00968756,0.26637562
657.24236414,0.27566239
657.47505238,0.28440955
657.70775229,0.29243870
657.94046385,0.28910373
658.17318707,0.29835107
658.40592195,0.29624104
658.63866847,0.29455293
658.87142663,0.30003587
659.10419645,0.29737063
659.33697790,0.29097422
659.56977099,0.30023343
659.80257572,0.29975564
660.03539208,0.29492945
660.26822007,0.27763660
660.50105969,0.27909377
660.73391093,0.28583740
660.96677380,0.27913422
661.19964828,0.29600901
661.43253438,0.30744476
661.66543209,0.30508787
661.89834142,0.31264167
662.13126235,0.31956102
662.36419489,0.33360313
662.59713903,0.34997250
662.83009477,0.33450628
663.06306210,0.33842671
663.29604103,0.32138766
663.52903155,0.32337356
663.76203367,0.30263055
663.99504736,0.29203388
664.22807264,0.28265842
664.46110950,0.27629118
664.69415794,0.27402359
664.92721795,0.27770410
665.16028953,0.27839563
665.39337269,0.28090989
665.62646740,0.29058074
665.85957369,0.28625107
666.09269153,0.28489409
666.32582093,0.29050686
666.55896189,0.28576771
666.79211440,0.27780776
667.02527846,0.28048927
667.25845406,0.27729209
667.49164121,0.26411144
667.72483991,0.25334415
667.95805014,0.25604629
668.19127190,0.24350508
668.42450520,0.23690444
668.65775003,0.23715196
668.89100639,0.24090607
669.12427427,0.23609999
669.35755368,0.24680539
669.59084460,0.24354633
669.82414704,0.25924347
670.05746099,0.27186719
670.29078646,0.27091835
670.52412343,0.26951571
670.75747191,0.28702803
670.99083189,0.29463939
671.22420337,0.29459813
671.45758635,0.30150818
671.69098082,0.30567483
671.92438678,0.30581922
672.15780424,0.31437942
672.39123317,0.31988683
672.62467360,0.33001468
672.85812550,0.34552618
673.09158888,0.35720105
673.32506373,0.35649974
673.55855006,0.36068702
673.79204785,0.35408638
674.02555712,0.35924313
674.25907784,0.35427202
674.49261003,0.35913999
674.72615367,0.35542713
674.95970878,0.35478770
675.19327533,0.36324476
675.42685333,0.36225467
675.66044278,0.36330664
675.89404368,0.38688330
676.12765601,0.37762178
676.36127979,0.39907385
676.59491500,0.40573637
676.82856165,0.40944922
677.06221972,0.40668521
677.29588922,0.40536508
677.52957015,0.40586013
677.76326250,0.39892946
677.99696627,0.38902850
678.23068146,0.38288166
678.46440806,0.36747330
678.69814607,0.35179678
678.93189549,0.34154517
679.16565631,0.32836452
679.39942854,0.32425975
679.63321217,0.31780350
679.86700720,0.30658242
680.10081361,0.29602140
680.33463143,0.29785720
680.56846063,0.30468473
680.80230121,0.30196197
681.03615318,0.30940831
681.27001653,0.30503539
681.50389126,0.31435879
681.73777736,0.31856670
681.97167484,0.31384312
682.20558368,0.31349246
682.43950390,0.31328619
682.67343547,0.31355434
682.90737841,0.30528292
683.14133270,0.29131844
683.37529836,0.28067492
683.60927536,0.27359986
683.84326371,0.26295633
684.07726341,0.25404547
684.31127446,0.25247782
684.54529685,0.25260158
684.77933057,0.24659912
685.01337564,0.24866182
685.24743203,0.25889281
685.48149976,0.26708173
685.71557881,0.27842657
685.94966919,0.28282012
686.18377090,0.28886383
686.41788392,0.29742403
686.65200826,0.30583985
686.88614391,0.31378124
687.12029088,0.31642149
687.35444915,0.32029937
687.58861873,0.32353780
687.82279961,0.31477133
688.05699179,0.31262613
688.29119527,0.31029528
688.52541004,0.31561704
688.75963611,0.32275398
688.99387346,0.32405348
689.22812210,0.33176797
689.46238203,0.34185457
689.69665323,0.33993626
689.93093571,0.35262186
690.16522947,0.35907811
690.39953450,0.36052200
690.63385080,0.36039824
690.86817837,0.36840151
691.10251720,0.36307975
691.33686730,0.38077771
691.57122865,0.37949883
691.80560125,0.39030738
692.03998511,0.37475462
692.27438023,0.38160279
692.50878658,0.37298070
692.74320419,0.38952355
692.97763303,0.37982886
693.21207312,0.38603759
693.44652444,0.39175127
693.68098699,0.40173473
693.91546077,0.41580234
694.14994579,0.42244423
694.38444203,0.42143351
694.61894949,0.43471729
694.85346817,0.43102506
695.08799806,0.43566613
695.32253918,0.43626431
695.55709150,0.44307122
695.79165503,0.44577336
696.02622977,0.44593837
696.26081571,0.46256373
696.49541285,0.47019572
696.73002119,0.48147868
696.96464072,0.48413956
697.19927145,0.47601253
697.43391336,0.49338045
697.66856647,0.49740272
697.90323075,0.48457273
698.13790622,0.47956037
698.37259286,0.48498527
698.60729068,0.49018327
698.84199967,0.50196128
699.07671984,0.51982426
699.31145117,0.53052967
699.54619366,0.53240672
699.78094731,0.53424253
700.01571213,0.55656093
700.25048810,0.56658565
700.48527522,0.59610287
700.72007349,0.61122246
700.95488292,0.63378839
701.18970348,0.63411842
701.42453519,0.63512914
701.65937804,0.63816131
701.89423202,0.65398221
702.12909714,0.66850361
702.36397339,0.67097885
702.59886077,0.67302093
702.83375927,0.67064882
703.06866889,0.66604900
703.30358964,0.66510016
703.53852150,0.68137486
703.77346448,0.67854896
704.00841857,0.67328908
704.24338376,0.67203083
704.47836007,0.67572306
704.71334748,0.64991870
704.94834598,0.64348307
705.18335559,0.66155232
705.41837629,0.62920920
705.65340808,0.62970424
705.88845096,0.62359865
706.12350493,0.62856976
706.35856998,0.64494759
706.59364612,0.66823546
706.82873333,0.68405637
707.06383161,0.72108182
707.29894097,0.72236069
707.53406141,0.73306610
707.76919290,0.75272362
708.00433546,0.77508328
708.23948909,0.80821023
708.47465377,0.82186530
708.70982951,0.81359388
708.94501630,0.83745930
709.18021414,0.80880841
709.41542303,0.81714172
709.65064297,0.80105266
709.88587395,0.78203458
710.12111597,0.76930772
710.35636902,0.73663457
710.59163311,0.72013298
710.82690823,0.71031453
711.06219437,0.68861493
711.29749155,0.69958849
711.53279974,0.67366036
711.76811896,0.68199367
712.00344920,0.66460511
712.23879044,0.67506300
712.47414270,0.67005064
712.70950597,0.67159766
712.94488025,0.66596649
713.18026553,0.66650280
713.41566181,0.64038903
713.65106908,0.65231143
713.88648736,0.64929989
714.12191662,0.65004246
714.35735688,0.64257549
714.59280812,0.61573977
714.82827034,0.60864408
715.06374355,0.59439083
715.29922774,0.59686607
715.53472290,0.59808306
715.77022903,0.59422582
716.00574614,0.61518284
716.24127421,0.60359047
716.47681324,0.58861528
716.71236324,0.59191559
716.94792420,0.59701046
717.18349611,0.59348325
717.41907898,0.60218784
717.65467280,0.59892877
717.89027757,0.61095431
718.12589328,0.60552941
718.36151993,0.60829343
718.59715752,0.60243536
718.83280605,0.59150305
719.06846552,0.57058728
719.30413591,0.56157329
719.53981724,0.55635466
719.77550949,0.54148260
720.01121266,0.54517483
720.24692676,0.54548424
720.48265177,0.55763353
720.71838769,0.57036039
720.95413453,0.55536456
721.18989228,0.55618964
721.42566093,0.55082663
721.66144049,0.55913930
721.89723095,0.55854112
722.13303231,0.55682908
722.36884456,0.55049659
722.60466770,0.55478701
722.84050173,0.55179610
723.07634666,0.54707251
723.31220246,0.54278210
723.54806915,0.54484480
723.78394671,0.54632994
724.01983515,0.51219227
724.25573447,0.49793902
724.49164465,0.49746460
724.72756571,0.47584751
724.96349762,0.46522461
725.19944040,0.46840117
725.43539404,0.45344660
725.67135854,0.43545986
725.90733388,0.43754319
726.14332008,0.43517108
726.37931713,0.42541452
726.61532503,0.39727930
726.85134376,0.39771247
727.08737334,0.38360360
727.32341375,0.36833963
727.55946500,0.36107893
727.79552708,0.35515898
728.03159998,0.35012600
728.26768372,0.35559215
728.50377827,0.36704013
728.73988365,0.37029919
728.97599985,0.37397080
729.21212686,0.37221750
729.44826468,0.37846748
729.68441331,0.36623568
729.92057275,0.35829429
730.15674299,0.34655753
730.39292403,0.33925557
730.62911587,0.32795198
730.86531851,0.32687938
731.10153194,0.31506011
731.33775616,0.30730436
731.57399117,0.30218887
731.81023696,0.29641331
732.04649353,0.28554289
732.28276088,0.27611635
732.51903901,0.27588945
732.75532791,0.26652480
732.99162758,0.26033670
733.22793802,0.25520058
733.46425923,0.24651662
733.70059119,0.24257686
733.93693392,0.23822457
734.17328740,0.23279967
734.40965164,0.23158267
734.64602662,0.23593497
734.88241236,0.22951998
735.11880884,0.23362475
735.35521607,0.22947872
735.59163403,0.22475514
735.82806273,0.22555959
736.06450217,0.22137231
736.30095234,0.22838549
736.53741323,0.23024192
736.77388486,0.23711071
737.01036720,0.24327818
737.24686027,0.24839367
737.48336406,0.25536560
737.71987856,0.26807182
737.95640377,0.27376487
738.19293969,0.27465183
738.42948632,0.27624011
738.66604365,0.28306765
738.90261169,0.28721367
739.13919042,0.28488282
739.37577985,0.28956515
739.61237997,0.29177224
739.84899078,0.29472190
740.08561228,0.28609981
740.32224446,0.27390926
740.55888732,0.26211062
740.79554087,0.25412798
741.03220509,0.24348445
741.26887998,0.23139703
741.50556555,0.23007690
741.74226178,0.21999031
741.97896868,0.21437976
742.21568624,0.20911988
742.45241446,0.19645491
742.68915333,0.18921483
742.92590286,0.19047308
743.16266304,0.18453251
743.39943387,0.17603419
743.63621535,0.17611669
743.87300747,0.16928916
744.10981023,0.16741210
744.34662363,0.16739148
744.58344766,0.16458621
744.82028232,0.17595168
745.05712761,0.17588980
745.29398353,0.17690052
745.53085007,0.17223882
745.76772724,0.17409525
746.00461502,0.17141374
746.24151341,0.17083618
746.47842242,0.16458621
746.71534204,0.16869098
746.95227227,0.16384363
747.18921310,0.17498221
747.42616453,0.17279575
747.66312656,0.17329080
747.90009918,0.16831969
748.13708240,0.18482128
748.37407621,0.19030806
748.61108061,0.18878167
748.84809559,0.18556386
749.08512115,0.18610016
749.32215730,0.18434686
749.55920401,0.18770906
749.79626131,0.18746154
750.03332917,0.19098875
750.27040760,0.18816286
750.50749660,0.18818348
750.74459616,0.18803910
750.98170628,0.18251106
751.21882695,0.18282047
751.45595818,0.18183037
751.69309997,0.18952424
751.93025230,0.18500693
752.16741517,0.18053087
752.40458859,0.17642610
752.64177256,0.16786590
752.87896705,0.17617857
753.11617209,0.17139311
753.35338765,0.17430152
753.59061374,0.16922728
753.82785037,0.17673550
754.06509751,0.18500693
754.30235518,0.18746154
754.53962336,0.19738312
754.77690206,0.20493260
755.01419127,0.21085255
755.25149099,0.21691688
755.48880122,0.21982529
755.72612195,0.22694160
755.96345319,0.22576586
756.20079492,0.22001093
756.43814715,0.22382693
756.67550987,0.22560085
756.91288309,0.22151670
757.15026679,0.22302247
757.38766097,0.22071225
757.62506564,0.21312152
757.86248079,0.20565455
758.09990641,0.19742438
758.33734251,0.19245327
758.57478908,0.18044836
758.81224612,0.17916949
759.04971362,0.17178503
759.28719159,0.16813405
759.52468001,0.15788243
759.76217889,0.16442119
759.99968823,0.15258130
760.23720802,0.14639320
760.47473826,0.14123645
760.71227894,0.13828679
760.94983007,0.13605908
761.18739164,0.13030414
761.42496364,0.12322909
761.66254608,0.12289905
761.90013895,0.12549806
762.13774226,0.13077857
762.37535598,0.12888088
762.61298014,0.13108797
762.85061471,0.13517212
763.08825970,0.14092705
763.32591511,0.14505244
763.56358093,0.14987916
763.80125716,0.15959447
764.03894380,0.17407462
764.27664084,0.18183037
764.51434829,0.18541947
764.75206613,0.19154568
764.98979437,0.19226763
765.22753300,0.20113723
765.46528203,0.19794005
765.70304144,0.20309680
765.94081124,0.19967272
766.17859142,0.21244083
766.41638197,0.21448290
766.65418291,0.21963965
766.89199422,0.22300185
767.12981590,0.21033687
767.36764795,0.20718094
767.60549036,0.20031216
767.84334314,0.20454069
768.08120628,0.20565455
768.31907977,0.19593923
768.55696362,0.20262238
768.79485782,0.20361247
769.03276238,0.20000275
769.27067727,0.20291116
769.50860251,0.20567517
769.74653809,0.21256459
769.98448401,0.21151261
770.22244027,0.20918176
770.46040685,0.20895486
770.69838377,0.20425191
770.93637101,0.20676840
771.17436858,0.21382283
771.41237647,0.21110007
771.65039468,0.21605055
771.88842320,0.20569580
772.12646204,0.20932615
772.36451118,0.21145073
772.60257064,0.21163637
772.84064039,0.20536577
773.07872045,0.20161166
773.31681081,0.19909516
773.55491147,0.19694996
773.79302242,0.19379403
774.03114366,0.18572887
774.26927519,0.18246981
774.50741700,0.17279575
774.74556910,0.16770088
774.98373147,0.17178503
775.22190413,0.16916540
775.46008705,0.16722646
775.69828025,0.16646326
775.93648372,0.16780402
776.17469745,0.17058866
776.41292145,0.17048553
776.65115570,0.16225536
776.88940022,0.16407053
777.12765499,0.15942946
777.36592001,0.16023391
777.60419528,0.15536594
777.84248079,0.15885190
778.08077655,0.15928507
778.31908256,0.16258539
778.55739879,0.15190061
778.79572527,0.15202437
779.03406198,0.14806398
779.27240891,0.14503182
779.51076608,0.13488334
779.74913346,0.13453268
779.98751107,0.13397575
780.22589890,0.15078675
780.46429695,0.13494522
780.70270520,0.13556403
780.94112367,0.12644690
781.17955235,0.13626535
781.41799123,0.12518865
781.65644031,0.12980910
781.89489959,0.12021755
782.13336907,0.12025880
782.37184874,0.11790732
782.61033861,0.11817547
782.84883866,0.12308470
783.08734890,0.12108388
783.32586931,0.11834049
783.56439991,0.11759792
783.80294069,0.11504017
784.04149164,0.11953686
784.28005276,0.11796920
784.51862406,0.12430169
784.75720551,0.12277529
784.99579713,0.12477611
785.23439891,0.12675630
785.47301085,0.12879837
785.71163295,0.13566716
785.95026519,0.13721419
786.18890759,0.13671914
786.42756013,0.14243282
786.66622282,0.13942128
786.90489564,0.14996167
787.14357861,0.14202028
787.38227171,0.14841464
787.62097494,0.14294849
787.85968831,0.14136021
788.09841180,0.13539901
788.33714541,0.13746171
788.57588915,0.12916966
788.81464301,0.12770514
789.05340698,0.12745762
789.29218106,0.12718947
789.53096526,0.12954095
789.76975956,0.12399229
790.00856397,0.12539492
790.24737848,0.13071668
790.48620309,0.12543617
790.72503780,0.12945844
790.96388260,0.13706980
791.20273749,0.14461928
791.44160247,0.14131896
791.68047754,0.13385199
791.91936269,0.12751950
792.15825792,0.12778765
792.39716323,0.13158302
792.63607861,0.12343536
792.87500406,0.11801046
793.11393958,0.12473486
793.35288517,0.11598901
793.59184082,0.11266807
793.83080653,0.11664908
794.06978230,0.11553522
794.30876813,0.12067134
794.54776401,0.11266807
794.78676993,0.11215239
795.02578591,0.11724726
795.26481193,0.11867052
795.50384798,0.11823735
795.74289408,0.12269279
795.98195022,0.12327034
796.22101638,0.12855085
796.46009258,0.12622000
796.69917880,0.12989161
796.93827505,0.12636439
797.17738132,0.13197493
797.41649761,0.13931814
797.65562392,0.14758956
797.89476024,0.14583627
798.13390657,0.14686762
798.37306290,0.14932223
798.61222925,0.14523809
798.85140559,0.15043609
799.09059194,0.15181810
799.32978828,0.15625290
799.56899462,0.14270097
799.80821094,0.15167371
800.04743726,0.14705326
800.28667356,0.14181401
800.52591985,0.13915312
800.76517611,0.13979256
801.00444236,0.14284536
801.24371857,0.14439238
801.48300476,0.14872405
801.72230092,0.16027516
801.96160705,0.16871160
802.20092314,0.17508534
802.44024919,0.18236667
802.67958519,0.18370743
802.91893116,0.18814223
803.15828707,0.19047308
803.39765294,0.19061747
803.63702875,0.20173542
803.87641450,0.19490788
804.11581020,0.19977585
804.35521584,0.19645491
804.59463141,0.19820820
804.83405692,0.19319584
805.07349235,0.19503165
805.31293772,0.19643428
805.55239300,0.19257703
805.79185821,0.18154159
806.03133334,0.18106717
806.27081839,0.16959856
806.51031335,0.16619511
806.74981822,0.15833623
806.98933300,0.15303509
807.22885768,0.14400047
807.46839227,0.13498647
807.70793675,0.13267625
807.94749114,0.13372823
808.18705542,0.12423981
808.42662959,0.12329097
808.66621364,0.12112513
808.90580759,0.12180582
809.14541141,0.11997002
809.38502512,0.11553522
809.62464871,0.11153358
809.86428217,0.11592713
810.10392550,0.11460700
810.34357870,0.10786198
810.58324177,0.11015157
810.82291470,0.09707406
811.06259749,0.09534139
811.30229015,0.10058065
811.54199265,0.09313431
811.78170501,0.08921518
812.02142722,0.08348087
812.26115928,0.07665334
812.50090118,0.07407497
812.74065292,0.06951640
812.98041450,0.06796938
813.22018592,0.06829941
813.45996717,0.05916165
813.69975825,0.06054366
813.93955916,0.05874911
814.17936989,0.06081181
814.41919045,0.05136465
814.65902083,0.05709895
814.89886102,0.05214847
815.13871102,0.05340672
815.37857084,0.04957010
815.61844047,0.05557255
815.85831990,0.05313857
816.09820913,0.04985888
816.33810817,0.04651730
816.57801700,0.04608414
816.81793562,0.04876565
817.05786404,0.04721862
817.29780225,0.03898845
817.53775024,0.04218564
817.77770801,0.04177310
818.01767557,0.03587378
818.25765290,0.03591503
818.49764001,0.03490431
818.73763689,0.03523434
818.97764354,0.03333666
819.21765996,0.03228468
819.45768614,0.03156274
819.69772209,0.02655038
819.93776779,0.02568404
820.17782324,0.02261062
820.41788845,0.02409576
820.65796341,0.01974347
820.89804812,0.01654629
821.13814257,0.01873275
821.37824677,0.01877400
821.61836070,0.01829958
821.85848437,0.01836146
822.09861777,0.02271376
822.33876090,0.02415765
822.57891376,0.02572530
822.81907635,0.02694229
823.05924866,0.03416174
823.29943069,0.04332012
823.53962243,0.05229286
823.77982389,0.06520536
824.02003506,0.07083653
824.26025594,0.08872013
824.50048652,0.09857983
824.74072681,0.10660373
824.98097680,0.12430169
825.22123648,0.12861273
825.46150586,0.15468525
825.70178493,0.15639729
825.94207369,0.15639729
826.18237214,0.16404990
826.42268027,0.17397149
826.66299808,0.17582792
826.90332557,0.18341865
827.14366273,0.18356304
827.38400957,0.19548544
827.62436608,0.19773378
827.86473225,0.20035341
828.10510809,0.20352997
828.34549359,0.20959430
828.58588874,0.20722220
828.82629356,0.20800602
829.06670802,0.20338558
829.30713214,0.21217268
829.54756590,0.20920239
829.78800931,0.21178076
830.02846236,0.21778322
830.26892505,0.22159921
830.50939738,0.21819576
830.74987934,0.21722629
830.99037093,0.21590616
831.23087215,0.22298122
831.47138299,0.21780384
831.71190346,0.21893833
831.95243355,0.21140948
832.19297325,0.21079067
832.43352257,0.21062565
832.67408150,0.21039875
832.91465003,0.21155387
833.15522818,0.20035341
833.39581592,0.19862074
833.63641327,0.19346399
833.87702022,0.18391370
834.11763676,0.17675613
834.35826289,0.17791124
834.59889861,0.17562165
834.83954392,0.15899629
835.08019881,0.15526281
835.32086328,0.14688825
835.56153733,0.14641383
835.80222095,0.13981319
836.04291415,0.13090233
836.28361692,0.12017629
836.52432926,0.12135203
836.76505116,0.11272995
837.00578262,0.10885207
837.24652364,0.10190078
837.48727421,0.09272177
837.72803434,0.09156665
837.96880402,0.08626552
838.20958325,0.08284144
838.45037202,0.08125316
838.69117033,0.07754030
838.93197819,0.07807660
839.17279558,0.07927297
839.41362250,0.08704934
839.65445896,0.08412031
839.89530494,0.09142227
840.13616045,0.09253612
840.37702548,0.09331995
840.61790003,0.09565080
840.85878410,0.10053940
841.09967768,0.09890986
841.34058078,0.09773412
841.58149338,0.09389750
841.82241549,0.09371186
842.06334710,0.09346434
842.30428821,0.09206170
842.54523883,0.09249487
842.78619893,0.09649651
843.02716853,0.08968960
843.26814762,0.09426879
843.50913619,0.09195857
843.75013425,0.09391813
843.99114179,0.09371186
844.23215881,0.09202045
844.47318530,0.08954521
844.71422127,0.09851795
844.95526670,0.08952458
845.19632161,0.08888515
845.43738597,0.08003617
845.67845980,0.08552295
845.91954309,0.08108814
846.16063584,0.07733403
846.40173803,0.07252794
846.64284968,0.07976802
846.88397078,0.07397183
847.12510132,0.07531258
847.36624130,0.07393058
847.60739073,0.07186788
847.84854959,0.07254857
848.08971788,0.07459064
848.33089561,0.07597265
848.57208276,0.07622017
848.81327934,0.07985052
849.05448534,0.08459473
849.29570076,0.08354275
849.53692560,0.09447506
849.77815986,0.09439255
850.01940353,0.10146761
850.26065660,0.10179764
850.50191908,0.11044035
850.74319097,0.11260619
850.98447225,0.12186771
851.22576294,0.12822082
851.46706301,0.13436766
851.70837248,0.13760610
851.94969135,0.14560937
852.19101959,0.15117866
852.43235722,0.17714804
852.67370424,0.17978830
852.91506063,0.18632705
853.15642640,0.19187572
853.39780154,0.20154977
853.63918605,0.20447881
853.88057992,0.20953242
854.12198317,0.20503574
854.36339577,0.21543174
854.60481773,0.21648372
854.84624905,0.21726754
855.08768973,0.21227581
855.32913975,0.20216858
855.57059912,0.19977585
855.81206784,0.20691279
856.05354590,0.20334432
856.29503330,0.20117849
856.53653004,0.19649616
856.77803611,0.20022965
857.01955151,0.18758530
857.26107624,0.21646309
857.50261030,0.18958612
857.74415367,0.18616204
857.98570637,0.17221819
858.22726839,0.17440465
858.46883972,0.16939229
858.71042037,0.16982546
858.95201032,0.16233786
859.19360958,0.15854250
859.43521814,0.15703673
859.67683601,0.14913659
859.91846317,0.15887253
860.16009963,0.13836930
860.40174538,0.14105081
860.64340042,0.14228843
860.88506474,0.13865808
861.12673835,0.13292377
861.36842125,0.12688006
861.61011342,0.13061355
861.85181487,0.12964408
862.09352559,0.12650878
862.33524558,0.12440483
862.57697484,0.12642627
862.81871336,0.12970596
863.06046114,0.12756076
863.30221819,0.12650878
863.54398449,0.13090233
863.78576004,0.12881900
864.02754485,0.12238338
864.26933890,0.11753604
864.51114220,0.11666970
864.75295474,0.11386443
864.99477653,0.11654594
865.23660755,0.10751132
865.47844780,0.09719782
865.72029728,0.09736284
865.96215600,0.09540327
866.20402394,0.09447506
866.44590110,0.08933894
866.68778748,0.08327460
866.92968308,0.08735875
867.17158790,0.08682245
867.41350193,0.08721436
867.65542516,0.08861699
867.89735761,0.08993712
868.13929926,0.09140164
868.38125011,0.09325807
868.62321015,0.09501136
868.86517940,0.09754848
869.10715783,0.09133976
869.34914546,0.09618710
869.59114227,0.09822917
869.83314827,0.09928115
870.07516344,0.10177702
870.31718780,0.10223081
870.55922133,0.11083226
870.80126404,0.11231741
871.04331592,0.10831577
871.28537696,0.10468542
871.52744717,0.10000309
871.76952655,0.10241645
872.01161508,0.10303526
872.25371277,0.10274648
872.49581961,0.09199982
872.73793560,0.09210296
872.98006075,0.09057656
873.22219503,0.08700809
873.46433846,0.08133567
873.70649103,0.08308896
873.94865274,0.07999491
874.19082358,0.07995366
874.43300356,0.08020118
874.67519266,0.07696274
874.91739089,0.06553539
875.15959824,0.06631922
875.40181471,0.05889350
875.64404031,0.06048178
875.88627501,0.05757337
876.12851883,0.05322108
876.37077176,0.04987950
876.61303379,0.04655856
876.85530493,0.04501153
877.09758517,0.04379454
877.33987451,0.04053548
877.58217294,0.04334075
877.82448047,0.04028795
878.06679709,0.04750740
878.30912279,0.04523843
878.55145758,0.05103462
878.79380145,0.05666578
879.03615440,0.05538691
879.27851643,0.06058491
879.52088753,0.06660799
879.76326770,0.06652549
880.00565694,0.07345616
880.24805524,0.06895947
880.49046260,0.07302299
880.73287903,0.07294048
880.97530451,0.07708651
881.21773905,0.07221854
881.46018264,0.07027960
881.70263527,0.07855102
881.94509695,0.07723090
882.18756768,0.07671522
882.43004744,0.07921109
882.67253625,0.07807660
882.91503409,0.07597265
883.15754095,0.07589014
883.40005685,0.07430186
883.64258178,0.07535384
883.88511573,0.06953703
884.12765869,0.07036211
884.37021068,0.06755684
884.61277168,0.07213603
884.85534170,0.06603044
885.09792072,0.06384398
885.34050876,0.06386460
885.58310579,0.06662862
885.82571183,0.06551476
886.06832686,0.06254448
886.31095090,0.06553539
886.55358392,0.06598918
886.79622594,0.06343144
887.03887694,0.06237946
887.28153693,0.06330768
887.52420589,0.06718555
887.76688384,0.06343144
888.00957077,0.05967733
888.25226667,0.05282916
888.49497154,0.05287042
888.73768537,0.05497437
888.98040818,0.04987950
889.22313994,0.04719800
889.46588067,0.05361299
889.70863035,0.04657919
889.95138899,0.04468150
890.19415657,0.04437210
890.43693311,0.04117491
890.67971859,0.03981353
890.92251302,0.03317164
891.16531639,0.03362543
891.40812869,0.03011885
891.65094993,0.02659163
891.89378010,0.02927314
892.13661920,0.02289940
892.37946723,0.02850994
892.62232418,0.02426078
892.86519005,0.02572530
893.10806484,0.02626160
893.35094854,0.03005696
893.59384116,0.02277564
893.83674269,0.02974756
894.07965312,0.03189277
894.32257246,0.03403797
894.56550070,0.03368732
894.80843784,0.04235065
895.05138388,0.04065924
895.29433881,0.04637292
895.53730263,0.04061798
895.78027533,0.05006515
896.02325692,0.04482589
896.26624740,0.04647605
896.50924675,0.04936383
896.75225498,0.05604697
896.99527208,0.05344797
897.23829806,0.05229286
897.48133290,0.05666578
897.72437661,0.05435556
897.96742918,0.05322108
898.21049061,0.05447932
898.45356090,0.05373675
898.69664005,0.05598509
898.93972804,0.05249913
899.18282488,0.05612948
899.42593057,0.05513939
899.66904511,0.05163280
899.91216848,0.05293230
900.15530069,0.05208659
900.39844174,0.05563443
900.64159162,0.05212785
900.88475033,0.05544879
901.12791786,0.05837782
901.37109422,0.05738773
901.61427940,0.05876974
901.85747340,0.06182253
902.10067621,0.06231758
902.34388784,0.06611295
902.58710827,0.07114593
902.83033752,0.06279200
903.07357557,0.06631922
903.31682242,0.06223507
903.56007807,0.06471031
903.80334251,0.06939264
904.04661575,0.06695865
904.28989778,0.06928950
904.53318860,0.07228042
904.77648820,0.06390586
905.01979659,0.07046524
905.26311375,0.06821690
905.50643969,0.07551885
905.74977441,0.07902544
905.99311789,0.08418219
906.23647015,0.09173167
906.47983117,0.09377374
906.72320095,0.09111286
906.96657950,0.09610459
907.20996680,0.09575393
907.45336285,0.09554766
907.69676766,0.09847670
907.94018122,0.09812604
908.18360352,0.09940491
908.42703457,0.09616647
908.67047435,0.09195857
908.91392288,0.09474321
909.15738014,0.09092722
909.40084613,0.08721436
909.64432085,0.09274239
909.88780430,0.08832822
910.13129648,0.08682245
910.37479737,0.08242890
910.61830699,0.08073748
910.86182531,0.08280018
911.10535236,0.07541572
911.34888811,0.07908732
911.59243257,0.06745370
911.83598573,0.06708242
912.07954760,0.06572103
912.32311816,0.06306015
912.56669743,0.06939264
912.81028538,0.06642235
913.05388203,0.06435965
913.29748736,0.06860881
913.54110138,0.06386460
913.78472408,0.06237946
914.02835547,0.05823344
914.27199552,0.06266824
914.51564426,0.05681017
914.75930166,0.05567569
915.00296774,0.05344797
915.24664247,0.06400899
915.49032588,0.06369959
915.73401794,0.06252385
915.97771866,0.06574166
916.22142803,0.07502381
916.46514606,0.07714839
916.70887274,0.08164507
916.95260806,0.08013930
917.19635202,0.08820445
917.44010463,0.08946270
917.68386588,0.09736284
917.92763576,0.09552704
918.17141427,0.10155012
918.41520141,0.10627370
918.65899718,0.10740818
918.90280158,0.10810950
919.14661459,0.11151296
919.39043623,0.11411196
919.63426648,0.12322909
919.87810534,0.13232559
920.12195281,0.14125708
920.36580890,0.14577439
920.60967358,0.15548970
920.85354687,0.16264727
921.09742876,0.16442119
921.34131924,0.16153341
921.58521832,0.16114150
921.82912599,0.15295258
922.07304225,0.15206562
922.31696709,0.13636848
922.56090052,0.13364572
922.80484252,0.12661191
923.04879310,0.11547334
923.29275226,0.10947088
923.53671999,0.10421100
923.78069629,0.09530014
924.02468115,0.09884798
924.26867458,0.08678119
924.51267656,0.08020118
924.75668711,0.07560136
925.00070621,0.07357992
925.24473386,0.06720618
925.48877006,0.06805188
925.73281481,0.06237946
925.97686810,0.05920290
926.22092994,0.05666578
926.46500031,0.05505688
926.70907921,0.05049831
926.95316665,0.04926069
927.19726262,0.04893066
927.44136712,0.04728050
927.68548014,0.04563034
927.92960168,0.04781680
928.17373175,0.04276319
928.41787032,0.04100990
928.66201741,0.03727641
928.90617302,0.03500744
929.15033713,0.02997446
929.39450974,0.03096455
929.63869086,0.02935565
929.88288047,0.03115020
930.12707859,0.03269722
930.37128520,0.03845215
930.61550029,0.03065515
930.85972388,0.03659572
931.10395595,0.03226405
931.34819651,0.03702889
931.59244554,0.03603879
931.83670306,0.03727641
932.08096904,0.04239191
932.32524350,0.04513530
932.56952643,0.04967323
932.81381782,0.05227224
933.05811768,0.04732176
933.30242600,0.05815093
933.54674278,0.05565506
933.79106801,0.06103871
934.03540169,0.06122435
934.27974382,0.06561790
934.52409440,0.06885634
934.76845343,0.07157910
935.01282089,0.06928950
935.25719680,0.07362117
935.50158114,0.07242481
935.74597391,0.06792812
935.99037511,0.06442153
936.23478474,0.06675238
936.47920279,0.06679364
936.72362927,0.07570450
936.96806417,0.06359645
937.21250748,0.06928950
937.45695920,0.06633984
937.70141934,0.06407087
937.94588788,0.06324579
938.19036483,0.06196692
938.43485019,0.06394711
938.67934394,0.06081181
938.92384608,0.05918228
939.16835663,0.05949168
939.41287556,0.05846033
939.65740288,0.06143062
939.90193859,0.05163280
940.14648268,0.05282916
940.39103515,0.05421117
940.63559600,0.05705770
940.88016523,0.05449995
941.12474282,0.06033739
941.36932879,0.05689268
941.61392312,0.05808905
941.85852581,0.05720209
942.10313687,0.05557255
942.34775628,0.05528378
942.59238405,0.05379863
942.83702017,0.05439682
943.08166464,0.05763525
943.32631746,0.05730522
943.57097862,0.05406678
943.81564813,0.05402553
944.06032597,0.05493312
944.30501215,0.05555193
944.54970666,0.05798591
944.79440950,0.05002389
945.03912067,0.04833248
945.28384016,0.05379863
945.52856798,0.04695047
945.77330412,0.04738364
946.01804857,0.03911221
946.26280133,0.04193811
946.50756241,0.04067987
946.75233179,0.04379454
946.99710948,0.04030858
947.24189548,0.04319636
947.48668977,0.04109241
947.73149236,0.04527968
947.97630324,0.04045297
948.22112242,0.04249504
948.46594988,0.04199999
948.71078563,0.04096864
948.95562966,0.04880690
949.20048198,0.04350576
949.44534257,0.04389768
949.69021144,0.04408332
949.93508857,0.04573348
950.17997398,0.04447523
950.42486766,0.04226814
950.66976959,0.04721862
950.91467979,0.04169059
951.15959825,0.04319636
951.40452496,0.04501153
951.64945993,0.03882344
951.89440314,0.04589849
952.13935461,0.03960726
952.38431431,0.04012294
952.62928226,0.03754456
952.87425845,0.04183498
953.11924287,0.04581599
953.36423553,0.04084488
953.60923642,0.03902971
953.85424553,0.04016419
954.09926287,0.03933911
954.34428843,0.03688450
954.58932222,0.03541998
954.83436421,0.03593566
955.07941443,0.03331603
955.32447285,0.02931439
955.56953948,0.03176901
955.81461432,0.02995383
956.05969736,0.02584906
956.30478860,0.02225996
956.54988803,0.02228059
956.79499567,0.02003225
957.04011149,0.02186805
957.28523550,0.01757763
957.53036770,0.01576246
957.77550808,0.01646378
958.02065664,0.01834083
958.26581338,0.01580371
958.51097830,0.01807268
958.75615139,0.01652566
959.00133264,0.01951657
959.24652207,0.01487550
959.49171965,0.01904215
959.73692540,0.01735074
959.98213931,0.01650503
960.22736137,0.01417418
960.47259159,0.02038291
960.71782995,0.04544470
960.96307647,0.02329131
961.20833112,0.02407514
961.45359392,0.03139772
961.69886486,0.02883997
961.94414394,0.03051076
962.18943115,0.03133584
962.43472648,0.03079954
962.68002995,0.03721453
962.92534154,0.03795710
963.17066126,0.03300662
963.41598909,0.03777146
963.66132504,0.04088614
963.90666911,0.03777146
964.15202128,0.04117491
964.39738157,0.04340263
964.64274996,0.04507341
964.88812645,0.05064270
965.13351104,0.04639354
965.37890374,0.05167405
965.62430452,0.05295293
965.86971340,0.05266415
966.11513036,0.05577882
966.36055542,0.05464434
966.60598855,0.05485061
966.85142977,0.05412866
967.09687907,0.05152966
967.34233644,0.05175656
967.58780188,0.05192158
967.83327539,0.04866251
968.07875697,0.05495374
968.32424661,0.06310141
968.56974432,0.05379863
968.81525008,0.05421117
969.06076390,0.05388114
969.30628577,0.05711958
969.55181570,0.05955356
969.79735367,0.06079118
970.04289968,0.06064679
970.28845374,0.06240009
970.53401583,0.06077056
970.77958597,0.06339018
971.02516413,0.06091494
971.27075033,0.06477219
971.51634455,0.06320454
971.76194680,0.06858819
972.00755708,0.06359645
972.25317537,0.06559727
972.49880168,0.06349332
972.74443600,0.06223507
972.99007834,0.06107996
973.23572868,0.06277137
973.48138703,0.06140999
973.72705338,0.06058491
973.97272774,0.06110059
974.21841009,0.05823344
974.46410043,0.06376147
974.70979877,0.06176065
974.95550510,0.06058491
975.20121941,0.06190504
975.44694171,0.06252385
975.69267199,0.06328705
975.93841024,0.06407087
976.18415647,0.06869132
976.42991068,0.06741245
976.67567285,0.06553539
976.92144299,0.06250322
977.16722110,0.06217319
977.41300717,0.06743307
977.65880119,0.06411213
977.90460317,0.05759400
978.15041311,0.06291576
978.39623099,0.06046115
978.64205683,0.06398837
978.88789061,0.06052303
979.13373233,0.06169877
979.37958199,0.05520127
979.62543958,0.05313857
979.87130511,0.05223098
980.11717857,0.05136465
980.36305996,0.04626978
980.60894928,0.04466088
980.85484651,0.04348514
981.10075167,0.03946287
981.34666475,0.04061798
981.59258573,0.04088614
981.83851463,0.03680199
982.08445144,0.03946287
982.33039616,0.03659572
982.57634878,0.03597691
982.82230930,0.03502807
983.06827771,0.04012294
983.31425403,0.03886469
983.56023823,0.04006106
983.80623032,0.04072112
984.05223031,0.03671948
984.29823817,0.04041171
984.54425391,0.04226814
984.79027754,0.03387296
985.03630904,0.04154620
985.28234841,0.03921535
985.52839565,0.04521780
985.77445076,0.04243316
986.02051374,0.04998264
986.26658457,0.04294883
986.51266327,0.05175656
986.75874982,0.04963198
987.00484422,0.04734238
987.25094647,0.05270540
987.49705658,0.05115838
987.74317452,0.04670295
987.98930031,0.04719800
988.23543394,0.04996201
988.48157541,0.04969386
988.72772471,0.04895129
988.97388184,0.05437619
989.22004680,0.05070458
989.46621959,0.05501562
989.71240020,0.05237537
989.95858862,0.05396365
990.20478487,0.04418645
990.45098893,0.05280854
990.69720080,0.04816746
990.94342048,0.04505279
991.18964797,0.04406269
991.43588326,0.04610476
991.68212635,0.04008168
991.92837724,0.04199999
992.17463593,0.04191749
992.42090240,0.03886469
992.66717667,0.03890594
992.91345872,0.03628632
993.15974856,0.03197528
993.40604618,0.03704952
993.65235158,0.03387296
993.89866475,0.03354293
994.14498570,0.03236719
994.39131441,0.03364606
994.63765090,0.03265597
994.88399515,0.03073766
995.13034716,0.03546124
995.37670693,0.03356355
995.62307445,0.03282098
995.86944973,0.03071703
996.11583276,0.03020135
996.36222354,0.03094393
996.60862206,0.02939690
996.85502833,0.03063452
997.10144233,0.02817991
997.34786408,0.02549840
997.59429355,0.02772611
997.84073076,0.02638536
998.08717570,0.01856773
998.33362836,0.02306441
998.58008875,0.01823770
998.82655685,0.01999099
999.07303267,0.02533338
999.31951621,0.02048604
999.56600746,0.01427732
999.81250642,0.01435982
1000.05901309,0.01341098
1000.30552746,0.01524678
1000.55204953,0.01468986
1000.79857929,0.01642252
1001.04511676,0.01605124
1001.29166191,0.01576246
1001.53821476,0.01093574
1001.78477529,0.01592748
1002.03134351,0.01378227
1002.27791941,0.01815519
1002.52450299,0.01809331
1002.77109424,0.01819644
1003.01769317,0.01526741
1003.26429976,0.01807268
1003.51091403,0.01617500
1003.75753596,0.01774265
1004.00416555,0.01504051
1004.25080280,0.01980535
1004.49744771,0.01819644
1004.74410027,0.01491675
1004.99076048,0.01687632
1005.23742834,0.01790767
1005.48410384,0.01990848
1005.73078699,0.01751575
1005.97747778,0.01821707
1006.22417620,0.01964033
1006.47088226,0.01697945
1006.71759595,0.01926905
1006.96431727,0.02116673
1007.21104622,0.01780453
1007.45778279,0.02060980
1007.70452698,0.01644315
1007.95127879,0.01966096
1008.19803821,0.02246623
1008.44480524,0.02316755
1008.69157988,0.02083670
1008.93836213,0.02162053
1009.18515199,0.01609249
1009.43194944,0.02122861
1009.67875450,0.01838209
1009.92556715,0.01978472
1010.17238739,0.02335319
1010.41921522,0.02325006
1010.66605064,0.02223933
1010.91289364,0.02277564
1011.15974422,0.01980535
1011.40660239,0.02275501
1011.65346813,0.02285814
1011.90034144,0.02751984
1012.14722232,0.02341507
1012.39411078,0.02162053
1012.64100679,0.02403388
1012.88791037,0.02397200
1013.13482151,0.02242498
1013.38174020,0.02294065
1013.62866645,0.02685978
1013.87560025,0.02972693
1014.12254160,0.02622034
1014.36949049,0.02648850
1014.61644693,0.03069640
1014.86341091,0.02615846
1015.11038242,0.02407514
1015.35736147,0.02857182
1015.60434805,0.02908750
1015.85134216,0.02384824
1016.09834379,0.02318818
1016.34535295,0.01992911
1016.59236963,0.02461144
1016.83939383,0.02401326
1017.08642554,0.02236310
1017.33346476,0.01889776
1017.58051150,0.01949595
1017.82756574,0.01634002
1018.07462748,0.01534992
1018.32169673,0.01794892
1018.56877347,0.01440108
1018.81585771,0.01943406
1019.06294945,0.01658754
1019.31004867,0.01110076
1019.55715538,0.01163706
1019.80426957,0.01747450
1020.05139125,0.02009413
1020.29852041,0.01681444
1020.54565704,0.01091512
1020.79280114,0.01398854
1021.03995272,0.01075010
1021.28711177,0.01757763
1021.53427828,0.01363788
1021.78145225,0.01466923
1022.02863368,0.01087386
1022.27582257,0.01147205
1022.52301891,0.01530867
1022.77022270,0.01477236
1023.01743395,0.01089449
1023.26465263,0.01097700
1023.51187876,0.00650094
1023.75911234,0.00996627
1024.00635335,0.00872866
1024.25360179,0.00868740
1024.50085766,0.00831612
1024.74812097,0.00990439
1024.99539170,0.00645969
1025.24266985,0.00918245
1025.48995543,0.00683097
1025.73724842,0.00615028
1025.98454883,0.00895555
1026.23185665,0.00398445
1026.47917188,0.00443824
1026.72649452,0.00827486
1026.97382456,0.00765605
1027.22116200,0.00344815
1027.46850685,0.00495392
1027.71585908,0.00658345
1027.96321872,0.00328313
1028.21058574,0.00346877
1028.45796014,-0.00950561
1028.70534194,-0.00826799
1028.95273111,-0.00944372
1029.20012767,-0.00665908
1029.44753160,-0.00874241
1029.69494290,-0.00884554
