198.80933475,-0.00136151
199.01143578,0.00008480
199.21355429,0.00137740
199.41569028,0.00208128
199.61784374,-0.00084926
199.82001468,-0.00076032
200.02220309,0.00036089
200.22440896,-0.00005030
200.42663230,0.00212895
200.62887310,0.00064330
200.83113136,0.00144987
201.03340708,-0.00110801
201.23570025,0.00242853
201.43801087,-0.00128244
201.64033894,0.00184938
201.84268445,-0.00014133
202.04504741,0.00247284
202.24742780,-0.00021650
202.44982564,0.00087693
202.65224090,0.00043216
202.85467360,-0.00019649
203.05712372,-0.00019228
203.25959128,0.00064738
203.46207625,-0.00035319
203.66457864,0.00064336
203.86709846,-0.00021620
204.06963568,-0.00275426
204.27219032,-0.00240403
204.47476237,-0.00113715
204.67735182,0.00093571
204.87995868,0.00086160
205.08258293,0.00189962
205.28522459,0.00167065
205.48788364,0.00033370
205.69056008,0.00047600
205.89325391,-0.00030023
206.09596513,0.00171367
206.29869374,-0.00006583
206.50143972,-0.00066189
206.70420308,-0.00192752
206.90698382,0.00040812
207.10978194,-0.00094861
207.31259742,0.00035377
207.51543027,0.00239333
207.71828048,0.00043782
207.92114806,0.00244636
208.12403299,-0.00026439
208.32693528,0.00093558
208.52985493,-0.00175887
208.73279193,0.00156338
208.93574627,0.00042359
209.13871796,-0.00184963
209.34170699,0.00344044
209.54471336,-0.00149887
209.74773707,-0.00173336
209.95077811,0.00011828
210.15383649,-0.00159867
210.35691219,-0.00150870
210.56000522,0.00107032
210.76311557,0.00193285
210.96624324,-0.00013242
211.16938823,0.00002650
211.37255053,0.00133212
211.57573015,-0.00009584
211.77892707,0.00164074
211.98214130,0.00022990
212.18537284,-0.00055161
212.38862167,-0.00139049
212.59188781,-0.00133267
212.79517124,0.00178900
212.99847196,0.00044126
213.20178997,0.00327586
213.40512527,-0.00136770
213.60847785,-0.00069934
213.81184772,0.00026569
214.01523486,-0.00209978
214.21863928,0.00283494
214.42206097,-0.00019695
214.62549993,0.00037717
214.82895616,0.00015517
215.03242966,0.00018494
215.23592042,-0.00167308
215.43942843,0.00089954
215.64295370,0.00222137
215.84649623,-0.00022446
216.05005601,-0.00070925
216.25363303,-0.00071297
216.45722731,0.00050280
216.66083882,0.00152830
216.86446757,0.00083359
217.06811356,0.00015214
217.27177679,0.00016600
217.47545724,0.00157505
217.67915493,-0.00014015
217.88286984,0.00339284
218.08660198,-0.00035637
218.29035133,0.00149332
218.49411790,-0.00023125
218.69790169,0.00225865
218.90170269,0.00035637
219.10552090,0.00079146
219.30935632,0.00089048
219.51320894,-0.00257998
219.71707876,0.00044720
219.92096578,-0.00141008
220.12486999,0.00233849
220.32879140,0.00107548
220.53272999,-0.00054179
220.73668578,0.00197759
220.94065875,-0.00041236
221.14464890,0.00260507
221.34865623,-0.00194923
221.55268073,0.00269356
221.75672241,-0.00038127
221.96078126,-0.00225300
222.16485728,0.00064764
222.36895046,-0.00003628
222.57306080,0.00251766
222.77718831,0.00148204
222.98133297,0.00104663
223.18549478,-0.00053567
223.38967375,0.00127929
223.59386986,0.00304379
223.79808312,-0.00059463
224.00231352,0.00297324
224.20656106,-0.00059336
224.41082574,0.00065524
224.61510756,0.00108018
224.81940650,0.00192839
225.02372258,0.00063426
225.22805578,0.00168777
225.43240610,-0.00216146
225.63677355,-0.00013907
225.84115811,0.00088088
226.04555979,-0.00098898
226.24997858,0.00006236
226.45441448,0.00196301
226.65886748,0.00252721
226.86333759,-0.00075935
227.06782480,-0.00077795
227.27232911,0.00148256
227.47685052,0.00166368
227.68138902,0.00079844
227.88594461,0.00184339
228.09051728,0.00016201
228.29510704,-0.00079617
228.49971389,-0.00075472
228.70433781,0.00154449
228.90897881,0.00132869
229.11363688,-0.00066039
229.31831202,-0.00132740
229.52300423,-0.00012169
229.72771350,-0.00002880
229.93243984,0.00325591
230.13718324,0.00045223
230.34194369,0.00272017
230.54672120,0.00239130
230.75151576,-0.00068080
230.95632737,0.00038969
231.16115602,-0.00162270
231.36600172,0.00174624
231.57086446,0.00264389
231.77574423,-0.00113573
231.98064104,0.00089445
232.18555488,-0.00068286
232.39048575,-0.00005542
232.59543365,0.00002108
232.80039857,0.00278632
233.00538051,-0.00198527
233.21037947,0.00059884
233.41539544,-0.00128768
233.62042843,0.00196133
233.82547842,0.00139633
234.03054543,0.00169467
234.23562943,0.00013489
234.44073044,-0.00141245
234.64584845,-0.00003320
234.85098345,-0.00052920
235.05613545,-0.00223512
235.26130444,0.00268457
235.46649041,-0.00057609
235.67169337,-0.00038808
235.87691331,0.00086173
236.08215023,-0.00196472
236.28740413,-0.00005813
236.49267500,-0.00015191
236.69796284,-0.00037953
236.90326765,-0.00070820
237.10858942,-0.00220611
237.31392816,0.00185164
237.51928386,0.00089578
237.72465651,-0.00011490
237.93004612,0.00278987
238.13545268,-0.00060057
238.34087619,0.00283552
238.54631664,-0.00071923
238.75177404,0.00089166
238.95724838,0.00062929
239.16273965,-0.00083770
239.36824786,0.00115279
239.57377300,0.00012235
239.77931508,-0.00079126
239.98487407,0.00083811
240.19045000,0.00178691
240.39604284,-0.00176223
240.60165260,-0.00138750
240.80727928,0.00135847
241.01292287,-0.00067021
241.21858337,0.00134897
241.42426077,0.00117135
241.62995508,0.00228971
241.83566630,0.00247279
242.04139441,-0.00065000
242.24713941,0.00189777
242.45290131,-0.00202144
242.65868010,0.00050403
242.86447578,-0.00037230
243.07028835,0.00083280
243.27611779,0.00267765
243.48196412,0.00134600
243.68782732,0.00111936
243.89370739,0.00101581
244.09960434,0.00096692
244.30551816,0.00170753
244.51144884,0.00154631
244.71739638,-0.00230830
244.92336078,-0.00027890
245.12934204,0.00055862
245.33534016,-0.00143176
245.54135512,-0.00094343
245.74738694,-0.00088840
245.95343560,0.00065693
246.15950110,-0.00013339
246.36558345,-0.00063875
246.57168263,0.00159327
246.77779865,0.00169442
246.98393150,-0.00183122
247.19008118,0.00087499
247.39624769,0.00200143
247.60243102,0.00069968
247.80863117,0.00076420
248.01484814,0.00083333
248.22108192,0.00176005
248.42733252,0.00137987
248.63359993,-0.00049729
248.83988415,-0.00073860
249.04618517,0.00072357
249.25250299,0.00149200
249.45883761,0.00047589
249.66518903,0.00092117
249.87155724,-0.00154783
250.07794224,-0.00238130
250.28434403,0.00213450
250.49076260,0.00222743
250.69719796,-0.00086559
250.90365009,0.00125688
251.11011901,-0.00035214
251.31660469,0.00063586
251.52310715,0.00185707
251.72962638,0.00054459
251.93616237,-0.00028135
252.14271513,0.00223740
252.34928464,-0.00156211
252.55587091,0.00011306
252.76247394,0.00001629
252.96909372,0.00139897
253.17573025,0.00103829
253.38238352,-0.00097302
253.58905354,0.00022809
253.79574030,-0.00036565
254.00244380,-0.00127765
254.20916403,-0.00212198
254.41590099,-0.00130989
254.62265469,-0.00166720
254.82942511,0.00197896
255.03621225,-0.00171016
255.24301612,-0.00049006
255.44983670,-0.00129172
255.65667400,0.00042051
255.86352802,0.00017565
256.07039874,0.00101065
256.27728617,0.00210576
256.48419031,-0.00098085
256.69111115,-0.00047553
256.89804868,-0.00059412
257.10500292,-0.00200083
257.31197384,0.00054692
257.51896146,-0.00110256
257.72596577,0.00019691
257.93298676,-0.00176681
258.14002443,-0.00165074
258.34707878,0.00028836
258.55414981,0.00074658
258.76123752,-0.00056078
258.96834190,0.00034951
259.17546294,0.00015033
259.38260065,-0.00055212
259.58975502,-0.00191879
259.79692606,0.00171264
260.00411375,0.00016214
260.21131810,0.00179069
260.41853909,0.00071473
260.62577674,-0.00170177
260.83303103,0.00187173
261.04030197,0.00129235
261.24758955,-0.00062279
261.45489377,-0.00169162
261.66221462,-0.00048657
261.86955210,0.00017279
262.07690622,-0.00128772
262.28427696,-0.00111202
262.49166433,0.00118267
262.69906831,0.00357240
262.90648892,0.00004259
263.11392614,0.00164237
263.32137998,0.00036231
263.52885042,0.00044492
263.73633747,-0.00123710
263.94384113,-0.00052364
264.15136139,-0.00003533
264.35889825,-0.00030715
264.56645171,-0.00007751
264.77402176,0.00085555
264.98160840,-0.00086302
265.18921163,-0.00228419
265.39683144,-0.00027379
265.60446784,0.00010767
265.81212081,0.00013043
266.01979037,0.00303629
266.22747650,0.00024146
266.43517920,-0.00249840
266.64289847,0.00158915
266.85063430,-0.00064262
267.05838670,0.00054693
267.26615566,0.00058897
267.47394117,-0.00099122
267.68174324,-0.00079964
267.88956187,0.00013681
268.09739704,-0.00099111
268.30524876,-0.00022678
268.51311702,0.00041753
268.72100183,0.00105465
268.92890317,-0.00164336
269.13682105,-0.00115852
269.34475546,-0.00023684
269.55270640,0.00359599
269.76067387,-0.00057332
269.96865786,0.00060436
270.17665838,0.00016622
270.38467541,0.00194072
270.59270896,-0.00113774
270.80075902,-0.00235964
271.00882560,0.00047820
271.21690868,0.00111690
271.42500826,0.00123878
271.63312435,0.00014218
271.84125694,0.00074168
272.04940602,-0.00109370
272.25757160,0.00150039
272.46575367,0.00097433
272.67395223,0.00129266
272.88216727,0.00396334
273.09039880,-0.00086052
273.29864681,0.00200499
273.50691129,0.00185675
273.71519225,0.00176024
273.92348968,0.00130597
274.13180358,-0.00189451
274.34013395,-0.00104103
274.54848077,-0.00084216
274.75684406,-0.00021689
274.96522381,-0.00058514
275.17362001,-0.00051671
275.38203267,0.00242031
275.59046177,0.00246774
275.79890732,-0.00120239
276.00736932,0.00085355
276.21584776,0.00322924
276.42434263,0.00268672
276.63285394,0.00067433
276.84138169,0.00052988
277.04992586,-0.00124193
277.25848646,0.00263478
277.46706349,0.00226880
277.67565694,0.00080228
277.88426680,-0.00124139
278.09289309,0.00144801
278.30153578,0.00185948
278.51019489,0.00038543
278.71887041,-0.00122300
278.92756233,0.00130995
279.13627065,0.00097181
279.34499537,0.00173415
279.55373649,0.00059194
279.76249401,-0.00047555
279.97126791,-0.00064335
280.18005820,0.00120158
280.38886488,0.00052147
280.59768795,0.00114824
280.80652739,-0.00046474
281.01538321,0.00034624
281.22425540,-0.00006633
281.43314397,-0.00020921
281.64204891,0.00019128
281.85097021,0.00016608
282.05990788,0.00165244
282.26886190,-0.00053030
282.47783229,0.00032797
282.68681903,0.00149095
282.89582212,0.00128762
283.10484156,0.00068457
283.31387735,-0.00122945
283.52292949,-0.00055794
283.73199796,0.00099333
283.94108277,0.00050332
284.15018392,0.00052407
284.35930141,0.00089186
284.56843522,-0.00023621
284.77758536,0.00097123
284.98675183,0.00187916
285.19593461,-0.00127315
285.40513372,0.00059904
285.61434914,0.00315468
285.82358088,-0.00240271
286.03282893,0.00080246
286.24209328,-0.00100255
286.45137395,0.00243667
286.66067091,0.00209574
286.86998417,0.00073243
287.07931373,0.00031464
287.28865959,0.00059278
287.49802174,-0.00013434
287.70740017,0.00249746
287.91679489,0.00049047
288.12620590,0.00361698
288.33563318,-0.00104452
288.54507675,0.00138373
288.75453658,-0.00182448
288.96401269,-0.00047913
289.17350507,0.00193711
289.38301372,0.00139102
289.59253863,0.00173325
289.80207980,0.00163208
290.01163723,-0.00006839
290.22121091,0.00003651
290.43080085,0.00121449
290.64040703,0.00105631
290.85002947,0.00100437
291.05966815,0.00352751
291.26932307,-0.00026412
291.47899422,-0.00017710
291.68868162,-0.00091638
291.89838525,-0.00007149
292.10810511,0.00051868
292.31784119,0.00217293
292.52759350,0.00148593
292.73736204,0.00112800
292.94714679,0.00292797
293.15694776,0.00094773
293.36676494,-0.00104310
293.57659834,0.00049189
293.78644794,0.00110728
293.99631375,0.00255598
294.20619576,0.00092866
294.41609397,0.00024784
294.62600838,0.00164747
294.83593898,0.00079548
295.04588578,0.00106943
295.25584876,-0.00113946
295.46582793,-0.00198881
295.67582328,-0.00149410
295.88583481,-0.00109180
296.09586253,-0.00072834
296.30590641,-0.00111681
296.51596647,-0.00045330
296.72604270,0.00645264
296.93613509,0.00036741
297.14624365,0.00073646
297.35636837,0.00078179
297.56650925,-0.00107702
297.77666629,0.00055281
297.98683947,-0.00250277
298.19702881,-0.00111442
298.40723429,-0.00119904
298.61745592,-0.00064799
298.82769369,-0.00030811
299.03794760,0.00111506
299.24821765,0.00005655
299.45850383,0.00166322
299.66880614,0.00084826
299.87912458,0.00049953
300.08945914,-0.00033786
300.29980983,-0.00033439
300.51017663,-0.00031430
300.72055955,0.00156781
300.93095859,-0.00106869
301.14137374,0.00174985
301.35180499,0.00246891
301.56225235,-0.00158769
301.77271582,-0.00114792
301.98319538,0.00079461
302.19369105,0.00139112
302.40420280,0.00134221
302.61473065,0.00136583
302.82527459,-0.00048618
303.03583461,-0.00061012
303.24641072,0.00191579
303.45700291,0.00093888
303.66761117,0.00215284
303.87823552,-0.00074276
304.08887593,-0.00015469
304.29953241,0.00010060
304.51020496,0.00030381
304.72089358,0.00060097
304.93159825,-0.00034938
305.14231899,0.00207599
305.35305578,-0.00214883
305.56380862,0.00090302
305.77457752,-0.00195413
305.98536246,0.00187955
306.19616344,0.00220976
306.40698047,0.00054163
306.61781354,0.00044997
306.82866264,-0.00095824
307.03952778,0.00204898
307.25040895,-0.00004714
307.46130614,0.00079251
307.67221937,0.00178996
307.88314861,0.00113454
308.09409387,-0.00077105
308.30505515,0.00087538
308.51603245,0.00136674
308.72702576,0.00096485
308.93803507,0.00165929
309.14906039,0.00309468
309.36010172,-0.00032192
309.57115904,0.00245610
309.78223236,0.00294986
309.99332168,0.00202508
310.20442699,0.00042561
310.41554829,0.00114080
310.62668557,-0.00103114
310.83783884,0.00348030
311.04900809,-0.00013891
311.26019332,0.00027855
311.47139452,0.00105515
311.68261169,0.00092046
311.89384484,-0.00014184
312.10509395,-0.00036119
312.31635903,0.00147196
312.52764007,0.00248092
312.73893706,-0.00018982
312.95025002,0.00128697
313.16157892,-0.00101041
313.37292378,-0.00397436
313.58428458,0.00141881
313.79566133,0.00168280
314.00705402,0.00146660
314.21846266,0.00047000
314.42988722,0.00207102
314.64132772,0.00169339
314.85278416,0.00193078
315.06425652,0.00119942
315.27574480,-0.00153323
315.48724901,-0.00027826
315.69876914,0.00272380
315.91030518,0.00185720
316.12185715,-0.00186479
316.33342502,0.00151835
316.54500880,0.00079606
316.75660848,0.00205730
316.96822407,0.00161207
317.17985556,0.00357080
317.39150295,0.00095122
317.60316624,-0.00042611
317.81484541,0.00017991
318.02654048,0.00070860
318.23825143,0.00150768
318.44997826,0.00030470
318.66172098,0.00043666
318.87347957,0.00106443
319.08525404,0.00116599
319.29704439,0.00376574
319.50885060,-0.00241972
319.72067268,0.00096232
319.93251063,0.00112174
320.14436443,0.00040676
320.35623410,-0.00014412
320.56811962,-0.00022071
320.78002100,0.00083489
320.99193822,0.00108713
321.20387130,-0.00086210
321.41582021,0.00128839
321.62778498,0.00013668
321.83976558,-0.00061311
322.05176201,-0.00320447
322.26377428,0.00194487
322.47580239,0.00265737
322.68784632,0.00063205
322.89990607,0.00028435
323.11198165,0.00100955
323.32407305,-0.00123876
323.53618027,0.00121062
323.74830330,-0.00007769
323.96044215,-0.00027335
324.17259680,0.00120647
324.38476726,0.00004813
324.59695352,-0.00223982
324.80915558,0.00063936
325.02137344,-0.00083685
325.23360710,0.00078037
325.44585655,0.00007202
325.65812178,0.00071564
325.87040281,0.00027002
326.08269962,-0.00063029
326.29501221,0.00026848
326.50734058,0.00386159
326.71968472,0.00136785
326.93204464,0.00173697
327.14442032,-0.00030494
327.35681178,-0.00255427
327.56921900,-0.00089731
327.78164198,-0.00142813
327.99408072,0.00188705
328.20653522,0.00212888
328.41900547,0.00139970
328.63149147,0.00273922
328.84399322,-0.00079131
329.05651071,-0.00056557
329.26904395,-0.00225107
329.48159293,0.00228468
329.69415764,0.00214213
329.90673809,0.00205595
330.11933427,0.00315204
330.33194617,0.00115384
330.54457381,-0.00017710
330.75721716,0.00141443
330.96987624,-0.00209164
331.18255104,0.00041580
331.39524154,-0.00205259
331.60794777,0.00254880
331.82066970,-0.00019304
332.03340733,-0.00141064
332.24616067,0.00433350
332.45892971,0.00097931
332.67171445,0.00111347
332.88451489,-0.00042759
333.09733102,0.00104003
333.31016283,0.00065648
333.52301034,-0.00089770
333.73587352,-0.00079932
333.94875239,0.00211281
334.16164694,0.00450283
334.37455717,-0.00200353
334.58748306,0.00082286
334.80042463,0.00119847
335.01338187,0.00089613
335.22635477,-0.00027587
335.43934333,-0.00200954
335.65234755,0.00059471
335.86536743,0.00014864
336.07840296,0.00053259
336.29145415,-0.00065392
336.50452098,0.00005505
336.71760345,0.00024837
336.93070157,-0.00130252
337.14381533,0.00214290
337.35694473,-0.00046530
337.57008976,0.00187237
337.78325042,-0.00117991
337.99642671,0.00140880
338.20961863,0.00417222
338.42282617,-0.00002195
338.63604933,0.00280370
338.84928810,-0.00234414
339.06254250,-0.00039931
339.27581250,0.00164805
339.48909812,-0.00008306
339.70239934,0.00069574
339.91571616,0.00003599
340.12904859,0.00382956
340.34239661,-0.00187389
340.55576023,0.00087674
340.76913945,-0.00092026
340.98253425,0.00145847
341.19594464,0.00156117
341.40937061,-0.00026643
341.62281217,0.00257096
341.83626930,-0.00187800
342.04974201,0.00067560
342.26323030,0.00064357
342.47673415,0.00146537
342.69025357,0.00042385
342.90378856,-0.00207568
343.11733911,-0.00070148
343.33090522,-0.00122455
343.54448688,-0.00084519
343.75808410,0.00073942
343.97169687,0.00101891
344.18532519,-0.00052531
344.39896906,0.00232840
344.61262847,0.00202794
344.82630341,-0.00129587
345.03999390,-0.00148790
345.25369992,0.00411415
345.46742147,0.00283493
345.68115855,-0.00140161
345.89491115,-0.00148990
346.10867928,0.00082216
346.32246293,0.00058329
346.53626210,0.00012198
346.75007679,0.00138749
346.96390698,0.00106438
347.17775269,0.00037394
347.39161390,-0.00161571
347.60549061,-0.00050298
347.81938283,-0.00170977
348.03329055,-0.00107043
348.24721376,0.00093810
348.46115246,0.00252082
348.67510665,0.00073193
348.88907634,0.00197922
349.10306150,0.00079375
349.31706215,-0.00069319
349.53107828,0.00022434
349.74510988,-0.00044755
349.95915696,0.00106806
350.17321950,0.00056727
350.38729752,0.00223693
350.60139100,0.00302157
350.81549994,0.00172453
351.02962435,0.00108358
351.24376421,0.00012112
351.45791952,0.00132838
351.67209028,0.00269078
351.88627650,-0.00136290
352.10047816,0.00124092
352.31469526,0.00191074
352.52892780,0.00031180
352.74317578,-0.00030649
352.95743919,-0.00000851
353.17171804,-0.00039840
353.38601232,0.00220064
353.60032202,-0.00083588
353.81464714,0.00202674
354.02898769,0.00139912
354.24334365,0.00110199
354.45771503,-0.00089084
354.67210182,0.00208056
354.88650403,-0.00092898
355.10092164,0.00151472
355.31535465,0.00084193
355.52980306,0.00160210
355.74426687,0.00035114
355.95874608,0.00033654
356.17324069,0.00106219
356.38775068,-0.00088361
356.60227606,0.00123762
356.81681682,0.00071554
357.03137297,0.00154852
357.24594449,-0.00100539
357.46053139,0.00160172
357.67513367,0.00105888
357.88975132,0.00074826
358.10438433,-0.00035944
358.31903271,0.00299178
358.53369645,-0.00183566
358.74837556,0.00017295
358.96307002,0.00156969
359.17777983,-0.00010823
359.39250499,0.00026181
359.60724551,-0.00000270
359.82200137,0.00131694
360.03677257,0.00251555
360.25155911,-0.00102979
360.46636100,-0.00053488
360.68117821,0.00008562
360.89601076,0.00037054
361.11085864,0.00110759
361.32572184,-0.00133440
361.54060037,-0.00102515
361.75549422,-0.00257688
361.97040338,0.00101522
362.18532786,0.00199491
362.40026766,-0.00058377
362.61522276,-0.00203946
362.83019318,-0.00311049
363.04517889,-0.00005650
363.26017991,0.00045094
363.47519623,0.00000699
363.69022784,0.00117328
363.90527474,0.00183318
364.12033694,0.00060336
364.33541442,-0.00165686
364.55050719,-0.00345714
364.76561524,0.00183777
364.98073857,-0.00030080
365.19587718,0.00048383
365.41103106,-0.00044936
365.62620021,0.00018999
365.84138463,0.00087138
366.05658432,0.00202424
366.27179927,0.00235211
366.48702948,0.00189118
366.70227494,0.00373081
366.91753566,-0.00156050
367.13281163,0.00069285
367.34810285,0.00370258
367.56340932,-0.00114819
367.77873103,0.00095606
367.99406798,0.00358023
368.20942017,0.00244566
368.42478759,-0.00090985
368.64017025,0.00058802
368.85556813,0.00320888
369.07098125,-0.00001051
369.28640958,0.00045042
369.50185314,0.00013308
369.71731191,0.00083733
369.93278590,-0.00144356
370.14827511,0.00061921
370.36377952,0.00160330
370.57929914,0.00196954
370.79483397,0.00305391
371.01038400,-0.00178838
371.22594922,0.00014755
371.44152965,-0.00057906
371.65712526,0.00118997
371.87273607,-0.00166712
372.08836206,0.00094443
372.30400324,-0.00154436
372.51965960,0.00102725
372.73533114,0.00377788
372.95101786,0.00033797
373.16671976,-0.00005923
373.38243682,0.00032873
373.59816905,0.00104849
373.81391645,0.00022933
374.02967901,0.00079128
374.24545673,0.00109533
374.46124961,0.00056147
374.67705764,0.00074032
374.89288082,0.00061101
375.10871916,0.00157616
375.32457264,0.00189080
375.54044126,0.00222571
375.75632503,0.00026167
375.97222393,-0.00068061
376.18813797,0.00084995
376.40406713,0.00118053
376.62001143,0.00031963
376.83597086,-0.00091345
377.05194541,0.00042537
377.26793508,-0.00103058
377.48393987,-0.00023117
377.69995978,0.00020884
377.91599480,-0.00008298
378.13204493,0.00142934
378.34811016,0.00184479
378.56419050,0.00176812
378.78028595,0.00025160
378.99639649,0.00113473
379.21252213,0.00188583
379.42866286,-0.00013628
379.64481868,0.00179327
379.86098960,-0.00015283
380.07717559,0.00174991
380.29337667,0.00094883
380.50959283,0.00165387
380.72582407,-0.00071665
380.94207038,0.00118627
381.15833176,0.00277275
381.37460821,0.00061011
381.59089972,0.00166659
381.80720630,0.00121443
382.02352794,0.00048660
382.23986464,-0.00007085
382.45621639,-0.00020113
382.67258319,-0.00047436
382.88896505,0.00015627
383.10536195,0.00129769
383.32177389,0.00040954
383.53820087,0.00122626
383.75464289,0.00042427
383.97109995,-0.00036700
384.18757204,0.00177847
384.40405916,0.00077527
384.62056131,0.00181110
384.83707848,0.00331921
385.05361067,0.00196681
385.27015788,0.00294431
385.48672011,0.00197998
385.70329735,0.00256229
385.91988960,0.00199019
386.13649686,-0.00046234
386.35311912,-0.00084054
386.56975639,-0.00009371
386.78640865,0.00457852
387.00307592,0.00059079
387.21975817,0.00028669
387.43645542,0.00370238
387.65316765,0.00426279
387.86989487,0.00081292
388.08663707,-0.00036442
388.30339426,0.00178228
388.52016641,0.00321528
388.73695355,0.00235327
388.95375565,0.00457076
389.17057273,0.00176452
389.38740477,0.00193993
389.60425177,0.00158998
389.82111374,0.00034903
390.03799066,0.00227762
390.25488253,0.00178525
390.47178936,0.00150828
390.68871114,0.00334388
390.90564787,0.00163979
391.12259954,0.00019380
391.33956614,0.00147630
391.55654769,0.00067302
391.77354418,0.00290613
391.99055559,0.00193059
392.20758194,0.00208651
392.42462321,0.00259860
392.64167941,-0.00004734
392.85875053,0.00025573
393.07583657,0.00051961
393.29293752,0.00144909
393.51005339,0.00155683
393.72718417,0.00234456
393.94432986,-0.00104583
394.16149045,0.00086434
394.37866594,0.00086615
394.59585634,0.00452226
394.81306163,0.00065661
395.03028181,0.00203470
395.24751689,0.00191034
395.46476685,0.00498048
395.68203170,0.00286608
395.89931143,0.00155010
396.11660604,0.00431575
396.33391553,0.00478321
396.55123990,0.00013089
396.76857913,0.00425406
396.98593324,0.00202811
397.20330221,0.00283607
397.42068604,0.00242014
397.63808474,0.00378301
397.85549829,0.00239726
398.07292670,0.00363409
398.29036996,0.00167666
398.50782807,0.00432472
398.72530103,0.00168550
398.94278883,0.00202598
399.16029147,0.00157931
399.37780895,0.00036148
399.59534127,0.00114556
399.81288841,0.00277358
400.03045039,0.00359565
400.24802720,0.00379756
400.46561883,0.00218850
400.68322529,0.00264576
400.90084656,0.00481009
401.11848265,0.00187663
401.33613355,0.00336288
401.55379926,0.00300929
401.77147978,0.00361329
401.98917511,0.00209146
402.20688524,0.00248195
402.42461017,0.00330493
402.64234989,0.00275065
402.86010441,0.00416681
403.07787372,0.00457560
403.29565782,0.00104552
403.51345670,0.00229482
403.73127037,0.00279496
403.94909882,0.00223895
404.16694205,0.00642555
404.38480005,0.00302660
404.60267282,0.00347229
404.82056036,0.00192820
405.03846267,0.00169686
405.25637974,0.00343862
405.47431157,0.00403340
405.69225816,0.00300651
405.91021951,0.00335647
406.12819561,0.00115663
406.34618645,0.00225471
406.56419205,0.00188562
406.78221239,0.00291052
407.00024747,0.00267623
407.21829729,0.00218024
407.43636184,0.00396131
407.65444113,0.00298977
407.87253515,0.00595130
408.09064390,0.00401060
408.30876737,0.00545356
408.52690556,0.00412099
408.74505847,0.00265409
408.96322610,0.00510042
409.18140844,0.00102336
409.39960550,0.00217145
409.61781726,0.00420516
409.83604372,0.00498345
410.05428489,0.00602495
410.27254076,0.00315948
410.49081133,0.00536002
410.70909659,0.00370928
410.92739654,0.00223197
411.14571118,0.00514286
411.36404051,0.00254571
411.58238452,0.00283920
411.80074321,0.00433009
412.01911658,0.00304003
412.23750462,0.00354889
412.45590734,0.00504056
412.67432472,0.00275989
412.89275677,0.00451955
413.11120349,0.00295569
413.32966486,0.00201056
413.54814090,0.00837700
413.76663159,0.00556983
413.98513693,0.00289497
414.20365692,0.00660043
414.42219156,0.00515643
414.64074084,0.00402322
414.85930477,0.00326333
415.07788333,0.00349569
415.29647653,0.00238648
415.51508437,0.00207128
415.73370683,0.00403348
415.95234392,0.00460545
416.17099564,0.00233034
416.38966198,0.00417829
416.60834294,0.00553443
416.82703851,0.00454072
417.04574870,0.00324378
417.26447350,0.00478082
417.48321291,0.00501090
417.70196692,0.00209795
417.92073554,0.00585223
418.13951875,0.00240300
418.35831657,0.00243293
418.57712898,0.00333356
418.79595598,0.00530737
419.01479757,0.00331311
419.23365374,0.00582659
419.45252450,0.00453376
419.67140984,0.00704287
419.89030975,0.00320021
420.10922425,0.00353150
420.32815331,0.00349238
420.54709694,0.00306896
420.76605514,0.00531986
420.98502791,0.00408844
421.20401523,0.00450599
421.42301712,0.00299624
421.64203356,0.00017266
421.86106455,0.00508371
422.08011009,0.00424380
422.29917018,0.00275891
422.51824482,0.00297253
422.73733399,0.00260843
422.95643771,0.00493461
423.17555596,0.00489955
423.39468875,0.00528937
423.61383606,0.00427080
423.83299790,0.00325714
424.05217427,0.00312297
424.27136516,0.00417261
424.49057057,0.00343270
424.70979050,0.00381083
424.92902494,0.00295193
425.14827390,0.00447846
425.36753736,0.00171529
425.58681532,0.00041352
425.80610779,0.00291962
426.02541476,0.00317864
426.24473623,0.00300264
426.46407219,0.00348540
426.68342265,0.00503469
426.90278759,0.00419767
427.12216702,0.00434513
427.34156093,0.00242633
427.56096933,0.00683255
427.78039220,0.00417556
427.99982955,0.00681674
428.21928137,0.00567583
428.43874766,0.00568133
428.65822841,0.00629359
428.87772363,0.00661668
429.09723331,0.00274368
429.31675745,0.00534448
429.53629605,0.00723803
429.75584910,0.00408573
429.97541660,0.00348895
430.19499854,0.00627294
430.41459494,0.00546731
430.63420577,0.00418339
430.85383104,0.00413114
431.07347075,0.00654660
431.29312489,0.00467713
431.51279347,0.00536094
431.73247647,0.00510528
431.95217390,0.00606521
432.17188574,0.00678088
432.39161201,0.00440651
432.61135270,0.00637868
432.83110780,0.00380016
433.05087731,0.00536492
433.27066123,0.00642015
433.49045956,0.00503235
433.71027229,0.00561363
433.93009942,0.00371561
434.14994095,0.00452832
434.36979687,0.00768127
434.58966718,0.00657575
434.80955189,0.00542443
435.02945098,0.00431640
435.24936445,0.00506178
435.46929230,0.00550769
435.68923454,0.00557145
435.90919115,0.00424172
436.12916213,0.00357771
436.34914748,0.00801229
436.56914720,0.00502266
436.78916128,0.00494115
437.00918972,0.00539698
437.22923252,0.00528937
437.44928968,0.00550918
437.66936119,0.00626156
437.88944706,0.00528587
438.10954727,0.00844966
438.32966182,0.00977324
438.54979072,0.00552494
438.76993395,0.00674037
438.99009153,0.00735369
439.21026343,0.01147353
439.43044967,0.00914002
439.65065024,0.00655446
439.87086513,0.00725946
440.09109434,0.00615925
440.31133788,0.00827791
440.53159573,0.00912432
440.75186789,0.00823076
440.97215437,0.00941139
441.19245516,0.00858452
441.41277025,0.00943309
441.63309964,0.00830903
441.85344334,0.01146351
442.07380133,0.01132490
442.29417362,0.00667572
442.51456020,0.01167758
442.73496107,0.00937592
442.95537623,0.00958960
443.17580567,0.01326327
443.39624939,0.01189350
443.61670739,0.01023347
443.83717967,0.01406771
444.05766622,0.01110153
444.27816704,0.01334478
444.49868212,0.00942070
444.71921147,0.01410384
444.93975509,0.01162532
445.16031296,0.01144335
445.38088508,0.01572021
445.60147147,0.01287067
445.82207210,0.01417211
446.04268698,0.01467470
446.26331610,0.01438517
446.48395947,0.01244044
446.70461707,0.01393195
446.92528892,0.01574477
447.14597499,0.01333393
447.36667530,0.01431493
447.58738984,0.01546337
447.80811860,0.01741579
448.02886158,0.01263299
448.24961879,0.01523550
448.47039021,0.01360871
448.69117585,0.01598360
448.91197570,0.01690620
449.13278975,0.01508250
449.35361802,0.01314953
449.57446049,0.01496931
449.79531715,0.01451279
450.01618802,0.01505626
450.23707308,0.01378921
450.45797234,0.01376651
450.67888578,0.01365717
450.89981341,0.01283212
451.12075522,0.01554083
451.34171122,0.01634107
451.56268139,0.01699450
451.78366574,0.01513104
452.00466426,0.01541790
452.22567696,0.01928610
452.44670382,0.01655385
452.66774484,0.01577359
452.88880003,0.01926430
453.10986938,0.01573946
453.33095288,0.02035782
453.55205053,0.02078763
453.77316234,0.01791860
453.99428830,0.01860676
454.21542840,0.01861401
454.43658264,0.02242655
454.65775102,0.01836377
454.87893354,0.01927692
455.10013019,0.01741417
455.32134098,0.01932670
455.54256589,0.02070551
455.76380493,0.01790341
455.98505809,0.01793622
456.20632537,0.01837137
456.42760677,0.02070888
456.64890229,0.01968328
456.87021191,0.01944168
457.09153565,0.01975872
457.31287349,0.02037816
457.53422544,0.01931145
457.75559149,0.02079342
457.97697163,0.02134888
458.19836587,0.02533215
458.41977420,0.02226926
458.64119663,0.02205009
458.86263313,0.02509006
459.08408373,0.02404124
459.30554840,0.02138788
459.52702716,0.02495929
459.74851999,0.02080184
459.97002689,0.02512821
460.19154786,0.02119488
460.41308290,0.02350214
460.63463201,0.02154227
460.85619518,0.02535554
461.07777241,0.02345830
461.29936369,0.02420946
461.52096903,0.02188537
461.74258841,0.02319662
461.96422185,0.02585684
462.18586933,0.02461729
462.40753086,0.02642085
462.62920642,0.02272179
462.85089602,0.02889957
463.07259966,0.02679596
463.29431733,0.02718876
463.51604902,0.02561402
463.73779475,0.02854218
463.95955449,0.02913190
464.18132826,0.02949323
464.40311604,0.02795476
464.62491784,0.03340793
464.84673365,0.02592775
465.06856347,0.02851678
465.29040730,0.02879409
465.51226513,0.03025500
465.73413696,0.03091612
465.95602279,0.03074913
466.17792261,0.03227838
466.39983643,0.03498863
466.62176424,0.03125509
466.84370603,0.03198589
467.06566181,0.03028406
467.28763157,0.03396717
467.50961531,0.03242546
467.73161303,0.03080953
467.95362472,0.03256234
468.17565038,0.03074279
468.39769001,0.02989122
468.61974360,0.03104647
468.84181116,0.03017109
469.06389267,0.03104741
469.28598814,0.03074945
469.50809757,0.03114314
469.73022094,0.03389694
469.95235827,0.02953665
470.17450954,0.02924954
470.39667475,0.03100810
470.61885390,0.03097554
470.84104699,0.03129656
471.06325402,0.03257401
471.28547498,0.02931297
471.50770986,0.02946359
471.72995867,0.03107030
471.95222141,0.03305242
472.17449806,0.03072951
472.39678864,0.03051203
472.61909313,0.03008680
472.84141153,0.02812737
473.06374384,0.02580217
473.28609005,0.02794681
473.50845017,0.02975008
473.73082420,0.02819272
473.95321212,0.02759350
474.17561393,0.02782247
474.39802964,0.02784677
474.62045924,0.02720005
474.84290273,0.03163026
475.06536010,0.03172694
475.28783136,0.02908358
475.51031649,0.02746339
475.73281550,0.02778968
475.95532838,0.02780835
476.17785513,0.02643773
476.40039575,0.02890693
476.62295024,0.02939526
476.84551859,0.02924094
477.06810080,0.02884246
477.29069686,0.02615112
477.51330678,0.02953976
477.73593055,0.02683367
477.95856817,0.02878944
478.18121963,0.02485660
478.40388494,0.02760363
478.62656409,0.02938678
478.84925707,0.02545371
479.07196389,0.03167120
479.29468455,0.02806463
479.51741903,0.02699315
479.74016733,0.03096024
479.96292946,0.02801013
480.18570542,0.02642668
480.40849519,0.02332208
480.63129877,0.02665450
480.85411617,0.02494866
481.07694738,0.02575841
481.29979239,0.02227662
481.52265121,0.02443993
481.74552383,0.02507933
481.96841025,0.02278130
482.19131046,0.01909171
482.41422447,0.02346993
482.63715227,0.02371531
482.86009385,0.02406147
483.08304922,0.02164678
483.30601837,0.02288323
483.52900130,0.02804745
483.75199801,0.02508444
483.97500849,0.02295407
484.19803274,0.02368675
484.42107076,0.02710834
484.64412255,0.02620045
484.86718810,0.02706137
485.09026741,0.02542925
485.31336047,0.02522215
485.53646729,0.02625861
485.75958786,0.03026838
485.98272218,0.03012737
486.20587024,0.02676296
486.42903205,0.02612968
486.65220760,0.02517926
486.87539689,0.02874867
487.09859991,0.02849954
487.32181666,0.03125109
487.54504715,0.03086397
487.76829136,0.02734617
487.99154929,0.03159465
488.21482094,0.02866529
488.43810631,0.02726439
488.66140540,0.03330179
488.88471820,0.03062201
489.10804471,0.03620946
489.33138493,0.03663170
489.55473885,0.03500480
489.77810647,0.03769446
490.00148780,0.03918857
490.22488281,0.03744352
490.44829153,0.03728151
490.67171393,0.03831779
490.89515002,0.03778011
491.11859979,0.04004979
491.34206325,0.04189684
491.56554038,0.03967258
491.78903120,0.04223137
492.01253568,0.04145090
492.23605384,0.04229583
492.45958567,0.04551993
492.68313116,0.03936561
492.90669031,0.04212408
493.13026312,0.04014230
493.35384960,0.04005955
493.57744972,0.03728779
493.80106350,0.03657810
494.02469092,0.03786744
494.24833200,0.03615307
494.47198671,0.03819292
494.69565507,0.03687006
494.91933706,0.03519132
495.14303269,0.03466083
495.36674195,0.03676194
495.59046484,0.03359995
495.81420136,0.03447506
496.03795150,0.03607795
496.26171526,0.03673352
496.48549264,0.03497994
496.70928364,0.03656655
496.93308825,0.03446325
497.15690647,0.03333544
497.38073830,0.03319329
497.60458373,0.03535489
497.82844276,0.03186366
498.05231539,0.03321013
498.27620162,0.03014802
498.50010144,0.02995825
498.72401485,0.03175801
498.94794185,0.03124293
499.17188244,0.02857059
499.39583661,0.02871812
499.61980435,0.03102405
499.84378568,0.02763934
500.06778058,0.03054224
500.29178904,0.03188294
500.51581108,0.02896560
500.73984668,0.03288866
500.96389585,0.02977243
501.18795858,0.02882091
501.41203486,0.03069926
501.63612470,0.03085495
501.86022809,0.02871922
502.08434503,0.02781051
502.30847551,0.02982487
502.53261954,0.03143789
502.75677711,0.02897631
502.98094822,0.03106590
503.20513286,0.03061967
503.42933104,0.03371183
503.65354274,0.03444432
503.87776797,0.03214539
504.10200673,0.03333830
504.32625901,0.03785432
504.55052480,0.03807679
504.77480411,0.03808797
504.99909694,0.03831263
505.22340327,0.03901571
505.44772312,0.04091430
505.67205646,0.04417763
505.89640331,0.04308024
506.12076366,0.04665401
506.34513750,0.04703395
506.56952484,0.04930098
506.79392567,0.04932236
507.01833999,0.04800814
507.24276779,0.04703787
507.46720907,0.04962826
507.69166384,0.05140645
507.91613208,0.04921907
508.14061380,0.04499169
508.36510898,0.04779117
508.58961764,0.04751425
508.81413976,0.04341490
509.03867534,0.04772682
509.26322439,0.04472525
509.48778689,0.04310848
509.71236285,0.04437042
509.93695226,0.04418383
510.16155512,0.04374014
510.38617142,0.04128643
510.61080117,0.03893414
510.83544436,0.04036462
511.06010099,0.03843121
511.28477105,0.03850676
511.50945454,0.03902642
511.73415147,0.04060638
511.95886182,0.04007827
512.18358560,0.04252707
512.40832280,0.04535531
512.63307341,0.04484571
512.85783745,0.04286741
513.08261489,0.04624287
513.30740575,0.05054814
513.53221001,0.04238877
513.75702768,0.04379903
513.98185875,0.03929469
514.20670322,0.03751185
514.43156109,0.03887955
514.65643235,0.03815056
514.88131700,0.03657249
515.10621504,0.03694536
515.33112647,0.03534785
515.55605128,0.03403118
515.78098946,0.03464713
516.00594103,0.03410740
516.23090597,0.03503522
516.45588428,0.03545641
516.68087596,0.03814198
516.90588100,0.03955080
517.13089941,0.03798623
517.35593118,0.04037903
517.58097631,0.04059141
517.80603479,0.04471129
518.03110663,0.04301063
518.25619181,0.04361483
518.48129034,0.04679070
518.70640222,0.04871782
518.93152743,0.04848587
519.15666598,0.04968737
519.38181787,0.05328045
519.60698310,0.05296980
519.83216165,0.05483669
520.05735353,0.05830794
520.28255873,0.05846128
520.50777726,0.05340660
520.73300910,0.05992644
520.95825426,0.05892208
521.18351273,0.06241076
521.40878452,0.06226691
521.63406961,0.06184771
521.85936801,0.06261560
522.08467971,0.06569748
522.31000471,0.06074840
522.53534300,0.06524687
522.76069459,0.06728271
522.98605947,0.06086020
523.21143764,0.06675937
523.43682910,0.06792217
523.66223383,0.06977846
523.88765185,0.06824586
524.11308315,0.06462023
524.33852772,0.06477383
524.56398556,0.06910484
524.78945667,0.06943819
525.01494104,0.06714533
525.24043868,0.06586392
525.46594959,0.07232350
525.69147374,0.06966773
525.91701116,0.06778815
526.14256182,0.06987613
526.36812574,0.06899224
526.59370290,0.07126837
526.81929331,0.07155078
527.04489696,0.07890963
527.27051384,0.07880906
527.49614396,0.08400953
527.72178732,0.08142490
527.94744390,0.08699129
528.17311372,0.08921097
528.39879675,0.09644612
528.62449301,0.09561462
528.85020249,0.09695905
529.07592518,0.09927325
529.30166109,0.10767226
529.52741021,0.11254387
529.75317254,0.11281820
529.97894807,0.11720721
530.20473680,0.11778130
530.43053874,0.11762699
530.65635387,0.11903916
530.88218219,0.12139976
531.10802371,0.12367013
531.33387841,0.12179906
531.55974630,0.12479013
531.78562738,0.12307949
532.01152163,0.12224165
532.23742906,0.11481654
532.46334967,0.11547837
532.68928344,0.11386702
532.91523039,0.11342591
533.14119051,0.11011297
533.36716378,0.11147325
533.59315022,0.10761219
533.81914982,0.10689211
534.04516257,0.10494271
534.27118847,0.10571851
534.49722752,0.10526132
534.72327973,0.10450906
534.94934507,0.09850582
535.17542356,0.10206904
535.40151518,0.10172365
535.62761994,0.10112044
535.85373784,0.10097349
536.07986886,0.09705710
536.30601301,0.09962056
536.53217029,0.09992900
536.75834069,0.09487374
536.98452420,0.09693659
537.21072084,0.09527098
537.43693059,0.09970304
537.66315345,0.09116718
537.88938941,0.09204888
538.11563848,0.09075959
538.34190066,0.09050787
538.56817593,0.09203215
538.79446431,0.08952141
539.02076577,0.08744099
539.24708033,0.08964187
539.47340798,0.08974509
539.69974871,0.08908379
539.92610252,0.09125994
540.15246942,0.09390091
540.37884939,0.09470077
540.60524244,0.09947761
540.83164856,0.09860640
541.05806775,0.10341135
541.28450001,0.09949842
541.51094533,0.09941696
541.73740371,0.09966551
541.96387515,0.10241965
542.19035965,0.10370572
542.41685719,0.10363742
542.64336779,0.10880133
542.86989144,0.11047241
543.09642813,0.11079574
543.32297786,0.11448510
543.54954063,0.11085530
543.77611643,0.11490985
544.00270527,0.11815368
544.22930714,0.11978244
544.45592204,0.11936021
544.68254996,0.12520403
544.90919091,0.12944834
545.13584487,0.12777516
545.36251185,0.13259144
545.58919184,0.12721663
545.81588485,0.13546074
546.04259086,0.13336430
546.26930988,0.13791025
546.49604191,0.13643945
546.72278693,0.13203497
546.94954495,0.13485053
547.17631596,0.13671644
547.40309997,0.13926689
547.62989696,0.13850018
547.85670694,0.14421176
548.08352991,0.14649763
548.31036585,0.14185639
548.53721477,0.14630188
548.76407667,0.15322504
548.99095154,0.15429775
549.21783938,0.15438626
549.44474018,0.15988281
549.67165395,0.16229854
549.89858069,0.16247493
550.12552038,0.16789478
550.35247302,0.16777852
550.57943862,0.16882674
550.80641717,0.16873567
551.03340866,0.17103105
551.26041310,0.16396325
551.48743048,0.16231023
551.71446081,0.16349495
551.94150406,0.16754035
552.16856025,0.16243742
552.39562937,0.16246764
552.62271142,0.16265046
552.84980640,0.16548701
553.07691429,0.16580222
553.30403511,0.17012448
553.53116884,0.17555322
553.75831549,0.17664310
553.98547505,0.17831399
554.21264752,0.18570574
554.43983289,0.18871773
554.66703116,0.19183506
554.89424234,0.20382487
555.12146641,0.21157470
555.34870338,0.21347718
555.57595324,0.21670709
555.80321599,0.21645549
556.03049162,0.21608597
556.25778014,0.21722573
556.48508154,0.22375693
556.71239582,0.22335599
556.93972297,0.23245441
557.16706300,0.23056404
557.39441589,0.23928400
557.62178165,0.24807957
557.84916028,0.25523454
558.07655177,0.25572640
558.30395611,0.26993441
558.53137331,0.27085448
558.75880337,0.28336833
558.98624627,0.29210289
559.21370202,0.29513252
559.44117062,0.30285615
559.66865206,0.31550887
559.89614634,0.33032081
560.12365345,0.33146096
560.35117340,0.34064341
560.57870618,0.33882174
560.80625179,0.33550689
561.03381022,0.33994348
561.26138148,0.34252842
561.48896555,0.35548028
561.71656244,0.36330144
561.94417215,0.36770057
562.17179467,0.38232617
562.39942999,0.39121732
562.62707812,0.40186494
562.85473906,0.41127829
563.08241279,0.42423604
563.31009933,0.43666477
563.53779866,0.42954921
563.76551078,0.41621214
563.99323568,0.42379919
564.22097338,0.42703590
564.44872386,0.40856946
564.67648712,0.39763594
564.90426316,0.39870909
565.13205197,0.39905907
565.35985356,0.41058432
565.58766792,0.41085940
565.81549504,0.41572361
566.04333493,0.41907352
566.27118758,0.43102713
566.49905298,0.43008665
566.72693115,0.42359922
566.95482207,0.42545705
567.18272573,0.40810458
567.41064215,0.41020095
567.63857131,0.40693828
567.86651321,0.38853920
568.09446785,0.37168210
568.32243523,0.36252625
568.55041534,0.35515611
568.77840819,0.35331395
569.00641376,0.34232517
569.23443206,0.33605780
569.46246308,0.32691145
569.69050682,0.32363309
569.91856327,0.31125359
570.14663244,0.31755227
570.37471433,0.30798589
570.60280892,0.28659748
570.83091622,0.28134722
571.05903622,0.28557382
571.28716892,0.28727010
571.51531432,0.29087543
571.74347241,0.28682154
571.97164320,0.28871835
572.19982667,0.27552477
572.42802284,0.27732357
572.65623168,0.27130141
572.88445321,0.27216326
573.11268742,0.27897936
573.34093430,0.27703550
573.56919385,0.25902622
573.79746608,0.25865818
574.02575097,0.26354794
574.25404853,0.26349976
574.48235874,0.26047395
574.71068162,0.26394345
574.93901715,0.27425754
575.16736534,0.27351488
575.39572618,0.27216831
575.62409966,0.27618975
575.85248579,0.27799986
576.08088456,0.26909193
576.30929597,0.26755421
576.53772002,0.27258702
576.76615671,0.26271812
576.99460602,0.26124759
577.22306796,0.25242441
577.45154253,0.25212604
577.68002972,0.24606991
577.90852953,0.23498688
578.13704196,0.22284365
578.36556700,0.22340128
578.59410465,0.22370765
578.82265492,0.21789619
579.05121779,0.21993766
579.27979326,0.21797648
579.50838133,0.21912495
579.73698201,0.20834859
579.96559527,0.21438497
580.19422113,0.21006632
580.42285958,0.21274488
580.65151062,0.22120634
580.88017424,0.22554689
581.10885044,0.22217924
581.33753922,0.22615765
581.56624057,0.22724142
581.79495450,0.23385396
582.02368100,0.23666656
582.25242007,0.23682500
582.48117170,0.23654291
582.70993589,0.23308930
582.93871264,0.23416574
583.16750195,0.22744805
583.39630381,0.22162646
583.62511822,0.21680372
583.85394518,0.21318915
584.08278469,0.21181782
584.31163674,0.21531214
584.54050133,0.20587635
584.76937845,0.20669764
584.99826811,0.19961235
585.22717030,0.19769321
585.45608502,0.18687521
585.68501226,0.18373059
585.91395203,0.18175017
586.14290432,0.18064794
586.37186912,0.17542358
586.60084644,0.16683376
586.82983628,0.16468739
587.05883862,0.16422445
587.28785347,0.15875722
587.51688082,0.15374231
587.74592067,0.15490132
587.97497302,0.15674604
588.20403787,0.17032299
588.43311520,0.17089133
588.66220503,0.17392895
588.89130735,0.18103267
589.12042215,0.18288636
589.34954943,0.18838363
589.57868919,0.19245186
589.80784142,0.20019755
590.03700613,0.20422786
590.26618331,0.20419943
590.49537296,0.20903030
590.72457507,0.20663429
590.95378964,0.21215024
591.18301667,0.21657235
591.41225616,0.22154771
591.64150811,0.22592953
591.87077250,0.23105009
592.10004934,0.23049387
592.32933863,0.23472616
592.55864036,0.23057701
592.78795453,0.23020477
593.01728114,0.23698349
593.24662018,0.24521895
593.47597165,0.23867560
593.70533555,0.24495368
593.93471188,0.25407431
594.16410063,0.26727505
594.39350180,0.26826177
594.62291539,0.27464954
594.85234140,0.27756818
595.08177981,0.28526478
595.31123064,0.28924162
595.54069387,0.28962646
595.77016951,0.29575170
595.99965755,0.30370230
596.22915798,0.30669438
596.45867081,0.29486749
596.68819604,0.28033005
596.91773365,0.26455213
597.14728365,0.26546276
597.37684603,0.26757212
597.60642080,0.26168729
597.83600795,0.25929894
598.06560747,0.24861132
598.29521936,0.24748638
598.52484363,0.23556645
598.75448026,0.23044898
598.98412926,0.22634945
599.21379062,0.23308815
599.44346434,0.22200962
599.67315042,0.22423008
599.90284885,0.22077396
600.13255963,0.21859689
600.36228276,0.20752703
600.59201824,0.20370827
600.82176606,0.20888031
601.05152622,0.20866961
601.28129871,0.20886385
601.51108354,0.20432513
601.74088070,0.20001942
601.97069019,0.20087727
602.20051201,0.18994435
602.43034615,0.19992053
602.66019261,0.19735106
602.89005139,0.19313667
603.11992249,0.19190521
603.34980589,0.18733994
603.57970161,0.19247466
603.80960963,0.18824213
604.03952996,0.18092506
604.26946259,0.17904066
604.49940751,0.17698194
604.72936474,0.17763906
604.95933425,0.17754779
605.18931606,0.17839093
605.41931015,0.18668587
605.64931653,0.18723123
605.87933519,0.18253789
606.10936612,0.18809845
606.33940934,0.19216570
606.56946483,0.19342524
606.79953259,0.19358825
607.02961261,0.19107311
607.25970490,0.19584874
607.48980946,0.19730682
607.71992627,0.19615726
607.95005534,0.19199744
608.18019667,0.19254248
608.41035024,0.19195197
608.64051607,0.19042478
608.87069414,0.19176805
609.10088445,0.18508882
609.33108700,0.18410950
609.56130179,0.18812282
609.79152882,0.18144580
610.02176808,0.17762626
610.25201956,0.17184097
610.48228328,0.16201813
610.71255921,0.16364066
610.94284737,0.15719107
611.17314775,0.15262219
611.40346034,0.15139686
611.63378514,0.15137651
611.86412215,0.14687779
612.09447137,0.14916484
612.32483280,0.14946537
612.55520642,0.15279142
612.78559225,0.15182602
613.01599027,0.15322422
613.24640048,0.15613878
613.47682288,0.16155370
613.70725747,0.16328912
613.93770425,0.16417711
614.16816321,0.16838684
614.39863434,0.16470600
614.62911766,0.16948028
614.85961314,0.17307684
615.09012080,0.18008152
615.32064063,0.18351492
615.55117262,0.18430192
615.78171677,0.18706154
616.01227308,0.19939776
616.24284156,0.20346126
616.47342218,0.20655974
616.70401496,0.21871406
616.93461988,0.22614327
617.16523695,0.22951011
617.39586617,0.23766090
617.62650752,0.23443348
617.85716101,0.23822126
618.08782664,0.23678592
618.31850440,0.23778260
618.54919429,0.24382826
618.77989630,0.25161582
619.01061044,0.26370078
619.24133670,0.27228523
619.47207508,0.27767663
619.70282557,0.28371314
619.93358818,0.28843739
620.16436289,0.29495870
620.39514972,0.29555178
620.62594864,0.29078610
620.85675967,0.30275051
621.08758280,0.31720901
621.31841802,0.32279628
621.54926534,0.33889106
621.78012475,0.34673405
622.01099624,0.34305546
622.24187982,0.34363699
622.47277549,0.35398424
622.70368323,0.35230894
622.93460305,0.34387023
623.16553494,0.34230920
623.39647890,0.33737040
623.62743493,0.34182862
623.85840303,0.33859321
624.08938319,0.33506035
624.32037541,0.32797181
624.55137968,0.31853950
624.78239602,0.31001456
625.01342440,0.29531235
625.24446483,0.29304907
625.47551731,0.27632470
625.70658183,0.26635214
625.93765839,0.25277107
626.16874699,0.24705714
626.39984763,0.24191573
626.63096029,0.23565721
626.86208499,0.24060293
627.09322171,0.22469147
627.32437046,0.21626662
627.55553123,0.20946540
627.78670401,0.19974218
628.01788882,0.19353921
628.24908563,0.18671562
628.48029446,0.18195222
628.71151529,0.18233358
628.94274813,0.17755276
629.17399296,0.17870032
629.40524980,0.17522514
629.63651863,0.17543314
629.86779946,0.17171721
630.09909228,0.16438923
630.33039709,0.16014604
630.56171388,0.15870688
630.79304265,0.15866802
631.02438340,0.15874470
631.25573613,0.16114491
631.48710084,0.16882396
631.71847751,0.17302917
631.94986615,0.17255620
632.18126676,0.17122623
632.41267933,0.17876272
632.64410387,0.17241361
632.87554035,0.16917418
633.10698880,0.17353584
633.33844919,0.16868374
633.56992154,0.17585643
633.80140583,0.17634854
634.03290207,0.17741195
634.26441024,0.17450280
634.49593035,0.17048380
634.72746240,0.16246856
634.95900638,0.16178775
635.19056229,0.16533230
635.42213013,0.16476399
635.65370989,0.16717618
635.88530158,0.17115804
636.11690518,0.17576134
636.34852069,0.17579926
636.58014812,0.17818113
636.81178746,0.18947280
637.04343871,0.18899364
637.27510187,0.18462626
637.50677692,0.18356588
637.73846387,0.18786231
637.97016272,0.19315897
638.20187347,0.19028009
638.43359610,0.19134564
638.66533062,0.19984482
638.89707703,0.19926889
639.12883532,0.19346476
639.36060549,0.19485524
639.59238754,0.20359950
639.82418146,0.21824409
640.05598725,0.21068795
640.28780491,0.21293789
640.51963444,0.21718858
640.75147583,0.22131753
640.98332908,0.23548192
641.21519419,0.24392422
641.44707115,0.25367116
641.67895997,0.26392761
641.91086063,0.27806575
642.14277314,0.29363229
642.37469750,0.30135121
642.60663369,0.30516068
642.83858172,0.31994144
643.07054159,0.34033960
643.30251329,0.32814130
643.53449683,0.33597931
643.76649218,0.33515283
643.99849937,0.35033475
644.23051837,0.35205483
644.46254919,0.34848228
644.69459183,0.35403798
644.92664628,0.35890537
645.15871254,0.35282574
645.39079061,0.34134506
645.62288049,0.33906861
645.85498217,0.32512213
646.08709564,0.32743432
646.31922091,0.32622480
646.55135798,0.33045793
646.78350684,0.32419280
647.01566748,0.31593989
647.24783991,0.31694644
647.48002413,0.30977628
647.71222012,0.31478687
647.94442789,0.31650920
648.17664744,0.32537739
648.40887875,0.32428064
648.64112184,0.31841529
648.87337669,0.32074654
649.10564331,0.32673112
649.33792168,0.32029210
649.57021181,0.31249045
649.80251370,0.31381430
650.03482734,0.32346780
650.26715273,0.32769752
650.49948987,0.32597122
650.73183875,0.31479243
650.96419937,0.31620011
651.19657173,0.30018961
651.42895582,0.28678280
651.66135165,0.29973692
651.89375921,0.28514775
652.12617849,0.28105717
652.35860950,0.26761349
652.59105224,0.26823802
652.82350669,0.26640160
653.05597285,0.26980281
653.28845073,0.27282996
653.52094032,0.26967352
653.75344162,0.27757680
653.98595462,0.29507132
654.21847933,0.31161509
654.45101573,0.32955006
654.68356383,0.35559614
654.91612363,0.37751567
655.14869511,0.38799527
655.38127829,0.40328157
655.61387315,0.40914851
655.84647969,0.42378752
656.07909792,0.43800885
656.31172782,0.45783163
656.54436939,0.46734946
656.77702264,0.46767658
657.00968756,0.46152845
657.24236414,0.46177155
657.47505238,0.43913175
657.70775229,0.45548560
657.94046385,0.44503327
658.17318707,0.43765798
658.40592195,0.42472695
658.63866847,0.41113087
658.87142663,0.39711283
659.10419645,0.38350028
659.33697790,0.36948941
659.56977099,0.35492511
659.80257572,0.34092444
660.03539208,0.35709118
660.26822007,0.33163809
660.50105969,0.30719072
660.73391093,0.33817572
660.96677380,0.33437945
661.19964828,0.31667590
661.43253438,0.34549396
661.66543209,0.34975925
661.89834142,0.35426373
662.13126235,0.37702119
662.36419489,0.38617547
662.59713903,0.38899851
662.83009477,0.41391039
663.06306210,0.41873781
663.29604103,0.43087911
663.52903155,0.46054135
663.76203367,0.47144518
663.99504736,0.49347012
664.22807264,0.50844392
664.46110950,0.52714991
664.69415794,0.52268565
664.92721795,0.54305271
665.16028953,0.52742952
665.39337269,0.54236451
665.62646740,0.57172877
665.85957369,0.57670585
666.09269153,0.60677245
666.32582093,0.60726952
666.55896189,0.59981421
666.79211440,0.61668362
667.02527846,0.60475206
667.25845406,0.60388744
667.49164121,0.58856463
667.72483991,0.56881076
667.95805014,0.53745142
668.19127190,0.50209435
668.42450520,0.50420460
668.65775003,0.50806736
668.89100639,0.49545558
669.12427427,0.51433508
669.35755368,0.49922136
669.59084460,0.50381719
669.82414704,0.50154006
670.05746099,0.48477914
670.29078646,0.50294226
670.52412343,0.47256418
670.75747191,0.48606881
670.99083189,0.49002212
671.22420337,0.49687354
671.45758635,0.51423601
671.69098082,0.50288257
671.92438678,0.50332310
672.15780424,0.49482805
672.39123317,0.49786885
672.62467360,0.49468750
672.85812550,0.49302048
673.09158888,0.50295452
673.32506373,0.49381659
673.55855006,0.50267156
673.79204785,0.50494737
674.02555712,0.50679796
674.25907784,0.50094336
674.49261003,0.48982864
674.72615367,0.48377207
674.95970878,0.47380571
675.19327533,0.47512285
675.42685333,0.49153515
675.66044278,0.48779761
675.89404368,0.50264752
676.12765601,0.49317956
676.36127979,0.51015159
676.59491500,0.48983001
676.82856165,0.48541577
677.06221972,0.46399962
677.29588922,0.45721028
677.52957015,0.44737587
677.76326250,0.44717635
677.99696627,0.45192662
678.23068146,0.44521639
678.46440806,0.44536455
678.69814607,0.44545643
678.93189549,0.45721183
679.16565631,0.47020796
679.39942854,0.47464272
679.63321217,0.47179601
679.86700720,0.47044258
680.10081361,0.48900044
680.33463143,0.47578723
680.56846063,0.47497194
680.80230121,0.45190750
681.03615318,0.45989115
681.27001653,0.43935315
681.50389126,0.45369671
681.73777736,0.43885602
681.97167484,0.44773219
682.20558368,0.43878077
682.43950390,0.43340990
682.67343547,0.41535351
682.90737841,0.40989246
683.14133270,0.39445912
683.37529836,0.39132480
683.60927536,0.38606186
683.84326371,0.39314690
684.07726341,0.38723125
684.31127446,0.38625222
684.54529685,0.37913946
684.77933057,0.38621230
685.01337564,0.39159519
685.24743203,0.40709215
685.48149976,0.40775770
685.71557881,0.41235803
685.94966919,0.39261832
686.18377090,0.39546729
686.41788392,0.38247240
686.65200826,0.37228849
686.88614391,0.36174119
687.12029088,0.35295185
687.35444915,0.34307807
687.58861873,0.34674089
687.82279961,0.34152136
688.05699179,0.34608682
688.29119527,0.34099907
688.52541004,0.33623207
688.75963611,0.32682929
688.99387346,0.32483897
689.22812210,0.31053137
689.46238203,0.30710688
689.69665323,0.29874904
689.93093571,0.29830876
690.16522947,0.28672105
690.39953450,0.28788083
690.63385080,0.28093356
690.86817837,0.28559745
691.10251720,0.27878752
691.33686730,0.27089506
691.57122865,0.25866439
691.80560125,0.26652287
692.03998511,0.25819621
692.27438023,0.24723192
692.50878658,0.23809335
692.74320419,0.24076462
692.97763303,0.23378149
693.21207312,0.22667866
693.44652444,0.21821044
693.68098699,0.21662518
693.91546077,0.21026629
694.14994579,0.21625823
694.38444203,0.21284074
694.61894949,0.20724741
694.85346817,0.20520663
695.08799806,0.20524455
695.32253918,0.20179607
695.55709150,0.20283982
695.79165503,0.20288045
696.02622977,0.20684344
696.26081571,0.21518334
696.49541285,0.22090986
696.73002119,0.22684133
696.96464072,0.23312289
697.19927145,0.23439977
697.43391336,0.23971780
697.66856647,0.24435223
697.90323075,0.24892479
698.13790622,0.25407579
698.37259286,0.26815951
698.60729068,0.26459268
698.84199967,0.25920935
699.07671984,0.25915431
699.31145117,0.26318408
699.54619366,0.26251400
699.78094731,0.26606490
700.01571213,0.27354272
700.25048810,0.26956546
700.48527522,0.27146056
700.72007349,0.27538344
700.95488292,0.27583276
701.18970348,0.27969879
701.42453519,0.26861904
701.65937804,0.27211425
701.89423202,0.26594487
702.12909714,0.26502352
702.36397339,0.26453112
702.59886077,0.25750420
702.83375927,0.26114443
703.06866889,0.26178856
703.30358964,0.26863674
703.53852150,0.27394274
703.77346448,0.27516990
704.00841857,0.26719922
704.24338376,0.26343168
704.47836007,0.27026469
704.71334748,0.27721112
704.94834598,0.27607441
705.18335559,0.28161553
705.41837629,0.28854995
705.65340808,0.29540796
705.88845096,0.29928671
706.12350493,0.30551374
706.35856998,0.32127996
706.59364612,0.32603234
706.82873333,0.33522539
707.06383161,0.36457998
707.29894097,0.36306387
707.53406141,0.38056786
707.76919290,0.37587510
708.00433546,0.38269724
708.23948909,0.38181388
708.47465377,0.40386615
708.70982951,0.41290032
708.94501630,0.44052589
709.18021414,0.45444098
709.41542303,0.46475424
709.65064297,0.47293485
709.88587395,0.48550632
710.12111597,0.50524868
710.35636902,0.51149405
710.59163311,0.53933283
710.82690823,0.53719944
711.06219437,0.55536294
711.29749155,0.55161551
711.53279974,0.57098400
711.76811896,0.58386855
712.00344920,0.57257449
712.23879044,0.58220519
712.47414270,0.58545766
712.70950597,0.58622833
712.94488025,0.58213139
713.18026553,0.60449258
713.41566181,0.58584123
713.65106908,0.58827129
713.88648736,0.59131814
714.12191662,0.59413546
714.35735688,0.60306692
714.59280812,0.62014459
714.82827034,0.63550714
715.06374355,0.63472952
715.29922774,0.65202565
715.53472290,0.64902800
715.77022903,0.64636348
716.00574614,0.63339080
716.24127421,0.62968450
716.47681324,0.61769103
716.71236324,0.62613757
716.94792420,0.61824872
717.18349611,0.61760299
717.41907898,0.60706729
717.65467280,0.59939194
717.89027757,0.58429884
718.12589328,0.57241233
718.36151993,0.57172456
718.59715752,0.55322155
718.83280605,0.52806840
719.06846552,0.49984953
719.30413591,0.46783697
719.53981724,0.44243043
719.77550949,0.42625208
720.01121266,0.41131358
720.24692676,0.40263288
720.48265177,0.39651821
720.71838769,0.39384179
720.95413453,0.37503132
721.18989228,0.37470602
721.42566093,0.37443901
721.66144049,0.37190591
721.89723095,0.36116470
722.13303231,0.36898933
722.36884456,0.34941827
722.60466770,0.33927556
722.84050173,0.33590213
723.07634666,0.34531906
723.31220246,0.35298447
723.54806915,0.34801529
723.78394671,0.35481046
724.01983515,0.36681125
724.25573447,0.36182968
724.49164465,0.36485239
724.72756571,0.36438409
724.96349762,0.36877509
725.19944040,0.36386397
725.43539404,0.35026470
725.67135854,0.34165319
725.90733388,0.33702412
726.14332008,0.33443094
726.37931713,0.33130321
726.61532503,0.32871903
726.85134376,0.32729049
727.08737334,0.32803782
727.32341375,0.34184768
727.55946500,0.34447489
727.79552708,0.35336228
728.03159998,0.36648810
728.26768372,0.36093702
728.50377827,0.36240946
728.73988365,0.36351853
728.97599985,0.34804103
729.21212686,0.34517631
729.44826468,0.34482549
729.68441331,0.34410535
729.92057275,0.34064632
730.15674299,0.33612194
730.39292403,0.32803142
730.62911587,0.32431215
730.86531851,0.32023393
731.10153194,0.31736314
731.33775616,0.31033726
731.57399117,0.31036576
731.81023696,0.29790339
732.04649353,0.29424003
732.28276088,0.30197043
732.51903901,0.31703797
732.75532791,0.31370211
732.99162758,0.32125398
733.22793802,0.32029205
733.46425923,0.33267136
733.70059119,0.34436623
733.93693392,0.35814864
734.17328740,0.36682055
734.40965164,0.37891241
734.64602662,0.37746049
734.88241236,0.38523448
735.11880884,0.37289359
735.35521607,0.38024200
735.59163403,0.37635452
735.82806273,0.38255263
736.06450217,0.35990847
736.30095234,0.35258232
736.53741323,0.35216272
736.77388486,0.35276089
737.01036720,0.35588703
737.24686027,0.35670162
737.48336406,0.34635791
737.71987856,0.34526744
737.95640377,0.33741509
738.19293969,0.34990655
738.42948632,0.35258722
738.66604365,0.36065195
738.90261169,0.35924790
739.13919042,0.36724028
739.37577985,0.36170909
739.61237997,0.35897551
739.84899078,0.34756264
740.08561228,0.36378356
740.32224446,0.36224784
740.55888732,0.37361977
740.79554087,0.37582950
741.03220509,0.37972926
741.26887998,0.36800680
741.50556555,0.36706155
741.74226178,0.37522344
741.97896868,0.35884424
742.21568624,0.35284611
742.45241446,0.34738773
742.68915333,0.34841444
742.92590286,0.35675484
743.16266304,0.34766521
743.39943387,0.35419470
743.63621535,0.35534974
743.87300747,0.36376044
744.10981023,0.35582981
744.34662363,0.35513847
744.58344766,0.35051461
744.82028232,0.35326725
745.05712761,0.35353556
745.29398353,0.35028853
745.53085007,0.34191228
745.76772724,0.34257823
746.00461502,0.33618265
746.24151341,0.33910978
746.47842242,0.33797228
746.71534204,0.35801558
746.95227227,0.35174435
747.18921310,0.34554913
747.42616453,0.35339755
747.66312656,0.35264489
747.90009918,0.34994240
748.13708240,0.35225644
748.37407621,0.33243526
748.61108061,0.31868866
748.84809559,0.31725940
749.08512115,0.32607639
749.32215730,0.31973128
749.55920401,0.30806101
749.79626131,0.29219120
750.03332917,0.29763060
750.27040760,0.29314545
750.50749660,0.29598540
750.74459616,0.29062074
750.98170628,0.28753875
751.21882695,0.29149048
751.45595818,0.28491103
751.69309997,0.29318159
751.93025230,0.28908360
752.16741517,0.28993701
752.40458859,0.29030286
752.64177256,0.28820534
752.87896705,0.30692124
753.11617209,0.30236833
753.35338765,0.31547953
753.59061374,0.32517152
753.82785037,0.33667015
754.06509751,0.33682007
754.30235518,0.33947111
754.53962336,0.34679011
754.77690206,0.34872830
755.01419127,0.35283586
755.25149099,0.35745465
755.48880122,0.34750883
755.72612195,0.34539056
755.96345319,0.34523423
756.20079492,0.34299124
756.43814715,0.34452877
756.67550987,0.33237243
756.91288309,0.32547361
757.15026679,0.32766132
757.38766097,0.32238004
757.62506564,0.31336773
757.86248079,0.30205531
758.09990641,0.28722173
758.33734251,0.28032806
758.57478908,0.27129366
758.81224612,0.26909218
759.04971362,0.25232971
759.28719159,0.25006390
759.52468001,0.25238095
759.76217889,0.25300948
759.99968823,0.24157467
760.23720802,0.25814809
760.47473826,0.26654877
760.71227894,0.27455885
760.94983007,0.28919749
761.18739164,0.30397793
761.42496364,0.31312635
761.66254608,0.33373922
761.90013895,0.33376041
762.13774226,0.34658416
762.37535598,0.36139937
762.61298014,0.37115470
762.85061471,0.37183699
763.08825970,0.38487902
763.32591511,0.39023529
763.56358093,0.38876329
763.80125716,0.37120716
764.03894380,0.38221869
764.27664084,0.37710398
764.51434829,0.37182318
764.75206613,0.35869024
764.98979437,0.34707044
765.22753300,0.32913359
765.46528203,0.31483419
765.70304144,0.30399730
765.94081124,0.28624016
766.17859142,0.27268397
766.41638197,0.25572325
766.65418291,0.23518696
766.89199422,0.21831106
767.12981590,0.19733208
767.36764795,0.18383699
767.60549036,0.17199975
767.84334314,0.15014828
768.08120628,0.14895570
768.31907977,0.13015687
768.55696362,0.12158952
768.79485782,0.11791255
769.03276238,0.11703390
769.27067727,0.10649000
769.50860251,0.10168253
769.74653809,0.10273111
769.98448401,0.09776072
770.22244027,0.09555177
770.46040685,0.10241370
770.69838377,0.10698829
770.93637101,0.11015084
771.17436858,0.12149969
771.41237647,0.12487235
771.65039468,0.13613277
771.88842320,0.14823414
772.12646204,0.15762335
772.36451118,0.17357757
772.60257064,0.19120139
772.84064039,0.20480824
773.07872045,0.23378575
773.31681081,0.25894083
773.55491147,0.28174647
773.79302242,0.31179764
774.03114366,0.33968884
774.26927519,0.35389257
774.50741700,0.37640852
774.74556910,0.38655148
774.98373147,0.41124116
775.22190413,0.41329276
775.46008705,0.42261120
775.69828025,0.44064275
775.93648372,0.45013899
776.17469745,0.44319101
776.41292145,0.43863976
776.65115570,0.44823337
776.88940022,0.44925230
777.12765499,0.44577133
777.36592001,0.43792109
777.60419528,0.42370799
777.84248079,0.43031266
778.08077655,0.41823855
778.31908256,0.41992882
778.55739879,0.41501193
778.79572527,0.41658949
779.03406198,0.40429732
779.27240891,0.40733624
779.51076608,0.37845252
779.74913346,0.36295968
779.98751107,0.35851585
780.22589890,0.33984045
780.46429695,0.30828940
780.70270520,0.30461151
780.94112367,0.30405448
781.17955235,0.31143844
781.41799123,0.30229264
781.65644031,0.29372897
781.89489959,0.27956780
782.13336907,0.27346025
782.37184874,0.26952575
782.61033861,0.27509672
782.84883866,0.27116658
783.08734890,0.26854735
783.32586931,0.25918539
783.56439991,0.25782518
783.80294069,0.25230983
784.04149164,0.24800009
784.28005276,0.23625936
784.51862406,0.24070154
784.75720551,0.23538160
784.99579713,0.23337779
785.23439891,0.23151866
785.47301085,0.22264917
785.71163295,0.22613010
785.95026519,0.21662260
786.18890759,0.20624053
786.42756013,0.19975149
786.66622282,0.19348543
786.90489564,0.18640172
787.14357861,0.17902170
787.38227171,0.17209005
787.62097494,0.16533651
787.85968831,0.16064644
788.09841180,0.15724193
788.33714541,0.15542239
788.57588915,0.15112908
788.81464301,0.15272912
789.05340698,0.14856258
789.29218106,0.14681250
789.53096526,0.14672832
789.76975956,0.14527893
790.00856397,0.15147996
790.24737848,0.15381673
790.48620309,0.15029545
790.72503780,0.15018620
790.96388260,0.15304122
791.20273749,0.15533951
791.44160247,0.16292077
791.68047754,0.16188031
791.91936269,0.16259335
792.15825792,0.16223267
792.39716323,0.16430041
792.63607861,0.17529091
792.87500406,0.18125339
793.11393958,0.18780318
793.35288517,0.18599524
793.59184082,0.19500556
793.83080653,0.20130431
794.06978230,0.21340444
794.30876813,0.22047253
794.54776401,0.23109841
794.78676993,0.24050023
795.02578591,0.24395181
795.26481193,0.25174546
795.50384798,0.26356269
795.74289408,0.25247537
795.98195022,0.25757080
796.22101638,0.25943845
796.46009258,0.24577214
796.69917880,0.24218945
796.93827505,0.23684935
797.17738132,0.23727740
797.41649761,0.23483120
797.65562392,0.22936400
797.89476024,0.23734180
798.13390657,0.22973240
798.37306290,0.22904297
798.61222925,0.22633945
798.85140559,0.23400201
799.09059194,0.22896910
799.32978828,0.23522293
799.56899462,0.23781052
799.80821094,0.23823370
800.04743726,0.24069827
800.28667356,0.24245088
800.52591985,0.24000984
800.76517611,0.23954321
801.00444236,0.23580978
801.24371857,0.24010866
801.48300476,0.23860363
801.72230092,0.22980525
801.96160705,0.22696761
802.20092314,0.22340747
802.44024919,0.21616773
802.67958519,0.21327543
802.91893116,0.22525032
803.15828707,0.22747389
803.39765294,0.22374426
803.63702875,0.22308371
803.87641450,0.20994365
804.11581020,0.20562152
804.35521584,0.19890380
804.59463141,0.19833616
804.83405692,0.19045199
805.07349235,0.19170005
805.31293772,0.18679025
805.55239300,0.17875912
805.79185821,0.17086846
806.03133334,0.17251016
806.27081839,0.15530334
806.51031335,0.14916950
806.74981822,0.15908489
806.98933300,0.15381582
807.22885768,0.14092462
807.46839227,0.14145894
807.70793675,0.13737743
807.94749114,0.13279407
808.18705542,0.12993208
808.42662959,0.12889994
808.66621364,0.11585745
808.90580759,0.11441081
809.14541141,0.10636648
809.38502512,0.09814933
809.62464871,0.09820599
809.86428217,0.08917932
810.10392550,0.08755241
810.34357870,0.08752124
810.58324177,0.08910633
810.82291470,0.08607912
811.06259749,0.08190820
811.30229015,0.08091744
811.54199265,0.08019329
811.78170501,0.07632396
812.02142722,0.07894058
812.26115928,0.07794682
812.50090118,0.07636311
812.74065292,0.07736192
812.98041450,0.08174968
813.22018592,0.08471603
813.45996717,0.08411367
813.69975825,0.08536948
813.93955916,0.08952890
814.17936989,0.09436190
814.41919045,0.10074567
814.65902083,0.09834490
814.89886102,0.09931441
815.13871102,0.10858470
815.37857084,0.11902802
815.61844047,0.11995518
815.85831990,0.12084062
816.09820913,0.12509474
816.33810817,0.13062465
816.57801700,0.13347004
816.81793562,0.14281417
817.05786404,0.15167804
817.29780225,0.15052837
817.53775024,0.15709033
817.77770801,0.16436656
818.01767557,0.16755968
818.25765290,0.17743444
818.49764001,0.18658996
818.73763689,0.20335404
818.97764354,0.21059127
819.21765996,0.22687833
819.45768614,0.22086257
819.69772209,0.22072473
819.93776779,0.22476226
820.17782324,0.22771521
820.41788845,0.21938189
820.65796341,0.21895327
820.89804812,0.21752466
821.13814257,0.22442186
821.37824677,0.22276251
821.61836070,0.24142165
821.85848437,0.23863232
822.09861777,0.23940736
822.33876090,0.24083429
822.57891376,0.24102918
822.81907635,0.23495683
823.05924866,0.24055353
823.29943069,0.23698215
823.53962243,0.23612764
823.77982389,0.22902185
824.02003506,0.22905830
824.26025594,0.23440063
824.50048652,0.23519828
824.74072681,0.22265551
824.98097680,0.22594122
825.22123648,0.22220114
825.46150586,0.21379919
825.70178493,0.21462381
825.94207369,0.20942413
826.18237214,0.19998039
826.42268027,0.19569243
826.66299808,0.19606004
826.90332557,0.19790952
827.14366273,0.18963230
827.38400957,0.19431867
827.62436608,0.19143336
827.86473225,0.17309854
828.10510809,0.16631004
828.34549359,0.17077746
828.58588874,0.16001608
828.82629356,0.14707823
829.06670802,0.15224234
829.30713214,0.15106002
829.54756590,0.13349589
829.78800931,0.13382377
830.02846236,0.13400499
830.26892505,0.13289439
830.50939738,0.12256934
830.74987934,0.12522245
830.99037093,0.12284218
831.23087215,0.11852605
831.47138299,0.11468651
831.71190346,0.11828067
831.95243355,0.11240882
832.19297325,0.10914905
832.43352257,0.10897737
832.67408150,0.10738643
832.91465003,0.10393099
833.15522818,0.10406926
833.39581592,0.10258353
833.63641327,0.10038768
833.87702022,0.09670786
834.11763676,0.09773679
834.35826289,0.09395903
834.59889861,0.09040723
834.83954392,0.08834562
835.08019881,0.08718248
835.32086328,0.09300156
835.56153733,0.09435730
835.80222095,0.09323597
836.04291415,0.09772256
836.28361692,0.10518825
836.52432926,0.09903166
836.76505116,0.10344682
837.00578262,0.10096679
837.24652364,0.09840252
837.48727421,0.10111455
837.72803434,0.09970016
837.96880402,0.10115040
838.20958325,0.10054006
838.45037202,0.10250827
838.69117033,0.09769569
838.93197819,0.09907986
839.17279558,0.09679022
839.41362250,0.10546108
839.65445896,0.10176810
839.89530494,0.09905272
840.13616045,0.10510667
840.37702548,0.10621161
840.61790003,0.09977650
840.85878410,0.10380091
841.09967768,0.10296418
841.34058078,0.10202150
841.58149338,0.09997532
841.82241549,0.09750417
842.06334710,0.09529952
842.30428821,0.10668701
842.54523883,0.10036862
842.78619893,0.09862686
843.02716853,0.10700914
843.26814762,0.11505467
843.50913619,0.12151376
843.75013425,0.11895477
843.99114179,0.12882546
844.23215881,0.14256348
844.47318530,0.14441460
844.71422127,0.15392800
844.95526670,0.17050215
845.19632161,0.18054678
845.43738597,0.17422009
845.67845980,0.18518800
845.91954309,0.19356364
846.16063584,0.21257881
846.40173803,0.21668869
846.64284968,0.21794745
846.88397078,0.23848318
847.12510132,0.25554639
847.36624130,0.23894023
847.60739073,0.23947610
847.84854959,0.26126452
848.08971788,0.27527286
848.33089561,0.25137335
848.57208276,0.25290318
848.81327934,0.28288265
849.05448534,0.28626509
849.29570076,0.26512042
849.53692560,0.26796631
849.77815986,0.26734151
850.01940353,0.27697165
850.26065660,0.26045554
850.50191908,0.24667217
850.74319097,0.25405468
850.98447225,0.25790257
851.22576294,0.24362893
851.46706301,0.23079290
851.70837248,0.22700754
851.94969135,0.22424325
852.19101959,0.21460128
852.43235722,0.20366924
852.67370424,0.19346745
852.91506063,0.19346560
853.15642640,0.19005227
853.39780154,0.18387535
853.63918605,0.17202131
853.88057992,0.17384936
854.12198317,0.16680449
854.36339577,0.15880397
854.60481773,0.15218858
854.84624905,0.15038664
855.08768973,0.13747831
855.32913975,0.12235018
855.57059912,0.11355800
855.81206784,0.10868008
856.05354590,0.10398889
856.29503330,0.10482266
856.53653004,0.09517306
856.77803611,0.09184799
857.01955151,0.08952466
857.26107624,0.08744235
857.50261030,0.08919936
857.74415367,0.08468408
857.98570637,0.08278046
858.22726839,0.07828417
858.46883972,0.08146217
858.71042037,0.08000642
858.95201032,0.07991366
859.19360958,0.07759225
859.43521814,0.07342954
859.67683601,0.07615234
859.91846317,0.07913541
860.16009963,0.07779863
860.40174538,0.07313866
860.64340042,0.07137799
860.88506474,0.07287377
861.12673835,0.07614536
861.36842125,0.07315695
861.61011342,0.07199867
861.85181487,0.06902582
862.09352559,0.06840922
862.33524558,0.06788542
862.57697484,0.06646846
862.81871336,0.06190203
863.06046114,0.06149585
863.30221819,0.05650435
863.54398449,0.05568349
863.78576004,0.05289036
864.02754485,0.05212113
864.26933890,0.05252819
864.51114220,0.05458800
864.75295474,0.04699002
864.99477653,0.04675972
865.23660755,0.05063540
865.47844780,0.04842412
865.72029728,0.04851312
865.96215600,0.04737964
866.20402394,0.04752575
866.44590110,0.04972211
866.68778748,0.05579513
866.92968308,0.05350793
867.17158790,0.04884649
867.41350193,0.05705915
867.65542516,0.05930085
867.89735761,0.06402450
868.13929926,0.06517736
868.38125011,0.06597173
868.62321015,0.06938134
868.86517940,0.07022635
869.10715783,0.06816603
869.34914546,0.07029134
869.59114227,0.06739651
869.83314827,0.07492650
870.07516344,0.07393330
870.31718780,0.07384599
870.55922133,0.07473043
870.80126404,0.07713183
871.04331592,0.07912033
871.28537696,0.07853189
871.52744717,0.07690770
871.76952655,0.08138719
872.01161508,0.08264965
872.25371277,0.07705148
872.49581961,0.07666968
872.73793560,0.07524370
872.98006075,0.08144757
873.22219503,0.08311486
873.46433846,0.08240052
873.70649103,0.07811429
873.94865274,0.07335003
874.19082358,0.07590036
874.43300356,0.07720915
874.67519266,0.07717776
874.91739089,0.06939209
875.15959824,0.06906329
875.40181471,0.06974727
875.64404031,0.07524712
875.88627501,0.07632571
876.12851883,0.07463110
876.37077176,0.07764101
876.61303379,0.08637410
876.85530493,0.08683903
877.09758517,0.09067311
877.33987451,0.08906499
877.58217294,0.09736587
877.82448047,0.10269230
878.06679709,0.11136852
878.30912279,0.11383936
878.55145758,0.12341906
878.79380145,0.12952758
879.03615440,0.13321930
879.27851643,0.13094819
879.52088753,0.12487816
879.76326770,0.12280570
880.00565694,0.13145686
880.24805524,0.13611591
880.49046260,0.13521483
880.73287903,0.12711633
880.97530451,0.12982974
881.21773905,0.13631770
881.46018264,0.13143639
881.70263527,0.13196449
881.94509695,0.13211075
882.18756768,0.13825842
882.43004744,0.14480816
882.67253625,0.14717233
882.91503409,0.14060495
883.15754095,0.14402737
883.40005685,0.15007795
883.64258178,0.17357149
883.88511573,0.16967988
884.12765869,0.16235487
884.37021068,0.16534871
884.61277168,0.18198858
884.85534170,0.20636113
885.09792072,0.22429325
885.34050876,0.22196299
885.58310579,0.21715052
885.82571183,0.21115199
886.06832686,0.22314628
886.31095090,0.20914436
886.55358392,0.20665475
886.79622594,0.19589842
887.03887694,0.18627274
887.28153693,0.18131747
887.52420589,0.17942113
887.76688384,0.16803740
888.00957077,0.16830080
888.25226667,0.17199652
888.49497154,0.17916095
888.73768537,0.17353021
888.98040818,0.16582399
889.22313994,0.16218287
889.46588067,0.16992364
889.70863035,0.17311508
889.95138899,0.17420297
890.19415657,0.17867216
890.43693311,0.17708686
890.67971859,0.16893033
890.92251302,0.17048007
891.16531639,0.17736680
891.40812869,0.17930667
891.65094993,0.18147442
891.89378010,0.18755697
892.13661920,0.18739775
892.37946723,0.18955464
892.62232418,0.19255811
892.86519005,0.19098015
893.10806484,0.18776328
893.35094854,0.19146032
893.59384116,0.19305484
893.83674269,0.19552759
894.07965312,0.20216676
894.32257246,0.20428284
894.56550070,0.19716362
894.80843784,0.19660868
895.05138388,0.19620538
895.29433881,0.21406625
895.53730263,0.23316076
895.78027533,0.24888392
896.02325692,0.23858401
896.26624740,0.24139640
896.50924675,0.24441451
896.75225498,0.25569895
896.99527208,0.25077282
897.23829806,0.24561465
897.48133290,0.23138868
897.72437661,0.22104040
897.96742918,0.20991892
898.21049061,0.20913947
898.45356090,0.20543602
898.69664005,0.20253874
898.93972804,0.18941198
899.18282488,0.19302531
899.42593057,0.18503234
899.66904511,0.17984274
899.91216848,0.16926860
900.15530069,0.16428700
900.39844174,0.16128888
900.64159162,0.15926138
900.88475033,0.15501546
901.12791786,0.15778203
901.37109422,0.15819621
901.61427940,0.16623505
901.85747340,0.16397874
902.10067621,0.16749901
902.34388784,0.17195154
902.58710827,0.17335573
902.83033752,0.16336977
903.07357557,0.16429027
903.31682242,0.15749784
903.56007807,0.14988416
903.80334251,0.14903023
904.04661575,0.14439555
904.28989778,0.13946241
904.53318860,0.13680317
904.77648820,0.13952689
905.01979659,0.14575071
905.26311375,0.13404802
905.50643969,0.13423412
905.74977441,0.13609982
905.99311789,0.13508539
906.23647015,0.13148572
906.47983117,0.12482209
906.72320095,0.11560884
906.96657950,0.11457992
907.20996680,0.10905534
907.45336285,0.10577993
907.69676766,0.09397847
907.94018122,0.09581505
908.18360352,0.09099272
908.42703457,0.09769879
908.67047435,0.09364667
908.91392288,0.09900675
909.15738014,0.09841867
909.40084613,0.09906456
909.64432085,0.09885313
909.88780430,0.09607285
910.13129648,0.09892368
910.37479737,0.10339392
910.61830699,0.10525517
910.86182531,0.11115189
911.10535236,0.11503474
911.34888811,0.11601556
911.59243257,0.11295522
911.83598573,0.11609452
912.07954760,0.11414644
912.32311816,0.11656197
912.56669743,0.11863655
912.81028538,0.12122064
913.05388203,0.12049951
913.29748736,0.12601499
913.54110138,0.12392863
913.78472408,0.11953487
914.02835547,0.12292745
914.27199552,0.12776696
914.51564426,0.12357706
914.75930166,0.13229523
915.00296774,0.13277845
915.24664247,0.13032228
915.49032588,0.12481235
915.73401794,0.12325126
915.97771866,0.11821505
916.22142803,0.11542764
916.46514606,0.10740275
916.70887274,0.11186862
916.95260806,0.10684147
917.19635202,0.10597312
917.44010463,0.10478106
917.68386588,0.09954280
917.92763576,0.09492659
918.17141427,0.09096693
918.41520141,0.08292254
918.65899718,0.07820222
918.90280158,0.07968946
919.14661459,0.07395823
919.39043623,0.07175947
919.63426648,0.07313609
919.87810534,0.06563396
920.12195281,0.06435972
920.36580890,0.06031504
920.60967358,0.05696407
920.85354687,0.05745703
921.09742876,0.05992522
921.34131924,0.05155999
921.58521832,0.05138086
921.82912599,0.05345672
922.07304225,0.05171141
922.31696709,0.04913873
922.56090052,0.04952667
922.80484252,0.04735762
923.04879310,0.04679036
923.29275226,0.04515221
923.53671999,0.04542253
923.78069629,0.04222880
924.02468115,0.04672078
924.26867458,0.04435939
924.51267656,0.04566857
924.75668711,0.04282065
925.00070621,0.04830533
925.24473386,0.04958886
925.48877006,0.05598644
925.73281481,0.05925958
925.97686810,0.06479724
926.22092994,0.06357874
926.46500031,0.07409311
926.70907921,0.07171253
926.95316665,0.07571349
927.19726262,0.07468498
927.44136712,0.08235607
927.68548014,0.07859041
927.92960168,0.08231808
928.17373175,0.07797291
928.41787032,0.07684136
928.66201741,0.07556835
928.90617302,0.08420126
929.15033713,0.07959297
929.39450974,0.08828335
929.63869086,0.08411604
929.88288047,0.09029918
930.12707859,0.08488271
930.37128520,0.08089475
930.61550029,0.08231545
930.85972388,0.09198538
931.10395595,0.09224473
931.34819651,0.09155242
931.59244554,0.08979664
931.83670306,0.08967290
932.08096904,0.08092068
932.32524350,0.07580579
932.56952643,0.07301465
932.81381782,0.07134452
933.05811768,0.07131605
933.30242600,0.06892026
933.54674278,0.06567117
933.79106801,0.06858283
934.03540169,0.06598193
934.27974382,0.06183143
934.52409440,0.05570177
934.76845343,0.05861790
935.01282089,0.05725319
935.25719680,0.05645506
935.50158114,0.05329295
935.74597391,0.04740814
935.99037511,0.04305228
936.23478474,0.04307839
936.47920279,0.04107108
936.72362927,0.04359387
936.96806417,0.03830719
937.21250748,0.04521583
937.45695920,0.04518308
937.70141934,0.04436211
937.94588788,0.04100436
938.19036483,0.03747453
938.43485019,0.03646614
938.67934394,0.04001976
938.92384608,0.03834117
939.16835663,0.03572088
939.41287556,0.03717281
939.65740288,0.03925489
939.90193859,0.03650692
940.14648268,0.03561101
940.39103515,0.03092697
940.63559600,0.02716717
940.88016523,0.02733758
941.12474282,0.02647273
941.36932879,0.02774929
941.61392312,0.02810959
941.85852581,0.02803635
942.10313687,0.02598849
942.34775628,0.02328835
942.59238405,0.01994036
942.83702017,0.02066077
943.08166464,0.01939098
943.32631746,0.01746804
943.57097862,0.01617915
943.81564813,0.01864255
944.06032597,0.01601269
944.30501215,0.01512221
944.54970666,0.01257179
944.79440950,0.01350615
945.03912067,0.01309307
945.28384016,0.01569681
945.52856798,0.01485189
945.77330412,0.01374901
946.01804857,0.01076108
946.26280133,0.01501565
946.50756241,0.01671360
946.75233179,0.01661186
946.99710948,0.01320980
947.24189548,0.01697545
947.48668977,0.01483212
947.73149236,0.01692338
947.97630324,0.01621358
948.22112242,0.01669848
948.46594988,0.01785268
948.71078563,0.01614918
948.95562966,0.01790092
949.20048198,0.01883626
949.44534257,0.02185968
949.69021144,0.02397834
949.93508857,0.02485435
950.17997398,0.02215105
950.42486766,0.02731317
950.66976959,0.02763973
950.91467979,0.03013466
951.15959825,0.02823354
951.40452496,0.02583507
951.64945993,0.02632941
951.89440314,0.02831834
952.13935461,0.02683666
952.38431431,0.03380311
952.62928226,0.03324148
952.87425845,0.03521370
953.11924287,0.03645090
953.36423553,0.03608086
953.60923642,0.03866931
953.85424553,0.04092218
954.09926287,0.04273423
954.34428843,0.04614992
954.58932222,0.05164365
954.83436421,0.05013177
955.07941443,0.04842109
955.32447285,0.05051198
955.56953948,0.05246746
955.81461432,0.05314691
956.05969736,0.05211531
956.30478860,0.05373680
956.54988803,0.05903117
956.79499567,0.06459104
957.04011149,0.06948203
957.28523550,0.07715554
957.53036770,0.08551837
957.77550808,0.08457143
958.02065664,0.08762204
958.26581338,0.08278304
958.51097830,0.08077651
958.75615139,0.07926089
959.00133264,0.08335093
959.24652207,0.08742841
959.49171965,0.09122065
959.73692540,0.08681386
959.98213931,0.08997383
960.22736137,0.08702436
960.47259159,0.09141871
960.71782995,0.09660956
960.96307647,0.09370105
961.20833112,0.08961429
961.45359392,0.09428593
961.69886486,0.08548135
961.94414394,0.08147314
962.18943115,0.07949466
962.43472648,0.07985678
962.68002995,0.07570425
962.92534154,0.07309546
963.17066126,0.07311853
963.41598909,0.07205513
963.66132504,0.07381885
963.90666911,0.07505891
964.15202128,0.07059965
964.39738157,0.07449022
964.64274996,0.07237564
964.88812645,0.07562125
965.13351104,0.07064951
965.37890374,0.07012811
965.62430452,0.06886816
965.86971340,0.06569385
966.11513036,0.06510320
966.36055542,0.05948469
966.60598855,0.06201409
966.85142977,0.06055016
967.09687907,0.05929285
967.34233644,0.05779868
967.58780188,0.06045417
967.83327539,0.05760613
968.07875697,0.05616277
968.32424661,0.06106527
968.56974432,0.05174402
968.81525008,0.05344697
969.06076390,0.05050856
969.30628577,0.04837865
969.55181570,0.05130988
969.79735367,0.05087542
970.04289968,0.04585952
970.28845374,0.04174382
970.53401583,0.04120104
970.77958597,0.03884989
971.02516413,0.03675432
971.27075033,0.03261777
971.51634455,0.03083157
971.76194680,0.03036221
972.00755708,0.02935360
972.25317537,0.03033618
972.49880168,0.02799222
972.74443600,0.02833141
972.99007834,0.03148117
973.23572868,0.02807543
973.48138703,0.02361364
973.72705338,0.02300977
973.97272774,0.02195501
974.21841009,0.02097364
974.46410043,0.02635142
974.70979877,0.02543453
974.95550510,0.02420584
975.20121941,0.02537665
975.44694171,0.02262859
975.69267199,0.02353652
975.93841024,0.02345656
976.18415647,0.02192374
976.42991068,0.02087488
976.67567285,0.02565609
976.92144299,0.02009596
977.16722110,0.01972921
977.41300717,0.01991385
977.65880119,0.02016514
977.90460317,0.01983675
978.15041311,0.01945466
978.39623099,0.01793730
978.64205683,0.01979094
978.88789061,0.01623081
979.13373233,0.01561938
979.37958199,0.01427985
979.62543958,0.01270605
979.87130511,0.01508249
980.11717857,0.01272217
980.36305996,0.01258563
980.60894928,0.01499483
980.85484651,0.01667452
981.10075167,0.01597283
981.34666475,0.01775458
981.59258573,0.01729454
981.83851463,0.02034716
982.08445144,0.01790734
982.33039616,0.01489665
982.57634878,0.01702152
982.82230930,0.01727518
983.06827771,0.01536385
983.31425403,0.01635638
983.56023823,0.01709496
983.80623032,0.01424605
984.05223031,0.01648902
984.29823817,0.01253453
984.54425391,0.01368016
984.79027754,0.01367766
985.03630904,0.01510296
985.28234841,0.01595792
985.52839565,0.01369520
985.77445076,0.01357042
986.02051374,0.01205983
986.26658457,0.00988919
986.51266327,0.00848096
986.75874982,0.00894721
987.00484422,0.00971091
987.25094647,0.00701669
987.49705658,0.00873302
987.74317452,0.00837647
987.98930031,0.00790365
988.23543394,0.01022254
988.48157541,0.00940474
988.72772471,0.00843744
988.97388184,0.00996506
989.22004680,0.00814511
989.46621959,0.01074711
989.71240020,0.01035955
989.95858862,0.01001784
990.20478487,0.01221417
990.45098893,0.01145160
990.69720080,0.01217062
990.94342048,0.01298901
991.18964797,0.01351921
991.43588326,0.01204627
991.68212635,0.01032047
991.92837724,0.01179875
992.17463593,0.01245591
992.42090240,0.00784939
992.66717667,0.01065403
992.91345872,0.01264364
993.15974856,0.00990502
993.40604618,0.01099515
993.65235158,0.01167616
993.89866475,0.01516568
994.14498570,0.01273510
994.39131441,0.01252446
994.63765090,0.01639256
994.88399515,0.01321400
995.13034716,0.00953004
995.37670693,0.01309720
995.62307445,0.01363069
995.86944973,0.01468364
996.11583276,0.01095944
996.36222354,0.01021648
996.60862206,0.01154328
996.85502833,0.01364127
997.10144233,0.01252465
997.34786408,0.01290945
997.59429355,0.01506872
997.84073076,0.01341203
998.08717570,0.01338253
998.33362836,0.01180941
998.58008875,0.01219569
998.82655685,0.01164457
999.07303267,0.01013357
999.31951621,0.01142514
999.56600746,0.00909379
999.81250642,0.00935551
1000.05901309,0.00536313
1000.30552746,0.00707084
1000.55204953,0.00961848
1000.79857929,0.00773247
1001.04511676,0.01006499
1001.29166191,0.00988245
1001.53821476,0.00904470
1001.78477529,0.00986754
1002.03134351,0.00554198
1002.27791941,0.00823249
1002.52450299,0.00857508
1002.77109424,0.01072101
1003.01769317,0.00607786
1003.26429976,0.00965574
1003.51091403,0.00985650
1003.75753596,0.00583317
1004.00416555,0.00957920
1004.25080280,0.01047328
1004.49744771,0.00686763
1004.74410027,0.01066470
1004.99076048,0.00936573
1005.23742834,0.01160453
1005.48410384,0.00891297
1005.73078699,0.00985230
1005.97747778,0.01120953
1006.22417620,0.00673780
1006.47088226,0.00644119
1006.71759595,0.00758235
1006.96431727,0.00610122
1007.21104622,0.00847911
1007.45778279,0.00750561
1007.70452698,0.00573345
1007.95127879,0.00585688
1008.19803821,0.00904333
1008.44480524,0.00504597
1008.69157988,0.00829921
1008.93836213,0.00960238
1009.18515199,0.00940377
1009.43194944,0.00908390
1009.67875450,0.00803793
1009.92556715,0.01036893
1010.17238739,0.01229980
1010.41921522,0.01139833
1010.66605064,0.00957022
1010.91289364,0.00696427
1011.15974422,0.00965795
1011.40660239,0.01018303
1011.65346813,0.00894580
1011.90034144,0.00883235
1012.14722232,0.01275506
1012.39411078,0.00932109
1012.64100679,0.01000661
1012.88791037,0.01268646
1013.13482151,0.01094045
1013.38174020,0.01338452
1013.62866645,0.01428758
1013.87560025,0.01585953
1014.12254160,0.01499909
1014.36949049,0.01429702
1014.61644693,0.01685761
1014.86341091,0.01781885
1015.11038242,0.01911517
1015.35736147,0.01845870
1015.60434805,0.01735804
1015.85134216,0.01661812
1016.09834379,0.01656575
1016.34535295,0.01749279
1016.59236963,0.01233035
1016.83939383,0.01491629
1017.08642554,0.01281002
1017.33346476,0.01326360
1017.58051150,0.01479653
1017.82756574,0.01530508
1018.07462748,0.01679673
1018.32169673,0.01270931
1018.56877347,0.01331683
1018.81585771,0.01456043
1019.06294945,0.01379416
1019.31004867,0.00938330
1019.55715538,0.01378030
1019.80426957,0.01279535
1020.05139125,0.01348009
1020.29852041,0.01531765
1020.54565704,0.01342141
1020.79280114,0.01506549
1021.03995272,0.00999131
1021.28711177,0.01287861
1021.53427828,0.01464583
1021.78145225,0.01285168
1022.02863368,0.01395333
1022.27582257,0.01379476
1022.52301891,0.01324472
1022.77022270,0.01065273
1023.01743395,0.01157080
1023.26465263,0.01395817
1023.51187876,0.00988099
1023.75911234,0.01554484
1024.00635335,0.01095045
1024.25360179,0.01136850
1024.50085766,0.01151403
1024.74812097,0.01271701
1024.99539170,0.01363572
1025.24266985,0.01223973
1025.48995543,0.01228592
1025.73724842,0.01036207
1025.98454883,0.01107026
1026.23185665,0.00915638
1026.47917188,0.01306530
1026.72649452,0.01301433
1026.97382456,0.01491188
1027.22116200,0.01272419
1027.46850685,0.01132935
1027.71585908,0.01234017
1027.96321872,0.01084639
1028.21058574,0.00747592
1028.45796014,-0.00174188
1028.70534194,-0.00184465
1028.95273111,-0.00035655
1029.20012767,-0.00150619
1029.44753160,-0.00107289
1029.69494290,-0.00230624
