198.80933475,-0.00139717
199.01143578,0.00029841
199.21355429,-0.00085697
199.41569028,0.00096324
199.61784374,0.00050373
199.82001468,0.00004377
200.02220309,0.00061016
200.22440896,-0.00014515
200.42663230,0.00165488
200.62887310,0.00039931
200.83113136,-0.00075106
201.03340708,-0.00020900
201.23570025,0.00090190
201.43801087,-0.00353334
201.64033894,0.00042147
201.84268445,0.00144783
202.04504741,-0.00008182
202.24742780,0.00004351
202.44982564,-0.00010282
202.65224090,-0.00039914
202.85467360,-0.00273848
203.05712372,0.00037891
203.25959128,-0.00004254
203.46207625,-0.00026922
203.66457864,0.00085993
203.86709846,-0.00250801
204.06963568,-0.00164934
204.27219032,-0.00288546
204.47476237,-0.00213351
204.67735182,0.00058755
204.87995868,0.00299924
205.08258293,0.00063190
205.28522459,0.00188564
205.48788364,0.00027438
205.69056008,0.00052502
205.89325391,0.00103027
206.09596513,-0.00068942
206.29869374,-0.00007892
206.50143972,-0.00328329
206.70420308,-0.00179757
206.90698382,0.00157121
207.10978194,-0.00085643
207.31259742,-0.00009989
207.51543027,0.00031384
207.71828048,0.00010677
207.92114806,0.00027339
208.12403299,-0.00083118
208.32693528,-0.00004056
208.52985493,-0.00160905
208.73279193,0.00330633
208.93574627,-0.00118771
209.13871796,-0.00361713
209.34170699,0.00042091
209.54471336,-0.00326471
209.74773707,-0.00345089
209.95077811,0.00069240
210.15383649,-0.00156818
210.35691219,-0.00085556
210.56000522,0.00161456
210.76311557,0.00060713
210.96624324,0.00056964
211.16938823,0.00025172
211.37255053,0.00000101
211.57573015,-0.00083651
211.77892707,-0.00079268
211.98214130,-0.00332657
212.18537284,-0.00200818
212.38862167,-0.00071000
212.59188781,-0.00123408
212.79517124,0.00037723
212.99847196,0.00073261
213.20178997,-0.00014395
213.40512527,0.00021415
213.60847785,0.00035756
213.81184772,-0.00171525
214.01523486,0.00050219
214.21863928,-0.00068831
214.42206097,-0.00095893
214.62549993,-0.00110725
214.82895616,-0.00186252
215.03242966,0.00104880
215.23592042,-0.00004128
215.43942843,0.00025331
215.64295370,0.00060914
215.84649623,-0.00219503
216.05005601,-0.00102012
216.25363303,0.00021195
216.45722731,0.00052576
216.66083882,-0.00129883
216.86446757,0.00201161
217.06811356,-0.00182104
217.27177679,-0.00058129
217.47545724,0.00004443
217.67915493,0.00033564
217.88286984,-0.00008230
218.08660198,-0.00627572
218.29035133,-0.00062254
218.49411790,-0.00135573
218.69790169,-0.00052204
218.90170269,-0.00188188
219.10552090,0.00048592
219.30935632,0.00054797
219.51320894,-0.00116969
219.71707876,-0.00035533
219.92096578,-0.00085367
220.12486999,0.00111048
220.32879140,-0.00031094
220.53272999,-0.00236554
220.73668578,-0.00049945
220.94065875,-0.00031060
221.14464890,0.00018846
221.34865623,-0.00299105
221.55268073,-0.00016688
221.75672241,-0.00014722
221.96078126,-0.00202924
222.16485728,0.00186273
222.36895046,-0.00073227
222.57306080,-0.00169357
222.77718831,-0.00045921
222.98133297,-0.00064965
223.18549478,-0.00141990
223.38967375,0.00096269
223.59386986,0.00058598
223.79808312,-0.00171520
224.00231352,0.00121581
224.20656106,-0.00125172
224.41082574,-0.00119033
224.61510756,-0.00177319
224.81940650,0.00119278
225.02372258,0.00134029
225.22805578,0.00150829
225.43240610,-0.00159130
225.63677355,-0.00259264
225.84115811,-0.00096341
226.04555979,-0.00242646
226.24997858,0.00144432
226.45441448,0.00104798
226.65886748,-0.00014303
226.86333759,-0.00075170
227.06782480,-0.00112825
227.27232911,-0.00125474
227.47685052,0.00100541
227.68138902,0.00079817
227.88594461,0.00223948
228.09051728,-0.00094043
228.29510704,-0.00014387
228.49971389,-0.00166961
228.70433781,-0.00043564
228.90897881,-0.00269755
229.11363688,-0.00202961
229.31831202,-0.00422463
229.52300423,-0.00062507
229.72771350,-0.00087786
229.93243984,0.00194714
230.13718324,-0.00052217
230.34194369,0.00069224
230.54672120,0.00245453
230.75151576,-0.00238545
230.95632737,0.00088334
231.16115602,-0.00098234
231.36600172,-0.00100469
231.57086446,0.00295168
231.77574423,-0.00003966
231.98064104,0.00135959
232.18555488,-0.00104578
232.39048575,-0.00196458
232.59543365,-0.00062831
232.80039857,0.00131804
233.00538051,-0.00263436
233.21037947,-0.00194320
233.41539544,-0.00018145
233.62042843,0.00144556
233.82547842,0.00199014
234.03054543,0.00029756
234.23562943,0.00131993
234.44073044,-0.00018671
234.64584845,-0.00234128
234.85098345,-0.00228017
235.05613545,-0.00336688
235.26130444,0.00247268
235.46649041,-0.00089899
235.67169337,0.00161599
235.87691331,-0.00089495
236.08215023,-0.00094126
236.28740413,-0.00037375
236.49267500,0.00006465
236.69796284,0.00008331
236.90326765,0.00023350
237.10858942,-0.00123302
237.31392816,0.00104986
237.51928386,-0.00179625
237.72465651,-0.00087814
237.93004612,0.00399838
238.13545268,0.00148733
238.34087619,0.00199165
238.54631664,-0.00144285
238.75177404,-0.00190417
238.95724838,0.00284709
239.16273965,-0.00263527
239.36824786,-0.00227713
239.57377300,-0.00204977
239.77931508,0.00061048
239.98487407,-0.00035365
240.19045000,0.00060997
240.39604284,-0.00064640
240.60165260,-0.00230351
240.80727928,-0.00027048
241.01292287,-0.00179786
241.21858337,0.00063128
241.42426077,-0.00068897
241.62995508,0.00031672
241.83566630,0.00238598
242.04139441,-0.00029053
242.24713941,0.00090113
242.45290131,-0.00123357
242.65868010,0.00113308
242.86447578,-0.00062760
243.07028835,-0.00284308
243.27611779,0.00042271
243.48196412,0.00119619
243.68782732,0.00106841
243.89370739,0.00006364
244.09960434,0.00014649
244.30551816,0.00234830
244.51144884,0.00205335
244.71739638,-0.00280290
244.92336078,0.00002265
245.12934204,0.00016892
245.33534016,-0.00070991
245.54135512,0.00345447
245.74738694,-0.00171518
245.95343560,0.00268045
246.15950110,-0.00037263
246.36558345,-0.00115019
246.57168263,-0.00186116
246.77779865,-0.00146385
246.98393150,-0.00229846
247.19008118,0.00033660
247.39624769,0.00044307
247.60243102,-0.00227872
247.80863117,0.00021294
248.01484814,0.00182314
248.22108192,-0.00020732
248.42733252,-0.00182244
248.63359993,-0.00307706
248.83988415,-0.00213626
249.04618517,0.00067372
249.25250299,0.00110961
249.45883761,0.00194598
249.66518903,0.00048370
249.87155724,0.00169637
250.07794224,-0.00242463
250.28434403,0.00132061
250.49076260,-0.00137634
250.69719796,-0.00025209
250.90365009,0.00027160
251.11011901,-0.00069052
251.31660469,-0.00070858
251.52310715,0.00144565
251.72962638,0.00065136
251.93616237,-0.00073139
252.14271513,-0.00037552
252.34928464,-0.00171543
252.55587091,-0.00031323
252.76247394,-0.00140088
252.96909372,0.00002245
253.17573025,0.00090129
253.38238352,-0.00077312
253.58905354,-0.00081441
253.79574030,-0.00073143
254.00244380,-0.00066711
254.20916403,-0.00392840
254.41590099,-0.00070773
254.62265469,-0.00029176
254.82942511,-0.00092071
255.03621225,-0.00150621
255.24301612,-0.00108715
255.44983670,0.00000104
255.65667400,0.00155187
255.86352802,0.00037763
256.07039874,-0.00311939
256.27728617,0.00106838
256.48419031,-0.00087610
256.69111115,-0.00137839
256.89804868,-0.00257353
257.10500292,-0.00135924
257.31197384,-0.00079297
257.51896146,-0.00164750
257.72596577,0.00102399
257.93298676,-0.00146352
258.14002443,0.00033846
258.34707878,-0.00129630
258.55414981,0.00171810
258.76123752,-0.00037631
258.96834190,0.00084170
259.17546294,0.00004208
259.38260065,0.00081549
259.58975502,-0.00110825
259.79692606,0.00006416
260.00411375,-0.00039606
260.21131810,-0.00090239
260.41853909,-0.00108610
260.62577674,-0.00211229
260.83303103,-0.00066706
261.04030197,0.00140134
261.24758955,-0.00133927
261.45489377,-0.00202994
261.66221462,0.00035792
261.86955210,-0.00102279
262.07690622,0.00021092
262.28427696,-0.00196819
262.49166433,0.00204977
262.69906831,0.00029606
262.90648892,-0.00046075
263.11392614,-0.00014615
263.32137998,0.00017068
263.52885042,0.00004488
263.73633747,-0.00326073
263.94384113,-0.00150751
264.15136139,-0.00229969
264.35889825,-0.00173155
264.56645171,0.00052673
264.77402176,0.00062991
264.98160840,-0.00039561
265.18921163,0.00039809
265.39683144,-0.00085874
265.60446784,-0.00271622
265.81212081,-0.00094180
266.01979037,0.00144612
266.22747650,-0.00244845
266.43517920,-0.00125375
266.64289847,0.00121328
266.85063430,-0.00060634
267.05838670,0.00056521
267.26615566,-0.00041610
267.47394117,0.00031324
267.68174324,-0.00050295
267.88956187,-0.00062422
268.09739704,-0.00188239
268.30524876,-0.00154629
268.51311702,0.00096797
268.72100183,0.00020708
268.92890317,-0.00016848
269.13682105,-0.00142442
269.34475546,-0.00021035
269.55270640,-0.00025066
269.76067387,0.00025288
269.96865786,0.00110884
270.17665838,-0.00081697
270.38467541,0.00161310
270.59270896,-0.00016554
270.80075902,-0.00219695
271.00882560,-0.00066809
271.21690868,0.00110997
271.42500826,-0.00077215
271.63312435,-0.00087747
271.84125694,0.00027284
272.04940602,-0.00173282
272.25757160,0.00033604
272.46575367,-0.00022670
272.67395223,-0.00127580
272.88216727,0.00221850
273.09039880,-0.00210938
273.29864681,-0.00056414
273.50691129,0.00134093
273.71519225,0.00109078
273.92348968,0.00148684
274.13180358,-0.00269900
274.34013395,-0.00219746
274.54848077,-0.00016533
274.75684406,0.00213712
274.96522381,-0.00351452
275.17362001,0.00158929
275.38203267,0.00088261
275.59046177,0.00161339
275.79890732,-0.00127540
276.00736932,0.00065059
276.21584776,0.00048084
276.42434263,0.00194683
276.63285394,0.00043706
276.84138169,-0.00284695
277.04992586,-0.00112853
277.25848646,0.00138297
277.46706349,0.00228207
277.67565694,-0.00004422
277.88426680,0.00156966
278.09289309,-0.00033527
278.30153578,0.00066860
278.51019489,-0.00102244
278.71887041,-0.00169408
278.92756233,-0.00173417
279.13627065,-0.00154603
279.34499537,0.00215789
279.55373649,-0.00072977
279.76249401,-0.00001481
279.97126791,-0.00217397
280.18005820,0.00006323
280.38886488,-0.00196599
280.59768795,0.00108766
280.80652739,-0.00140064
281.01538321,0.00048265
281.22425540,0.00056734
281.43314397,-0.00087676
281.64204891,-0.00043959
281.85097021,-0.00121208
282.05990788,0.00268159
282.26886190,-0.00096131
282.47783229,0.00119214
282.68681903,0.00008629
282.89582212,-0.00014587
283.10484156,-0.00142226
283.31387735,-0.00259519
283.52292949,-0.00079467
283.73199796,0.00052405
283.94108277,0.00083988
284.15018392,0.00048122
284.35930141,-0.00058514
284.56843522,-0.00060536
284.77758536,-0.00221608
284.98675183,0.00006398
285.19593461,-0.00085225
285.40513372,-0.00227816
285.61434914,-0.00014333
285.82358088,-0.00211605
286.03282893,-0.00039741
286.24209328,-0.00035278
286.45137395,0.00196801
286.66067091,-0.00102387
286.86998417,-0.00050030
287.07931373,0.00203330
287.28865959,-0.00093902
287.49802174,-0.00156884
287.70740017,-0.00041905
287.91679489,0.00067073
288.12620590,0.00144520
288.33563318,-0.00148606
288.54507675,0.00081878
288.75453658,-0.00016747
288.96401269,-0.00031380
289.17350507,0.00104735
289.38301372,-0.00225796
289.59253863,0.00056659
289.80207980,-0.00095859
290.01163723,-0.00148471
290.22121091,0.00104861
290.43080085,-0.00054227
290.64040703,0.00161275
290.85002947,0.00150949
291.05966815,0.00037943
291.26932307,-0.00081291
291.47899422,-0.00060586
291.68868162,-0.00049905
291.89838525,-0.00129669
292.10810511,0.00109310
292.31784119,-0.00016634
292.52759350,0.00064822
292.73736204,0.00094391
292.94714679,0.00232502
293.15694776,-0.00058606
293.36676494,0.00054497
293.57659834,0.00039874
293.78644794,0.00115060
293.99631375,-0.00006370
294.20619576,-0.00160899
294.41609397,-0.00066531
294.62600838,0.00142476
294.83593898,0.00063029
295.04588578,0.00052303
295.25584876,-0.00065001
295.46582793,0.00010517
295.67582328,-0.00127512
295.88583481,0.00027193
296.09586253,-0.00029251
296.30590641,0.00046255
296.51596647,0.00002181
296.72604270,0.00297108
296.93613509,-0.00315759
297.14624365,0.00064632
297.35636837,0.00056571
297.56650925,-0.00286666
297.77666629,-0.00043899
297.98683947,-0.00029393
298.19702881,-0.00292887
298.40723429,-0.00131684
298.61745592,-0.00349357
298.82769369,-0.00068755
299.03794760,-0.00118788
299.24821765,0.00269977
299.45850383,-0.00070875
299.66880614,0.00048242
299.87912458,-0.00106855
300.08945914,-0.00075420
300.29980983,-0.00062542
300.51017663,-0.00031149
300.72055955,0.00025557
300.93095859,-0.00102316
301.14137374,-0.00014582
301.35180499,0.00255298
301.56225235,-0.00102512
301.77271582,0.00029104
301.98319538,-0.00271426
302.19369105,-0.00019064
302.40420280,0.00073238
302.61473065,0.00050513
302.82527459,0.00010673
303.03583461,-0.00039819
303.24641072,0.00050295
303.45700291,0.00037859
303.66761117,0.00104810
303.87823552,-0.00196388
304.08887593,-0.00096160
304.29953241,0.00165320
304.51020496,-0.00006446
304.72089358,-0.00091703
304.93159825,-0.00422574
305.14231899,0.00115099
305.35305578,-0.00447622
305.56380862,-0.00276111
305.77457752,-0.00142144
305.98536246,-0.00004066
306.19616344,0.00159167
306.40698047,0.00146750
306.61781354,-0.00280455
306.82866264,-0.00121088
307.03952778,-0.00001953
307.25040895,-0.00014474
307.46130614,-0.00079378
307.67221937,0.00161261
307.88314861,0.00085829
308.09409387,-0.00121111
308.30505515,0.00211626
308.51603245,-0.00179778
308.72702576,-0.00027251
308.93803507,-0.00129818
309.14906039,0.00023120
309.36010172,-0.00022873
309.57115904,0.00067245
309.78223236,0.00136205
309.99332168,0.00171784
310.20442699,-0.00273947
310.41554829,0.00111034
310.62668557,-0.00085895
310.83783884,-0.00035402
311.04900809,-0.00104873
311.26019332,-0.00165349
311.47139452,0.00207321
311.68261169,-0.00003981
311.89384484,-0.00075058
312.10509395,0.00033691
312.31635903,-0.00077185
312.52764007,0.00157051
312.73893706,-0.00044001
312.95025002,-0.00062750
313.16157892,-0.00123584
313.37292378,-0.00583699
313.58428458,0.00035728
313.79566133,-0.00039759
314.00705402,0.00094426
314.21846266,-0.00131818
314.42988722,0.00135972
314.64132772,0.00171838
314.85278416,0.00161182
315.06425652,-0.00051786
315.27574480,-0.00209398
315.48724901,0.00027397
315.69876914,0.00228118
315.91030518,-0.00050144
316.12185715,-0.00012538
316.33342502,-0.00092055
316.54500880,0.00090254
316.75660848,-0.00070936
316.96822407,-0.00083555
317.17985556,0.00129810
317.39150295,0.00050310
317.60316624,0.00069258
317.81484541,-0.00138050
318.02654048,-0.00129625
318.23825143,0.00113257
318.44997826,-0.00152720
318.66172098,-0.00106582
318.87347957,-0.00192178
319.08525404,0.00000124
319.29704439,0.00175948
319.50885060,-0.00236407
319.72067268,0.00014861
319.93251063,0.00029406
320.14436443,0.00037765
320.35623410,-0.00282089
320.56811962,0.00010848
320.78002100,-0.00100580
320.99193822,-0.00115232
321.20387130,0.00018802
321.41582021,-0.00092043
321.62778498,-0.00087547
321.83976558,-0.00198705
322.05176201,-0.00357672
322.26377428,0.00083628
322.47580239,0.00046467
322.68784632,-0.00064626
322.89990607,0.00016874
323.11198165,-0.00054433
323.32407305,-0.00079313
323.53618027,0.00173932
323.74830330,0.00039838
323.96044215,-0.00022788
324.17259680,0.00042249
324.38476726,-0.00049920
324.59695352,-0.00274209
324.80915558,-0.00058522
325.02137344,-0.00098388
325.23360710,0.00136112
325.44585655,-0.00211095
325.65812178,0.00096581
325.87040281,-0.00077525
326.08269962,-0.00154689
326.29501221,-0.00085920
326.50734058,0.00155165
326.71968472,-0.00031385
326.93204464,0.00113507
327.14442032,0.00100872
327.35681178,-0.00217404
327.56921900,-0.00066950
327.78164198,0.00083716
327.99408072,-0.00056581
328.20653522,0.00027306
328.41900547,0.00089917
328.63149147,0.00046169
328.84399322,0.00284798
329.05651071,-0.00175603
329.26904395,-0.00269896
329.48159293,-0.00003985
329.69415764,0.00002082
329.90673809,-0.00215416
330.11933427,-0.00004170
330.33194617,-0.00058384
330.54457381,-0.00100366
330.75721716,0.00253142
330.96987624,-0.00169510
331.18255104,-0.00035396
331.39524154,-0.00300907
331.60794777,0.00196893
331.82066970,0.00037610
332.03340733,-0.00184047
332.24616067,0.00069455
332.45892971,0.00184395
332.67171445,-0.00083487
332.88451489,0.00018991
333.09733102,0.00060840
333.31016283,0.00044018
333.52301034,-0.00173732
333.73587352,0.00054392
333.94875239,0.00035473
334.16164694,0.00353669
334.37455717,-0.00207414
334.58748306,-0.00102288
334.80042463,0.00092393
335.01338187,0.00119231
335.22635477,-0.00169376
335.43934333,0.00175919
335.65234755,0.00178298
335.86536743,0.00021207
336.07840296,0.00044044
336.29145415,-0.00037749
336.50452098,0.00058768
336.71760345,-0.00140073
336.93070157,-0.00060480
337.14381533,0.00081651
337.35694473,0.00125552
337.57008976,0.00023330
337.78325042,-0.00114959
337.99642671,0.00236590
338.20961863,-0.00008195
338.42282617,0.00033734
338.63604933,-0.00039923
338.84928810,0.00102658
339.06254250,0.00000242
339.27581250,-0.00016635
339.48909812,-0.00192357
339.70239934,0.00073565
339.91571616,-0.00096137
340.12904859,0.00178053
340.34239661,-0.00041967
340.55576023,0.00102774
340.76913945,-0.00022738
340.98253425,0.00140381
341.19594464,0.00092198
341.40937061,-0.00221867
341.62281217,0.00184346
341.83626930,-0.00242199
342.04974201,0.00219861
342.26323030,0.00068975
342.47673415,-0.00133799
342.69025357,-0.00097832
342.90378856,-0.00215636
343.11733911,-0.00485323
343.33090522,-0.00267830
343.54448688,-0.00135910
343.75808410,0.00203123
343.97169687,-0.00058500
344.18532519,0.00138153
344.39896906,-0.00133769
344.61262847,0.00336949
344.82630341,-0.00246730
345.03999390,-0.00169305
345.25369992,0.00326853
345.46742147,-0.00223491
345.68115855,-0.00194399
345.89491115,-0.00320074
346.10867928,0.00002116
346.32246293,-0.00177771
346.53626210,0.00083673
346.75007679,0.00054438
346.96390698,-0.00081485
347.17775269,-0.00154733
347.39161390,-0.00110977
347.60549061,0.00054694
347.81938283,-0.00213426
348.03329055,-0.00014405
348.24721376,-0.00106613
348.46115246,0.00098672
348.67510665,-0.00169645
348.88907634,-0.00012508
349.10306150,-0.00046134
349.31706215,-0.00048182
349.53107828,-0.00037522
349.74510988,-0.00062648
349.95915696,0.00037901
350.17321950,-0.00056275
350.38729752,-0.00039381
350.60139100,0.00133954
350.81549994,0.00129825
351.02962435,0.00079433
351.24376421,-0.00016563
351.45791952,0.00148703
351.67209028,-0.00023005
351.88627650,0.00087932
352.10047816,0.00188437
352.31469526,-0.00037433
352.52892780,-0.00018635
352.74317578,-0.00114795
352.95743919,0.00094353
353.17171804,-0.00060462
353.38601232,0.00117447
353.60032202,-0.00073251
353.81464714,0.00017145
354.02898769,0.00117127
354.24334365,0.00016590
354.45771503,0.00058482
354.67210182,0.00113335
354.88650403,-0.00294755
355.10092164,0.00058912
355.31535465,0.00165405
355.52980306,0.00109475
355.74426687,0.00050422
355.95874608,0.00063066
356.17324069,0.00276502
356.38775068,-0.00027265
356.60227606,-0.00215411
356.81681682,0.00221658
357.03137297,0.00112971
357.24594449,-0.00091844
357.46053139,0.00123855
357.67513367,0.00029679
357.88975132,0.00018995
358.10438433,-0.00090083
358.31903271,0.00228326
358.53369645,-0.00031276
358.74837556,0.00108642
358.96307002,0.00134181
359.17777983,-0.00106841
359.39250499,0.00025229
359.60724551,-0.00221715
359.82200137,-0.00140099
360.03677257,0.00121363
360.25155911,-0.00152874
360.46636100,-0.00064785
360.68117821,0.00091849
360.89601076,0.00198781
361.11085864,-0.00033315
361.32572184,-0.00071360
361.54060037,-0.00112764
361.75549422,-0.00334670
361.97040338,0.00042219
362.18532786,0.00142625
362.40026766,-0.00163276
362.61522276,-0.00248938
362.83019318,-0.00250766
363.04517889,0.00039841
363.26017991,-0.00062702
363.47519623,-0.00037618
363.69022784,0.00125838
363.90527474,-0.00092056
364.12033694,-0.00361754
364.33541442,-0.00131903
364.55050719,-0.00374702
364.76561524,0.00295060
364.98073857,-0.00276204
365.19587718,0.00012552
365.41103106,-0.00089889
365.62620021,-0.00025133
365.84138463,0.00031520
366.05658432,0.00004280
366.27179927,-0.00024864
366.48702948,-0.00012561
366.70227494,0.00427008
366.91753566,-0.00213396
367.13281163,0.00280529
367.34810285,0.00332700
367.56340932,0.00004247
367.77873103,0.00027342
367.99406798,0.00117370
368.20942017,0.00177803
368.42478759,-0.00150588
368.64017025,0.00058603
368.85556813,0.00134203
369.07098125,-0.00115039
369.28640958,-0.00031304
369.50185314,0.00016819
369.71731191,-0.00041656
369.93278590,-0.00088163
370.14827511,0.00178073
370.36377952,0.00018651
370.57929914,0.00179983
370.79483397,-0.00007998
371.01038400,-0.00265698
371.22594922,-0.00081668
371.44152965,0.00064994
371.65712526,0.00138074
371.87273607,-0.00132035
372.08836206,-0.00104438
372.30400324,-0.00416273
372.51965960,0.00008334
372.73533114,0.00339410
372.95101786,-0.00205174
373.16671976,-0.00010172
373.38243682,0.00230458
373.59816905,0.00125853
373.81391645,-0.00263844
374.02967901,-0.00081488
374.24545673,0.00014681
374.46124961,0.00041782
374.67705764,0.00067046
374.89288082,0.00041879
375.10871916,-0.00010469
375.32457264,0.00123522
375.54044126,0.00035576
375.75632503,0.00048528
375.97222393,-0.00106642
376.18813797,-0.00079720
376.40406713,0.00006322
376.62001143,-0.00144424
376.83597086,-0.00025285
377.05194541,-0.00144414
377.26793508,-0.00169363
377.48393987,-0.00050003
377.69995978,-0.00018609
377.91599480,-0.00129817
378.13204493,0.00219835
378.34811016,-0.00006066
378.56419050,0.00031714
378.78028595,-0.00052097
378.99639649,0.00092113
379.21252213,0.00031337
379.42866286,0.00077581
379.64481868,0.00414366
379.86098960,-0.00104240
380.07717559,0.00044041
380.29337667,0.00016780
380.50959283,0.00083665
380.72582407,-0.00146345
380.94207038,0.00343475
381.15833176,0.00083746
381.37460821,0.00238672
381.59089972,0.00054518
381.80720630,-0.00094007
382.02352794,-0.00018817
382.23986464,0.00012709
382.45621639,0.00035683
382.67258319,0.00010555
382.88896505,0.00012660
383.10536195,0.00050446
383.32177389,0.00113173
383.53820087,0.00142458
383.75464289,0.00119373
383.97109995,-0.00225998
384.18757204,0.00079460
384.40405916,0.00215606
384.62056131,0.00188210
384.83707848,0.00127721
385.05361067,0.00052506
385.27015788,0.00207318
385.48672011,0.00178295
385.70329735,0.00121696
385.91988960,0.00119534
386.13649686,0.00196775
386.35311912,0.00075609
386.56975639,-0.00158996
386.78640865,0.00387331
387.00307592,0.00213569
387.21975817,0.00138066
387.43645542,0.00064979
387.65316765,0.00161205
387.86989487,0.00092294
388.08663707,-0.00259463
388.30339426,0.00152787
388.52016641,0.00303602
388.73695355,0.00115426
388.95375565,0.00475436
389.17057273,0.00288917
389.38740477,0.00100855
389.60425177,0.00029489
389.82111374,0.00045937
390.03799066,-0.00033116
390.25488253,-0.00020948
390.47178936,0.00184178
390.68871114,0.00184297
390.90564787,0.00087941
391.12259954,-0.00110924
391.33956614,0.00144528
391.55654769,0.00075365
391.77354418,0.00247147
391.99055559,0.00251207
392.20758194,0.00035676
392.42462321,0.00138372
392.64167941,-0.00083567
392.85875053,0.00090325
393.07583657,0.00257430
393.29293752,0.00148906
393.51005339,-0.00020645
393.72718417,0.00268151
393.94432986,0.00012859
394.16149045,0.00280575
394.37866594,0.00092169
394.59585634,0.00387418
394.81306163,0.00121485
395.03028181,0.00092349
395.24751689,0.00084265
395.46476685,0.00194755
395.68203170,0.00272296
395.89931143,-0.00198422
396.11660604,0.00278592
396.33391553,0.00169794
396.55123990,-0.00025083
396.76857913,0.00226267
396.98593324,0.00115294
397.20330221,0.00250972
397.42068604,0.00291073
397.63808474,0.00288687
397.85549829,0.00264102
398.07292670,0.00142647
398.29036996,-0.00012349
398.50782807,0.00251490
398.72530103,0.00115478
398.94278883,0.00119454
399.16029147,0.00073589
399.37780895,0.00131937
399.59534127,0.00151146
399.81288841,0.00215928
400.03045039,0.00236908
400.24802720,0.00243356
400.46561883,0.00362248
400.68322529,0.00291005
400.90084656,0.00228222
401.11848265,0.00128068
401.33613355,0.00418761
401.55379926,0.00014727
401.77147978,0.00372952
401.98917511,0.00320748
402.20688524,0.00276402
402.42461017,0.00192711
402.64234989,0.00136344
402.86010441,0.00376697
403.07787372,0.00402220
403.29565782,0.00083941
403.51345670,0.00226178
403.73127037,0.00364583
403.94909882,0.00067151
404.16694205,0.00389692
404.38480005,0.00150768
404.60267282,0.00387414
404.82056036,0.00510790
405.03846267,0.00260087
405.25637974,0.00211924
405.47431157,0.00452515
405.69225816,0.00276399
405.91021951,0.00113275
406.12819561,0.00081656
406.34618645,0.00368571
406.56419205,0.00054635
406.78221239,0.00127865
407.00024747,0.00195089
407.21829729,0.00169525
407.43636184,0.00329142
407.65444113,0.00021298
407.87253515,0.00429582
408.09064390,0.00117506
408.30876737,0.00429389
408.52690556,0.00477685
408.74505847,0.00351828
408.96322610,0.00377096
409.18140844,0.00228389
409.39960550,0.00131997
409.61781726,0.00130140
409.83604372,0.00454407
410.05428489,0.00471322
410.27254076,0.00330641
410.49081133,0.00272512
410.70909659,0.00280715
410.92739654,0.00117309
411.14571118,0.00257763
411.36404051,0.00196853
411.58238452,0.00119654
411.80074321,0.00368533
412.01911658,0.00173971
412.23750462,0.00222190
412.45590734,0.00448050
412.67432472,0.00175972
412.89275677,0.00268044
413.11120349,0.00439591
413.32966486,0.00330714
413.54814090,0.00376847
413.76663159,0.00571633
413.98513693,0.00211411
414.20365692,0.00408082
414.42219156,0.00651276
414.64074084,0.00238559
414.85930477,0.00399988
415.07788333,0.00286678
415.29647653,0.00278618
415.51508437,0.00353716
415.73370683,0.00716046
415.95234392,0.00142450
416.17099564,0.00134244
416.38966198,0.00253590
416.60834294,0.00508909
416.82703851,0.00138511
417.04574870,0.00328552
417.26447350,0.00224198
417.48321291,0.00312121
417.70196692,0.00332852
417.92073554,0.00423106
418.13951875,0.00188804
418.35831657,0.00385182
418.57712898,0.00575678
418.79595598,0.00123996
419.01479757,0.00435952
419.23365374,0.00266022
419.45252450,0.00334954
419.67140984,0.00069471
419.89030975,0.00218109
420.10922425,0.00467466
420.32815331,0.00370653
420.54709694,0.00318536
420.76605514,0.00435571
420.98502791,0.00220016
421.20401523,0.00353710
421.42301712,0.00113232
421.64203356,0.00335295
421.86106455,0.00577872
422.08011009,0.00341286
422.29917018,0.00125982
422.51824482,0.00360249
422.73733399,0.00121478
422.95643771,0.00264066
423.17555596,0.00397879
423.39468875,0.00464759
423.61383606,0.00366487
423.83299790,0.00324537
424.05217427,0.00144647
424.27136516,0.00232580
424.49057057,0.00173891
424.70979050,0.00343481
424.92902494,0.00356066
425.14827390,0.00259681
425.36753736,0.00257689
425.58681532,0.00232834
425.80610779,0.00040049
426.02541476,0.00247413
426.24473623,0.00393594
426.46407219,0.00412707
426.68342265,0.00261639
426.90278759,0.00410594
427.12216702,0.00186579
427.34156093,0.00370712
427.56096933,0.00561477
427.78039220,0.00314542
427.99982955,0.00481713
428.21928137,0.00510931
428.43874766,0.00613320
428.65822841,0.00517327
428.87772363,0.00421125
429.09723331,0.00324683
429.31675745,0.00554685
429.53629605,0.00403996
429.75584910,0.00374912
429.97541660,0.00596995
430.19499854,0.00577777
430.41459494,0.00303947
430.63420577,0.00253656
430.85383104,0.00400080
431.07347075,0.00473375
431.29312489,0.00329169
431.51279347,0.00626082
431.73247647,0.00439698
431.95217390,0.00441717
432.17188574,0.00293363
432.39161201,0.00366342
432.61135270,0.00422856
432.83110780,0.00316397
433.05087731,0.00588718
433.27066123,0.00473097
433.49045956,0.00259786
433.71027229,0.00791491
433.93009942,0.00356169
434.14994095,0.00322593
434.36979687,0.00684577
434.58966718,0.00628140
434.80955189,0.00406254
435.02945098,0.00492153
435.24936445,0.00431845
435.46929230,0.00452306
435.68923454,0.00351820
435.90919115,0.00351998
436.12916213,0.00479541
436.34914748,0.00511011
436.56914720,0.00500432
436.78916128,0.00395780
437.00918972,0.00529697
437.22923252,0.00280517
437.44928968,0.00544446
437.66936119,0.00538122
437.88944706,0.00538263
438.10954727,0.00548652
438.32966182,0.00682660
438.54979072,0.00406197
438.76993395,0.00343901
438.99009153,0.00565616
439.21026343,0.00948553
439.43044967,0.00831536
439.65065024,0.00643333
439.87086513,0.00756007
440.09109434,0.00701461
440.31133788,0.00628162
440.53159573,0.00821136
440.75186789,0.00690905
440.97215437,0.00810309
441.19245516,0.00846067
441.41277025,0.00868941
441.63309964,0.00705758
441.85344334,0.01055471
442.07380133,0.01149523
442.29417362,0.00758153
442.51456020,0.00724456
442.73496107,0.00936013
442.95537623,0.00948623
443.17580567,0.01181018
443.39624939,0.00988605
443.61670739,0.00996688
443.83717967,0.01032455
444.05766622,0.01432264
444.27816704,0.01250348
444.49868212,0.00958808
444.71921147,0.01551336
444.93975509,0.01283601
445.16031296,0.01091074
445.38088508,0.01235464
445.60147147,0.01333936
445.82207210,0.01365069
446.04268698,0.01300420
446.26331610,0.01189783
446.48395947,0.01379592
446.70461707,0.01180978
446.92528892,0.01482291
447.14597499,0.01162274
447.36667530,0.01306393
447.58738984,0.01193798
447.80811860,0.01281462
448.02886158,0.01404763
448.24961879,0.01377808
448.47039021,0.01193704
448.69117585,0.01644146
448.91197570,0.01237691
449.13278975,0.01193217
449.35361802,0.01199748
449.57446049,0.01352771
449.79531715,0.01482105
450.01618802,0.01241575
450.23707308,0.01256134
450.45797234,0.01480675
450.67888578,0.01260513
450.89981341,0.01490734
451.12075522,0.01453327
451.34171122,0.01384269
451.56268139,0.01499454
451.78366574,0.00980290
452.00466426,0.01373807
452.22567696,0.01936532
452.44670382,0.01528498
452.66774484,0.01616115
452.88880003,0.01608358
453.10986938,0.01503429
453.33095288,0.01652079
453.55205053,0.01869677
453.77316234,0.01706191
453.99428830,0.01848771
454.21542840,0.01934434
454.43658264,0.01873883
454.65775102,0.01852803
454.87893354,0.01922028
455.10013019,0.01647831
455.32134098,0.01547634
455.54256589,0.02077244
455.76380493,0.02016127
455.98505809,0.01878098
456.20632537,0.01909700
456.42760677,0.01781810
456.64890229,0.01886262
456.87021191,0.01884572
457.09153565,0.01903172
457.31287349,0.01727442
457.53422544,0.01851289
457.75559149,0.02085669
457.97697163,0.02041285
458.19836587,0.02234103
458.41977420,0.02062450
458.64119663,0.02066789
458.86263313,0.02256990
459.08408373,0.01985095
459.30554840,0.01984989
459.52702716,0.02301436
459.74851999,0.02137578
459.97002689,0.02035554
460.19154786,0.02043559
460.41308290,0.01916091
460.63463201,0.02311425
460.85619518,0.02342734
461.07777241,0.02520864
461.29936369,0.02269566
461.52096903,0.02094048
461.74258841,0.02309549
461.96422185,0.02409969
462.18586933,0.02564888
462.40753086,0.02380893
462.62920642,0.02288716
462.85089602,0.02807749
463.07259966,0.02723947
463.29431733,0.02866237
463.51604902,0.02673888
463.73779475,0.02910331
463.95955449,0.02383025
464.18132826,0.02812282
464.40311604,0.02558602
464.62491784,0.02809777
464.84673365,0.02623625
465.06856347,0.03019416
465.29040730,0.02673748
465.51226513,0.03264049
465.73413696,0.03132011
465.95602279,0.02912460
466.17792261,0.03257872
466.39983643,0.03038337
466.62176424,0.03046482
466.84370603,0.02956674
467.06566181,0.03079911
467.28763157,0.02975349
467.50961531,0.03015009
467.73161303,0.03073639
467.95362472,0.02987662
468.17565038,0.02784936
468.39769001,0.03169745
468.61974360,0.03086007
468.84181116,0.02916503
469.06389267,0.02824854
469.28598814,0.02776376
469.50809757,0.02864514
469.73022094,0.03101146
469.95235827,0.02887402
470.17450954,0.02985621
470.39667475,0.02977184
470.61885390,0.03308104
470.84104699,0.03090442
471.06325402,0.02925273
471.28547498,0.02784635
471.50770986,0.02613273
471.72995867,0.02704998
471.95222141,0.03000047
472.17449806,0.02776119
472.39678864,0.03035636
472.61909313,0.03119583
472.84141153,0.02832660
473.06374384,0.02569465
473.28609005,0.03015188
473.50845017,0.03056763
473.73082420,0.02759684
473.95321212,0.02862126
474.17561393,0.02736752
474.39802964,0.02744898
474.62045924,0.02587926
474.84290273,0.02866122
475.06536010,0.02868650
475.28783136,0.02696992
475.51031649,0.02640415
475.73281550,0.02797045
475.95532838,0.02974976
476.17785513,0.02723929
476.40039575,0.02876934
476.62295024,0.02891390
476.84551859,0.02874817
477.06810080,0.02751296
477.29069686,0.02832894
477.51330678,0.02866235
477.73593055,0.02889561
477.95856817,0.02577380
478.18121963,0.02531497
478.40388494,0.02807821
478.62656409,0.02768296
478.84925707,0.02535534
479.07196389,0.02914533
479.29468455,0.02782686
479.51741903,0.02328622
479.74016733,0.02606530
479.96292946,0.02430790
480.18570542,0.02353480
480.40849519,0.02055939
480.63129877,0.02466497
480.85411617,0.02294747
481.07694738,0.02460031
481.29979239,0.02248881
481.52265121,0.02428678
481.74552383,0.02338775
481.96841025,0.02610824
482.19131046,0.02190336
482.41422447,0.02357438
482.63715227,0.02550241
482.86009385,0.02066467
483.08304922,0.02156488
483.30601837,0.02478884
483.52900130,0.02418439
483.75199801,0.02719616
483.97500849,0.02100304
484.19803274,0.02177743
484.42107076,0.02550140
484.64412255,0.02018825
484.86718810,0.02638281
485.09026741,0.02585466
485.31336047,0.02665332
485.53646729,0.02330448
485.75958786,0.02983401
485.98272218,0.02721770
486.20587024,0.02552112
486.42903205,0.02711455
486.65220760,0.02600417
486.87539689,0.02720035
487.09859991,0.02703051
487.32181666,0.02772161
487.54504715,0.02761844
487.76829136,0.02694692
487.99154929,0.03176336
488.21482094,0.02991948
488.43810631,0.02883150
488.66140540,0.03103145
488.88471820,0.03063189
489.10804471,0.02822461
489.33138493,0.02950205
489.55473885,0.03199216
489.77810647,0.03287183
490.00148780,0.03205577
490.22488281,0.03370942
490.44829153,0.03611789
490.67171393,0.03707925
490.89515002,0.04005330
491.11859979,0.03906959
491.34206325,0.03961390
491.56554038,0.04013474
491.78903120,0.04204237
492.01253568,0.04101329
492.23605384,0.03994891
492.45958567,0.04202320
492.68313116,0.04145747
492.90669031,0.04001122
493.13026312,0.04105696
493.35384960,0.04080588
493.57744972,0.04174794
493.80106350,0.03653525
494.02469092,0.03567798
494.24833200,0.03683040
494.47198671,0.03427659
494.69565507,0.03389699
494.91933706,0.03153666
495.14303269,0.03375250
495.36674195,0.03297537
495.59046484,0.03023641
495.81420136,0.03155456
496.03795150,0.03090378
496.26171526,0.03044108
496.48549264,0.03054703
496.70928364,0.03234644
496.93308825,0.03132274
497.15690647,0.03283092
497.38073830,0.03000239
497.60458373,0.03044468
497.82844276,0.03003054
498.05231539,0.03195167
498.27620162,0.03073771
498.50010144,0.02820427
498.72401485,0.03042283
498.94794185,0.03172486
499.17188244,0.02814119
499.39583661,0.03218203
499.61980435,0.03259763
499.84378568,0.02967129
500.06778058,0.02761756
500.29178904,0.03251635
500.51581108,0.03171814
500.73984668,0.03042245
500.96389585,0.03029563
501.18795858,0.02943634
501.41203486,0.02958690
501.63612470,0.02975010
501.86022809,0.02966978
502.08434503,0.02835270
502.30847551,0.03071571
502.53261954,0.02996155
502.75677711,0.02780438
502.98094822,0.02950170
503.20513286,0.02837314
503.42933104,0.03117674
503.65354274,0.03098802
503.87776797,0.03310123
504.10200673,0.03303795
504.32625901,0.03676770
504.55052480,0.03253742
504.77480411,0.03442044
504.99909694,0.04107748
505.22340327,0.03687326
505.44772312,0.04223151
505.67205646,0.04432368
505.89640331,0.04386504
506.12076366,0.04407234
506.34513750,0.04645938
506.56952484,0.04671059
506.79392567,0.04712938
507.01833999,0.04652329
507.24276779,0.04160530
507.46720907,0.04484884
507.69166384,0.04558082
507.91613208,0.04819736
508.14061380,0.04271367
508.36510898,0.04625021
508.58961764,0.04482871
508.81413976,0.04530951
509.03867534,0.04721582
509.26322439,0.04587322
509.48778689,0.04298393
509.71236285,0.04403377
509.93695226,0.04415699
510.16155512,0.04206296
510.38617142,0.04053491
510.61080117,0.04015791
510.83544436,0.04026297
511.06010099,0.03680817
511.28477105,0.03968081
511.50945454,0.03976389
511.73415147,0.04087153
511.95886182,0.03865183
512.18358560,0.04363379
512.40832280,0.04591242
512.63307341,0.04610552
512.85783745,0.04499524
513.08261489,0.04252416
513.30740575,0.04683732
513.53221001,0.04154124
513.75702768,0.04286073
513.98185875,0.03948841
514.20670322,0.03647374
514.43156109,0.03538544
514.65643235,0.03862865
514.88131700,0.03454555
515.10621504,0.03440376
515.33112647,0.03502889
515.55605128,0.03237070
515.78098946,0.03237162
516.00594103,0.03205565
516.23090597,0.03412891
516.45588428,0.03452958
516.68087596,0.04013498
516.90588100,0.03858868
517.13089941,0.03333216
517.35593118,0.03806378
517.58097631,0.03580294
517.80603479,0.03831602
518.03110663,0.04132815
518.25619181,0.03867132
518.48129034,0.04143301
518.70640222,0.04231451
518.93152743,0.04666919
519.15666598,0.04700481
519.38181787,0.04830059
519.60698310,0.05209337
519.83216165,0.05508441
520.05735353,0.05483142
520.28255873,0.05669560
520.50777726,0.05613091
520.73300910,0.05956607
520.95825426,0.05879184
521.18351273,0.06036258
521.40878452,0.05866712
521.63406961,0.06178405
521.85936801,0.06450466
522.08467971,0.06293389
522.31000471,0.06115496
522.53534300,0.06260036
522.76069459,0.06505259
522.98605947,0.06279160
523.21143764,0.06743955
523.43682910,0.06143180
523.66223383,0.06630847
523.88765185,0.06329359
524.11308315,0.06383873
524.33852772,0.06053161
524.56398556,0.07030442
524.78945667,0.07041148
525.01494104,0.06951061
525.24043868,0.06938488
525.46594959,0.07070579
525.69147374,0.06922333
525.91701116,0.07269465
526.14256182,0.07118576
526.36812574,0.07545654
526.59370290,0.07623235
526.81929331,0.07951791
527.04489696,0.08209458
527.27051384,0.08446098
527.49614396,0.08458586
527.72178732,0.08621859
527.94744390,0.08875234
528.17311372,0.09176650
528.39879675,0.09746301
528.62449301,0.09643547
528.85020249,0.09882506
529.07592518,0.10016294
529.30166109,0.09754340
529.52741021,0.10284323
529.75317254,0.10407867
529.97894807,0.10696270
530.20473680,0.10483082
530.43053874,0.10564640
530.65635387,0.10818587
530.88218219,0.10792772
531.10802371,0.10799364
531.33387841,0.10920762
531.55974630,0.11035772
531.78562738,0.10711394
532.01152163,0.10495771
532.23742906,0.10788694
532.46334967,0.10696445
532.68928344,0.10386649
532.91523039,0.10639979
533.14119051,0.10445590
533.36716378,0.10353143
533.59315022,0.09907215
533.81914982,0.09710329
534.04516257,0.09853277
534.27118847,0.09804569
534.49722752,0.09974216
534.72327973,0.09846548
534.94934507,0.09448761
535.17542356,0.09796508
535.40151518,0.09243930
535.62761994,0.09111560
535.85373784,0.09111560
536.07986886,0.08915417
536.30601301,0.08722559
536.53217029,0.09044900
536.75834069,0.08640604
536.98452420,0.08460621
537.21072084,0.08421020
537.43693059,0.08548766
537.66315345,0.08226178
537.88938941,0.08125682
538.11563848,0.08186557
538.34190066,0.08123749
538.56817593,0.07805407
538.79446431,0.07970644
539.02076577,0.08251167
539.24708033,0.08123681
539.47340798,0.07769830
539.69974871,0.08165396
539.92610252,0.08393513
540.15246942,0.08269934
540.37884939,0.08634259
540.60524244,0.08653520
540.83164856,0.08577742
541.05806775,0.09187237
541.28450001,0.09476055
541.51094533,0.09346552
541.73740371,0.09260668
541.96387515,0.09557750
542.19035965,0.09400526
542.41685719,0.09656425
542.64336779,0.09449148
542.86989144,0.10299338
543.09642813,0.10717366
543.32297786,0.11343572
543.54954063,0.11504538
543.77611643,0.11842197
544.00270527,0.12222842
544.22930714,0.12466136
544.45592204,0.12365339
544.68254996,0.12555963
544.90919091,0.13409954
545.13584487,0.13732729
545.36251185,0.14262269
545.58919184,0.14186889
545.81588485,0.14222403
546.04259086,0.13958639
546.26930988,0.14370967
546.49604191,0.13960864
546.72278693,0.13977394
546.94954495,0.14312412
547.17631596,0.14262133
547.40309997,0.14052900
547.62989696,0.14475678
547.85670694,0.14980540
548.08352991,0.14962209
548.31036585,0.15204237
548.53721477,0.15602239
548.76407667,0.15336557
548.99095154,0.16010472
549.21783938,0.16033290
549.44474018,0.16140291
549.67165395,0.16739098
549.89858069,0.16414690
550.12552038,0.16623833
550.35247302,0.16916799
550.57943862,0.16070943
550.80641717,0.16315809
551.03340866,0.15639649
551.26041310,0.15430371
551.48743048,0.15365537
551.71446081,0.16031168
551.94150406,0.16123480
552.16856025,0.16240703
552.39562937,0.16864733
552.62271142,0.16546147
552.84980640,0.17237087
553.07691429,0.16642492
553.30403511,0.16816236
553.53116884,0.16592377
553.75831549,0.16776597
553.98547505,0.17446729
554.21264752,0.18606375
554.43983289,0.18218906
554.66703116,0.18644053
554.89424234,0.18719462
555.12146641,0.19104741
555.34870338,0.19456374
555.57595324,0.20291976
555.80321599,0.20936828
556.03049162,0.21462173
556.25778014,0.22291071
556.48508154,0.23170711
556.71239582,0.24219878
556.93972297,0.24133877
557.16706300,0.24489516
557.39441589,0.24969066
557.62178165,0.25459519
557.84916028,0.27138046
558.07655177,0.28275291
558.30395611,0.30283057
558.53137331,0.30517500
558.75880337,0.30685021
558.98624627,0.31231486
559.21370202,0.31899179
559.44117062,0.32941528
559.66865206,0.34070205
559.89614634,0.34239946
560.12365345,0.35223780
560.35117340,0.36038324
560.57870618,0.36302186
560.80625179,0.37484859
561.03381022,0.39057289
561.26138148,0.39407238
561.48896555,0.38821004
561.71656244,0.37960391
561.94417215,0.38119389
562.17179467,0.38039747
562.39942999,0.38140116
562.62707812,0.39442428
562.85473906,0.38946612
563.08241279,0.39599630
563.31009933,0.38246867
563.53779866,0.38877613
563.76551078,0.39333675
563.99323568,0.38048279
564.22097338,0.37055934
564.44872386,0.36743801
564.67648712,0.36829689
564.90426316,0.36609887
565.13205197,0.37152056
565.35985356,0.37346769
565.58766792,0.38477644
565.81549504,0.38368695
566.04333493,0.36794689
566.27118758,0.36500876
566.49905298,0.37258835
566.72693115,0.36729131
566.95482207,0.37168935
567.18272573,0.35994232
567.41064215,0.34966478
567.63857131,0.33900692
567.86651321,0.33503046
568.09446785,0.33121731
568.32243523,0.32236345
568.55041534,0.32579413
568.77840819,0.32140083
569.00641376,0.32430708
569.23443206,0.31333752
569.46246308,0.31476205
569.69050682,0.31028117
569.91856327,0.30603185
570.14663244,0.30494325
570.37471433,0.29334249
570.60280892,0.29135664
570.83091622,0.28614046
571.05903622,0.28513641
571.28716892,0.27688685
571.51531432,0.27556985
571.74347241,0.26514584
571.97164320,0.25096731
572.19982667,0.24215441
572.42802284,0.24288634
572.65623168,0.24422664
572.88445321,0.24824932
573.11268742,0.25595044
573.34093430,0.25747719
573.56919385,0.25023617
573.79746608,0.25199340
574.02575097,0.26081022
574.25404853,0.26889095
574.48235874,0.26344706
574.71068162,0.27571664
574.93901715,0.28067406
575.16736534,0.27778920
575.39572618,0.26723676
575.62409966,0.27435673
575.85248579,0.27282626
576.08088456,0.26853336
576.30929597,0.26053761
576.53772002,0.26585209
576.76615671,0.25974102
576.99460602,0.26101802
577.22306796,0.25098859
577.45154253,0.24812241
577.68002972,0.24828858
577.90852953,0.23884362
578.13704196,0.23003081
578.36556700,0.22708028
578.59410465,0.22341527
578.82265492,0.22201298
579.05121779,0.21527206
579.27979326,0.21315632
579.50838133,0.21192027
579.73698201,0.21303171
579.96559527,0.21941614
580.19422113,0.22017061
580.42285958,0.22071387
580.65151062,0.23021926
580.88017424,0.23515965
581.10885044,0.23220917
581.33753922,0.22924027
581.56624057,0.22959247
581.79495450,0.23252357
582.02368100,0.22839629
582.25242007,0.23480437
582.48117170,0.22515412
582.70993589,0.22727004
582.93871264,0.22000579
583.16750195,0.22316451
583.39630381,0.22318459
583.62511822,0.21535503
583.85394518,0.20538872
584.08278469,0.20354813
584.31163674,0.19973619
584.54050133,0.19860432
584.76937845,0.19481783
584.99826811,0.18683961
585.22717030,0.18231888
585.45608502,0.18204313
585.68501226,0.17919901
585.91395203,0.17913529
586.14290432,0.17172507
586.37186912,0.17122026
586.60084644,0.17461421
586.82983628,0.16653202
587.05883862,0.16278423
587.28785347,0.15706736
587.51688082,0.15474642
587.74592067,0.15754978
587.97497302,0.15516267
588.20403787,0.16198459
588.43311520,0.15941230
588.66220503,0.15872328
588.89130735,0.16292988
589.12042215,0.16563152
589.34954943,0.16695286
589.57868919,0.17635012
589.80784142,0.18719790
590.03700613,0.19657475
590.26618331,0.20367401
590.49537296,0.21889524
590.72457507,0.21702881
590.95378964,0.22693115
591.18301667,0.23145522
591.41225616,0.23388387
591.64150811,0.23275256
591.87077250,0.22978205
592.10004934,0.23212832
592.32933863,0.22729090
592.55864036,0.22559329
592.78795453,0.22577973
593.01728114,0.22406809
593.24662018,0.23248271
593.47597165,0.24345160
593.70533555,0.25490408
593.93471188,0.26346841
594.16410063,0.25289494
594.39350180,0.25371148
594.62291539,0.25994865
594.85234140,0.25716687
595.08177981,0.26081154
595.31123064,0.25925800
595.54069387,0.25800271
595.77016951,0.25888415
595.99965755,0.25281180
596.22915798,0.25463472
596.45867081,0.25513617
596.68819604,0.25331606
596.91773365,0.25471451
597.14728365,0.24939764
597.37684603,0.24610919
597.60642080,0.23283450
597.83600795,0.23191662
598.06560747,0.21701218
598.29521936,0.22060898
598.52484363,0.21881165
598.75448026,0.21937755
598.98412926,0.21947877
599.21379062,0.20800551
599.44346434,0.19992472
599.67315042,0.18937205
599.90284885,0.18585299
600.13255963,0.19358210
600.36228276,0.18926830
600.59201824,0.20101398
600.82176606,0.19833511
601.05152622,0.19626228
601.28129871,0.18970711
601.51108354,0.18964645
601.74088070,0.18604237
601.97069019,0.18074775
602.20051201,0.18313237
602.43034615,0.19190540
602.66019261,0.19217921
602.89005139,0.19326858
603.11992249,0.19121500
603.34980589,0.18972994
603.57970161,0.18292445
603.80960963,0.18417897
604.03952996,0.17873667
604.26946259,0.17842597
604.49940751,0.18357619
604.72936474,0.18813848
604.95933425,0.19217830
605.18931606,0.19238811
605.41931015,0.19464962
605.64931653,0.19982090
605.87933519,0.20078244
606.10936612,0.19402230
606.33940934,0.19933951
606.56946483,0.19027937
606.79953259,0.19356036
607.02961261,0.19335151
607.25970490,0.19770765
607.48980946,0.20574583
607.71992627,0.20637187
607.95005534,0.20461549
608.18019667,0.20809086
608.41035024,0.21093789
608.64051607,0.21056172
608.87069414,0.22163985
609.10088445,0.22230395
609.33108700,0.21320018
609.56130179,0.21284203
609.79152882,0.21728313
610.02176808,0.20698247
610.25201956,0.19751755
610.48228328,0.19033923
610.71255921,0.18204642
610.94284737,0.17748433
611.17314775,0.17053435
611.40346034,0.16716256
611.63378514,0.15987671
611.86412215,0.16358168
612.09447137,0.16691045
612.32483280,0.16718619
612.55520642,0.16605409
612.78559225,0.17474010
613.01599027,0.16615502
613.24640048,0.16425206
613.47682288,0.16965354
613.70725747,0.17135121
613.93770425,0.16946231
614.16816321,0.17053152
614.39863434,0.16887661
614.62911766,0.16942211
614.85961314,0.17124177
615.09012080,0.17656148
615.32064063,0.17743960
615.55117262,0.18589931
615.78171677,0.19443997
616.01227308,0.19733095
616.24284156,0.20229175
616.47342218,0.20800635
616.70401496,0.21931475
616.93461988,0.22619990
617.16523695,0.23181464
617.39586617,0.24225731
617.62650752,0.24071142
617.85716101,0.24795123
618.08782664,0.24686423
618.31850440,0.25373002
618.54919429,0.26307041
618.77989630,0.26757168
619.01061044,0.27829033
619.24133670,0.28888404
619.47207508,0.29552317
619.70282557,0.29654784
619.93358818,0.29142390
620.16436289,0.29265279
620.39514972,0.31204347
620.62594864,0.30565506
620.85675967,0.29891598
621.08758280,0.30209763
621.31841802,0.30544519
621.54926534,0.32074898
621.78012475,0.32765698
622.01099624,0.34687615
622.24187982,0.35234251
622.47277549,0.34979066
622.70368323,0.35207328
622.93460305,0.34170701
623.16553494,0.33071703
623.39647890,0.33017197
623.62743493,0.32853992
623.85840303,0.33013077
624.08938319,0.31005179
624.32037541,0.30291332
624.55137968,0.29776478
624.78239602,0.28850786
625.01342440,0.28614109
625.24446483,0.28484353
625.47551731,0.26453592
625.70658183,0.26478703
625.93765839,0.24759825
626.16874699,0.23819992
626.39984763,0.24102119
626.63096029,0.22900594
626.86208499,0.22492220
627.09322171,0.22251463
627.32437046,0.21837102
627.55553123,0.22042287
627.78670401,0.21370176
628.01788882,0.20629161
628.24908563,0.20162534
628.48029446,0.19161249
628.71151529,0.19412533
628.94274813,0.18945718
629.17399296,0.19176201
629.40524980,0.18210877
629.63651863,0.18690300
629.86779946,0.18407653
630.09909228,0.18053806
630.33039709,0.17532450
630.56171388,0.17361162
630.79304265,0.16288706
631.02438340,0.16119026
631.25573613,0.16770245
631.48710084,0.16669693
631.71847751,0.17266472
631.94986615,0.17664666
632.18126676,0.18012117
632.41267933,0.17945121
632.64410387,0.17025614
632.87554035,0.16311862
633.10698880,0.16420670
633.33844919,0.16376397
633.56992154,0.16242585
633.80140583,0.15822150
634.03290207,0.15884867
634.26441024,0.15690000
634.49593035,0.15235825
634.72746240,0.15539187
634.95900638,0.15775654
635.19056229,0.16135993
635.42213013,0.15669358
635.65370989,0.14999090
635.88530158,0.15112060
636.11690518,0.16362051
636.34852069,0.16671860
636.58014812,0.16104603
636.81178746,0.16548698
637.04343871,0.17030288
637.27510187,0.17871386
637.50677692,0.17999502
637.73846387,0.17777483
637.97016272,0.17988755
638.20187347,0.18822266
638.43359610,0.18342481
638.66533062,0.18520675
638.89707703,0.19153114
639.12883532,0.19414420
639.36060549,0.19460815
639.59238754,0.20358115
639.82418146,0.21344284
640.05598725,0.22340146
640.28780491,0.22715743
640.51963444,0.22877897
640.75147583,0.23011937
640.98332908,0.24557851
641.21519419,0.25540124
641.44707115,0.25836505
641.67895997,0.26305763
641.91086063,0.27067325
642.14277314,0.28065529
642.37469750,0.28180126
642.60663369,0.28770065
642.83858172,0.30814749
643.07054159,0.32146968
643.30251329,0.32400533
643.53449683,0.34940916
643.76649218,0.34506064
643.99849937,0.36576574
644.23051837,0.38122194
644.46254919,0.37467753
644.69459183,0.37366858
644.92664628,0.36604149
645.15871254,0.37031528
645.39079061,0.36885065
645.62288049,0.36750669
645.85498217,0.35065293
646.08709564,0.35370052
646.31922091,0.35947132
646.55135798,0.36161717
646.78350684,0.35299940
647.01566748,0.34482749
647.24783991,0.33741716
647.48002413,0.33228738
647.71222012,0.33420065
647.94442789,0.34238348
648.17664744,0.34274477
648.40887875,0.35040072
648.64112184,0.35649543
648.87337669,0.36128371
649.10564331,0.36884100
649.33792168,0.37588715
649.57021181,0.38460272
649.80251370,0.38238012
650.03482734,0.38524542
650.26715273,0.37297904
650.49948987,0.35818542
650.73183875,0.34863338
650.96419937,0.35372304
651.19657173,0.35282179
651.42895582,0.33383975
651.66135165,0.32420776
651.89375921,0.32432575
652.12617849,0.32994889
652.35860950,0.32678867
652.59105224,0.32236775
652.82350669,0.32126214
653.05597285,0.32856483
653.28845073,0.32241658
653.52094032,0.32577756
653.75344162,0.33467795
653.98595462,0.34816502
654.21847933,0.34354587
654.45101573,0.34439167
654.68356383,0.37021845
654.91612363,0.38201107
655.14869511,0.37968177
655.38127829,0.39448355
655.61387315,0.40871974
655.84647969,0.43161202
656.07909792,0.43619758
656.31172782,0.43982277
656.54436939,0.44735990
656.77702264,0.44066034
657.00968756,0.42858389
657.24236414,0.45786007
657.47505238,0.45365659
657.70775229,0.45771826
657.94046385,0.45889931
658.17318707,0.45212902
658.40592195,0.45320593
658.63866847,0.44985121
658.87142663,0.44392705
659.10419645,0.42465084
659.33697790,0.40704512
659.56977099,0.41327980
659.80257572,0.39449386
660.03539208,0.38684800
660.26822007,0.39246736
660.50105969,0.38401881
660.73391093,0.38866414
660.96677380,0.39312298
661.19964828,0.39383951
661.43253438,0.40543121
661.66543209,0.39271583
661.89834142,0.40874445
662.13126235,0.40545423
662.36419489,0.39473622
662.59713903,0.40892744
662.83009477,0.40954012
663.06306210,0.41463004
663.29604103,0.42359981
663.52903155,0.42132281
663.76203367,0.42614974
663.99504736,0.44679451
664.22807264,0.45805585
664.46110950,0.47272997
664.69415794,0.47374021
664.92721795,0.48525753
665.16028953,0.49802632
665.39337269,0.51710588
665.62646740,0.52589513
665.85957369,0.51499993
666.09269153,0.53360821
666.32582093,0.52631903
666.55896189,0.54918191
666.79211440,0.57709870
667.02527846,0.55561947
667.25845406,0.53518214
667.49164121,0.53245792
667.72483991,0.52525849
667.95805014,0.53729754
668.19127190,0.52923629
668.42450520,0.51558704
668.65775003,0.51047581
668.89100639,0.50105497
669.12427427,0.50461780
669.35755368,0.51667472
669.59084460,0.49835228
669.82414704,0.51334702
670.05746099,0.50017679
670.29078646,0.50153822
670.52412343,0.50817223
670.75747191,0.47685459
670.99083189,0.48637889
671.22420337,0.47808629
671.45758635,0.46707653
671.69098082,0.48964666
671.92438678,0.48769951
672.15780424,0.49839632
672.39123317,0.51261186
672.62467360,0.50218667
672.85812550,0.49355968
673.09158888,0.49442136
673.32506373,0.51353299
673.55855006,0.52494292
673.79204785,0.51935395
674.02555712,0.51610920
674.25907784,0.52245329
674.49261003,0.51720240
674.72615367,0.49996750
674.95970878,0.48872522
675.19327533,0.47128162
675.42685333,0.45181277
675.66044278,0.43663092
675.89404368,0.43960766
676.12765601,0.42382144
676.36127979,0.43288554
676.59491500,0.43395595
676.82856165,0.43504391
677.06221972,0.42312783
677.29588922,0.42735861
677.52957015,0.42089065
677.76326250,0.42072179
677.99696627,0.42111764
678.23068146,0.43209209
678.46440806,0.43519357
678.69814607,0.44262167
678.93189549,0.44714390
679.16565631,0.45064593
679.39942854,0.45086879
679.63321217,0.46286924
679.86700720,0.46241007
680.10081361,0.48062223
680.33463143,0.47310757
680.56846063,0.46730587
680.80230121,0.46581752
681.03615318,0.45859793
681.27001653,0.45687751
681.50389126,0.45554098
681.73777736,0.45820009
681.97167484,0.43987737
682.20558368,0.44121892
682.43950390,0.43416372
682.67343547,0.43570999
682.90737841,0.42888698
683.14133270,0.41274440
683.37529836,0.42021794
683.60927536,0.41751793
683.84326371,0.40782563
684.07726341,0.40648625
684.31127446,0.41004375
684.54529685,0.40474728
684.77933057,0.41268202
685.01337564,0.42055260
685.24743203,0.42813220
685.48149976,0.42681781
685.71557881,0.42788595
685.94966919,0.43992366
686.18377090,0.42333839
686.41788392,0.42407383
686.65200826,0.41437988
686.88614391,0.39861347
687.12029088,0.37587718
687.35444915,0.37124656
687.58861873,0.35387049
687.82279961,0.33641035
688.05699179,0.32206737
688.29119527,0.31725098
688.52541004,0.31677194
688.75963611,0.31111932
688.99387346,0.31796610
689.22812210,0.30626106
689.46238203,0.30793835
689.69665323,0.30255459
689.93093571,0.30224332
690.16522947,0.29391060
690.39953450,0.28900939
690.63385080,0.28852803
690.86817837,0.29240175
691.10251720,0.28988829
691.33686730,0.28387959
691.57122865,0.28140742
691.80560125,0.27805849
692.03998511,0.27470960
692.27438023,0.27728944
692.50878658,0.26137405
692.74320419,0.26066017
692.97763303,0.24416309
693.21207312,0.24580062
693.44652444,0.23999743
693.68098699,0.23830288
693.91546077,0.23308992
694.14994579,0.22670271
694.38444203,0.21767689
694.61894949,0.22475497
694.85346817,0.21885298
695.08799806,0.21826623
695.32253918,0.21868153
695.55709150,0.21328183
695.79165503,0.21539625
696.02622977,0.22236754
696.26081571,0.22213798
696.49541285,0.22697375
696.73002119,0.22848267
696.96464072,0.24269923
697.19927145,0.24611142
697.43391336,0.24648916
697.66856647,0.25610112
697.90323075,0.25976453
698.13790622,0.26328017
698.37259286,0.26204730
698.60729068,0.26013961
698.84199967,0.26399077
699.07671984,0.26623201
699.31145117,0.26231946
699.54619366,0.27119409
699.78094731,0.26788380
700.01571213,0.27203252
700.25048810,0.26966544
700.48527522,0.27709868
700.72007349,0.27877325
700.95488292,0.28105372
701.18970348,0.27818584
701.42453519,0.27466906
701.65937804,0.26962198
701.89423202,0.26895504
702.12909714,0.26667054
702.36397339,0.26648359
702.59886077,0.27251406
702.83375927,0.26562430
703.06866889,0.26059866
703.30358964,0.25789842
703.53852150,0.25708394
703.77346448,0.26432653
704.00841857,0.26078638
704.24338376,0.26286055
704.47836007,0.27008230
704.71334748,0.26913987
704.94834598,0.27847719
705.18335559,0.27933818
705.41837629,0.28624542
705.65340808,0.30002085
705.88845096,0.30437773
706.12350493,0.31730002
706.35856998,0.32709301
706.59364612,0.34189622
706.82873333,0.35244803
707.06383161,0.36629068
707.29894097,0.37432703
707.53406141,0.39488896
707.76919290,0.39920044
708.00433546,0.42057934
708.23948909,0.42380066
708.47465377,0.43106692
708.70982951,0.43859962
708.94501630,0.43969090
709.18021414,0.46248775
709.41542303,0.46381291
709.65064297,0.48493709
709.88587395,0.49925731
710.12111597,0.52019508
710.35636902,0.52697177
710.59163311,0.54207006
710.82690823,0.54563030
711.06219437,0.52494555
711.29749155,0.52519541
711.53279974,0.52534095
711.76811896,0.53591598
712.00344920,0.53478271
712.23879044,0.54326680
712.47414270,0.56328201
712.70950597,0.56173192
712.94488025,0.57682407
713.18026553,0.57050713
713.41566181,0.58582875
713.65106908,0.57973555
713.88648736,0.61244159
714.12191662,0.59047694
714.35735688,0.59191738
714.59280812,0.59313577
714.82827034,0.59671538
715.06374355,0.59447235
715.29922774,0.58823570
715.53472290,0.59527095
715.77022903,0.57805856
716.00574614,0.59357540
716.24127421,0.58553696
716.47681324,0.59855597
716.71236324,0.60624066
716.94792420,0.62477013
717.18349611,0.59872294
717.41907898,0.57423018
717.65467280,0.55569961
717.89027757,0.53776246
718.12589328,0.53617069
718.36151993,0.53030367
718.59715752,0.51152517
718.83280605,0.48535394
719.06846552,0.46722226
719.30413591,0.45346711
719.53981724,0.43131551
719.77550949,0.40744600
720.01121266,0.39743939
720.24692676,0.37830467
720.48265177,0.36764991
720.71838769,0.34803098
720.95413453,0.34449258
721.18989228,0.33791985
721.42566093,0.34110027
721.66144049,0.34055682
721.89723095,0.33297598
722.13303231,0.32508486
722.36884456,0.33140697
722.60466770,0.33896738
722.84050173,0.33630655
723.07634666,0.33427456
723.31220246,0.33136477
723.54806915,0.33302225
723.78394671,0.33710134
724.01983515,0.33270374
724.25573447,0.32680152
724.49164465,0.32914639
724.72756571,0.33463094
724.96349762,0.34262647
725.19944040,0.35879509
725.43539404,0.35933726
725.67135854,0.35954605
725.90733388,0.35290778
726.14332008,0.34321812
726.37931713,0.35068980
726.61532503,0.34599974
726.85134376,0.35290868
727.08737334,0.35533895
727.32341375,0.36260351
727.55946500,0.36038193
727.79552708,0.37327983
728.03159998,0.37401059
728.26768372,0.36571854
728.50377827,0.35515135
728.73988365,0.35690956
728.97599985,0.36676725
729.21212686,0.36794115
729.44826468,0.36735571
729.68441331,0.35466731
729.92057275,0.34664650
730.15674299,0.33159439
730.39292403,0.31681749
730.62911587,0.31137081
730.86531851,0.30592657
731.10153194,0.30517353
731.33775616,0.30138487
731.57399117,0.30167624
731.81023696,0.28965688
732.04649353,0.29451822
732.28276088,0.29256906
732.51903901,0.29357604
732.75532791,0.28884462
732.99162758,0.29449679
733.22793802,0.29682123
733.46425923,0.31189475
733.70059119,0.31987184
733.93693392,0.32443474
734.17328740,0.33109282
734.40965164,0.33205591
734.64602662,0.32847531
734.88241236,0.34897309
735.11880884,0.34564726
735.35521607,0.35707605
735.59163403,0.34610478
735.82806273,0.33831704
736.06450217,0.32380889
736.30095234,0.30598918
736.53741323,0.29989667
736.77388486,0.30586764
737.01036720,0.30927737
737.24686027,0.30739254
737.48336406,0.30341533
737.71987856,0.30668159
737.95640377,0.30389689
738.19293969,0.29698520
738.42948632,0.28754467
738.66604365,0.29152308
738.90261169,0.29154162
739.13919042,0.28266645
739.37577985,0.27889657
739.61237997,0.28092683
739.84899078,0.28400545
740.08561228,0.29028829
740.32224446,0.29667624
740.55888732,0.30843911
740.79554087,0.31798690
741.03220509,0.32847551
741.26887998,0.31620828
741.50556555,0.31869695
741.74226178,0.32947874
741.97896868,0.33988632
742.21568624,0.35558952
742.45241446,0.35734545
742.68915333,0.35610994
742.92590286,0.34849254
743.16266304,0.33222483
743.39943387,0.33253627
743.63621535,0.34091367
743.87300747,0.33693476
744.10981023,0.31922029
744.34662363,0.31926235
744.58344766,0.31438613
744.82028232,0.30710052
745.05712761,0.29405914
745.29398353,0.29573224
745.53085007,0.30644906
745.76772724,0.31294136
746.00461502,0.32676045
746.24151341,0.32533252
746.47842242,0.31968184
746.71534204,0.32076992
746.95227227,0.32190122
747.18921310,0.32018683
747.42616453,0.32020468
747.66312656,0.31997749
747.90009918,0.31004884
748.13708240,0.29849517
748.37407621,0.29003898
748.61108061,0.28270894
748.84809559,0.28153627
749.08512115,0.28429990
749.32215730,0.27843426
749.55920401,0.27696893
749.79626131,0.27381031
750.03332917,0.27519241
750.27040760,0.26855375
750.50749660,0.26719634
750.74459616,0.25712435
750.98170628,0.25243236
751.21882695,0.25197511
751.45595818,0.26740156
751.69309997,0.26977273
751.93025230,0.26062287
752.16741517,0.26248529
752.40458859,0.28403020
752.64177256,0.29125085
752.87896705,0.30067378
753.11617209,0.31126531
753.35338765,0.32558746
753.59061374,0.33199048
753.82785037,0.33188781
754.06509751,0.34223087
754.30235518,0.34258485
754.53962336,0.34394747
754.77690206,0.33965364
755.01419127,0.34735741
755.25149099,0.33666156
755.48880122,0.33228643
755.72612195,0.33255886
755.96345319,0.34309147
756.20079492,0.33927872
756.43814715,0.34093065
756.67550987,0.33027644
756.91288309,0.33632542
757.15026679,0.33012876
757.38766097,0.34579048
757.62506564,0.34147672
757.86248079,0.31451073
758.09990641,0.28456976
758.33734251,0.27374721
758.57478908,0.25869283
758.81224612,0.23459787
759.04971362,0.22988582
759.28719159,0.22955102
759.52468001,0.22607114
759.76217889,0.22438053
759.99968823,0.22890094
760.23720802,0.24095901
760.47473826,0.25764594
760.71227894,0.26757141
760.94983007,0.27804056
761.18739164,0.28289534
761.42496364,0.28245510
761.66254608,0.29072749
761.90013895,0.30343603
762.13774226,0.32724329
762.37535598,0.33630539
762.61298014,0.35322134
762.85061471,0.35929431
763.08825970,0.37652584
763.32591511,0.36591139
763.56358093,0.37147749
763.80125716,0.37275383
764.03894380,0.37279716
764.27664084,0.38852423
764.51434829,0.37731894
764.75206613,0.36375584
764.98979437,0.35785033
765.22753300,0.33460955
765.46528203,0.33890113
765.70304144,0.31553800
765.94081124,0.29459905
766.17859142,0.28480139
766.41638197,0.27188370
766.65418291,0.25369182
766.89199422,0.23346736
767.12981590,0.21677726
767.36764795,0.20469727
767.60549036,0.18545688
767.84334314,0.17484500
768.08120628,0.15773761
768.31907977,0.14523714
768.55696362,0.13648805
768.79485782,0.12147610
769.03276238,0.11548591
769.27067727,0.10516617
769.50860251,0.09613977
769.74653809,0.09384203
769.98448401,0.08867132
770.22244027,0.08728619
770.46040685,0.09208303
770.69838377,0.09718590
770.93637101,0.09509400
771.17436858,0.10147860
771.41237647,0.10845227
771.65039468,0.11479712
771.88842320,0.12618515
772.12646204,0.14086240
772.36451118,0.15472239
772.60257064,0.16473148
772.84064039,0.19282614
773.07872045,0.22019124
773.31681081,0.23662720
773.55491147,0.26013725
773.79302242,0.27674403
774.03114366,0.29627681
774.26927519,0.31380236
774.50741700,0.33718463
774.74556910,0.36348144
774.98373147,0.37325911
775.22190413,0.37692499
775.46008705,0.39972193
775.69828025,0.40941541
775.93648372,0.42388356
776.17469745,0.46883452
776.41292145,0.49159315
776.65115570,0.50915623
776.88940022,0.51062596
777.12765499,0.49759847
777.36592001,0.50744423
777.60419528,0.48616981
777.84248079,0.48273517
778.08077655,0.46984051
778.31908256,0.44894719
778.55739879,0.43418359
778.79572527,0.42078456
779.03406198,0.39314949
779.27240891,0.37734171
779.51076608,0.34593442
779.74913346,0.34055640
779.98751107,0.34082943
780.22589890,0.33506011
780.46429695,0.32414146
780.70270520,0.32062629
780.94112367,0.31612077
781.17955235,0.31068195
781.41799123,0.30339151
781.65644031,0.29204677
781.89489959,0.28672732
782.13336907,0.28817212
782.37184874,0.27590213
782.61033861,0.27709654
782.84883866,0.26860111
783.08734890,0.26501617
783.32586931,0.26579093
783.56439991,0.25603503
783.80294069,0.25155264
784.04149164,0.25124049
784.28005276,0.24916703
784.51862406,0.24814548
784.75720551,0.24881162
784.99579713,0.24424621
785.23439891,0.23409315
785.47301085,0.23277279
785.71163295,0.22887808
785.95026519,0.22953012
786.18890759,0.22293359
786.42756013,0.21112506
786.66622282,0.20329345
786.90489564,0.19854508
787.14357861,0.18643953
787.38227171,0.17844394
787.62097494,0.17304038
787.85968831,0.16900121
788.09841180,0.16793297
788.33714541,0.16125508
788.57588915,0.15323497
788.81464301,0.15340305
789.05340698,0.14831688
789.29218106,0.14833683
789.53096526,0.14549213
789.76975956,0.14599179
790.00856397,0.14986340
790.24737848,0.14925980
790.48620309,0.14609367
790.72503780,0.14107374
790.96388260,0.14362801
791.20273749,0.14794225
791.44160247,0.14745837
791.68047754,0.14343701
791.91936269,0.14377191
792.15825792,0.15105735
792.39716323,0.14714626
792.63607861,0.14471366
792.87500406,0.14375064
793.11393958,0.15571086
793.35288517,0.16110946
793.59184082,0.18317450
793.83080653,0.19801866
794.06978230,0.20388197
794.30876813,0.20214882
794.54776401,0.21219342
794.78676993,0.22071423
795.02578591,0.22542881
795.26481193,0.22437995
795.50384798,0.22213681
795.74289408,0.22684985
795.98195022,0.24060715
796.22101638,0.23633599
796.46009258,0.23539114
796.69917880,0.23189835
796.93827505,0.23936898
797.17738132,0.22835739
797.41649761,0.23637468
797.65562392,0.23623237
797.89476024,0.23520384
798.13390657,0.23844772
798.37306290,0.25122219
798.61222925,0.24290553
798.85140559,0.24219642
799.09059194,0.24215253
799.32978828,0.24517255
799.56899462,0.25117394
799.80821094,0.24466850
800.04743726,0.24822610
800.28667356,0.24814096
800.52591985,0.24866362
800.76517611,0.25528167
801.00444236,0.26319613
801.24371857,0.26263025
801.48300476,0.26018150
801.72230092,0.26145832
801.96160705,0.25140829
802.20092314,0.25122097
802.44024919,0.24757836
802.67958519,0.24416630
802.91893116,0.24288762
803.15828707,0.23941193
803.39765294,0.23576988
803.63702875,0.22367268
803.87641450,0.22544706
804.11581020,0.22040165
804.35521584,0.21029198
804.59463141,0.21487699
804.83405692,0.21277909
805.07349235,0.20737867
805.31293772,0.19835532
805.55239300,0.18874389
805.79185821,0.18055802
806.03133334,0.18443184
806.27081839,0.17995235
806.51031335,0.17157720
806.74981822,0.17195493
806.98933300,0.16462714
807.22885768,0.15886937
807.46839227,0.15777918
807.70793675,0.15302543
807.94749114,0.14867243
808.18705542,0.14056907
808.42662959,0.13849589
808.66621364,0.12624992
808.90580759,0.12470086
809.14541141,0.11842206
809.38502512,0.11019011
809.62464871,0.10692319
809.86428217,0.10562786
810.10392550,0.10164855
810.34357870,0.09894371
810.58324177,0.09679132
810.82291470,0.09647402
811.06259749,0.09534430
811.30229015,0.09356957
811.54199265,0.09601782
811.78170501,0.09834092
812.02142722,0.08956752
812.26115928,0.08793355
812.50090118,0.08942156
812.74065292,0.09115816
812.98041450,0.08602873
813.22018592,0.07948181
813.45996717,0.08481335
813.69975825,0.08755826
813.93955916,0.09136909
814.17936989,0.09457299
814.41919045,0.09511489
814.65902083,0.09830169
814.89886102,0.10193974
815.13871102,0.10843169
815.37857084,0.11064954
815.61844047,0.11701742
815.85831990,0.12290108
816.09820913,0.12346541
816.33810817,0.12997512
816.57801700,0.13556666
816.81793562,0.14429752
817.05786404,0.15053726
817.29780225,0.15486636
817.53775024,0.16026957
817.77770801,0.16983924
818.01767557,0.17701807
818.25765290,0.17299929
818.49764001,0.18769713
818.73763689,0.20428044
818.97764354,0.21512491
819.21765996,0.23275580
819.45768614,0.23185400
819.69772209,0.23564200
819.93776779,0.24110734
820.17782324,0.24428879
820.41788845,0.23819906
820.65796341,0.23945142
820.89804812,0.24114714
821.13814257,0.24634091
821.37824677,0.24190494
821.61836070,0.23576736
821.85848437,0.23698203
822.09861777,0.23405339
822.33876090,0.22461091
822.57891376,0.22888004
822.81907635,0.22046283
823.05924866,0.22184356
823.29943069,0.21426689
823.53962243,0.21485391
823.77982389,0.20635504
824.02003506,0.20572352
824.26025594,0.20023673
824.50048652,0.20187249
824.74072681,0.20526021
824.98097680,0.21072877
825.22123648,0.20783908
825.46150586,0.20187965
825.70178493,0.19419127
825.94207369,0.18709190
826.18237214,0.17723115
826.42268027,0.17909381
826.66299808,0.17990901
826.90332557,0.17388225
827.14366273,0.17201541
827.38400957,0.17103203
827.62436608,0.16022754
827.86473225,0.15830304
828.10510809,0.14639181
828.34549359,0.14573955
828.58588874,0.13987833
828.82629356,0.12627143
829.06670802,0.13225658
829.30713214,0.12706614
829.54756590,0.10847262
829.78800931,0.10920437
830.02846236,0.10721981
830.26892505,0.10118762
830.50939738,0.09660295
830.74987934,0.09926023
830.99037093,0.09802663
831.23087215,0.08827126
831.47138299,0.08904348
831.71190346,0.09256140
831.95243355,0.09197596
832.19297325,0.08452178
832.43352257,0.08502377
832.67408150,0.08487780
832.91465003,0.08096644
833.15522818,0.08466568
833.39581592,0.08730702
833.63641327,0.08739185
833.87702022,0.09164119
834.11763676,0.09255973
834.35826289,0.09241601
834.59889861,0.09225070
834.83954392,0.09279179
835.08019881,0.09605951
835.32086328,0.09536912
835.56153733,0.10357784
835.80222095,0.09911722
836.04291415,0.09984925
836.28361692,0.10114632
836.52432926,0.09566290
836.76505116,0.10512440
837.00578262,0.10276361
837.24652364,0.10223708
837.48727421,0.10359576
837.72803434,0.10910107
837.96880402,0.10740543
838.20958325,0.10901735
838.45037202,0.11119680
838.69117033,0.11274543
838.93197819,0.11035849
839.17279558,0.10537539
839.41362250,0.11002613
839.65445896,0.10887214
839.89530494,0.09878246
840.13616045,0.10043478
840.37702548,0.10277869
840.61790003,0.10108407
840.85878410,0.09746395
841.09967768,0.09976465
841.34058078,0.10809768
841.58149338,0.10219228
841.82241549,0.09396497
842.06334710,0.09400950
842.30428821,0.10468567
842.54523883,0.10822401
842.78619893,0.11176238
843.02716853,0.10885028
843.26814762,0.11904979
843.50913619,0.12643684
843.75013425,0.12863546
843.99114179,0.13711530
844.23215881,0.15765523
844.47318530,0.15884639
844.71422127,0.15416248
844.95526670,0.15780143
845.19632161,0.17155807
845.43738597,0.16939788
845.67845980,0.16004318
845.91954309,0.17059245
846.16063584,0.18112300
846.40173803,0.17959402
846.64284968,0.17130844
846.88397078,0.17048711
847.12510132,0.18650580
847.36624130,0.19555031
847.60739073,0.19460688
847.84854959,0.18602260
848.08971788,0.18761457
848.33089561,0.19102599
848.57208276,0.18964383
848.81327934,0.19019111
849.05448534,0.19481573
849.29570076,0.18824100
849.53692560,0.19911134
849.77815986,0.19364482
850.01940353,0.19366774
850.26065660,0.19781116
850.50191908,0.20578915
850.74319097,0.20526213
850.98447225,0.20672849
851.22576294,0.20028021
851.46706301,0.19200904
851.70837248,0.18468037
851.94969135,0.17727240
852.19101959,0.17536636
852.43235722,0.16948656
852.67370424,0.15637763
852.91506063,0.15853115
853.15642640,0.15968647
853.39780154,0.15198115
853.63918605,0.14526140
853.88057992,0.14201644
854.12198317,0.13634375
854.36339577,0.13414511
854.60481773,0.12231559
854.84624905,0.11837725
855.08768973,0.11592796
855.32913975,0.11161330
855.57059912,0.10905953
855.81206784,0.10418574
856.05354590,0.10349086
856.29503330,0.10342728
856.53653004,0.09926182
856.77803611,0.09252188
857.01955151,0.09128209
857.26107624,0.08451165
857.50261030,0.08554683
857.74415367,0.08175978
857.98570637,0.07930835
858.22726839,0.08056676
858.46883972,0.07744555
858.71042037,0.07891288
858.95201032,0.07514587
859.19360958,0.07290408
859.43521814,0.06800412
859.67683601,0.06995042
859.91846317,0.06922603
860.16009963,0.07028655
860.40174538,0.06840502
860.64340042,0.06603682
860.88506474,0.06752400
861.12673835,0.06787950
861.36842125,0.06953254
861.61011342,0.07001360
861.85181487,0.06314745
862.09352559,0.06320925
862.33524558,0.05835480
862.57697484,0.06203559
862.81871336,0.05885451
863.06046114,0.05923314
863.30221819,0.05583932
863.54398449,0.05422963
863.78576004,0.05604827
864.02754485,0.05219419
864.26933890,0.05018534
864.51114220,0.05255150
864.75295474,0.04991367
864.99477653,0.04573184
865.23660755,0.04752865
865.47844780,0.04625061
865.72029728,0.04914051
865.96215600,0.04725624
866.20402394,0.04696302
866.44590110,0.04602256
866.68778748,0.05097990
866.92968308,0.05468852
867.17158790,0.05043826
867.41350193,0.05238323
867.65542516,0.05583989
867.89735761,0.05730549
868.13929926,0.05891738
868.38125011,0.06046626
868.62321015,0.06352413
868.86517940,0.06295953
869.10715783,0.06484072
869.34914546,0.06856809
869.59114227,0.06304381
869.83314827,0.07099618
870.07516344,0.06804599
870.31718780,0.06846158
870.55922133,0.06779738
870.80126404,0.07202492
871.04331592,0.07378285
871.28537696,0.07459929
871.52744717,0.07302805
871.76952655,0.07409414
872.01161508,0.07330163
872.25371277,0.07254610
872.49581961,0.07183375
872.73793560,0.06938707
872.98006075,0.07212847
873.22219503,0.07084978
873.46433846,0.06680894
873.70649103,0.06341944
873.94865274,0.06481963
874.19082358,0.06195263
874.43300356,0.06237229
874.67519266,0.06224533
874.91739089,0.05878843
875.15959824,0.05929453
875.40181471,0.06193141
875.64404031,0.06561892
875.88627501,0.06542881
876.12851883,0.06212158
876.37077176,0.06463500
876.61303379,0.06678877
876.85530493,0.06970206
877.09758517,0.07470222
877.33987451,0.07453580
877.58217294,0.07794959
877.82448047,0.08083810
878.06679709,0.08569890
878.30912279,0.09291850
878.55145758,0.09245879
878.79380145,0.10003779
879.03615440,0.10374047
879.27851643,0.11140548
879.52088753,0.11100728
879.76326770,0.11341303
880.00565694,0.11377194
880.24805524,0.11305992
880.49046260,0.11226453
880.73287903,0.11554948
880.97530451,0.12030549
881.21773905,0.12268970
881.46018264,0.11919188
881.70263527,0.11904845
881.94509695,0.11529800
882.18756768,0.12061548
882.43004744,0.12151846
882.67253625,0.12306944
882.91503409,0.12239720
883.15754095,0.12344140
883.40005685,0.12302326
883.64258178,0.12953759
883.88511573,0.13629908
884.12765869,0.13606897
884.37021068,0.14008775
884.61277168,0.14557489
884.85534170,0.15637545
885.09792072,0.16031208
885.34050876,0.17182720
885.58310579,0.17873833
885.82571183,0.16628175
886.06832686,0.17387727
886.31095090,0.17557859
886.55358392,0.18600341
886.79622594,0.18271533
887.03887694,0.17850566
887.28153693,0.16535735
887.52420589,0.16060655
887.76688384,0.15124717
888.00957077,0.15290264
888.25226667,0.14247363
888.49497154,0.14203472
888.73768537,0.14691505
888.98040818,0.15562173
889.22313994,0.15587176
889.46588067,0.15788637
889.70863035,0.15285895
889.95138899,0.15744358
890.19415657,0.15635729
890.43693311,0.16255313
890.67971859,0.15706899
890.92251302,0.15407187
891.16531639,0.15951823
891.40812869,0.16462515
891.65094993,0.15696306
891.89378010,0.15256839
892.13661920,0.14875635
892.37946723,0.15506028
892.62232418,0.16175748
892.86519005,0.16885724
893.10806484,0.16741198
893.35094854,0.16511196
893.59384116,0.16376648
893.83674269,0.16515043
894.07965312,0.17486301
894.32257246,0.18995775
894.56550070,0.19833205
894.80843784,0.20631313
895.05138388,0.19594624
895.29433881,0.19421069
895.53730263,0.17791815
895.78027533,0.18721665
896.02325692,0.19435430
896.26624740,0.20379662
896.50924675,0.19303729
896.75225498,0.18043492
896.99527208,0.17335656
897.23829806,0.17666533
897.48133290,0.18014173
897.72437661,0.18378214
897.96742918,0.16383017
898.21049061,0.15430367
898.45356090,0.14684911
898.69664005,0.15369805
898.93972804,0.15451107
899.18282488,0.15463973
899.42593057,0.14884097
899.66904511,0.15011483
899.91216848,0.14624507
900.15530069,0.14952860
900.39844174,0.15068332
900.64159162,0.15270989
900.88475033,0.15210474
901.12791786,0.15227707
901.37109422,0.15030830
901.61427940,0.15484865
901.85747340,0.15353105
902.10067621,0.14628615
902.34388784,0.13410402
902.58710827,0.13125634
902.83033752,0.14056857
903.07357557,0.14720777
903.31682242,0.14758311
903.56007807,0.13709474
903.80334251,0.12491051
904.04661575,0.12325442
904.28989778,0.13104557
904.53318860,0.14444588
904.77648820,0.14565680
905.01979659,0.14482062
905.26311375,0.12530646
905.50643969,0.11902512
905.74977441,0.12195860
905.99311789,0.12631254
906.23647015,0.12231508
906.47983117,0.11349963
906.72320095,0.10252648
906.96657950,0.09637379
907.20996680,0.10007641
907.45336285,0.10127244
907.69676766,0.10074857
907.94018122,0.09618571
908.18360352,0.09141023
908.42703457,0.08716131
908.67047435,0.08259436
908.91392288,0.08263712
909.15738014,0.08037864
909.40084613,0.08355767
909.64432085,0.07554146
909.88780430,0.07558215
910.13129648,0.07916176
910.37479737,0.07911973
910.61830699,0.08590498
910.86182531,0.08379009
911.10535236,0.08644623
911.34888811,0.08814675
911.59243257,0.08948188
911.83598573,0.09017425
912.07954760,0.08879298
912.32311816,0.10016173
912.56669743,0.10119256
912.81028538,0.10401384
913.05388203,0.10803542
913.29748736,0.10562970
913.54110138,0.10453995
913.78472408,0.10818211
914.02835547,0.10656893
914.27199552,0.11035989
914.51564426,0.10560570
914.75930166,0.10474538
915.00296774,0.11416690
915.24664247,0.11377181
915.49032588,0.11745539
915.73401794,0.12074145
915.97771866,0.11464917
916.22142803,0.11907009
916.46514606,0.11249798
916.70887274,0.10774195
916.95260806,0.10210602
917.19635202,0.09959806
917.44010463,0.09821412
917.68386588,0.09685452
917.92763576,0.09689397
918.17141427,0.10047787
918.41520141,0.09329879
918.65899718,0.09555492
918.90280158,0.09737870
919.14661459,0.09398694
919.39043623,0.08877444
919.63426648,0.08408349
919.87810534,0.07487310
920.12195281,0.07217310
920.36580890,0.06149091
920.60967358,0.06063352
920.85354687,0.05142273
921.09742876,0.05196592
921.34131924,0.04545605
921.58521832,0.04577136
921.82912599,0.04101573
922.07304225,0.04051288
922.31696709,0.03573784
922.56090052,0.03689066
922.80484252,0.03274704
923.04879310,0.03226544
923.29275226,0.03255846
923.53671999,0.03565674
923.78069629,0.03868948
924.02468115,0.04127003
924.26867458,0.03944723
924.51267656,0.03885929
924.75668711,0.03749932
925.00070621,0.03950995
925.24473386,0.04225303
925.48877006,0.04614656
925.73281481,0.04884716
925.97686810,0.05210999
926.22092994,0.05251037
926.46500031,0.05812099
926.70907921,0.05830834
926.95316665,0.05797494
927.19726262,0.05807964
927.44136712,0.06277056
927.68548014,0.06379543
927.92960168,0.06965922
928.17373175,0.07365545
928.41787032,0.07512128
928.66201741,0.07681811
928.90617302,0.07715102
929.15033713,0.07457712
929.39450974,0.08012524
929.63869086,0.08552821
929.88288047,0.09222666
930.12707859,0.09094949
930.37128520,0.09275554
930.61550029,0.09067652
930.85972388,0.09666609
931.10395595,0.09392165
931.34819651,0.09635035
931.59244554,0.09903122
931.83670306,0.10715220
932.08096904,0.10516616
932.32524350,0.10135665
932.56952643,0.10288514
932.81381782,0.10060425
933.05811768,0.09775320
933.30242600,0.09713018
933.54674278,0.09042838
933.79106801,0.09187489
934.03540169,0.08270224
934.27974382,0.08066947
934.52409440,0.06873834
934.76845343,0.07049678
935.01282089,0.06869350
935.25719680,0.06660249
935.50158114,0.06658257
935.74597391,0.06701865
935.99037511,0.06274895
936.23478474,0.05544003
936.47920279,0.05217496
936.72362927,0.04770041
936.96806417,0.04411529
937.21250748,0.04775852
937.45695920,0.04604290
937.70141934,0.04503495
937.94588788,0.04629129
938.19036483,0.04153829
938.43485019,0.03716786
938.67934394,0.03561389
938.92384608,0.03333191
939.16835663,0.03192965
939.41287556,0.03435873
939.65740288,0.03042585
939.90193859,0.02688242
940.14648268,0.03019128
940.39103515,0.02757386
940.63559600,0.02638291
940.88016523,0.02478934
941.12474282,0.02192320
941.36932879,0.02255078
941.61392312,0.02263497
941.85852581,0.02152401
942.10313687,0.02166907
942.34775628,0.01727341
942.59238405,0.01513657
942.83702017,0.01620520
943.08166464,0.01698124
943.32631746,0.01407214
943.57097862,0.01019779
943.81564813,0.01482301
944.06032597,0.01323379
944.30501215,0.01082495
944.54970666,0.01018000
944.79440950,0.01329552
945.03912067,0.01358950
945.28384016,0.01352948
945.52856798,0.01201867
945.77330412,0.01543259
946.01804857,0.01235130
946.26280133,0.01448594
946.50756241,0.01346243
946.75233179,0.01480279
946.99710948,0.01113873
947.24189548,0.01616454
947.48668977,0.01356813
947.73149236,0.01679404
947.97630324,0.01610094
948.22112242,0.02198439
948.46594988,0.02215454
948.71078563,0.02675748
948.95562966,0.02400047
949.20048198,0.02876740
949.44534257,0.02765782
949.69021144,0.02924879
949.93508857,0.02828768
950.17997398,0.02881171
950.42486766,0.03050459
950.66976959,0.03140908
950.91467979,0.03879658
951.15959825,0.03599226
951.40452496,0.03509131
951.64945993,0.03272425
951.89440314,0.03053062
952.13935461,0.03335279
952.38431431,0.03843997
952.62928226,0.03579992
952.87425845,0.03716336
953.11924287,0.04099729
953.36423553,0.04197961
953.60923642,0.04482510
953.85424553,0.04549864
954.09926287,0.04373811
954.34428843,0.04520288
954.58932222,0.04702354
954.83436421,0.04637717
955.07941443,0.04851138
955.32447285,0.05468659
955.56953948,0.05257511
955.81461432,0.05690997
956.05969736,0.06191073
956.30478860,0.06065248
956.54988803,0.06471743
956.79499567,0.06591040
957.04011149,0.06279351
957.28523550,0.06291515
957.53036770,0.06310457
957.77550808,0.06475827
958.02065664,0.06838116
958.26581338,0.06884039
958.51097830,0.07351038
958.75615139,0.07679689
959.00133264,0.07303055
959.24652207,0.07493100
959.49171965,0.07491452
959.73692540,0.07572855
959.98213931,0.07216805
960.22736137,0.06777272
960.47259159,0.07106065
960.71782995,0.07763619
960.96307647,0.08043949
961.20833112,0.08355992
961.45359392,0.09168477
961.69886486,0.09509633
961.94414394,0.09415437
962.18943115,0.08498347
962.43472648,0.08420679
962.68002995,0.07905961
962.92534154,0.07730021
963.17066126,0.07983109
963.41598909,0.08464745
963.66132504,0.08133950
963.90666911,0.07840857
964.15202128,0.07675345
964.39738157,0.07748983
964.64274996,0.07156280
964.88812645,0.07072697
965.13351104,0.06877762
965.37890374,0.06999238
965.62430452,0.06806617
965.86971340,0.06500886
966.11513036,0.05885584
966.36055542,0.05841444
966.60598855,0.05841576
966.85142977,0.05918842
967.09687907,0.05636227
967.34233644,0.05717833
967.58780188,0.05236425
967.83327539,0.05548200
968.07875697,0.04981155
968.32424661,0.05601022
968.56974432,0.05050113
968.81525008,0.05372299
969.06076390,0.04984979
969.30628577,0.05131682
969.55181570,0.04865958
969.79735367,0.04763451
970.04289968,0.04494939
970.28845374,0.04321422
970.53401583,0.03900635
970.77958597,0.03863221
971.02516413,0.03994627
971.27075033,0.03837591
971.51634455,0.03894096
971.76194680,0.03369032
972.00755708,0.03165664
972.25317537,0.03297783
972.49880168,0.02870769
972.74443600,0.03056877
972.99007834,0.02910331
973.23572868,0.02765806
973.48138703,0.02397446
973.72705338,0.02462143
973.97272774,0.02370226
974.21841009,0.02246769
974.46410043,0.02297063
974.70979877,0.02246632
974.95550510,0.02141806
975.20121941,0.02008021
975.44694171,0.02428872
975.69267199,0.02395170
975.93841024,0.02319850
976.18415647,0.02085627
976.42991068,0.01769494
976.67567285,0.02217200
976.92144299,0.02280048
977.16722110,0.02122896
977.41300717,0.02318093
977.65880119,0.02259192
977.90460317,0.02271580
978.15041311,0.02115042
978.39623099,0.02016564
978.64205683,0.02479073
978.88789061,0.02165136
979.13373233,0.02273972
979.37958199,0.02204662
979.62543958,0.02074593
979.87130511,0.01986985
980.11717857,0.01773585
980.36305996,0.01802760
980.60894928,0.01942971
980.85484651,0.01762919
981.10075167,0.01888695
981.34666475,0.02095933
981.59258573,0.02033146
981.83851463,0.01861307
982.08445144,0.01943170
982.33039616,0.01543169
982.57634878,0.01926097
982.82230930,0.01976368
983.06827771,0.01934753
983.31425403,0.01530752
983.56023823,0.01700117
983.80623032,0.01784213
984.05223031,0.01992995
984.29823817,0.01216688
984.54425391,0.01294038
984.79027754,0.01086462
985.03630904,0.01400754
985.28234841,0.01111754
985.52839565,0.01017869
985.77445076,0.01342130
986.02051374,0.01032551
986.26658457,0.00881429
986.51266327,0.01193903
986.75874982,0.00875453
987.00484422,0.01032309
987.25094647,0.01108131
987.49705658,0.01285755
987.74317452,0.01463721
987.98930031,0.01216527
988.23543394,0.01072190
988.48157541,0.01004934
988.72772471,0.00929812
988.97388184,0.00883959
989.22004680,0.00709727
989.46621959,0.01011470
989.71240020,0.00825010
989.95858862,0.00883828
990.20478487,0.01080259
990.45098893,0.00867430
990.69720080,0.01086790
990.94342048,0.00940230
991.18964797,0.01251984
991.43588326,0.01145434
991.68212635,0.01172595
991.92837724,0.01019871
992.17463593,0.01189540
992.42090240,0.00806282
992.66717667,0.01164190
992.91345872,0.01570299
993.15974856,0.01281251
993.40604618,0.01482494
993.65235158,0.01438375
993.89866475,0.01637334
994.14498570,0.01733701
994.39131441,0.01543169
994.63765090,0.01884506
994.88399515,0.01733650
995.13034716,0.01731696
995.37670693,0.01637460
995.62307445,0.01821543
995.86944973,0.01720820
996.11583276,0.01806821
996.36222354,0.01685554
996.60862206,0.01419714
996.85502833,0.01120304
997.10144233,0.01141189
997.34786408,0.01195443
997.59429355,0.01507630
997.84073076,0.01093108
998.08717570,0.01082259
998.33362836,0.01124420
998.58008875,0.01090760
998.82655685,0.01312890
999.07303267,0.00976358
999.31951621,0.00919430
999.56600746,0.00812368
999.81250642,0.00601035
1000.05901309,0.00554926
1000.30552746,0.00691108
1000.55204953,0.00839584
1000.79857929,0.00800118
1001.04511676,0.00952985
1001.29166191,0.01103811
1001.53821476,0.00870899
1001.78477529,0.00766539
1002.03134351,0.00619970
1002.27791941,0.00756102
1002.52450299,0.00613820
1002.77109424,0.00908815
1003.01769317,0.00577969
1003.26429976,0.00940289
1003.51091403,0.00797802
1003.75753596,0.00810458
1004.00416555,0.00891960
1004.25080280,0.00532281
1004.49744771,0.00559294
1004.74410027,0.00988189
1004.99076048,0.00894008
1005.23742834,0.01090716
1005.48410384,0.00622220
1005.73078699,0.00940117
1005.97747778,0.00858641
1006.22417620,0.00575993
1006.47088226,0.00624112
1006.71759595,0.00693301
1006.96431727,0.00716451
1007.21104622,0.00682756
1007.45778279,0.00603366
1007.70452698,0.00655324
1007.95127879,0.00634626
1008.19803821,0.00810436
1008.44480524,0.00764533
1008.69157988,0.00745682
1008.93836213,0.00557273
1009.18515199,0.00952580
1009.43194944,0.00624082
1009.67875450,0.00714156
1009.92556715,0.00770425
1010.17238739,0.01030303
1010.41921522,0.01147564
1010.66605064,0.01044952
1010.91289364,0.00910921
1011.15974422,0.01084509
1011.40660239,0.01164072
1011.65346813,0.00965192
1011.90034144,0.00986560
1012.14722232,0.00864819
1012.39411078,0.00910723
1012.64100679,0.01074206
1012.88791037,0.01197639
1013.13482151,0.01134782
1013.38174020,0.01218643
1013.62866645,0.01036771
1013.87560025,0.01275415
1014.12254160,0.01469858
1014.36949049,0.01321359
1014.61644693,0.01683826
1014.86341091,0.01733746
1015.11038242,0.01714836
1015.35736147,0.01800873
1015.60434805,0.01492989
1015.85134216,0.01936778
1016.09834379,0.01764964
1016.34535295,0.01796412
1016.59236963,0.01325632
1016.83939383,0.01528496
1017.08642554,0.01258594
1017.33346476,0.01572537
1017.58051150,0.01675132
1017.82756574,0.01348311
1018.07462748,0.01580723
1018.32169673,0.01449172
1018.56877347,0.01568224
1018.81585771,0.01524593
1019.06294945,0.01373713
1019.31004867,0.01492751
1019.55715538,0.01557506
1019.80426957,0.01434544
1020.05139125,0.01252562
1020.29852041,0.01273372
1020.54565704,0.01520065
1020.79280114,0.01687643
1021.03995272,0.01586955
1021.28711177,0.01798831
1021.53427828,0.01597618
1021.78145225,0.01689884
1022.02863368,0.01620652
1022.27582257,0.01572348
1022.52301891,0.01623083
1022.77022270,0.01294251
1023.01743395,0.01426079
1023.26465263,0.01359007
1023.51187876,0.01331460
1023.75911234,0.01595477
1024.00635335,0.01164222
1024.25360179,0.01224915
1024.50085766,0.01226991
1024.74812097,0.01346412
1024.99539170,0.01275163
1025.24266985,0.01160148
1025.48995543,0.00990345
1025.73724842,0.00961130
1025.98454883,0.00969704
1026.23185665,0.01009167
1026.47917188,0.01088781
1026.72649452,0.01285740
1026.97382456,0.01032513
1027.22116200,0.00917033
1027.46850685,0.00969525
1027.71585908,0.01120310
1027.96321872,0.01262636
1028.21058574,0.00845848
1028.45796014,-0.00084575
1028.70534194,-0.00069891
1028.95273111,-0.00120169
1029.20012767,-0.00210133
1029.44753160,0.00076601
1029.69494290,0.00047358
