198.80933475,0.00591704
199.01143578,0.00506706
199.21355429,0.00334637
199.41569028,0.00106593
199.61784374,0.00280735
199.82001468,0.00266223
200.02220309,0.00427927
200.22440896,-0.00150474
200.42663230,0.00106593
200.62887310,-0.00017794
200.83113136,0.00374026
201.03340708,0.00056838
201.23570025,0.00330490
201.43801087,0.00380245
201.64033894,0.00504633
201.84268445,0.00454878
202.04504741,0.00282808
202.24742780,0.00266223
202.44982564,0.00106593
202.65224090,-0.00187790
202.85467360,0.00448658
203.05712372,0.00417561
203.25959128,-0.00073769
203.46207625,0.00172933
203.66457864,0.00245492
203.86709846,0.00614508
204.06963568,0.00396830
204.27219032,0.00430000
204.47476237,0.00164640
204.67735182,0.00137690
204.87995868,0.01002182
205.08258293,0.00564753
205.28522459,0.00255858
205.48788364,0.00191591
205.69056008,0.00318052
205.89325391,0.00614508
206.09596513,0.00110739
206.29869374,0.00695360
206.50143972,0.00537803
206.70420308,0.00276589
206.90698382,0.00154275
207.10978194,0.00154275
207.31259742,0.00477682
207.51543027,-0.00102792
207.71828048,0.00266223
207.92114806,0.00237200
208.12403299,0.01027059
208.32693528,0.00162567
208.52985493,0.00322198
208.73279193,-0.00026087
208.93574627,0.01008401
209.13871796,0.00438293
209.34170699,0.00313905
209.54471336,0.00094154
209.74773707,0.00183299
209.95077811,0.00071350
210.15383649,0.00197810
210.35691219,0.00168787
210.56000522,0.00529510
210.76311557,-0.00007429
210.96624324,0.00564753
211.16938823,-0.00094500
211.37255053,0.00152202
211.57573015,-0.00007429
211.77892707,0.00481828
211.98214130,0.00108666
212.18537284,0.00129397
212.38862167,0.00297320
212.59188781,-0.00057184
212.79517124,-0.00042672
212.99847196,-0.00046818
213.20178997,0.00349148
213.40512527,0.00662190
213.60847785,0.00135617
213.81184772,0.00199884
214.01523486,-0.00061330
214.21863928,0.00467316
214.42206097,0.00417561
214.62549993,0.00307686
214.82895616,0.00011229
215.03242966,0.00326344
215.23592042,0.00133544
215.43942843,0.00307686
215.64295370,0.00212322
215.84649623,0.00295247
216.05005601,0.00815601
216.25363303,0.00289028
216.45722731,0.00324271
216.66083882,-0.00198156
216.86446757,0.00274516
217.06811356,-0.00169132
217.27177679,0.00473536
217.47545724,0.00245492
217.67915493,0.00069277
217.88286984,0.00247565
218.08660198,0.00492194
218.29035133,0.00546095
218.49411790,0.00869502
218.69790169,0.00160494
218.90170269,0.00193664
219.10552090,0.00595850
219.30935632,0.00328417
219.51320894,0.00092081
219.71707876,0.00044399
219.92096578,0.00678775
220.12486999,-0.00001209
220.32879140,0.00318052
220.53272999,-0.00131816
220.73668578,0.00326344
220.94065875,0.00471463
221.14464890,0.00046472
221.34865623,0.00297320
221.55268073,0.00289028
221.75672241,-0.00146328
221.96078126,0.00015376
222.16485728,-0.00142182
222.36895046,0.00029888
222.57306080,0.00324271
222.77718831,0.00166714
222.98133297,-0.00198156
223.18549478,0.00371953
223.38967375,-0.00086207
223.59386986,0.00073423
223.79808312,0.00085862
224.00231352,0.00330490
224.20656106,0.00481828
224.41082574,0.00419635
224.61510756,0.00788650
224.81940650,0.00011229
225.02372258,0.00131471
225.22805578,0.00077569
225.43240610,-0.00138035
225.63677355,0.00481828
225.84115811,-0.00223033
226.04555979,0.00371953
226.24997858,-0.00167059
226.45441448,0.00226834
226.65886748,0.00610362
226.86333759,0.00137690
227.06782480,0.00309759
227.27232911,0.00212322
227.47685052,0.00054765
227.68138902,0.00357441
227.88594461,0.00000864
228.09051728,0.00270370
228.29510704,0.00272443
228.49971389,0.00626947
228.70433781,0.00490121
228.90897881,0.00427927
229.11363688,0.00007083
229.31831202,0.00249638
229.52300423,0.00371953
229.72771350,0.00145982
229.93243984,0.00260004
230.13718324,0.00197810
230.34194369,0.00152202
230.54672120,0.00629020
230.75151576,0.00119032
230.95632737,0.00618654
231.16115602,0.00262077
231.36600172,-0.00024014
231.57086446,-0.00059257
231.77574423,0.00172933
231.98064104,-0.00231326
232.18555488,0.00291101
232.39048575,0.00307686
232.59543365,-0.00021941
232.80039857,0.00075496
233.00538051,0.00230980
233.21037947,0.00432073
233.41539544,0.01736067
233.62042843,0.00106593
233.82547842,0.00183299
234.03054543,0.00695360
234.23562943,0.00021595
234.44073044,0.00195737
234.64584845,0.00473536
234.85098345,0.00185372
235.05613545,0.00268297
235.26130444,0.00369880
235.46649041,0.00025741
235.67169337,0.00494267
235.87691331,0.00807308
236.08215023,0.00123178
236.28740413,0.00427927
236.49267500,0.00293174
236.69796284,-0.00065476
236.90326765,0.00257931
237.10858942,0.00332563
237.31392816,0.00411342
237.51928386,0.00384391
237.72465651,0.00065131
237.93004612,0.00083789
238.13545268,0.00112812
238.34087619,0.00324271
238.54631664,0.00081716
238.75177404,0.00081716
238.95724838,-0.00148401
239.16273965,0.00407196
239.36824786,0.00463170
239.57377300,0.00228907
239.77931508,0.00514998
239.98487407,0.00222688
240.19045000,0.00452805
240.39604284,0.00492194
240.60165260,-0.00131816
240.80727928,0.00183299
241.01292287,0.00463170
241.21858337,0.00463170
241.42426077,0.00204030
241.62995508,0.00349148
241.83566630,-0.00204375
242.04139441,0.00253785
242.24713941,0.00210249
242.45290131,0.00119032
242.65868010,0.00305613
242.86447578,0.00007083
243.07028835,0.00587557
243.27611779,0.00641459
243.48196412,0.00289028
243.68782732,0.00094154
243.89370739,-0.00038526
244.09960434,-0.00127670
244.30551816,0.00568899
244.51144884,0.00092081
244.71739638,0.00121105
244.92336078,0.00278662
245.12934204,0.00210249
245.33534016,0.00237200
245.54135512,0.00027814
245.74738694,0.00023668
245.95343560,0.00065131
246.15950110,0.00514998
246.36558345,0.00075496
246.57168263,0.00270370
246.77779865,0.00193664
246.98393150,0.00409269
247.19008118,0.00185372
247.39624769,0.00517071
247.60243102,0.00328417
247.80863117,0.00745115
248.01484814,0.00243419
248.22108192,0.00233054
248.42733252,-0.00231326
248.63359993,0.00017449
248.83988415,-0.00189863
249.04618517,0.00539876
249.25250299,-0.00059257
249.45883761,-0.00229253
249.66518903,0.00262077
249.87155724,-0.00109012
250.07794224,0.00591704
250.28434403,0.00392684
250.49076260,0.00629020
250.69719796,-0.00274861
250.90365009,-0.00063403
251.11011901,-0.00011575
251.31660469,0.00554388
251.52310715,0.00357441
251.72962638,0.00148055
251.93616237,0.00249638
252.14271513,0.00034034
252.34928464,0.00181225
252.55587091,-0.00042672
252.76247394,0.00293174
252.96909372,0.00023668
253.17573025,0.00260004
253.38238352,0.00087935
253.58905354,0.00224761
253.79574030,0.00133544
254.00244380,0.00280735
254.20916403,0.00927550
254.41590099,0.00378172
254.62265469,0.00148055
254.82942511,0.00102447
255.03621225,0.00009156
255.24301612,0.00197810
255.44983670,0.00160494
255.65667400,0.00345002
255.86352802,0.00094154
256.07039874,-0.00050964
256.27728617,-0.00055111
256.48419031,0.00291101
256.69111115,0.00367806
256.89804868,0.00305613
257.10500292,-0.00044745
257.31197384,0.00230980
257.51896146,0.00755480
257.72596577,-0.00252057
257.93298676,0.00127324
258.14002443,0.00392684
258.34707878,0.00015376
258.55414981,0.00204030
258.76123752,0.00046472
258.96834190,0.00682921
259.17546294,-0.00009502
259.38260065,-0.00200229
259.58975502,0.00092081
259.79692606,0.00029888
260.00411375,0.00195737
260.21131810,-0.00382664
260.41853909,0.00224761
260.62577674,0.00094154
260.83303103,0.00230980
261.04030197,-0.00084134
261.24758955,0.00031961
261.45489377,0.00029888
261.66221462,0.00139763
261.86955210,0.00318052
262.07690622,0.00162567
262.28427696,-0.00100719
262.49166433,-0.00310105
262.69906831,0.00456951
262.90648892,-0.00065476
263.11392614,-0.00021941
263.32137998,0.00363660
263.52885042,0.00125251
263.73633747,0.00591704
263.94384113,-0.00065476
264.15136139,0.00175006
264.35889825,0.00734749
264.56645171,0.00521218
264.77402176,0.00044399
264.98160840,0.00459024
265.18921163,0.00228907
265.39683144,-0.00189863
265.60446784,0.00799016
265.81212081,-0.00038526
266.01979037,0.00289028
266.22747650,0.00158421
266.43517920,0.00187445
266.64289847,-0.00171205
266.85063430,0.00011229
267.05838670,-0.00038526
267.26615566,0.00218542
267.47394117,-0.00225107
267.68174324,-0.00167059
267.88956187,0.00365733
268.09739704,0.00222688
268.30524876,0.00357441
268.51311702,0.00790723
268.72100183,-0.00310105
268.92890317,0.00067204
269.13682105,-0.00189863
269.34475546,-0.00173278
269.55270640,0.00185372
269.76067387,0.00177079
269.96865786,-0.00133889
270.17665838,0.00060984
270.38467541,0.00011229
270.59270896,0.00245492
270.80075902,-0.00133889
271.00882560,0.00324271
271.21690868,0.00096227
271.42500826,0.00266223
271.63312435,0.00034034
271.84125694,0.00040253
272.04940602,0.00788650
272.25757160,0.00154275
272.46575367,0.00361587
272.67395223,0.00208176
272.88216727,-0.00096573
273.09039880,0.00641459
273.29864681,0.00000864
273.50691129,0.00212322
273.71519225,0.00247565
273.92348968,0.00106593
274.13180358,0.00031961
274.34013395,-0.00032306
274.54848077,0.00191591
274.75684406,0.00264150
274.96522381,0.00048546
275.17362001,-0.00366079
275.38203267,0.00554388
275.59046177,0.00199884
275.79890732,0.00017449
276.00736932,0.00262077
276.21584776,-0.00063403
276.42434263,0.00125251
276.63285394,-0.00272788
276.84138169,-0.00061330
277.04992586,0.00311832
277.25848646,0.00270370
277.46706349,0.00152202
277.67565694,-0.00438638
277.88426680,-0.00121450
278.09289309,-0.00021941
278.30153578,-0.00017794
278.51019489,0.00376099
278.71887041,0.00175006
278.92756233,0.00481828
279.13627065,0.00386465
279.34499537,0.00266223
279.55373649,0.00396830
279.76249401,0.00904745
279.97126791,0.00274516
280.18005820,0.00141836
280.38886488,0.00208176
280.59768795,-0.00036452
280.80652739,0.00112812
281.01538321,0.00065131
281.22425540,0.00108666
281.43314397,0.00177079
281.64204891,0.00056838
281.85097021,0.00237200
282.05990788,0.00351222
282.26886190,0.00104520
282.47783229,-0.00339128
282.68681903,0.00380245
282.89582212,0.00226834
283.10484156,0.00228907
283.31387735,0.00133544
283.52292949,-0.00256203
283.73199796,0.00170860
283.94108277,0.00289028
284.15018392,-0.00073769
284.35930141,-0.00011575
284.56843522,0.00291101
284.77758536,0.00357441
284.98675183,0.00148055
285.19593461,0.00840478
285.40513372,0.00490121
285.61434914,0.00330490
285.82358088,-0.00272788
286.03282893,-0.00032306
286.24209328,0.00313905
286.45137395,0.00058911
286.66067091,0.00096227
286.86998417,0.00193664
287.07931373,0.00216469
287.28865959,0.00322198
287.49802174,0.00145982
287.70740017,0.00005010
287.91679489,0.00050619
288.12620590,0.00185372
288.33563318,-0.00079988
288.54507675,0.00365733
288.75453658,0.00021595
288.96401269,-0.00001209
289.17350507,0.00087935
289.38301372,0.00338783
289.59253863,0.00119032
289.80207980,0.00498413
290.01163723,0.00226834
290.22121091,0.00390611
290.43080085,0.00380245
290.64040703,-0.00042672
290.85002947,0.00162567
291.05966815,0.00208176
291.26932307,0.00315978
291.47899422,0.00278662
291.68868162,0.00479755
291.89838525,0.00177079
292.10810511,0.00589631
292.31784119,0.00191591
292.52759350,0.00046472
292.73736204,0.00361587
292.94714679,0.00390611
293.15694776,0.00052692
293.36676494,-0.00077915
293.57659834,-0.00028160
293.78644794,-0.00009502
293.99631375,-0.00235472
294.20619576,0.00523291
294.41609397,0.00608289
294.62600838,0.00125251
294.83593898,0.00309759
295.04588578,-0.00067549
295.25584876,-0.00283154
295.46582793,0.00017449
295.67582328,0.00268297
295.88583481,-0.00109012
296.09586253,-0.00028160
296.30590641,0.00216469
296.51596647,0.00154275
296.72604270,0.00025741
296.93613509,0.00496340
297.14624365,-0.00467662
297.35636837,-0.00123524
297.56650925,0.00065131
297.77666629,0.00123178
297.98683947,0.00029888
298.19702881,0.00291101
298.40723429,0.00166714
298.61745592,0.00235127
298.82769369,0.00409269
299.03794760,0.00589631
299.24821765,-0.00177425
299.45850383,0.00336710
299.66880614,0.00208176
299.87912458,-0.00200229
300.08945914,-0.00194010
300.29980983,0.00216469
300.51017663,-0.00019867
300.72055955,0.00523291
300.93095859,0.00162567
301.14137374,0.00110739
301.35180499,-0.00135962
301.56225235,0.00098301
301.77271582,-0.00318397
301.98319538,0.00929623
302.19369105,-0.00384737
302.40420280,-0.00086207
302.61473065,0.00527437
302.82527459,0.00154275
303.03583461,-0.00129743
303.24641072,0.00148055
303.45700291,0.00388538
303.66761117,0.00340856
303.87823552,0.00500486
304.08887593,0.00220615
304.29953241,-0.00038526
304.51020496,-0.00191937
304.72089358,0.00442439
304.93159825,0.00330490
305.14231899,-0.00001209
305.35305578,0.00405123
305.56380862,0.00073423
305.77457752,0.00270370
305.98536246,0.00162567
306.19616344,0.00083789
306.40698047,0.00197810
306.61781354,0.00110739
306.82866264,0.00289028
307.03952778,0.00280735
307.25040895,-0.00096573
307.46130614,0.00270370
307.67221937,0.00023668
307.88314861,-0.00092427
308.09409387,0.00181225
308.30505515,0.00139763
308.51603245,0.00394757
308.72702576,0.00046472
308.93803507,-0.00144255
309.14906039,0.00315978
309.36010172,-0.00011575
309.57115904,0.00282808
309.78223236,0.00162567
309.99332168,0.00019522
310.20442699,0.00338783
310.41554829,0.00019522
310.62668557,-0.00003282
310.83783884,0.00448658
311.04900809,-0.00324616
311.26019332,0.00056838
311.47139452,-0.00007429
311.68261169,0.00214395
311.89384484,0.00299393
312.10509395,0.00226834
312.31635903,0.00347075
312.52764007,0.00050619
312.73893706,-0.00144255
312.95025002,-0.00024014
313.16157892,-0.00233399
313.37292378,0.00672555
313.58428458,0.00098301
313.79566133,0.00029888
314.00705402,0.00291101
314.21846266,0.00042326
314.42988722,-0.00046818
314.64132772,0.00216469
314.85278416,-0.00117304
315.06425652,0.00923403
315.27574480,-0.00152547
315.48724901,0.00212322
315.69876914,-0.00150474
315.91030518,0.00162567
316.12185715,-0.00069622
316.33342502,0.00092081
316.54500880,0.00226834
316.75660848,0.00276589
316.96822407,0.00284882
317.17985556,-0.00117304
317.39150295,0.00087935
317.60316624,0.00102447
317.81484541,-0.00063403
318.02654048,0.00121105
318.23825143,0.00235127
318.44997826,0.00075496
318.66172098,0.00135617
318.87347957,0.00724384
319.08525404,0.00125251
319.29704439,0.00141836
319.50885060,-0.00009502
319.72067268,0.00376099
319.93251063,0.00083789
320.14436443,0.00023668
320.35623410,0.00699506
320.56811962,0.00492194
320.78002100,-0.00092427
320.99193822,-0.00011575
321.20387130,-0.00069622
321.41582021,0.00102447
321.62778498,0.00587557
321.83976558,0.00106593
322.05176201,0.00289028
322.26377428,-0.00007429
322.47580239,0.00477682
322.68784632,0.00297320
322.89990607,0.00050619
323.11198165,0.00009156
323.32407305,0.00253785
323.53618027,0.00345002
323.74830330,0.00050619
323.96044215,0.00353295
324.17259680,0.00459024
324.38476726,0.00436220
324.59695352,0.00000864
324.80915558,0.00156348
325.02137344,0.00121105
325.23360710,0.00104520
325.44585655,0.00315978
325.65812178,0.00295247
325.87040281,-0.00125597
326.08269962,0.00388538
326.29501221,-0.00042672
326.50734058,0.00299393
326.71968472,-0.00167059
326.93204464,0.00722310
327.14442032,0.00541949
327.35681178,0.00237200
327.56921900,-0.00113158
327.78164198,0.00199884
327.99408072,-0.00266569
328.20653522,0.00150129
328.41900547,0.00023668
328.63149147,0.00293174
328.84399322,0.00060984
329.05651071,0.00038180
329.26904395,0.00127324
329.48159293,0.00328417
329.69415764,-0.00003282
329.90673809,0.00278662
330.11933427,0.00048546
330.33194617,0.00187445
330.54457381,0.00166714
330.75721716,-0.00281081
330.96987624,-0.00133889
331.18255104,0.00336710
331.39524154,0.00647678
331.60794777,0.00179152
331.82066970,-0.00032306
332.03340733,0.00164640
332.24616067,0.00523291
332.45892971,0.00291101
332.67171445,0.00274516
332.88451489,0.00148055
333.09733102,0.00328417
333.31016283,-0.00028160
333.52301034,-0.00177425
333.73587352,-0.00185717
333.94875239,-0.00235472
334.16164694,-0.00050964
334.37455717,-0.00382664
334.58748306,0.00293174
334.80042463,0.00253785
335.01338187,-0.00146328
335.22635477,0.00332563
335.43934333,0.00121105
335.65234755,0.00396830
335.86536743,0.00230980
336.07840296,-0.00030233
336.29145415,-0.00077915
336.50452098,0.00266223
336.71760345,0.00307686
336.93070157,0.00251712
337.14381533,0.00096227
337.35694473,0.00013303
337.57008976,0.00400976
337.78325042,0.00002937
337.99642671,0.00060984
338.20961863,0.00145982
338.42282617,0.00181225
338.63604933,-0.00119377
338.84928810,0.00129397
339.06254250,0.00380245
339.27581250,0.00152202
339.48909812,0.00191591
339.70239934,0.00496340
339.91571616,0.00106593
340.12904859,0.00293174
340.34239661,-0.00220960
340.55576023,0.00307686
340.76913945,0.00355368
340.98253425,0.00168787
341.19594464,0.00168787
341.40937061,-0.00028160
341.62281217,0.00081716
341.83626930,0.00631093
342.04974201,0.00110739
342.26323030,-0.00144255
342.47673415,0.00289028
342.69025357,0.00647678
342.90378856,0.00056838
343.11733911,0.00432073
343.33090522,0.00220615
343.54448688,0.00127324
343.75808410,-0.00053037
343.97169687,0.00054765
344.18532519,-0.00061330
344.39896906,0.00083789
344.61262847,-0.00092427
344.82630341,0.00324271
345.03999390,0.00376099
345.25369992,0.00548168
345.46742147,0.00763773
345.68115855,0.00228907
345.89491115,0.00228907
346.10867928,0.00000864
346.32246293,0.00141836
346.53626210,-0.00191937
346.75007679,-0.00198156
346.96390698,0.00135617
347.17775269,0.00266223
347.39161390,0.00019522
347.60549061,0.00307686
347.81938283,0.00216469
348.03329055,0.00311832
348.24721376,0.00191591
348.46115246,0.00463170
348.67510665,-0.00119377
348.88907634,0.00100374
349.10306150,-0.00090354
349.31706215,-0.00131816
349.53107828,0.00056838
349.74510988,0.00034034
349.95915696,0.00409269
350.17321950,0.00249638
350.38729752,0.00604142
350.60139100,0.00104520
350.81549994,0.00050619
351.02962435,-0.00183644
351.24376421,0.00079642
351.45791952,0.00040253
351.67209028,0.00218542
351.88627650,0.00050619
352.10047816,0.00083789
352.31469526,0.00440366
352.52892780,0.00150129
352.74317578,0.00307686
352.95743919,0.00156348
353.17171804,0.00187445
353.38601232,0.00272443
353.60032202,-0.00256203
353.81464714,0.00523291
354.02898769,-0.00247911
354.24334365,-0.00216814
354.45771503,-0.00405468
354.67210182,0.00417561
354.88650403,0.00392684
355.10092164,0.00284882
355.31535465,0.00023668
355.52980306,0.00921330
355.74426687,0.00042326
355.95874608,0.00270370
356.17324069,0.00175006
356.38775068,-0.00129743
356.60227606,0.00284882
356.81681682,-0.00334982
357.03137297,-0.00121450
357.24594449,0.00328417
357.46053139,0.00483901
357.67513367,0.00502559
357.88975132,0.00100374
358.10438433,0.00023668
358.31903271,0.00286955
358.53369645,0.00050619
358.74837556,-0.00337055
358.96307002,0.00166714
359.17777983,-0.00237545
359.39250499,0.00293174
359.60724551,0.00303540
359.82200137,0.00145982
360.03677257,0.00013303
360.25155911,-0.00109012
360.46636100,0.00017449
360.68117821,-0.00339128
360.89601076,-0.00050964
361.11085864,0.00293174
361.32572184,-0.00270715
361.54060037,0.00351222
361.75549422,0.00220615
361.97040338,0.00521218
362.18532786,0.00206103
362.40026766,-0.00088280
362.61522276,0.00216469
362.83019318,0.00544022
363.04517889,0.00048546
363.26017991,0.00148055
363.47519623,-0.00005356
363.69022784,0.00241346
363.90527474,0.00042326
364.12033694,0.00407196
364.33541442,0.00038180
364.55050719,-0.00075842
364.76561524,-0.00046818
364.98073857,0.00025741
365.19587718,-0.00150474
365.41103106,0.00114886
365.62620021,-0.00094500
365.84138463,0.00119032
366.05658432,0.00108666
366.27179927,0.00485974
366.48702948,0.00013303
366.70227494,-0.00007429
366.91753566,0.00114886
367.13281163,0.00015376
367.34810285,-0.00384737
367.56340932,0.00096227
367.77873103,0.00214395
367.99406798,0.00237200
368.20942017,-0.00179498
368.42478759,0.00367806
368.64017025,-0.00084134
368.85556813,0.00305613
369.07098125,0.00031961
369.28640958,0.00307686
369.50185314,-0.00046818
369.71731191,0.00357441
369.93278590,-0.00351567
370.14827511,0.00083789
370.36377952,-0.00283154
370.57929914,-0.00021941
370.79483397,0.00465243
371.01038400,-0.00050964
371.22594922,-0.00024014
371.44152965,0.00060984
371.65712526,0.00291101
371.87273607,-0.00220960
372.08836206,0.00355368
372.30400324,0.00409269
372.51965960,-0.00096573
372.73533114,0.00324271
372.95101786,-0.00177425
373.16671976,0.00378172
373.38243682,0.00386465
373.59816905,0.00189518
373.81391645,-0.00235472
374.02967901,0.00268297
374.24545673,0.00027814
374.46124961,-0.00160840
374.67705764,0.00106593
374.89288082,0.00002937
375.10871916,0.00002937
375.32457264,0.00025741
375.54044126,0.00034034
375.75632503,0.00461097
375.97222393,0.00131471
376.18813797,-0.00196083
376.40406713,0.00019522
376.62001143,0.00087935
376.83597086,-0.00127670
377.05194541,-0.00208522
377.26793508,0.00048546
377.48393987,0.00233054
377.69995978,0.00301467
377.91599480,-0.00075842
378.13204493,0.00104520
378.34811016,0.00276589
378.56419050,0.00475609
378.78028595,0.00374026
378.99639649,0.00260004
379.21252213,-0.00086207
379.42866286,0.00228907
379.64481868,-0.00152547
379.86098960,0.00606216
380.07717559,0.00224761
380.29337667,-0.00021941
380.50959283,0.00063057
380.72582407,0.00187445
380.94207038,0.00191591
381.15833176,-0.00059257
381.37460821,0.00036107
381.59089972,0.00063057
381.80720630,0.00170860
382.02352794,-0.00040599
382.23986464,-0.00019867
382.45621639,0.00371953
382.67258319,0.00175006
382.88896505,0.00067204
383.10536195,0.00315978
383.32177389,0.00135617
383.53820087,0.00036107
383.75464289,-0.00003282
383.97109995,0.00050619
384.18757204,-0.00059257
384.40405916,-0.00001209
384.62056131,-0.00351567
384.83707848,0.00000864
385.05361067,0.00201957
385.27015788,0.00007083
385.48672011,0.00531583
385.70329735,0.00508779
385.91988960,0.00382318
386.13649686,-0.00102792
386.35311912,-0.00021941
386.56975639,0.00094154
386.78640865,0.00000864
387.00307592,-0.00069622
387.21975817,-0.00092427
387.43645542,0.00212322
387.65316765,0.00075496
387.86989487,0.00160494
388.08663707,0.00063057
388.30339426,-0.00024014
388.52016641,0.00175006
388.73695355,0.00521218
388.95375565,0.00612435
389.17057273,-0.00111085
389.38740477,0.00444512
389.60425177,0.00177079
389.82111374,-0.00196083
390.03799066,0.00382318
390.25488253,0.00210249
390.47178936,-0.00102792
390.68871114,0.00177079
390.90564787,0.00094154
391.12259954,0.00056838
391.33956614,0.00108666
391.55654769,0.00116959
391.77354418,0.00305613
391.99055559,-0.00146328
392.20758194,0.00222688
392.42462321,0.00351222
392.64167941,0.00228907
392.85875053,0.00332563
393.07583657,-0.00077915
393.29293752,0.00311832
393.51005339,0.00461097
393.72718417,0.00214395
393.94432986,0.00440366
394.16149045,0.00100374
394.37866594,-0.00028160
394.59585634,0.00056838
394.81306163,0.00407196
395.03028181,0.00444512
395.24751689,0.00763773
395.46476685,0.00199884
395.68203170,0.00154275
395.89931143,0.00639386
396.11660604,0.00357441
396.33391553,0.00332563
396.55123990,0.00073423
396.76857913,0.00276589
396.98593324,0.00427927
397.20330221,-0.00231326
397.42068604,0.00191591
397.63808474,-0.00113158
397.85549829,0.00456951
398.07292670,0.00374026
398.29036996,0.00467316
398.50782807,0.00363660
398.72530103,0.00531583
398.94278883,0.00212322
399.16029147,0.00353295
399.37780895,0.00125251
399.59534127,0.00641459
399.81288841,0.00442439
400.03045039,0.00699506
400.24802720,0.00801089
400.46561883,0.00175006
400.68322529,0.00058911
400.90084656,0.00096227
401.11848265,0.00432073
401.33613355,0.00324271
401.55379926,0.00224761
401.77147978,0.00670482
401.98917511,0.00620727
402.20688524,0.00141836
402.42461017,0.00365733
402.64234989,0.00531583
402.86010441,0.00069277
403.07787372,0.00560607
403.29565782,0.00498413
403.51345670,0.00237200
403.73127037,0.00512925
403.94909882,0.00183299
404.16694205,0.00631093
404.38480005,0.00282808
404.60267282,0.00266223
404.82056036,0.00247565
405.03846267,0.00626947
405.25637974,0.00776212
405.47431157,0.00523291
405.69225816,0.00342929
405.91021951,0.00448658
406.12819561,0.00116959
406.34618645,0.00148055
406.56419205,0.00425854
406.78221239,0.00245492
407.00024747,0.00626947
407.21829729,0.00048546
407.43636184,0.00604142
407.65444113,0.00581338
407.87253515,0.00635239
408.09064390,0.00483901
408.30876737,0.00496340
408.52690556,0.00643532
408.74505847,0.00307686
408.96322610,0.00564753
409.18140844,0.00475609
409.39960550,0.00299393
409.61781726,0.00745115
409.83604372,0.00496340
410.05428489,0.00707799
410.27254076,0.00069277
410.49081133,0.00633166
410.70909659,0.00763773
410.92739654,0.00311832
411.14571118,0.00718164
411.36404051,0.00508779
411.58238452,0.00732676
411.80074321,0.00585484
412.01911658,0.00738895
412.23750462,0.00815601
412.45590734,0.00614508
412.67432472,0.00517071
412.89275677,0.00687067
413.11120349,0.00137690
413.32966486,0.00150129
413.54814090,0.00392684
413.76663159,0.00604142
413.98513693,0.00262077
414.20365692,0.00079642
414.42219156,0.00597923
414.64074084,0.00150129
414.85930477,0.00570972
415.07788333,0.00247565
415.29647653,0.00382318
415.51508437,0.00156348
415.73370683,0.00150129
415.95234392,0.00423781
416.17099564,0.00315978
416.38966198,0.00583411
416.60834294,0.00450731
416.82703851,0.00477682
417.04574870,-0.00084134
417.26447350,0.00371953
417.48321291,0.00506706
417.70196692,0.00058911
417.92073554,0.00510852
418.13951875,0.00558534
418.35831657,0.00123178
418.57712898,0.00092081
418.79595598,0.00892306
419.01479757,0.00838405
419.23365374,0.00407196
419.45252450,0.00359514
419.67140984,0.00678775
419.89030975,0.00805235
420.10922425,0.01018767
420.32815331,0.00465243
420.54709694,0.00564753
420.76605514,0.00378172
420.98502791,0.00430000
421.20401523,0.00150129
421.42301712,0.00260004
421.64203356,0.00755480
421.86106455,0.00388538
422.08011009,0.00324271
422.29917018,0.00707799
422.51824482,0.00438293
422.73733399,0.00338783
422.95643771,0.00705725
423.17555596,0.00506706
423.39468875,0.00477682
423.61383606,0.00471463
423.83299790,0.00388538
424.05217427,0.00405123
424.27136516,0.00676702
424.49057057,0.00409269
424.70979050,0.00413415
424.92902494,0.00616581
425.14827390,0.00544022
425.36753736,0.00533656
425.58681532,0.00975231
425.80610779,0.00531583
426.02541476,0.00958646
426.24473623,0.00544022
426.46407219,0.00757554
426.68342265,0.00353295
426.90278759,0.00689140
427.12216702,0.00705725
427.34156093,0.00660117
427.56096933,0.01128642
427.78039220,0.01128642
427.99982955,0.00610362
428.21928137,0.00599996
428.43874766,0.00100374
428.65822841,0.00570972
428.87772363,0.00846698
429.09723331,0.00562680
429.31675745,0.00212322
429.53629605,0.00332563
429.75584910,0.00643532
429.97541660,0.00881941
430.19499854,0.00199884
430.41459494,0.01018767
430.63420577,0.00950354
430.85383104,0.00825967
431.07347075,0.00850844
431.29312489,0.01277907
431.51279347,0.00788650
431.73247647,0.00502559
431.95217390,0.00583411
432.17188574,0.00995963
432.39161201,0.00529510
432.61135270,0.00606216
432.83110780,0.01002182
433.05087731,0.01255103
433.27066123,0.00506706
433.49045956,0.00823893
433.71027229,0.00655971
433.93009942,0.01047791
434.14994095,0.00747188
434.36979687,0.00626947
434.58966718,0.00892306
434.80955189,0.00763773
435.02945098,0.00979378
435.24936445,0.01350467
435.46929230,0.00751334
435.68923454,0.00832186
435.90919115,0.01103765
436.12916213,0.01008401
436.34914748,0.01205348
436.56914720,0.00977304
436.78916128,0.00966939
437.00918972,0.00946208
437.22923252,0.00809382
437.44928968,0.00902672
437.66936119,0.01151447
437.88944706,0.01147301
438.10954727,0.01431318
438.32966182,0.01240591
438.54979072,0.00987670
438.76993395,0.01715336
438.99009153,0.01404368
439.21026343,0.01418880
439.43044967,0.01582656
439.65065024,0.01933014
439.87086513,0.01263395
440.09109434,0.01103765
440.31133788,0.01047791
440.53159573,0.01796188
440.75186789,0.01029133
440.97215437,0.01300712
441.19245516,0.01373271
441.41277025,0.01315223
441.63309964,0.01153520
441.85344334,0.01632411
442.07380133,0.01122423
442.29417362,0.01443757
442.51456020,0.01159739
442.73496107,0.01549486
442.95537623,0.01385710
443.17580567,0.01524609
443.39624939,0.01622046
443.61670739,0.01311077
443.83717967,0.01387783
444.05766622,0.01464488
444.27816704,0.01750579
444.49868212,0.01064376
444.71921147,0.01294492
444.93975509,0.01402295
445.16031296,0.01400221
445.38088508,0.01412660
445.60147147,0.01497658
445.82207210,0.01132789
446.04268698,0.01331808
446.26331610,0.01914356
446.48395947,0.01124496
446.70461707,0.01199129
446.92528892,0.01325589
447.14597499,0.01574364
447.36667530,0.01016694
447.58738984,0.02001427
447.80811860,0.01400221
448.02886158,0.01203275
448.24961879,0.01458269
448.47039021,0.01566071
448.69117585,0.02165204
448.91197570,0.01692532
449.13278975,0.01186690
449.35361802,0.01613753
449.57446049,0.01694605
449.79531715,0.00975231
450.01618802,0.01292419
450.23707308,0.01168032
450.45797234,0.01939233
450.67888578,0.01526682
450.89981341,0.01354613
451.12075522,0.01549486
451.34171122,0.01893625
451.56268139,0.01955818
451.78366574,0.01852162
452.00466426,0.01561925
452.22567696,0.01329735
452.44670382,0.01474854
452.66774484,0.00896453
452.88880003,0.01829358
453.10986938,0.01400221
453.33095288,0.01468635
453.55205053,0.01420953
453.77316234,0.01047791
453.99428830,0.01273761
454.21542840,0.01327662
454.43658264,0.01653142
454.65775102,0.01109984
454.87893354,0.01443757
455.10013019,0.01377417
455.32134098,0.02053255
455.54256589,0.01715336
455.76380493,0.01333882
455.98505809,0.01532901
456.20632537,0.01814846
456.42760677,0.01617899
456.64890229,0.01327662
456.87021191,0.01939233
457.09153565,0.01431318
457.31287349,0.01856308
457.53422544,0.02252275
457.75559149,0.02051182
457.97697163,0.01593022
458.19836587,0.01889478
458.41977420,0.01800334
458.64119663,0.02113376
458.86263313,0.01789969
459.08408373,0.02132034
459.30554840,0.02059474
459.52702716,0.02546658
459.74851999,0.01694605
459.97002689,0.02511415
460.19154786,0.01800334
460.41308290,0.02289591
460.63463201,0.01939233
460.85619518,0.01700824
461.07777241,0.02063621
461.29936369,0.01746433
461.52096903,0.02173496
461.74258841,0.02293737
461.96422185,0.02047036
462.18586933,0.02098864
462.40753086,0.02387028
462.62920642,0.02320688
462.85089602,0.02250202
463.07259966,0.02078133
463.29431733,0.01715336
463.51604902,0.02206666
463.73779475,0.02113376
463.95955449,0.02376662
464.18132826,0.02625437
464.40311604,0.02086425
464.62491784,0.02297884
464.84673365,0.02243982
465.06856347,0.02534219
465.29040730,0.02248129
465.51226513,0.02387028
465.73413696,0.02090571
465.95602279,0.02339346
466.17792261,0.02308249
466.39983643,0.02878358
466.62176424,0.02463733
466.84370603,0.02863846
467.06566181,0.02513488
467.28763157,0.02901162
467.50961531,0.02648241
467.73161303,0.02668972
467.95362472,0.02221178
468.17565038,0.02818237
468.39769001,0.02561170
468.61974360,0.02447148
468.84181116,0.02528000
469.06389267,0.03425662
469.28598814,0.02853480
469.50809757,0.03369688
469.73022094,0.03334445
469.95235827,0.02836895
470.17450954,0.02660680
470.39667475,0.02571536
470.61885390,0.03004818
470.84104699,0.02965429
471.06325402,0.03241154
471.28547498,0.02731166
471.50770986,0.02892870
471.72995867,0.02679338
471.95222141,0.02299957
472.17449806,0.02401540
472.39678864,0.02530073
472.61909313,0.02455441
472.84141153,0.02347638
473.06374384,0.03243227
473.28609005,0.02816164
473.50845017,0.02656534
473.73082420,0.02766409
473.95321212,0.02567389
474.17561393,0.02758117
474.39802964,0.02511415
474.62045924,0.02712508
474.84290273,0.02196301
475.06536010,0.03000672
475.28783136,0.02774702
475.51031649,0.02770555
475.73281550,0.02395320
475.95532838,0.02262640
476.17785513,0.02231544
476.40039575,0.02498976
476.62295024,0.02625437
476.84551859,0.02903235
477.06810080,0.02469953
477.29069686,0.02795433
477.51330678,0.02724947
477.73593055,0.03207984
477.95856817,0.02801652
478.18121963,0.02919820
478.40388494,0.03187253
478.62656409,0.03317860
478.84925707,0.02870065
479.07196389,0.03193472
479.29468455,0.03027623
479.51741903,0.03178961
479.74016733,0.02772629
479.96292946,0.02685557
480.18570542,0.02911528
480.40849519,0.02534219
480.63129877,0.02934332
480.85411617,0.02772629
481.07694738,0.02724947
481.29979239,0.02739459
481.52265121,0.02440929
481.74552383,0.02515561
481.96841025,0.02445075
482.19131046,0.02915674
482.41422447,0.02683484
482.63715227,0.02851407
482.86009385,0.02405686
483.08304922,0.02461660
483.30601837,0.02519708
483.52900130,0.02816164
483.75199801,0.02393247
483.97500849,0.02882504
484.19803274,0.02870065
484.42107076,0.02818237
484.64412255,0.03197619
484.86718810,0.02870065
485.09026741,0.02049109
485.31336047,0.02399467
485.53646729,0.02770555
485.75958786,0.02482391
485.98272218,0.02511415
486.20587024,0.02387028
486.42903205,0.02540439
486.65220760,0.02664826
486.87539689,0.03369688
487.09859991,0.02708362
487.32181666,0.02801652
487.54504715,0.03203838
487.76829136,0.02822384
487.99154929,0.03224569
488.21482094,0.02926040
488.43810631,0.02863846
488.66140540,0.03317860
488.88471820,0.03237008
489.10804471,0.03450540
489.33138493,0.03255666
489.55473885,0.03351030
489.77810647,0.03274324
490.00148780,0.03415297
490.22488281,0.03514806
490.44829153,0.03784312
490.67171393,0.03794678
490.89515002,0.03904553
491.11859979,0.04026868
491.34206325,0.03919065
491.56554038,0.03668217
491.78903120,0.04165767
492.01253568,0.03404931
492.23605384,0.03711753
492.45958567,0.03970893
492.68313116,0.03668217
492.90669031,0.03498221
493.13026312,0.02795433
493.35384960,0.02890797
493.57744972,0.02747751
493.80106350,0.02843115
494.02469092,0.03241154
494.24833200,0.03485783
494.47198671,0.03413223
494.69565507,0.02992380
494.91933706,0.03572854
495.14303269,0.03133352
495.36674195,0.02923967
495.59046484,0.03011038
495.81420136,0.02932259
496.03795150,0.02702142
496.26171526,0.02453368
496.48549264,0.02648241
496.70928364,0.02633729
496.93308825,0.02990306
497.15690647,0.03367615
497.38073830,0.03135425
497.60458373,0.03498221
497.82844276,0.04288081
498.05231539,0.03425662
498.27620162,0.03351030
498.50010144,0.03558342
498.72401485,0.03452613
498.94794185,0.04082842
499.17188244,0.03268105
499.39583661,0.03769800
499.61980435,0.03305421
499.84378568,0.03755289
500.06778058,0.03599804
500.29178904,0.03535538
500.51581108,0.03164449
500.73984668,0.03724192
500.96389585,0.03523099
501.18795858,0.03373834
501.41203486,0.03972966
501.63612470,0.03319933
501.86022809,0.03869310
502.08434503,0.04074549
502.30847551,0.03707607
502.53261954,0.03701387
502.75677711,0.03212131
502.98094822,0.03462978
503.20513286,0.03632974
503.42933104,0.03363468
503.65354274,0.03299202
503.87776797,0.02855553
504.10200673,0.02838968
504.32625901,0.03212131
504.55052480,0.03064939
504.77480411,0.02316542
504.99909694,0.02103010
505.22340327,0.02768482
505.44772312,0.02426417
505.67205646,0.02418125
505.89640331,0.02436783
506.12076366,0.02295810
506.34513750,0.02409832
506.56952484,0.02432636
506.79392567,0.02250202
507.01833999,0.02571536
507.24276779,0.02768482
507.46720907,0.02727020
507.69166384,0.02753970
507.91613208,0.02517634
508.14061380,0.02890797
508.36510898,0.02664826
508.58961764,0.02909455
508.81413976,0.03120913
509.03867534,0.03303348
509.26322439,0.03218350
509.48778689,0.03137498
509.71236285,0.03487856
509.93695226,0.03226642
510.16155512,0.03263959
510.38617142,0.03377980
510.61080117,0.03332372
510.83544436,0.03556269
511.06010099,0.03245300
511.28477105,0.03742850
511.50945454,0.03985405
511.73415147,0.03647486
511.95886182,0.03326152
512.18358560,0.03158229
512.40832280,0.02642022
512.63307341,0.02859700
512.85783745,0.02967502
513.08261489,0.02695923
513.30740575,0.03064939
513.53221001,0.03013111
513.75702768,0.03085670
513.98185875,0.02675192
514.20670322,0.02650314
514.43156109,0.02749824
514.65643235,0.02675192
514.88131700,0.02546658
515.10621504,0.03189326
515.33112647,0.02712508
515.55605128,0.02936405
515.78098946,0.03075304
516.00594103,0.02768482
516.23090597,0.03033842
516.45588428,0.03365542
516.68087596,0.02546658
516.90588100,0.02897016
517.13089941,0.02737385
517.35593118,0.02861773
517.58097631,0.02627510
517.80603479,0.02917747
518.03110663,0.02474099
518.25619181,0.02349712
518.48129034,0.02436783
518.70640222,0.02573609
518.93152743,0.02764336
519.15666598,0.02975795
519.38181787,0.02289591
519.60698310,0.02809945
519.83216165,0.02318615
520.05735353,0.02080206
520.28255873,0.02210812
520.50777726,0.02044963
520.73300910,0.02376662
520.95825426,0.02438856
521.18351273,0.02426417
521.40878452,0.02472026
521.63406961,0.02372516
521.85936801,0.02571536
522.08467971,0.02389101
522.31000471,0.02395320
522.53534300,0.02704216
522.76069459,0.02938478
522.98605947,0.02758117
523.21143764,0.03000672
523.43682910,0.03423589
523.66223383,0.02986160
523.88765185,0.03382127
524.11308315,0.03703461
524.33852772,0.03477490
524.56398556,0.03390419
524.78945667,0.03603951
525.01494104,0.03226642
525.24043868,0.03649559
525.46594959,0.03925285
525.69147374,0.04433200
525.91701116,0.03707607
526.14256182,0.03773947
526.36812574,0.03574927
526.59370290,0.03765654
526.81929331,0.03411150
527.04489696,0.03608097
527.27051384,0.03635048
527.49614396,0.03840287
527.72178732,0.03554196
527.94744390,0.03498221
528.17311372,0.03500295
528.39879675,0.03975040
528.62449301,0.03722119
528.85020249,0.04368933
529.07592518,0.04232107
529.30166109,0.04097354
529.52741021,0.04456004
529.75317254,0.04945261
529.97894807,0.04155401
530.20473680,0.05003308
530.43053874,0.04766972
530.65635387,0.05826338
530.88218219,0.04924530
531.10802371,0.05695731
531.33387841,0.05575490
531.55974630,0.05308057
531.78562738,0.05440737
532.01152163,0.05650123
532.23742906,0.05266595
532.46334967,0.05144281
532.68928344,0.05604514
532.91523039,0.05156719
533.14119051,0.05590002
533.36716378,0.05220986
533.59315022,0.05446957
533.81914982,0.05291472
534.04516257,0.06153891
534.27118847,0.05685366
534.49722752,0.05382690
534.72327973,0.05507077
534.94934507,0.05142208
535.17542356,0.05614879
535.40151518,0.05324642
535.62761994,0.05026113
535.85373784,0.04773192
536.07986886,0.05770364
536.30601301,0.05397202
536.53217029,0.05204401
536.75834069,0.05034405
536.98452420,0.05173304
537.21072084,0.05326715
537.43693059,0.05413787
537.66315345,0.04999162
537.88938941,0.05167085
538.11563848,0.05407567
538.34190066,0.05471834
538.56817593,0.05411713
538.79446431,0.05372324
539.02076577,0.05361959
539.24708033,0.05861581
539.47340798,0.05994261
539.69974871,0.05658415
539.92610252,0.05803534
540.15246942,0.05714389
540.37884939,0.05954872
540.60524244,0.06369496
540.83164856,0.05938287
541.05806775,0.06618271
541.28450001,0.06556077
541.51094533,0.07186306
541.73740371,0.07194599
541.96387515,0.07032895
542.19035965,0.06701196
542.41685719,0.07267158
542.64336779,0.07310694
542.86989144,0.07522152
543.09642813,0.06253401
543.32297786,0.06692903
543.54954063,0.06261694
543.77611643,0.06954117
544.00270527,0.06147672
544.22930714,0.07285816
544.45592204,0.06469006
544.68254996,0.06674245
544.90919091,0.06410959
545.13584487,0.06806925
545.36251185,0.06651441
545.58919184,0.06632783
545.81588485,0.06502176
546.04259086,0.06524980
546.26930988,0.06133160
546.49604191,0.06234743
546.72278693,0.05712316
546.94954495,0.06282425
547.17631596,0.06518761
547.40309997,0.06862899
547.62989696,0.06661806
547.85670694,0.07005945
548.08352991,0.07893241
548.31036585,0.06717781
548.53721477,0.07124113
548.76407667,0.07493128
548.99095154,0.07192526
549.21783938,0.07041188
549.44474018,0.07414350
549.67165395,0.07540810
549.89858069,0.07770927
550.12552038,0.07814462
550.35247302,0.07542883
550.57943862,0.07462032
550.80641717,0.07119966
551.03340866,0.07507640
551.26041310,0.07710806
551.48743048,0.08094334
551.71446081,0.08227014
551.94150406,0.08871755
552.16856025,0.08840658
552.39562937,0.09230405
552.62271142,0.08867609
552.84980640,0.09000289
553.07691429,0.09137115
553.30403511,0.09371377
553.53116884,0.09719662
553.75831549,0.09920755
553.98547505,0.10036850
554.21264752,0.09935267
554.43983289,0.09958071
554.66703116,0.10505375
554.89424234,0.10347818
555.12146641,0.10441109
555.34870338,0.09922828
555.57595324,0.10501229
555.80321599,0.10656713
556.03049162,0.10378915
556.25778014,0.10325014
556.48508154,0.10822563
556.71239582,0.11427915
556.93972297,0.10917927
557.16706300,0.10192334
557.39441589,0.10654640
557.62178165,0.10917927
557.84916028,0.10499156
558.07655177,0.11004998
558.30395611,0.10420377
558.53137331,0.10895122
558.75880337,0.10571715
558.98624627,0.10468059
559.21370202,0.10513668
559.44117062,0.10003680
559.66865206,0.10515741
559.89614634,0.10723053
560.12365345,0.10250381
560.35117340,0.10096970
560.57870618,0.09922828
560.80625179,0.09779783
561.03381022,0.09696858
561.26138148,0.10105263
561.48896555,0.10179895
561.71656244,0.09953925
561.94417215,0.09580763
562.17179467,0.09526862
562.39942999,0.09450156
562.62707812,0.09246990
562.85473906,0.09781856
563.08241279,0.09931121
563.31009933,0.09097725
563.53779866,0.09955998
563.76551078,0.09244917
563.99323568,0.09197235
564.22097338,0.09093579
564.44872386,0.08958826
564.67648712,0.09290526
564.90426316,0.09311257
565.13205197,0.09539300
565.35985356,0.08672735
565.58766792,0.09528935
565.81549504,0.09464668
566.04333493,0.09829538
566.27118758,0.08639565
566.49905298,0.08888340
566.72693115,0.08877974
566.95482207,0.09060409
567.18272573,0.08753587
567.41064215,0.09385889
567.63857131,0.08931875
567.86651321,0.09031385
568.09446785,0.08979557
568.32243523,0.08846877
568.55041534,0.08610541
568.77840819,0.09319549
569.00641376,0.08749441
569.23443206,0.08703832
569.46246308,0.08766026
569.69050682,0.08898706
569.91856327,0.08718344
570.14663244,0.08913217
570.37471433,0.08737002
570.60280892,0.08861389
570.83091622,0.08851024
571.05903622,0.08832366
571.28716892,0.08656150
571.51531432,0.09037605
571.74347241,0.09118456
571.97164320,0.08766026
572.19982667,0.08664443
572.42802284,0.08842731
572.65623168,0.08960899
572.88445321,0.09371377
573.11268742,0.08969192
573.34093430,0.08967119
573.56919385,0.09798441
573.79746608,0.09564178
574.02575097,0.09736247
574.25404853,0.10003680
574.48235874,0.09989168
574.71068162,0.10159164
574.93901715,0.09962217
575.16736534,0.11123166
575.39572618,0.10820490
575.62409966,0.11162555
575.85248579,0.10739638
576.08088456,0.10843294
576.30929597,0.11734737
576.53772002,0.11108654
576.76615671,0.11546083
576.99460602,0.11380233
577.22306796,0.11166702
577.45154253,0.11896441
577.68002972,0.12022901
577.90852953,0.12178385
578.13704196,0.12367039
578.36556700,0.13169338
578.59410465,0.12893613
578.82265492,0.12709105
579.05121779,0.12752640
579.27979326,0.12951660
579.50838133,0.13165192
579.73698201,0.12613741
579.96559527,0.12159727
580.19422113,0.11873636
580.42285958,0.12020828
580.65151062,0.11647666
580.88017424,0.11369868
581.10885044,0.10816344
581.33753922,0.11241334
581.56624057,0.10184041
581.79495450,0.10656713
582.02368100,0.09750759
582.25242007,0.10194407
582.48117170,0.10258674
582.70993589,0.10368549
582.93871264,0.10412085
583.16750195,0.10495010
583.39630381,0.10364403
583.62511822,0.10057581
583.85394518,0.10428670
584.08278469,0.10548911
584.31163674,0.10449401
584.54050133,0.10155018
584.76937845,0.10463913
584.99826811,0.10658786
585.22717030,0.11282796
585.45608502,0.11193652
585.68501226,0.11380233
585.91395203,0.12008389
586.14290432,0.12373259
586.37186912,0.12694593
586.60084644,0.13554939
586.82983628,0.13341407
587.05883862,0.13521769
587.28785347,0.14011026
587.51688082,0.14827836
587.74592067,0.14228703
587.97497302,0.13652375
588.20403787,0.12794103
588.43311520,0.13681399
588.66220503,0.13683472
588.89130735,0.13401528
589.12042215,0.13760178
589.34954943,0.13718715
589.57868919,0.13268848
589.80784142,0.14321994
590.03700613,0.13814079
590.26618331,0.14046269
590.49537296,0.14151998
590.72457507,0.13855541
590.95378964,0.13768470
591.18301667,0.13445063
591.41225616,0.13119583
591.64150811,0.12935075
591.87077250,0.13795421
592.10004934,0.13899077
592.32933863,0.13785055
592.55864036,0.13623352
592.78795453,0.13832737
593.01728114,0.14402846
593.24662018,0.14027611
593.47597165,0.13590182
593.70533555,0.13405674
593.93471188,0.13600547
594.16410063,0.13575670
594.39350180,0.13915662
594.62291539,0.13789201
594.85234140,0.13961271
595.08177981,0.14742838
595.31123064,0.13254336
595.54069387,0.13604694
595.77016951,0.13700057
595.99965755,0.13731154
596.22915798,0.14071146
596.45867081,0.14589427
596.68819604,0.14831982
596.91773365,0.14651620
597.14728365,0.14813324
597.37684603,0.14579061
597.60642080,0.14960516
597.83600795,0.15613549
598.06560747,0.15640500
598.29521936,0.15066245
598.52484363,0.15499528
598.75448026,0.15462211
598.98412926,0.14355164
599.21379062,0.14550037
599.44346434,0.14008952
599.67315042,0.14220411
599.90284885,0.14616377
600.13255963,0.15491235
600.36228276,0.15791838
600.59201824,0.15885128
600.82176606,0.16088294
601.05152622,0.16386824
601.28129871,0.15878909
601.51108354,0.16384751
601.74088070,0.16401336
601.97069019,0.17147660
602.20051201,0.17597527
602.43034615,0.18178002
602.66019261,0.18978227
602.89005139,0.19805403
603.11992249,0.19005178
603.34980589,0.19367974
603.57970161,0.18851767
603.80960963,0.18961642
604.03952996,0.19007251
604.26946259,0.20647091
604.49940751,0.20321610
604.72936474,0.20499899
604.95933425,0.20955986
605.18931606,0.21735480
605.41931015,0.21080373
605.64931653,0.22670458
605.87933519,0.22473512
606.10936612,0.23789944
606.33940934,0.23613729
606.56946483,0.24853456
606.79953259,0.24194203
607.02961261,0.24148595
607.25970490,0.23767140
607.48980946,0.24743581
607.71992627,0.24204569
607.95005534,0.24930162
608.18019667,0.25440150
608.41035024,0.26279764
608.64051607,0.27007430
608.87069414,0.28709464
609.10088445,0.29213233
609.33108700,0.29959557
609.56130179,0.31112213
609.79152882,0.31790124
610.02176808,0.31425254
610.25201956,0.31667810
610.48228328,0.32770711
610.71255921,0.32849490
610.94284737,0.32146701
611.17314775,0.32445231
611.40346034,0.31744515
611.63378514,0.30656126
611.86412215,0.29762610
612.09447137,0.28862875
612.32483280,0.28041919
612.55520642,0.27270717
612.78559225,0.24977844
613.01599027,0.23520438
613.24640048,0.22011205
613.47682288,0.21314636
613.70725747,0.20547581
613.93770425,0.20159907
614.16816321,0.20151614
614.39863434,0.19660284
614.62911766,0.19778452
614.85961314,0.20037593
615.09012080,0.20686480
615.32064063,0.20713431
615.55117262,0.20640871
615.78171677,0.20483314
616.01227308,0.20582824
616.24284156,0.20589043
616.47342218,0.20130883
616.70401496,0.20217954
616.93461988,0.19776379
617.16523695,0.19092249
617.39586617,0.18130320
617.62650752,0.17139367
617.85716101,0.16625233
618.08782664,0.15733790
618.31850440,0.15582452
618.54919429,0.15219656
618.77989630,0.14489917
619.01061044,0.14537599
619.24133670,0.13357992
619.47207508,0.13260555
619.70282557,0.12920563
619.93358818,0.13561158
620.16436289,0.12646911
620.39514972,0.12835565
620.62594864,0.12211555
620.85675967,0.12018755
621.08758280,0.11832174
621.31841802,0.10687810
621.54926534,0.10107336
621.78012475,0.09734174
622.01099624,0.09222113
622.24187982,0.09122603
622.47277549,0.09263575
622.70368323,0.09381743
622.93460305,0.08981630
623.16553494,0.08987850
623.39647890,0.09251136
623.62743493,0.09553812
623.85840303,0.09812953
624.08938319,0.09543447
624.32037541,0.09632591
624.55137968,0.09611860
624.78239602,0.09363085
625.01342440,0.08815781
625.24446483,0.08674808
625.47551731,0.08527617
625.70658183,0.08579445
625.93765839,0.08751514
626.16874699,0.08936022
626.39984763,0.08009336
626.63096029,0.08998215
626.86208499,0.08797123
627.09322171,0.08602249
627.32437046,0.09000289
627.55553123,0.09574543
627.78670401,0.09765271
628.01788882,0.10370622
628.24908563,0.11618642
628.48029446,0.11353283
628.71151529,0.11815589
628.94274813,0.11944122
629.17399296,0.13038731
629.40524980,0.12311065
629.63651863,0.13266775
629.86779946,0.13260555
630.09909228,0.14110535
630.33039709,0.13998587
630.56171388,0.14890029
630.79304265,0.15014417
631.02438340,0.15802203
631.25573613,0.16380605
631.48710084,0.16900958
631.71847751,0.17929227
631.94986615,0.17875326
632.18126676,0.18200806
632.41267933,0.18408118
632.64410387,0.18366656
632.87554035,0.19073591
633.10698880,0.20110152
633.33844919,0.20516484
633.56992154,0.21163298
633.80140583,0.21642189
634.03290207,0.21696091
634.26441024,0.21708529
634.49593035,0.22614484
634.72746240,0.23495561
634.95900638,0.23924697
635.19056229,0.25046257
635.42213013,0.25015160
635.65370989,0.24930162
635.88530158,0.24660656
636.11690518,0.24907357
636.34852069,0.25042110
636.58014812,0.26824996
636.81178746,0.28585077
637.04343871,0.28871168
637.27510187,0.29285792
637.50677692,0.30421863
637.73846387,0.29333474
637.97016272,0.28535322
638.20187347,0.28750926
638.43359610,0.28784096
638.66533062,0.29886998
638.89707703,0.30927705
639.12883532,0.31161968
639.36060549,0.30890389
639.59238754,0.31277622
639.82418146,0.31085978
640.05598725,0.30035903
640.28780491,0.30269809
640.51963444,0.30592662
640.75147583,0.30128857
640.98332908,0.30121024
641.21519419,0.29878052
641.44707115,0.29050133
641.67895997,0.28719601
641.91086063,0.28652611
642.14277314,0.28724866
642.37469750,0.28284435
642.60663369,0.28530250
642.83858172,0.28410432
643.07054159,0.27905185
643.30251329,0.27216439
643.53449683,0.28335639
643.76649218,0.28397428
643.99849937,0.26652286
644.23051837,0.25704725
644.46254919,0.24458199
644.69459183,0.24763777
644.92664628,0.25478292
645.15871254,0.25010653
645.39079061,0.23110034
645.62288049,0.23004184
645.85498217,0.23146923
646.08709564,0.23270957
646.31922091,0.22760933
646.55135798,0.23201966
646.78350684,0.22872611
647.01566748,0.21942437
647.24783991,0.21636983
647.48002413,0.22356774
647.71222012,0.23482961
647.94442789,0.23479446
648.17664744,0.22889250
648.40887875,0.22475473
648.64112184,0.21211682
648.87337669,0.21335877
649.10564331,0.21303713
649.33792168,0.21696199
649.57021181,0.20465561
649.80251370,0.20204671
650.03482734,0.20616913
650.26715273,0.20639296
650.49948987,0.20667186
650.73183875,0.20750179
650.96419937,0.19939048
651.19657173,0.19873757
651.42895582,0.18762523
651.66135165,0.18832047
651.89375921,0.18651186
652.12617849,0.19691881
652.35860950,0.20831898
652.59105224,0.21315952
652.82350669,0.21596033
653.05597285,0.21418618
653.28845073,0.21092396
653.52094032,0.21034772
653.75344162,0.21582418
653.98595462,0.21066598
654.21847933,0.21078101
654.45101573,0.20614114
654.68356383,0.21030464
654.91612363,0.21449648
655.14869511,0.20546078
655.38127829,0.21243367
655.61387315,0.20546639
655.84647969,0.21436501
656.07909792,0.21443018
656.31172782,0.20877292
656.54436939,0.20402114
656.77702264,0.20349577
657.00968756,0.21528498
657.24236414,0.22570927
657.47505238,0.23599854
657.70775229,0.23516070
657.94046385,0.23853602
658.17318707,0.23862216
658.40592195,0.24118206
658.63866847,0.24074954
658.87142663,0.24080116
659.10419645,0.23528663
659.33697790,0.23106603
659.56977099,0.23561432
659.80257572,0.23339104
660.03539208,0.23270390
660.26822007,0.23311550
660.50105969,0.23306956
660.73391093,0.23307886
660.96677380,0.23374784
661.19964828,0.23837530
661.43253438,0.23070065
661.66543209,0.22570197
661.89834142,0.23157562
662.13126235,0.22637623
662.36419489,0.22355884
662.59713903,0.22881608
662.83009477,0.21752991
663.06306210,0.21988862
663.29604103,0.22772324
663.52903155,0.22263298
663.76203367,0.21610516
663.99504736,0.21196918
664.22807264,0.21750344
664.46110950,0.20979016
664.69415794,0.21176497
664.92721795,0.21191935
665.16028953,0.21196940
665.39337269,0.20988641
665.62646740,0.20726350
665.85957369,0.20494823
666.09269153,0.19725147
666.32582093,0.19644230
666.55896189,0.19217505
666.79211440,0.19150296
667.02527846,0.18804085
667.25845406,0.17869107
667.49164121,0.17429605
667.72483991,0.17510456
667.95805014,0.17860814
668.19127190,0.18186294
668.42450520,0.18416411
668.65775003,0.17531188
668.89100639,0.17937520
669.12427427,0.17947885
669.35755368,0.17997640
669.59084460,0.17531188
669.82414704,0.18727379
670.05746099,0.18698355
670.29078646,0.18770915
670.52412343,0.18592626
670.75747191,0.19154442
670.99083189,0.18814450
671.22420337,0.18982373
671.45758635,0.19222855
671.69098082,0.19098468
671.92438678,0.19448826
672.15780424,0.19372120
672.39123317,0.20064543
672.62467360,0.20999521
672.85812550,0.20951840
673.09158888,0.22021571
673.32506373,0.21793527
673.55855006,0.22794846
673.79204785,0.22643508
674.02555712,0.23230201
674.25907784,0.22446561
674.49261003,0.22529486
674.72615367,0.21642189
674.95970878,0.21843282
675.19327533,0.21656701
675.42685333,0.21515729
675.66044278,0.21793527
675.89404368,0.23298614
676.12765601,0.23603363
676.36127979,0.24105059
676.59491500,0.24984063
676.82856165,0.25207960
677.06221972,0.24252251
677.29588922,0.24911504
677.52957015,0.23895674
677.76326250,0.24287494
677.99696627,0.23149349
678.23068146,0.23315199
678.46440806,0.23325565
678.69814607,0.21248296
678.93189549,0.20547581
679.16565631,0.21443170
679.39942854,0.20545508
679.63321217,0.20657456
679.86700720,0.20640871
680.10081361,0.19776379
680.33463143,0.19761867
680.56846063,0.19506873
680.80230121,0.18509701
681.03615318,0.19421875
681.27001653,0.18437142
681.50389126,0.18806158
681.73777736,0.17877399
681.97167484,0.16981810
682.20558368,0.17516676
682.43950390,0.17570577
682.67343547,0.17114490
682.90737841,0.16855350
683.14133270,0.16668769
683.37529836,0.15928664
683.60927536,0.15259045
683.84326371,0.15308800
684.07726341,0.15572087
684.31127446,0.15358555
684.54529685,0.15404164
684.77933057,0.15416603
685.01337564,0.16223047
685.24743203,0.16834618
685.48149976,0.18200806
685.71557881,0.19643699
685.94966919,0.19902840
686.18377090,0.20242832
686.41788392,0.21001595
686.65200826,0.21586215
686.88614391,0.21839136
687.12029088,0.22602045
687.35444915,0.22096203
687.58861873,0.22382294
687.82279961,0.21436950
688.05699179,0.21675359
688.29119527,0.21575850
688.52541004,0.21768650
688.75963611,0.21436950
688.99387346,0.22187421
689.22812210,0.22141812
689.46238203,0.23758847
689.69665323,0.23516292
689.93093571,0.25537587
690.16522947,0.25278446
690.39953450,0.25775996
690.63385080,0.26818776
690.86817837,0.27179500
691.10251720,0.27225108
691.33686730,0.26773168
691.57122865,0.26176108
691.80560125,0.26408298
692.03998511,0.26586587
692.27438023,0.26449760
692.50878658,0.26240375
692.74320419,0.26659146
692.97763303,0.26793899
693.21207312,0.28187037
693.44652444,0.28369472
693.68098699,0.28827632
693.91546077,0.29520055
694.14994579,0.30633322
694.38444203,0.30421863
694.61894949,0.30824049
694.85346817,0.32652543
695.08799806,0.32505351
695.32253918,0.32306331
695.55709150,0.32231699
695.79165503,0.32797662
696.02622977,0.34068486
696.26081571,0.35059438
696.49541285,0.36108438
696.73002119,0.36713790
696.96464072,0.36923175
697.19927145,0.37951444
697.43391336,0.36241118
697.66856647,0.34545304
697.90323075,0.35129924
698.13790622,0.35036634
698.37259286,0.36429772
698.60729068,0.36925248
698.84199967,0.37153292
699.07671984,0.37229997
699.31145117,0.37281825
699.54619366,0.37941078
699.78094731,0.37016466
700.01571213,0.38724719
700.25048810,0.38475944
700.48527522,0.38322533
700.72007349,0.39779938
700.95488292,0.40499312
701.18970348,0.41927693
701.42453519,0.42348537
701.65937804,0.43192298
701.89423202,0.44206055
702.12909714,0.45290298
702.36397339,0.46256373
702.59886077,0.46347590
702.83375927,0.45255055
703.06866889,0.43312539
703.30358964,0.42984985
703.53852150,0.42068665
703.77346448,0.42344391
704.00841857,0.40426752
704.24338376,0.41119175
704.47836007,0.40165539
704.71334748,0.39777865
704.94834598,0.38254120
705.18335559,0.39073003
705.41837629,0.38803497
705.65340808,0.38502895
705.88845096,0.38200219
706.12350493,0.39796523
706.35856998,0.38979713
706.59364612,0.37961810
706.82873333,0.38664598
707.06383161,0.38996298
707.29894097,0.38853252
707.53406141,0.40117857
707.76919290,0.40791622
708.00433546,0.42783893
708.23948909,0.43743748
708.47465377,0.44181177
708.70982951,0.45223958
708.94501630,0.45651021
709.18021414,0.47091841
709.41542303,0.47527197
709.65064297,0.47458784
709.88587395,0.47605975
710.12111597,0.47923163
710.35636902,0.46753922
710.59163311,0.46142351
710.82690823,0.45791993
711.06219437,0.44917136
711.29749155,0.45240543
711.53279974,0.44282760
711.76811896,0.45317248
712.00344920,0.44614460
712.23879044,0.45331760
712.47414270,0.44423732
712.70950597,0.44137642
712.94488025,0.44473487
713.18026553,0.45172130
713.41566181,0.43086568
713.65106908,0.42785966
713.88648736,0.43611068
714.12191662,0.43105227
714.35735688,0.41181369
714.59280812,0.40868327
714.82827034,0.39593357
715.06374355,0.38113148
715.29922774,0.37414505
715.53472290,0.36340628
715.77022903,0.34489329
716.00574614,0.34091290
716.24127421,0.33776175
716.47681324,0.33017413
716.71236324,0.32146701
716.94792420,0.31910365
717.18349611,0.30960875
717.41907898,0.31844025
717.65467280,0.30877950
717.89027757,0.30772221
718.12589328,0.30044555
718.36151993,0.29063968
718.59715752,0.28869094
718.83280605,0.29590541
719.06846552,0.29273353
719.30413591,0.29629930
719.53981724,0.28819339
719.77550949,0.29553225
720.01121266,0.29563590
720.24692676,0.30691369
720.48265177,0.31296721
720.71838769,0.31168187
720.95413453,0.32424499
721.18989228,0.32604861
721.42566093,0.32190237
721.66144049,0.32762418
721.89723095,0.32210968
722.13303231,0.32499132
722.36884456,0.31006484
722.60466770,0.31199284
722.84050173,0.30894535
723.07634666,0.30021751
723.31220246,0.30256013
723.54806915,0.31199284
723.78394671,0.29625784
724.01983515,0.29223598
724.25573447,0.27892654
724.49164465,0.27314253
724.72756571,0.26495369
724.96349762,0.25875506
725.19944040,0.25943919
725.43539404,0.25593561
725.67135854,0.24687606
725.90733388,0.24571511
726.14332008,0.23920551
726.37931713,0.24146521
726.61532503,0.25066988
726.85134376,0.24876261
727.08737334,0.25135401
727.32341375,0.25491978
727.55946500,0.25508563
727.79552708,0.25686851
728.03159998,0.25404907
728.26768372,0.25380029
728.50377827,0.26341958
728.73988365,0.26814630
728.97599985,0.26710974
729.21212686,0.27001211
729.44826468,0.26451834
729.68441331,0.26551343
729.92057275,0.26383421
730.15674299,0.26176108
730.39292403,0.25479539
730.62911587,0.24679314
730.86531851,0.23545316
731.10153194,0.22655946
731.33775616,0.21698164
731.57399117,0.20052104
731.81023696,0.18913960
732.04649353,0.18860059
732.28276088,0.17462774
732.51903901,0.17226439
732.75532791,0.16260363
732.99162758,0.15723425
733.22793802,0.15352336
733.46425923,0.15151243
733.70059119,0.14351018
733.93693392,0.13540427
734.17328740,0.13200435
734.40965164,0.12999342
734.64602662,0.13034585
734.88241236,0.13447136
735.11880884,0.13096779
735.35521607,0.12837638
735.59163403,0.13262628
735.82806273,0.13413966
736.06450217,0.13878346
736.30095234,0.14338579
736.53741323,0.15381360
736.77388486,0.17288632
737.01036720,0.17985201
737.24686027,0.18992739
737.48336406,0.20642944
737.71987856,0.21426585
737.95640377,0.22446561
738.19293969,0.23470683
738.42948632,0.24722849
738.66604365,0.25740753
738.90261169,0.25933553
739.13919042,0.25720021
739.37577985,0.26037209
739.61237997,0.26493296
739.84899078,0.26476711
740.08561228,0.26690243
740.32224446,0.25981235
740.55888732,0.25116743
740.79554087,0.24096766
741.03220509,0.23027035
741.26887998,0.22459000
741.50556555,0.21640116
741.74226178,0.20441852
741.97896868,0.20576604
742.21568624,0.19834427
742.45241446,0.19129565
742.68915333,0.18457873
742.92590286,0.18860059
743.16266304,0.18134466
743.39943387,0.17545699
743.63621535,0.17750939
743.87300747,0.17421312
744.10981023,0.16332923
744.34662363,0.16279022
744.58344766,0.16113172
744.82028232,0.15795984
745.05712761,0.15866470
745.29398353,0.15652939
745.53085007,0.15248680
745.76772724,0.15746229
746.00461502,0.15965980
746.24151341,0.15698547
746.47842242,0.15292215
746.71534204,0.15414529
746.95227227,0.14873445
747.18921310,0.15136731
747.42616453,0.15186486
747.66312656,0.15839520
747.90009918,0.15153316
748.13708240,0.15667450
748.37407621,0.15793911
748.61108061,0.15769033
748.84809559,0.15051733
749.08512115,0.15194778
749.32215730,0.14363456
749.55920401,0.14906614
749.79626131,0.15031002
750.03332917,0.15194778
750.27040760,0.14537599
750.50749660,0.15130512
750.74459616,0.14792593
750.98170628,0.14773935
751.21882695,0.15540990
751.45595818,0.15472577
751.69309997,0.16672915
751.93025230,0.16135976
752.16741517,0.16417921
752.40458859,0.16681207
752.64177256,0.15926591
752.87896705,0.17031565
753.11617209,0.15924518
753.35338765,0.16229267
753.59061374,0.16171219
753.82785037,0.17131075
754.06509751,0.17811059
754.30235518,0.18356290
754.53962336,0.19637480
754.77690206,0.20773551
755.01419127,0.21325002
755.25149099,0.22823869
755.48880122,0.22788626
755.72612195,0.23093375
755.96345319,0.23966160
756.20079492,0.23360808
756.43814715,0.23240567
756.67550987,0.23613729
756.91288309,0.22670458
757.15026679,0.21975962
757.38766097,0.21660848
757.62506564,0.21631824
757.86248079,0.20929035
758.09990641,0.20489533
758.33734251,0.21335367
758.57478908,0.19855158
758.81224612,0.20342342
759.04971362,0.19214563
759.28719159,0.18281658
759.52468001,0.17211927
759.76217889,0.17549846
759.99968823,0.15903786
760.23720802,0.15914152
760.47473826,0.14827836
760.71227894,0.14883810
760.94983007,0.14452601
761.18739164,0.14226630
761.42496364,0.14112609
761.66254608,0.14856860
761.90013895,0.15468431
762.13774226,0.15963907
762.37535598,0.15107707
762.61298014,0.14518941
762.85061471,0.14330286
763.08825970,0.15033075
763.32591511,0.15323312
763.56358093,0.15706840
763.80125716,0.17091686
764.03894380,0.19123346
764.27664084,0.20833672
764.51434829,0.20539288
764.75206613,0.20584897
764.98979437,0.20052104
765.22753300,0.19442606
765.46528203,0.19635407
765.70304144,0.20161980
765.94081124,0.20522703
766.17859142,0.19960887
766.41638197,0.20394170
766.65418291,0.19492361
766.89199422,0.19353462
767.12981590,0.18806158
767.36764795,0.18893229
767.60549036,0.18872498
767.84334314,0.18905668
768.08120628,0.17493871
768.31907977,0.17209854
768.55696362,0.17365338
768.79485782,0.16996322
769.03276238,0.16730962
769.27067727,0.17035711
769.50860251,0.16979737
769.74653809,0.17937520
769.98448401,0.18849693
770.22244027,0.18430923
770.46040685,0.18717014
770.69838377,0.18331413
770.93637101,0.19513093
771.17436858,0.19587725
771.41237647,0.19214563
771.65039468,0.20240759
771.88842320,0.19278830
772.12646204,0.18822743
772.36451118,0.18173856
772.60257064,0.17520822
772.84064039,0.16730962
773.07872045,0.16996322
773.31681081,0.16762059
773.55491147,0.15854031
773.79302242,0.15735863
774.03114366,0.15621842
774.26927519,0.15847812
774.50741700,0.15290142
774.74556910,0.15171974
774.98373147,0.15609403
775.22190413,0.15418676
775.46008705,0.15120146
775.69828025,0.14765642
775.93648372,0.14902468
776.17469745,0.14861006
776.41292145,0.15312946
776.65115570,0.14668205
776.88940022,0.15161609
777.12765499,0.14419431
777.36592001,0.14991612
777.60419528,0.14755277
777.84248079,0.14491990
778.08077655,0.14307482
778.31908256,0.14369676
778.55739879,0.12995196
778.79572527,0.13094705
779.03406198,0.13380796
779.27240891,0.13227385
779.51076608,0.12821053
779.74913346,0.13610913
779.98751107,0.13044950
780.22589890,0.14821616
780.46429695,0.13076047
780.70270520,0.13214947
780.94112367,0.12644838
781.17955235,0.12887393
781.41799123,0.11958634
781.65644031,0.12733982
781.89489959,0.12226067
782.13336907,0.12893613
782.37184874,0.12472769
782.61033861,0.12555694
782.84883866,0.13563231
783.08734890,0.12508012
783.32586931,0.12288261
783.56439991,0.12551547
783.80294069,0.11537790
784.04149164,0.11995951
784.28005276,0.12165947
784.51862406,0.13266775
784.75720551,0.12613741
784.99579713,0.13368358
785.23439891,0.13930174
785.47301085,0.13963344
785.71163295,0.14104316
785.95026519,0.14545891
786.18890759,0.14255654
786.42756013,0.14050415
786.66622282,0.13604694
786.90489564,0.13814079
787.14357861,0.12895686
787.38227171,0.12926782
787.62097494,0.12080949
787.85968831,0.11645593
788.09841180,0.11320113
788.33714541,0.10953170
788.57588915,0.10036850
788.81464301,0.10499156
789.05340698,0.10694030
789.29218106,0.10864026
789.53096526,0.11342917
789.76975956,0.11278650
790.00856397,0.11295235
790.24737848,0.11917172
790.48620309,0.11046460
790.72503780,0.11624862
790.96388260,0.11481816
791.20273749,0.11614496
791.44160247,0.10720980
791.68047754,0.11324259
791.91936269,0.11179140
792.15825792,0.11846686
792.39716323,0.12095460
792.63607861,0.11674617
792.87500406,0.11496328
793.11393958,0.12346308
793.35288517,0.11434134
793.59184082,0.11475597
793.83080653,0.11523279
794.06978230,0.11732664
794.30876813,0.12066437
794.54776401,0.11533644
794.78676993,0.10884757
795.02578591,0.11568887
795.26481193,0.10920000
795.50384798,0.10776954
795.74289408,0.10841221
795.98195022,0.10824636
796.22101638,0.10660860
796.46009258,0.10888903
796.69917880,0.11459012
796.93827505,0.10938658
797.17738132,0.11512913
797.41649761,0.11450719
797.65562392,0.12541182
797.89476024,0.12300700
798.13390657,0.12454111
798.37306290,0.13299945
798.61222925,0.12561913
798.85140559,0.13339334
799.09059194,0.12595083
799.32978828,0.13324822
799.56899462,0.11666324
799.80821094,0.12671788
800.04743726,0.11906806
800.28667356,0.11689128
800.52591985,0.11859124
800.76517611,0.12725690
801.00444236,0.12470696
801.24371857,0.12443745
801.48300476,0.12671788
801.72230092,0.13167265
801.96160705,0.13461648
802.20092314,0.14011026
802.44024919,0.14085658
802.67958519,0.15315020
802.91893116,0.15238314
803.15828707,0.15613549
803.39765294,0.15652939
803.63702875,0.16442798
803.87641450,0.15914152
804.11581020,0.16334996
804.35521584,0.16704012
804.59463141,0.16527796
804.83405692,0.16135976
805.07349235,0.16405482
805.31293772,0.16660476
805.55239300,0.16202316
805.79185821,0.15963907
806.03133334,0.15899640
806.27081839,0.15878909
806.51031335,0.15646719
806.74981822,0.15995004
806.98933300,0.15617695
807.22885768,0.15586599
807.46839227,0.14852713
807.70793675,0.14187241
807.94749114,0.14319921
808.18705542,0.14440162
808.42662959,0.14344798
808.66621364,0.14147852
808.90580759,0.13772616
809.14541141,0.13484452
809.38502512,0.12613741
809.62464871,0.12172166
809.86428217,0.12510085
810.10392550,0.11566814
810.34357870,0.10816344
810.58324177,0.10528180
810.82291470,0.09632591
811.06259749,0.09377597
811.30229015,0.10084532
811.54199265,0.08902852
811.78170501,0.08036287
812.02142722,0.07356302
812.26115928,0.07132405
812.50090118,0.06952043
812.74065292,0.06000480
812.98041450,0.05813899
813.22018592,0.06060601
813.45996717,0.04926603
813.69975825,0.04928676
813.93955916,0.04669536
814.17936989,0.04514051
814.41919045,0.04190644
814.65902083,0.04787704
814.89886102,0.03877603
815.13871102,0.03852725
815.37857084,0.03890042
815.61844047,0.04350275
815.85831990,0.04395883
816.09820913,0.04261131
816.33810817,0.03722119
816.57801700,0.03900407
816.81793562,0.03620536
817.05786404,0.03614316
817.29780225,0.03033842
817.53775024,0.02977868
817.77770801,0.02878358
818.01767557,0.02507269
818.25765290,0.02575682
818.49764001,0.02528000
818.73763689,0.02598486
818.97764354,0.02656534
819.21765996,0.02658607
819.45768614,0.02393247
819.69772209,0.02057401
819.93776779,0.02310322
820.17782324,0.01920575
820.41788845,0.02146546
820.65796341,0.01860455
820.89804812,0.01810700
821.13814257,0.02268860
821.37824677,0.02179716
821.61836070,0.02488611
821.85848437,0.02612998
822.09861777,0.03058719
822.33876090,0.03446393
822.57891376,0.03796751
822.81907635,0.04443565
823.05924866,0.05409640
823.29943069,0.06081332
823.53962243,0.06993506
823.77982389,0.08875901
824.02003506,0.09694785
824.26025594,0.10996705
824.50048652,0.12532889
824.74072681,0.13233605
824.98097680,0.15451846
825.22123648,0.16896812
825.46150586,0.20151614
825.70178493,0.20234539
825.94207369,0.21072081
826.18237214,0.21325002
826.42268027,0.22141812
826.66299808,0.22573021
826.90332557,0.23393978
827.14366273,0.22560583
827.38400957,0.23613729
827.62436608,0.22894355
827.86473225,0.23607510
828.10510809,0.22900575
828.34549359,0.22695336
828.58588874,0.23323492
828.82629356,0.23481049
829.06670802,0.22222664
829.30713214,0.22973134
829.54756590,0.22589606
829.78800931,0.22396806
830.02846236,0.22411318
830.26892505,0.22034010
830.50939738,0.21874379
830.74987934,0.21951085
830.99037093,0.20982936
831.23087215,0.21173664
831.47138299,0.21088666
831.71190346,0.20823306
831.95243355,0.20980863
832.19297325,0.20124664
832.43352257,0.19353462
832.67408150,0.18899448
832.91465003,0.18567749
833.15522818,0.17512529
833.39581592,0.17891911
833.63641327,0.17609966
833.87702022,0.16527796
834.11763676,0.15773180
834.35826289,0.15903786
834.59889861,0.16109026
834.83954392,0.14800885
835.08019881,0.13944686
835.32086328,0.13275067
835.56153733,0.12995196
835.80222095,0.12130703
836.04291415,0.11257919
836.28361692,0.10190261
836.52432926,0.10009899
836.76505116,0.09168211
837.00578262,0.09296745
837.24652364,0.08652004
837.48727421,0.08015555
837.72803434,0.07538737
837.96880402,0.07356302
838.20958325,0.07082650
838.45037202,0.07269231
838.69117033,0.07343864
838.93197819,0.07571907
839.17279558,0.07037042
839.41362250,0.07737757
839.65445896,0.07644466
839.89530494,0.08168966
840.13616045,0.07768854
840.37702548,0.08125431
840.61790003,0.08092261
840.85878410,0.08620907
841.09967768,0.08160674
841.34058078,0.07835194
841.58149338,0.08083968
841.82241549,0.07851779
842.06334710,0.07901534
842.30428821,0.07996897
842.54523883,0.07538737
842.78619893,0.07814462
843.02716853,0.07225696
843.26814762,0.07416423
843.50913619,0.07126186
843.75013425,0.07271304
843.99114179,0.06800706
844.23215881,0.07124113
844.47318530,0.06576808
844.71422127,0.07565688
844.95526670,0.06531200
845.19632161,0.06800706
845.43738597,0.06226451
845.67845980,0.06556077
845.91954309,0.06153891
846.16063584,0.06021211
846.40173803,0.05971457
846.64284968,0.06819364
846.88397078,0.05869874
847.12510132,0.06284498
847.36624130,0.05857435
847.60739073,0.05961091
847.84854959,0.05797314
848.08971788,0.06442055
848.33089561,0.06162184
848.57208276,0.06661806
848.81327934,0.07047407
849.05448534,0.07449593
849.29570076,0.07567761
849.53692560,0.08790903
849.77815986,0.08587737
850.01940353,0.09622225
850.26065660,0.09881366
850.50191908,0.10449401
850.74319097,0.10032704
850.98447225,0.11284869
851.22576294,0.11597911
851.46706301,0.12549474
851.70837248,0.12997269
851.94969135,0.14626743
852.19101959,0.14954296
852.43235722,0.16971444
852.67370424,0.17462774
852.91506063,0.18202879
853.15642640,0.19355535
853.39780154,0.20062470
853.63918605,0.20628433
853.88057992,0.20512338
854.12198317,0.20501972
854.36339577,0.20385877
854.60481773,0.20238686
854.84624905,0.19571140
855.08768973,0.19971253
855.32913975,0.19266391
855.57059912,0.19110907
855.81206784,0.19629187
856.05354590,0.19276757
856.29503330,0.18339705
856.53653004,0.17860814
856.77803611,0.17771670
857.01955151,0.16490480
857.26107624,0.18982373
857.50261030,0.15424895
857.74415367,0.15590745
857.98570637,0.14898322
858.22726839,0.15420749
858.46883972,0.14626743
858.71042037,0.13451282
858.95201032,0.13032512
859.19360958,0.13152753
859.43521814,0.12754713
859.67683601,0.11863271
859.91846317,0.12284115
860.16009963,0.10793539
860.40174538,0.10428670
860.64340042,0.09392109
860.88506474,0.09276014
861.12673835,0.09000289
861.36842125,0.09311257
861.61011342,0.09817099
861.85181487,0.09684419
862.09352559,0.09491619
862.33524558,0.09572470
862.57697484,0.09462595
862.81871336,0.09781856
863.06046114,0.09715516
863.30221819,0.09108091
863.54398449,0.09371377
863.78576004,0.08938095
864.02754485,0.08749441
864.26933890,0.08567006
864.51114220,0.08560787
864.75295474,0.08351401
864.99477653,0.08975411
865.23660755,0.08473715
865.47844780,0.07978239
865.72029728,0.07269231
865.96215600,0.07294109
866.20402394,0.07273377
866.44590110,0.07646540
866.68778748,0.06711561
866.92968308,0.07153136
867.17158790,0.06566443
867.41350193,0.06670099
867.65542516,0.06929239
867.89735761,0.07055700
868.13929926,0.06736439
868.38125011,0.07068138
868.62321015,0.07190453
868.86517940,0.07207038
869.10715783,0.06790340
869.34914546,0.07157283
869.59114227,0.07665198
869.83314827,0.07758488
870.07516344,0.08081895
870.31718780,0.07700441
870.55922133,0.08484081
870.80126404,0.09023093
871.04331592,0.09385889
871.28537696,0.09145407
871.52744717,0.08811634
871.76952655,0.08687247
872.01161508,0.08902852
872.25371277,0.08933949
872.49581961,0.08737002
872.73793560,0.08722490
872.98006075,0.08086041
873.22219503,0.08083968
873.46433846,0.07953362
873.70649103,0.07826901
873.94865274,0.06802779
874.19082358,0.06502176
874.43300356,0.06332180
874.67519266,0.06564370
874.91739089,0.06292791
875.15959824,0.06004627
875.40181471,0.05082087
875.64404031,0.05548540
875.88627501,0.05272814
876.12851883,0.05488419
876.37077176,0.05071721
876.61303379,0.04192717
876.85530493,0.04445638
877.09758517,0.04582464
877.33987451,0.04466370
877.58217294,0.04731729
877.82448047,0.04545148
878.06679709,0.05075868
878.30912279,0.04758680
878.55145758,0.05587929
878.79380145,0.05241717
879.03615440,0.05505004
879.27851643,0.06077186
879.52088753,0.06278279
879.76326770,0.06228524
880.00565694,0.06738512
880.24805524,0.06570589
880.49046260,0.06966555
880.73287903,0.07032895
880.97530451,0.07573980
881.21773905,0.07161429
881.46018264,0.06800706
881.70263527,0.07810316
881.94509695,0.07663125
882.18756768,0.07221549
882.43004744,0.06939605
882.67253625,0.07180087
882.91503409,0.07113747
883.15754095,0.06964482
883.40005685,0.06819364
883.64258178,0.07265085
883.88511573,0.06572662
884.12765869,0.06460713
884.37021068,0.05977676
884.61277168,0.06786194
884.85534170,0.06017065
885.09792072,0.06172549
885.34050876,0.05573417
885.58310579,0.05805607
885.82571183,0.05490492
886.06832686,0.04808435
886.31095090,0.05656342
886.55358392,0.05073795
886.79622594,0.04644658
887.03887694,0.04275642
887.28153693,0.04294300
887.52420589,0.04704779
887.76688384,0.04424907
888.00957077,0.04659170
888.25226667,0.04099427
888.49497154,0.04410395
888.73768537,0.04028941
888.98040818,0.03900407
889.22313994,0.03649559
889.46588067,0.03817482
889.70863035,0.03174814
889.95138899,0.02965429
890.19415657,0.03193472
890.43693311,0.02841042
890.67971859,0.03042134
890.92251302,0.02378735
891.16531639,0.02370443
891.40812869,0.02063621
891.65094993,0.02273006
891.89378010,0.02250202
892.13661920,0.02196301
892.37946723,0.02552878
892.62232418,0.02177642
892.86519005,0.02718727
893.10806484,0.02478245
893.35094854,0.03390419
893.59384116,0.02787140
893.83674269,0.03251520
894.07965312,0.03492002
894.32257246,0.03989551
894.56550070,0.04132597
894.80843784,0.04791850
895.05138388,0.04503686
895.29433881,0.04934895
895.53730263,0.04263204
895.78027533,0.05038551
896.02325692,0.04752461
896.26624740,0.04526490
896.50924675,0.04972212
896.75225498,0.05585856
896.99527208,0.05587929
897.23829806,0.05475980
897.48133290,0.05818045
897.72437661,0.05803534
897.96742918,0.05797314
898.21049061,0.05494638
898.45356090,0.05420006
898.69664005,0.06089625
898.93972804,0.05196109
899.18282488,0.05898897
899.42593057,0.06178769
899.66904511,0.05438664
899.91216848,0.05643903
900.15530069,0.05335008
900.39844174,0.05616953
900.64159162,0.05175378
900.88475033,0.05511223
901.12791786,0.06110356
901.37109422,0.06097917
901.61427940,0.05998407
901.85747340,0.06025358
902.10067621,0.06296937
902.34388784,0.07026676
902.58710827,0.07132405
902.83033752,0.06701196
903.07357557,0.07175941
903.31682242,0.06790340
903.56007807,0.06808998
903.80334251,0.07115820
904.04661575,0.06707415
904.28989778,0.07356302
904.53318860,0.07891168
904.77648820,0.07132405
905.01979659,0.07781292
905.26311375,0.06964482
905.50643969,0.07553249
905.74977441,0.08500666
905.99311789,0.08629200
906.23647015,0.08797123
906.47983117,0.09122603
906.72320095,0.09195162
906.96657950,0.09603567
907.20996680,0.09377597
907.45336285,0.09464668
907.69676766,0.09081140
907.94018122,0.09346500
908.18360352,0.08699686
908.42703457,0.09006508
908.67047435,0.08009336
908.91392288,0.08434326
909.15738014,0.08231160
909.40084613,0.07957508
909.64432085,0.07942996
909.88780430,0.07457885
910.13129648,0.07804097
910.37479737,0.08127504
910.61830699,0.08025921
910.86182531,0.08233233
911.10535236,0.07652759
911.34888811,0.08243599
911.59243257,0.06945824
911.83598573,0.07345937
912.07954760,0.07076431
912.32311816,0.07115820
912.56669743,0.07824828
912.81028538,0.07124113
913.05388203,0.06701196
913.29748736,0.07277524
913.54110138,0.07072285
913.78472408,0.07300328
914.02835547,0.06997652
914.27199552,0.06916800
914.51564426,0.06346692
914.75930166,0.06234743
915.00296774,0.06164257
915.24664247,0.06628636
915.49032588,0.06384008
915.73401794,0.06527053
915.97771866,0.06759243
916.22142803,0.07430935
916.46514606,0.07972020
916.70887274,0.07810316
916.95260806,0.07893241
917.19635202,0.09624298
917.44010463,0.09875146
917.68386588,0.10633909
917.92763576,0.10679518
918.17141427,0.12622033
918.41520141,0.13797494
918.65899718,0.13474087
918.90280158,0.14127120
919.14661459,0.14344798
919.39043623,0.15192705
919.63426648,0.15118073
919.87810534,0.15657085
920.12195281,0.16318411
920.36580890,0.15259045
920.60967358,0.16104879
920.85354687,0.16270729
921.09742876,0.16502919
921.34131924,0.16436579
921.58521832,0.16583771
921.82912599,0.15273557
922.07304225,0.14950150
922.31696709,0.14073219
922.56090052,0.13745666
922.80484252,0.12744348
923.04879310,0.12294480
923.29275226,0.11881929
923.53671999,0.10470132
923.78069629,0.08965045
924.02468115,0.09553812
924.26867458,0.08622980
924.51267656,0.07947142
924.75668711,0.07057773
925.00070621,0.06711561
925.24473386,0.06201573
925.48877006,0.05818045
925.73281481,0.05494638
925.97686810,0.04538929
926.22092994,0.04588684
926.46500031,0.04331617
926.70907921,0.03612243
926.95316665,0.03912846
927.19726262,0.03481636
927.44136712,0.03564561
927.68548014,0.03127133
927.92960168,0.03048354
928.17373175,0.02378735
928.41787032,0.02693850
928.66201741,0.02411905
928.90617302,0.02011793
929.15033713,0.02015939
929.39450974,0.01910210
929.63869086,0.01999354
929.88288047,0.01775457
930.12707859,0.02098864
930.37128520,0.02509342
930.61550029,0.01721555
930.85972388,0.02076059
931.10395595,0.01881186
931.34819651,0.01800334
931.59244554,0.01974476
931.83670306,0.02028378
932.08096904,0.02612998
932.32524350,0.03071158
932.56952643,0.03402858
932.81381782,0.03767727
933.05811768,0.03431882
933.30242600,0.04348202
933.54674278,0.03823702
933.79106801,0.04750387
934.03540169,0.04335763
934.27974382,0.04132597
934.52409440,0.04941115
934.76845343,0.05364032
935.01282089,0.04679901
935.25719680,0.05256229
935.50158114,0.05388909
935.74597391,0.05034405
935.99037511,0.04945261
936.23478474,0.05032332
936.47920279,0.04827093
936.72362927,0.06050235
936.96806417,0.04980504
937.21250748,0.05148427
937.45695920,0.05449030
937.70141934,0.05150500
937.94588788,0.05162939
938.19036483,0.04997089
938.43485019,0.05395129
938.67934394,0.04907945
938.92384608,0.04686121
939.16835663,0.04740022
939.41287556,0.05133915
939.65740288,0.05585856
939.90193859,0.04827093
940.14648268,0.04910018
940.39103515,0.04661243
940.63559600,0.04843678
940.88016523,0.04511978
941.12474282,0.05024040
941.36932879,0.04648804
941.61392312,0.04920383
941.85852581,0.04939042
942.10313687,0.04777338
942.34775628,0.04748314
942.59238405,0.04402103
942.83702017,0.04221741
943.08166464,0.04431127
943.32631746,0.04441492
943.57097862,0.04064184
943.81564813,0.04267350
944.06032597,0.04615634
944.30501215,0.04327470
944.54970666,0.05077941
944.79440950,0.04418688
945.03912067,0.04327470
945.28384016,0.04959773
945.52856798,0.04196864
945.77330412,0.04538929
946.01804857,0.03811263
946.26280133,0.03641267
946.50756241,0.03626755
946.75233179,0.03968820
946.99710948,0.03603951
947.24189548,0.03983332
947.48668977,0.03975040
947.73149236,0.04043453
947.97630324,0.03850652
948.22112242,0.03792605
948.46594988,0.04006136
948.71078563,0.03746996
948.95562966,0.04458077
949.20048198,0.03616389
949.44534257,0.03597731
949.69021144,0.03442247
949.93508857,0.03550049
950.17997398,0.03483710
950.42486766,0.02986160
950.66976959,0.03597731
950.91467979,0.03220423
951.15959825,0.03004818
951.40452496,0.03133352
951.64945993,0.03201765
951.89440314,0.03581146
952.13935461,0.03027623
952.38431431,0.03073231
952.62928226,0.02575682
952.87425845,0.02770555
953.11924287,0.03031769
953.36423553,0.02548731
953.60923642,0.02264714
953.85424553,0.02461660
954.09926287,0.02084352
954.34428843,0.02013866
954.58932222,0.01663508
954.83436421,0.02268860
955.07941443,0.01926795
955.32447285,0.01704970
955.56953948,0.01970330
955.81461432,0.02084352
956.05969736,0.01642777
956.30478860,0.01157666
956.54988803,0.01514243
956.79499567,0.01335955
957.04011149,0.01518389
957.28523550,0.00871575
957.53036770,0.01182544
957.77550808,0.00964866
958.02065664,0.01116204
958.26581338,0.00910965
958.51097830,0.01089253
958.75615139,0.01151447
959.00133264,0.01493512
959.24652207,0.00871575
959.49171965,0.01534974
959.73692540,0.01416806
959.98213931,0.01132789
960.22736137,0.01379490
960.47259159,0.01744360
960.71782995,0.04916237
960.96307647,0.01862528
961.20833112,0.01906063
961.45359392,0.02252275
961.69886486,0.02194227
961.94414394,0.02525927
962.18943115,0.02393247
962.43472648,0.02262640
962.68002995,0.02828603
962.92534154,0.02942625
963.17066126,0.02563243
963.41598909,0.02677265
963.66132504,0.03085670
963.90666911,0.03359322
964.15202128,0.03176887
964.39738157,0.04093208
964.64274996,0.03620536
964.88812645,0.04441492
965.13351104,0.03713826
965.37890374,0.03904553
965.62430452,0.03732484
965.86971340,0.03927358
966.11513036,0.04315032
966.36055542,0.04126378
966.60598855,0.04223814
966.85142977,0.04138816
967.09687907,0.04387591
967.34233644,0.04538929
967.58780188,0.04601123
967.83327539,0.04943188
968.07875697,0.05484273
968.32424661,0.05952798
968.56974432,0.05480127
968.81525008,0.05301838
969.06076390,0.04980504
969.30628577,0.05075868
969.55181570,0.05142208
969.79735367,0.05355739
970.04289968,0.04244546
970.28845374,0.04673682
970.53401583,0.04684047
970.77958597,0.05094526
971.02516413,0.04279789
971.27075033,0.04329544
971.51634455,0.04640512
971.76194680,0.05245864
972.00755708,0.04592830
972.25317537,0.05260376
972.49880168,0.05231352
972.74443600,0.04974285
972.99007834,0.05069648
973.23572868,0.05133915
973.48138703,0.05146354
973.72705338,0.05274887
973.97272774,0.05189889
974.21841009,0.05258302
974.46410043,0.05343300
974.70979877,0.05283180
974.95550510,0.04924530
975.20121941,0.05206474
975.44694171,0.05055136
975.69267199,0.04961846
975.93841024,0.04868555
976.18415647,0.05229279
976.42991068,0.05181597
976.67567285,0.04814654
976.92144299,0.04725510
977.16722110,0.04456004
977.41300717,0.05086233
977.65880119,0.04862336
977.90460317,0.04458077
978.15041311,0.05167085
978.39623099,0.04775265
978.64205683,0.04663316
978.88789061,0.04609415
979.13373233,0.04632219
979.37958199,0.04426980
979.62543958,0.03800897
979.87130511,0.04281862
980.11717857,0.04408322
980.36305996,0.04055891
980.60894928,0.03912846
980.85484651,0.02986160
981.10075167,0.03438101
981.34666475,0.03120913
981.59258573,0.02948844
981.83851463,0.02567389
982.08445144,0.02921893
982.33039616,0.02633729
982.57634878,0.02546658
982.82230930,0.02600559
983.06827771,0.02890797
983.31425403,0.02816164
983.56023823,0.02633729
983.80623032,0.02988233
984.05223031,0.02472026
984.29823817,0.02801652
984.54425391,0.02878358
984.79027754,0.02513488
985.03630904,0.02861773
985.28234841,0.02801652
985.52839565,0.03149937
985.77445076,0.02890797
986.02051374,0.03297129
986.26658457,0.02816164
986.51266327,0.03614316
986.75874982,0.03011038
987.00484422,0.03145791
987.25094647,0.03624682
987.49705658,0.03487856
987.74317452,0.03392492
987.98930031,0.03666144
988.23543394,0.03506514
988.48157541,0.03763581
988.72772471,0.03813336
988.97388184,0.04449785
989.22004680,0.03993698
989.46621959,0.04706852
989.71240020,0.04445638
989.95858862,0.05038551
990.20478487,0.04470516
990.45098893,0.05596221
990.69720080,0.04773192
990.94342048,0.04439419
991.18964797,0.04147109
991.43588326,0.04505759
991.68212635,0.04018575
991.92837724,0.03989551
992.17463593,0.04064184
992.42090240,0.03858945
992.66717667,0.03353103
992.91345872,0.03332372
993.15974856,0.02849334
993.40604618,0.03035915
993.65235158,0.02617144
993.89866475,0.02905308
994.14498570,0.02484465
994.39131441,0.02695923
994.63765090,0.02785067
994.88399515,0.02625437
995.13034716,0.02544585
995.37670693,0.02536293
995.62307445,0.02248129
995.86944973,0.01974476
996.11583276,0.01781676
996.36222354,0.02117522
996.60862206,0.01988988
996.85502833,0.01895698
997.10144233,0.01854235
997.34786408,0.01294492
997.59429355,0.01414733
997.84073076,0.01321443
998.08717570,0.00865356
998.33362836,0.01182544
998.58008875,0.00998036
998.82655685,0.01257176
999.07303267,0.01980696
999.31951621,0.01282053
999.56600746,0.00913038
999.81250642,0.01062303
1000.05901309,0.00714018
1000.30552746,0.01136935
1000.55204953,0.00637312
1000.79857929,0.01149374
1001.04511676,0.01201202
1001.29166191,0.01433391
1001.53821476,0.00705725
1001.78477529,0.00981451
1002.03134351,0.00896453
1002.27791941,0.01342174
1002.52450299,0.01253030
1002.77109424,0.01072668
1003.01769317,0.00910965
1003.26429976,0.01095472
1003.51091403,0.01134862
1003.75753596,0.01176324
1004.00416555,0.00973158
1004.25080280,0.01723629
1004.49744771,0.01510097
1004.74410027,0.01261322
1004.99076048,0.01203275
1005.23742834,0.01323516
1005.48410384,0.01773384
1005.73078699,0.01267542
1005.97747778,0.01425099
1006.22417620,0.01360832
1006.47088226,0.01327662
1006.71759595,0.01456196
1006.96431727,0.01588876
1007.21104622,0.01284127
1007.45778279,0.01694605
1007.70452698,0.00960720
1007.95127879,0.01352540
1008.19803821,0.01238518
1008.44480524,0.01510097
1008.69157988,0.01582656
1008.93836213,0.01684239
1009.18515199,0.01010474
1009.43194944,0.01350467
1009.67875450,0.01012548
1009.92556715,0.00950354
1010.17238739,0.01360832
1010.41921522,0.01566071
1010.66605064,0.01648996
1010.91289364,0.01219860
1011.15974422,0.00958646
1011.40660239,0.01157666
1011.65346813,0.01149374
1011.90034144,0.01957891
1012.14722232,0.01534974
1012.39411078,0.01230225
1012.64100679,0.01671801
1012.88791037,0.01410587
1013.13482151,0.01539121
1013.38174020,0.01725702
1013.62866645,0.02109229
1013.87560025,0.01991061
1014.12254160,0.01342174
1014.36949049,0.01982769
1014.61644693,0.02038743
1014.86341091,0.01781676
1015.11038242,0.01574364
1015.35736147,0.01877040
1015.60434805,0.01607534
1015.85134216,0.01406441
1016.09834379,0.01172178
1016.34535295,0.01381563
1016.59236963,0.01731921
1016.83939383,0.01518389
1017.08642554,0.01551559
1017.33346476,0.01503878
1017.58051150,0.01543267
1017.82756574,0.01161812
1018.07462748,0.01309004
1018.32169673,0.01841797
1018.56877347,0.01284127
1018.81585771,0.01680093
1019.06294945,0.01215714
1019.31004867,0.00832186
1019.55715538,0.00695360
1019.80426957,0.01267542
1020.05139125,0.01508024
1020.29852041,0.01290346
1020.54565704,0.00772065
1020.79280114,0.00977304
1021.03995272,0.00479755
1021.28711177,0.01168032
1021.53427828,0.00854990
1021.78145225,0.01027059
1022.02863368,0.00637312
1022.27582257,0.00469389
1022.52301891,0.01128642
1022.77022270,0.00854990
1023.01743395,0.00753407
1023.26465263,0.00618654
1023.51187876,0.00274516
1023.75911234,0.00699506
1024.00635335,0.00521218
1024.25360179,0.00570972
1024.50085766,0.00525364
1024.74812097,0.00703652
1024.99539170,0.00720237
1025.24266985,0.00732676
1025.48995543,0.00444512
1025.73724842,0.00556461
1025.98454883,0.00751334
1026.23185665,0.00369880
1026.47917188,0.00398903
1026.72649452,0.00803162
1026.97382456,0.00794870
1027.22116200,0.00396830
1027.46850685,0.00241346
1027.71585908,0.00637312
1027.96321872,0.00432073
1028.21058574,0.00330490
1028.45796014,-0.01238863
1028.70534194,-0.01006674
1028.95273111,-0.01247156
1029.20012767,-0.01139354
1029.44753160,-0.01170450
1029.69494290,-0.01041917
