198.80933475,-0.00243288
199.01143578,0.00038912
199.21355429,0.00090961
199.41569028,-0.00173699
199.61784374,0.00033967
199.82001468,0.00068147
200.02220309,-0.00050239
200.22440896,0.00053344
200.42663230,-0.00177212
200.62887310,-0.00297062
200.83113136,0.00152035
201.03340708,-0.00075853
201.23570025,-0.00109727
201.43801087,-0.00012932
201.64033894,-0.00072013
201.84268445,-0.00326207
202.04504741,-0.00345975
202.24742780,-0.00133171
202.44982564,0.00066856
202.65224090,0.00062102
202.85467360,-0.00121464
203.05712372,0.00039134
203.25959128,0.00193280
203.46207625,-0.00168045
203.66457864,-0.00172878
203.86709846,-0.00169839
204.06963568,-0.00086581
204.27219032,-0.00199578
204.47476237,0.00046645
204.67735182,-0.00162121
204.87995868,0.00232372
205.08258293,-0.00166557
205.28522459,-0.00006661
205.48788364,-0.00184556
205.69056008,-0.00043442
205.89325391,-0.00308078
206.09596513,0.00009087
206.29869374,-0.00172861
206.50143972,-0.00012909
206.70420308,-0.00036377
206.90698382,0.00109657
207.10978194,-0.00288419
207.31259742,-0.00279961
207.51543027,-0.00089569
207.71828048,0.00015056
207.92114806,0.00154236
208.12403299,-0.00089236
208.32693528,-0.00039335
208.52985493,0.00026718
208.73279193,-0.00040321
208.93574627,-0.00086824
209.13871796,-0.00181254
209.34170699,0.00003426
209.54471336,-0.00090753
209.74773707,-0.00000836
209.95077811,-0.00122641
210.15383649,-0.00181031
210.35691219,0.00065983
210.56000522,0.00137519
210.76311557,-0.00091658
210.96624324,-0.00119163
211.16938823,-0.00100015
211.37255053,-0.00076798
211.57573015,-0.00215902
211.77892707,-0.00078376
211.98214130,-0.00002232
212.18537284,0.00099187
212.38862167,0.00013349
212.59188781,0.00004111
212.79517124,-0.00004592
212.99847196,-0.00047701
213.20178997,-0.00170517
213.40512527,-0.00189742
213.60847785,-0.00072225
213.81184772,-0.00035145
214.01523486,-0.00272929
214.21863928,-0.00133641
214.42206097,-0.00050993
214.62549993,-0.00270190
214.82895616,-0.00100613
215.03242966,0.00150484
215.23592042,0.00016981
215.43942843,-0.00037832
215.64295370,0.00071417
215.84649623,0.00008115
216.05005601,-0.00201097
216.25363303,0.00062151
216.45722731,-0.00184209
216.66083882,0.00080913
216.86446757,-0.00114906
217.06811356,0.00006643
217.27177679,-0.00295399
217.47545724,-0.00144597
217.67915493,-0.00031262
217.88286984,-0.00201174
218.08660198,-0.00209678
218.29035133,-0.00239468
218.49411790,-0.00318296
218.69790169,0.00220684
218.90170269,-0.00032123
219.10552090,-0.00371719
219.30935632,-0.00049594
219.51320894,0.00010304
219.71707876,0.00037072
219.92096578,-0.00234808
220.12486999,-0.00013535
220.32879140,0.00059213
220.53272999,-0.00055938
220.73668578,-0.00282059
220.94065875,-0.00276831
221.14464890,0.00026602
221.34865623,-0.00170840
221.55268073,-0.00301895
221.75672241,-0.00115616
221.96078126,0.00032750
222.16485728,0.00165116
222.36895046,0.00352906
222.57306080,-0.00162591
222.77718831,0.00019378
222.98133297,0.00075614
223.18549478,0.00106380
223.38967375,-0.00106557
223.59386986,0.00098808
223.79808312,0.00164670
224.00231352,-0.00284814
224.20656106,-0.00252287
224.41082574,-0.00062619
224.61510756,-0.00085668
224.81940650,-0.00093640
225.02372258,0.00067649
225.22805578,0.00053308
225.43240610,0.00009880
225.63677355,-0.00141926
225.84115811,0.00036956
226.04555979,0.00087309
226.24997858,0.00224448
226.45441448,-0.00198642
226.65886748,-0.00204379
226.86333759,-0.00150231
227.06782480,-0.00288646
227.27232911,-0.00058509
227.47685052,0.00308898
227.68138902,-0.00062440
227.88594461,-0.00286003
228.09051728,0.00256273
228.29510704,0.00020223
228.49971389,-0.00233520
228.70433781,-0.00140769
228.90897881,0.00109749
229.11363688,-0.00222050
229.31831202,-0.00360627
229.52300423,-0.00088870
229.72771350,-0.00141480
229.93243984,-0.00000139
230.13718324,0.00044891
230.34194369,0.00232801
230.54672120,-0.00247801
230.75151576,-0.00030715
230.95632737,-0.00093279
231.16115602,0.00059791
231.36600172,0.00105637
231.57086446,-0.00049407
231.77574423,0.00033931
231.98064104,-0.00076982
232.18555488,0.00056234
232.39048575,-0.00045571
232.59543365,-0.00130887
232.80039857,-0.00078573
233.00538051,-0.00082758
233.21037947,-0.00100488
233.41539544,0.00397695
233.62042843,-0.00065981
233.82547842,0.00145090
234.03054543,-0.00173794
234.23562943,0.00018532
234.44073044,-0.00202713
234.64584845,-0.00398365
234.85098345,0.00220672
235.05613545,0.00028210
235.26130444,-0.00282190
235.46649041,-0.00155076
235.67169337,-0.00071383
235.87691331,-0.00402535
236.08215023,0.00046446
236.28740413,-0.00233648
236.49267500,-0.00091793
236.69796284,0.00047917
236.90326765,0.00107935
237.10858942,-0.00174887
237.31392816,-0.00163141
237.51928386,-0.00122920
237.72465651,-0.00142768
237.93004612,-0.00033040
238.13545268,-0.00092627
238.34087619,-0.00024822
238.54631664,0.00029561
238.75177404,-0.00167898
238.95724838,0.00208415
239.16273965,-0.00073516
239.36824786,0.00235517
239.57377300,-0.00232620
239.77931508,0.00126463
239.98487407,-0.00245538
240.19045000,-0.00039542
240.39604284,-0.00149266
240.60165260,0.00016949
240.80727928,-0.00152368
241.01292287,-0.00195480
241.21858337,0.00128432
241.42426077,-0.00245382
241.62995508,-0.00118825
241.83566630,0.00017914
242.04139441,-0.00193331
242.24713941,-0.00193722
242.45290131,0.00020921
242.65868010,0.00039780
242.86447578,0.00090068
243.07028835,-0.00078559
243.27611779,-0.00147408
243.48196412,-0.00550949
243.68782732,-0.00117386
243.89370739,-0.00170729
244.09960434,0.00019477
244.30551816,-0.00226607
244.51144884,0.00054835
244.71739638,-0.00219833
244.92336078,0.00222319
245.12934204,-0.00231902
245.33534016,-0.00175146
245.54135512,0.00115725
245.74738694,-0.00187084
245.95343560,-0.00057947
246.15950110,-0.00268905
246.36558345,-0.00187072
246.57168263,0.00118381
246.77779865,-0.00309442
246.98393150,-0.00108095
247.19008118,0.00143670
247.39624769,-0.00000397
247.60243102,0.00121626
247.80863117,-0.00167929
248.01484814,0.00082282
248.22108192,0.00062570
248.42733252,0.00090275
248.63359993,-0.00062481
248.83988415,0.00073597
249.04618517,-0.00245709
249.25250299,-0.00015968
249.45883761,0.00301393
249.66518903,-0.00136695
249.87155724,-0.00041242
250.07794224,-0.00143253
250.28434403,0.00094351
250.49076260,-0.00165748
250.69719796,0.00056572
250.90365009,-0.00028443
251.11011901,-0.00010095
251.31660469,0.00113533
251.52310715,-0.00129542
251.72962638,-0.00028151
251.93616237,-0.00089704
252.14271513,-0.00086957
252.34928464,0.00053714
252.55587091,-0.00064917
252.76247394,-0.00104627
252.96909372,0.00050573
253.17573025,0.00047279
253.38238352,-0.00237380
253.58905354,-0.00082579
253.79574030,-0.00013440
254.00244380,-0.00015915
254.20916403,-0.00251828
254.41590099,-0.00375049
254.62265469,-0.00194715
254.82942511,0.00114864
255.03621225,-0.00119918
255.24301612,0.00082820
255.44983670,-0.00138553
255.65667400,0.00034142
255.86352802,-0.00111298
256.07039874,0.00090403
256.27728617,0.00058754
256.48419031,-0.00377090
256.69111115,-0.00137915
256.89804868,-0.00058924
257.10500292,-0.00154705
257.31197384,-0.00051061
257.51896146,-0.00387148
257.72596577,-0.00105585
257.93298676,0.00019785
258.14002443,0.00036722
258.34707878,0.00028345
258.55414981,-0.00140108
258.76123752,0.00160934
258.96834190,-0.00053883
259.17546294,0.00078143
259.38260065,0.00273233
259.58975502,-0.00120301
259.79692606,0.00088788
260.00411375,-0.00049949
260.21131810,0.00280624
260.41853909,-0.00112043
260.62577674,-0.00138984
260.83303103,-0.00100273
261.04030197,0.00102619
261.24758955,-0.00005402
261.45489377,-0.00171718
261.66221462,0.00159152
261.86955210,0.00001409
262.07690622,0.00028524
262.28427696,0.00175993
262.49166433,0.00216907
262.69906831,-0.00185668
262.90648892,0.00148151
263.11392614,-0.00077165
263.32137998,-0.00219992
263.52885042,0.00094159
263.73633747,-0.00103917
263.94384113,0.00092280
264.15136139,-0.00206500
264.35889825,-0.00281839
264.56645171,-0.00287373
264.77402176,-0.00291704
264.98160840,-0.00113690
265.18921163,0.00257971
265.39683144,-0.00208534
265.60446784,-0.00268335
265.81212081,0.00105135
266.01979037,-0.00171889
266.22747650,0.00003621
266.43517920,-0.00030943
266.64289847,0.00169354
266.85063430,0.00190087
267.05838670,-0.00046911
267.26615566,0.00074495
267.47394117,-0.00021813
267.68174324,0.00176913
267.88956187,-0.00343531
268.09739704,-0.00025835
268.30524876,-0.00236813
268.51311702,-0.00381009
268.72100183,0.00305934
268.92890317,0.00056178
269.13682105,0.00039691
269.34475546,0.00329319
269.55270640,-0.00143234
269.76067387,0.00153459
269.96865786,0.00129384
270.17665838,-0.00050982
270.38467541,-0.00168927
270.59270896,-0.00343492
270.80075902,0.00070990
271.00882560,-0.00123095
271.21690868,-0.00036146
271.42500826,-0.00059107
271.63312435,-0.00210332
271.84125694,0.00092241
272.04940602,-0.00037253
272.25757160,0.00007811
272.46575367,-0.00296994
272.67395223,-0.00045089
272.88216727,-0.00022917
273.09039880,0.00156649
273.29864681,-0.00210771
273.50691129,0.00144922
273.71519225,0.00041678
273.92348968,-0.00189352
274.13180358,-0.00233274
274.34013395,0.00056808
274.54848077,0.00229113
274.75684406,0.00000455
274.96522381,-0.00199491
275.17362001,-0.00013648
275.38203267,-0.00470056
275.59046177,0.00244084
275.79890732,0.00023963
276.00736932,-0.00232823
276.21584776,0.00201861
276.42434263,0.00274517
276.63285394,0.00329537
276.84138169,-0.00244601
277.04992586,-0.00030895
277.25848646,-0.00135224
277.46706349,0.00108321
277.67565694,0.00245383
277.88426680,-0.00210707
278.09289309,-0.00249625
278.30153578,0.00093712
278.51019489,-0.00326435
278.71887041,-0.00131165
278.92756233,0.00052407
279.13627065,-0.00292660
279.34499537,-0.00091733
279.55373649,0.00073574
279.76249401,-0.00042699
279.97126791,0.00097429
280.18005820,0.00421252
280.38886488,-0.00224287
280.59768795,0.00223303
280.80652739,-0.00091757
281.01538321,-0.00014764
281.22425540,-0.00228047
281.43314397,0.00079176
281.64204891,-0.00112096
281.85097021,0.00001827
282.05990788,-0.00136288
282.26886190,0.00067669
282.47783229,-0.00008241
282.68681903,0.00009383
282.89582212,-0.00076104
283.10484156,-0.00116935
283.31387735,-0.00167527
283.52292949,0.00182735
283.73199796,-0.00171231
283.94108277,-0.00027697
284.15018392,-0.00013795
284.35930141,0.00001436
284.56843522,-0.00301958
284.77758536,-0.00034909
284.98675183,-0.00061850
285.19593461,-0.00224593
285.40513372,-0.00042265
285.61434914,-0.00072731
285.82358088,0.00198511
286.03282893,-0.00119129
286.24209328,-0.00107099
286.45137395,0.00007002
286.66067091,0.00001827
286.86998417,0.00075811
287.07931373,-0.00177179
287.28865959,0.00013143
287.49802174,0.00038922
287.70740017,0.00067051
287.91679489,-0.00101629
288.12620590,-0.00071782
288.33563318,-0.00024014
288.54507675,-0.00061686
288.75453658,-0.00076758
288.96401269,0.00150121
289.17350507,0.00002201
289.38301372,-0.00305853
289.59253863,0.00193680
289.80207980,0.00009606
290.01163723,-0.00041269
290.22121091,0.00111076
290.43080085,0.00014362
290.64040703,0.00005339
290.85002947,-0.00184224
291.05966815,-0.00330326
291.26932307,-0.00233066
291.47899422,0.00032858
291.68868162,-0.00085338
291.89838525,0.00200163
292.10810511,-0.00483596
292.31784119,-0.00198235
292.52759350,-0.00030305
292.73736204,0.00100857
292.94714679,0.00002736
293.15694776,-0.00077667
293.36676494,-0.00081415
293.57659834,0.00091703
293.78644794,-0.00033910
293.99631375,-0.00069247
294.20619576,-0.00203362
294.41609397,0.00095157
294.62600838,0.00092285
294.83593898,-0.00002579
295.04588578,-0.00009090
295.25584876,0.00117494
295.46582793,0.00040011
295.67582328,0.00298272
295.88583481,-0.00063302
296.09586253,0.00203400
296.30590641,0.00095020
296.51596647,-0.00050854
296.72604270,0.00252241
296.93613509,-0.00157818
297.14624365,0.00270453
297.35636837,0.00364485
297.56650925,-0.00272482
297.77666629,0.00053287
297.98683947,0.00430091
298.19702881,0.00157649
298.40723429,-0.00177283
298.61745592,-0.00165872
298.82769369,-0.00102386
299.03794760,-0.00112776
299.24821765,0.00111179
299.45850383,0.00017429
299.66880614,0.00032691
299.87912458,0.00155758
300.08945914,-0.00011036
300.29980983,0.00140014
300.51017663,0.00080252
300.72055955,-0.00093973
300.93095859,-0.00125783
301.14137374,0.00231250
301.35180499,0.00226457
301.56225235,0.00018640
301.77271582,0.00125221
301.98319538,-0.00246505
302.19369105,0.00246766
302.40420280,0.00117909
302.61473065,-0.00037489
302.82527459,-0.00247160
303.03583461,-0.00032693
303.24641072,-0.00107132
303.45700291,-0.00101904
303.66761117,-0.00237823
303.87823552,-0.00098184
304.08887593,-0.00105401
304.29953241,-0.00282470
304.51020496,0.00138961
304.72089358,-0.00219980
304.93159825,-0.00261904
305.14231899,0.00112491
305.35305578,-0.00150378
305.56380862,-0.00114081
305.77457752,0.00060125
305.98536246,-0.00070578
306.19616344,0.00026064
306.40698047,-0.00002280
306.61781354,0.00052366
306.82866264,0.00005061
307.03952778,0.00134345
307.25040895,-0.00227819
307.46130614,0.00030992
307.67221937,0.00031630
307.88314861,-0.00116394
308.09409387,0.00107444
308.30505515,-0.00053924
308.51603245,-0.00133653
308.72702576,-0.00178915
308.93803507,-0.00028407
309.14906039,0.00008860
309.36010172,-0.00345043
309.57115904,-0.00178946
309.78223236,-0.00173021
309.99332168,0.00000491
310.20442699,-0.00055610
310.41554829,-0.00048167
310.62668557,-0.00021482
310.83783884,-0.00004572
311.04900809,0.00274165
311.26019332,-0.00058494
311.47139452,-0.00012806
311.68261169,0.00045701
311.89384484,0.00004774
312.10509395,0.00153710
312.31635903,-0.00283957
312.52764007,0.00254554
312.73893706,0.00122997
312.95025002,0.00161364
313.16157892,0.00047928
313.37292378,-0.00018566
313.58428458,-0.00106226
313.79566133,0.00172289
314.00705402,-0.00163436
314.21846266,-0.00093404
314.42988722,-0.00050982
314.64132772,-0.00370340
314.85278416,0.00060963
315.06425652,-0.00082861
315.27574480,0.00058829
315.48724901,-0.00156906
315.69876914,0.00130792
315.91030518,-0.00083018
316.12185715,0.00071851
316.33342502,0.00018174
316.54500880,-0.00100425
316.75660848,-0.00156215
316.96822407,0.00173824
317.17985556,0.00039807
317.39150295,0.00159801
317.60316624,0.00152111
317.81484541,0.00117312
318.02654048,-0.00132800
318.23825143,-0.00028068
318.44997826,-0.00033997
318.66172098,0.00008657
318.87347957,-0.00061024
319.08525404,-0.00009333
319.29704439,0.00002174
319.50885060,-0.00125468
319.72067268,0.00089825
319.93251063,0.00177002
320.14436443,0.00009936
320.35623410,-0.00335273
320.56811962,-0.00087534
320.78002100,-0.00064901
320.99193822,0.00103165
321.20387130,0.00043595
321.41582021,0.00175702
321.62778498,-0.00325517
321.83976558,-0.00102622
322.05176201,-0.00222759
322.26377428,-0.00147983
322.47580239,-0.00164648
322.68784632,-0.00019830
322.89990607,0.00003286
323.11198165,0.00063973
323.32407305,-0.00067033
323.53618027,-0.00100329
323.74830330,-0.00046724
323.96044215,0.00091783
324.17259680,-0.00047030
324.38476726,0.00004582
324.59695352,-0.00114890
324.80915558,0.00068195
325.02137344,0.00129799
325.23360710,-0.00052047
325.44585655,-0.00118490
325.65812178,-0.00023901
325.87040281,-0.00118052
326.08269962,0.00086911
326.29501221,0.00220117
326.50734058,-0.00073352
326.71968472,-0.00161140
326.93204464,-0.00106831
327.14442032,-0.00157292
327.35681178,-0.00164644
327.56921900,-0.00085570
327.78164198,0.00000459
327.99408072,0.00095502
328.20653522,-0.00560232
328.41900547,0.00222123
328.63149147,0.00138714
328.84399322,-0.00046568
329.05651071,-0.00163424
329.26904395,-0.00245319
329.48159293,-0.00042357
329.69415764,0.00071672
329.90673809,-0.00102574
330.11933427,-0.00031812
330.33194617,-0.00063465
330.54457381,0.00076636
330.75721716,0.00031191
330.96987624,0.00325160
331.18255104,0.00059193
331.39524154,-0.00195631
331.60794777,-0.00189639
331.82066970,0.00077381
332.03340733,-0.00035217
332.24616067,-0.00132365
332.45892971,0.00176548
332.67171445,-0.00226914
332.88451489,-0.00034858
333.09733102,-0.00228561
333.31016283,0.00064615
333.52301034,-0.00016374
333.73587352,0.00152664
333.94875239,0.00090107
334.16164694,0.00020063
334.37455717,0.00093955
334.58748306,-0.00069673
334.80042463,-0.00215766
335.01338187,0.00048323
335.22635477,0.00138105
335.43934333,0.00075228
335.65234755,-0.00107210
335.86536743,-0.00109870
336.07840296,-0.00227437
336.29145415,0.00203356
336.50452098,-0.00007686
336.71760345,-0.00177535
336.93070157,0.00140648
337.14381533,-0.00246679
337.35694473,0.00061919
337.57008976,-0.00037357
337.78325042,-0.00161152
337.99642671,-0.00172065
338.20961863,-0.00062939
338.42282617,-0.00011139
338.63604933,0.00029460
338.84928810,0.00169865
339.06254250,-0.00140933
339.27581250,-0.00142887
339.48909812,-0.00165047
339.70239934,0.00080308
339.91571616,-0.00274045
340.12904859,-0.00282844
340.34239661,0.00088891
340.55576023,-0.00249321
340.76913945,-0.00194455
340.98253425,-0.00024484
341.19594464,0.00026267
341.40937061,0.00203974
341.62281217,0.00085360
341.83626930,-0.00246788
342.04974201,-0.00092340
342.26323030,0.00001499
342.47673415,0.00084000
342.69025357,-0.00237116
342.90378856,0.00019561
343.11733911,0.00075652
343.33090522,-0.00246802
343.54448688,0.00107089
343.75808410,-0.00125588
343.97169687,-0.00089333
344.18532519,-0.00147744
344.39896906,0.00148802
344.61262847,0.00190163
344.82630341,-0.00097945
345.03999390,0.00012094
345.25369992,-0.00045690
345.46742147,0.00064855
345.68115855,-0.00218330
345.89491115,-0.00240115
346.10867928,-0.00114759
346.32246293,0.00146808
346.53626210,0.00062457
346.75007679,0.00111215
346.96390698,0.00114266
347.17775269,-0.00133278
347.39161390,0.00024780
347.60549061,0.00043623
347.81938283,0.00124843
348.03329055,-0.00104508
348.24721376,-0.00087615
348.46115246,0.00061601
348.67510665,-0.00057704
348.88907634,-0.00045316
349.10306150,0.00142135
349.31706215,0.00140237
349.53107828,0.00093039
349.74510988,0.00065699
349.95915696,0.00154555
350.17321950,-0.00089420
350.38729752,-0.00043485
350.60139100,-0.00070790
350.81549994,-0.00056452
351.02962435,-0.00033324
351.24376421,-0.00190309
351.45791952,-0.00138231
351.67209028,0.00266005
351.88627650,0.00028719
352.10047816,-0.00072285
352.31469526,-0.00188997
352.52892780,-0.00148704
352.74317578,-0.00035160
352.95743919,-0.00163030
353.17171804,-0.00154434
353.38601232,-0.00161909
353.60032202,-0.00365166
353.81464714,-0.00111237
354.02898769,0.00110796
354.24334365,-0.00125393
354.45771503,0.00368347
354.67210182,-0.00181645
354.88650403,0.00214114
355.10092164,-0.00278084
355.31535465,-0.00050292
355.52980306,-0.00092198
355.74426687,-0.00055762
355.95874608,-0.00209794
356.17324069,0.00107472
356.38775068,-0.00117993
356.60227606,0.00159260
356.81681682,0.00228478
357.03137297,0.00096112
357.24594449,0.00058391
357.46053139,-0.00237399
357.67513367,-0.00245314
357.88975132,0.00189944
358.10438433,0.00219770
358.31903271,-0.00175206
358.53369645,0.00188225
358.74837556,0.00131465
358.96307002,0.00062331
359.17777983,0.00128622
359.39250499,0.00079120
359.60724551,-0.00123012
359.82200137,0.00008262
360.03677257,-0.00149594
360.25155911,0.00131928
360.46636100,-0.00332531
360.68117821,0.00216767
360.89601076,0.00164673
361.11085864,0.00064085
361.32572184,0.00096223
361.54060037,-0.00317025
361.75549422,-0.00088846
361.97040338,-0.00176525
362.18532786,-0.00078807
362.40026766,0.00042973
362.61522276,-0.00001502
362.83019318,-0.00173802
363.04517889,-0.00435928
363.26017991,0.00020311
363.47519623,0.00398546
363.69022784,0.00018397
363.90527474,0.00053894
364.12033694,0.00065525
364.33541442,-0.00092850
364.55050719,0.00138482
364.76561524,-0.00029600
364.98073857,0.00003597
365.19587718,-0.00141584
365.41103106,-0.00051022
365.62620021,-0.00009042
365.84138463,-0.00194272
366.05658432,0.00097277
366.27179927,0.00091663
366.48702948,0.00061345
366.70227494,0.00225117
366.91753566,0.00110398
367.13281163,-0.00168875
367.34810285,0.00092316
367.56340932,0.00092289
367.77873103,-0.00055894
367.99406798,-0.00213960
368.20942017,-0.00125034
368.42478759,-0.00154980
368.64017025,0.00070420
368.85556813,-0.00349998
369.07098125,-0.00262188
369.28640958,0.00217773
369.50185314,-0.00165378
369.71731191,-0.00226376
369.93278590,0.00201605
370.14827511,-0.00189711
370.36377952,0.00007579
370.57929914,0.00063076
370.79483397,-0.00240956
371.01038400,-0.00112267
371.22594922,0.00019979
371.44152965,0.00089721
371.65712526,0.00204632
371.87273607,0.00200385
372.08836206,-0.00019735
372.30400324,-0.00096856
372.51965960,-0.00111187
372.73533114,-0.00053377
372.95101786,0.00137585
373.16671976,-0.00226535
373.38243682,-0.00012510
373.59816905,-0.00210380
373.81391645,0.00048299
374.02967901,0.00050704
374.24545673,-0.00072197
374.46124961,0.00256184
374.67705764,-0.00256052
374.89288082,0.00076771
375.10871916,0.00210277
375.32457264,0.00196654
375.54044126,-0.00017914
375.75632503,-0.00064374
375.97222393,0.00123424
376.18813797,0.00183037
376.40406713,-0.00020983
376.62001143,0.00161699
376.83597086,0.00066328
377.05194541,0.00014761
377.26793508,-0.00039144
377.48393987,0.00075524
377.69995978,0.00037164
377.91599480,0.00083206
378.13204493,0.00113671
378.34811016,-0.00181657
378.56419050,-0.00058955
378.78028595,-0.00251949
378.99639649,0.00127913
379.21252213,0.00283866
379.42866286,0.00029385
379.64481868,-0.00113802
379.86098960,-0.00364973
380.07717559,0.00109836
380.29337667,0.00133571
380.50959283,-0.00009019
380.72582407,0.00129855
380.94207038,-0.00127776
381.15833176,0.00045824
381.37460821,-0.00026641
381.59089972,0.00232398
381.80720630,0.00219476
382.02352794,-0.00014261
382.23986464,-0.00068477
382.45621639,0.00135026
382.67258319,0.00020897
382.88896505,0.00048332
383.10536195,-0.00192091
383.32177389,0.00010331
383.53820087,0.00058323
383.75464289,0.00269992
383.97109995,0.00228028
384.18757204,0.00249354
384.40405916,0.00243693
384.62056131,0.00222126
384.83707848,-0.00140308
385.05361067,0.00090698
385.27015788,0.00036642
385.48672011,-0.00010473
385.70329735,0.00273138
385.91988960,0.00052184
386.13649686,0.00216725
386.35311912,0.00037822
386.56975639,0.00043639
386.78640865,0.00083214
387.00307592,0.00206266
387.21975817,0.00276622
387.43645542,0.00286251
387.65316765,0.00176515
387.86989487,0.00027244
388.08663707,0.00160587
388.30339426,-0.00027678
388.52016641,0.00166652
388.73695355,0.00021117
388.95375565,0.00166433
389.17057273,0.00196570
389.38740477,-0.00235633
389.60425177,0.00176512
389.82111374,0.00046880
390.03799066,0.00084200
390.25488253,0.00302275
390.47178936,0.00336659
390.68871114,0.00136828
390.90564787,0.00132319
391.12259954,0.00335941
391.33956614,0.00282240
391.55654769,0.00179382
391.77354418,-0.00030692
391.99055559,0.00173840
392.20758194,0.00133607
392.42462321,0.00041702
392.64167941,0.00056195
392.85875053,-0.00309099
393.07583657,0.00281159
393.29293752,-0.00159664
393.51005339,-0.00047887
393.72718417,0.00239535
393.94432986,-0.00006996
394.16149045,0.00384958
394.37866594,0.00108847
394.59585634,0.00297375
394.81306163,-0.00044240
395.03028181,0.00269091
395.24751689,0.00015715
395.46476685,0.00008290
395.68203170,0.00088238
395.89931143,0.00172553
396.11660604,0.00096488
396.33391553,0.00214915
396.55123990,0.00262436
396.76857913,0.00299608
396.98593324,0.00311928
397.20330221,0.00462458
397.42068604,0.00122419
397.63808474,0.00403183
397.85549829,-0.00152181
398.07292670,0.00268792
398.29036996,0.00047969
398.50782807,0.00056382
398.72530103,0.00274271
398.94278883,0.00142833
399.16029147,0.00145038
399.37780895,0.00326783
399.59534127,0.00168997
399.81288841,0.00090551
400.03045039,0.00389142
400.24802720,0.00022497
400.46561883,0.00265024
400.68322529,0.00380995
400.90084656,0.00255858
401.11848265,0.00316318
401.33613355,0.00326831
401.55379926,0.00232242
401.77147978,0.00296965
401.98917511,-0.00169041
402.20688524,0.00217223
402.42461017,0.00258876
402.64234989,0.00319532
402.86010441,0.00303423
403.07787372,0.00103206
403.29565782,0.00573355
403.51345670,0.00257800
403.73127037,-0.00108761
403.94909882,0.00262744
404.16694205,0.00054066
404.38480005,0.00145975
404.60267282,0.00226892
404.82056036,0.00513250
405.03846267,0.00200718
405.25637974,0.00087920
405.47431157,0.00338761
405.69225816,0.00275351
405.91021951,0.00095495
406.12819561,0.00440976
406.34618645,0.00283863
406.56419205,0.00366415
406.78221239,0.00293006
407.00024747,0.00086158
407.21829729,0.00302992
407.43636184,0.00159360
407.65444113,0.00496445
407.87253515,0.00201623
408.09064390,0.00214329
408.30876737,0.00684526
408.52690556,0.00439331
408.74505847,0.00327414
408.96322610,0.00331086
409.18140844,0.00230532
409.39960550,0.00419032
409.61781726,0.00398073
409.83604372,0.00339124
410.05428489,-0.00075047
410.27254076,0.00682456
410.49081133,0.00453597
410.70909659,0.00263290
410.92739654,0.00504259
411.14571118,0.00479325
411.36404051,0.00803328
411.58238452,0.00159842
411.80074321,0.00353285
412.01911658,0.00138212
412.23750462,0.00400772
412.45590734,0.00659280
412.67432472,0.00394065
412.89275677,0.00302797
413.11120349,0.00663055
413.32966486,0.00496695
413.54814090,0.00515993
413.76663159,0.00273533
413.98513693,0.00354900
414.20365692,0.00586591
414.42219156,0.00416568
414.64074084,0.00582544
414.85930477,0.00261894
415.07788333,0.00356251
415.29647653,0.00398638
415.51508437,0.00690717
415.73370683,0.00516280
415.95234392,0.00312956
416.17099564,0.00419969
416.38966198,0.00482502
416.60834294,0.00621575
416.82703851,0.00226625
417.04574870,0.00672715
417.26447350,0.00630230
417.48321291,0.00252521
417.70196692,0.00625078
417.92073554,0.00332892
418.13951875,0.00387232
418.35831657,0.00648299
418.57712898,0.00451781
418.79595598,0.00177984
419.01479757,0.00189183
419.23365374,0.00465278
419.45252450,0.00724882
419.67140984,0.00271177
419.89030975,0.00238180
420.10922425,0.00121583
420.32815331,0.00478148
420.54709694,0.00462946
420.76605514,0.00334993
420.98502791,0.00336915
421.20401523,0.00627491
421.42301712,0.00440650
421.64203356,-0.00046982
421.86106455,0.00329897
422.08011009,0.00432987
422.29917018,0.00112325
422.51824482,0.00324547
422.73733399,0.00396122
422.95643771,0.00174060
423.17555596,0.00421153
423.39468875,0.00183628
423.61383606,0.00381984
423.83299790,0.00391358
424.05217427,0.00381590
424.27136516,0.00613756
424.49057057,0.00293591
424.70979050,0.00331568
424.92902494,0.00248965
425.14827390,0.00589510
425.36753736,0.00402936
425.58681532,0.00373596
425.80610779,0.00518629
426.02541476,0.00101652
426.24473623,0.00636573
426.46407219,0.00522066
426.68342265,0.00402772
426.90278759,0.00637953
427.12216702,0.00428123
427.34156093,0.00719317
427.56096933,0.00639788
427.78039220,0.00537377
427.99982955,0.00499455
428.21928137,0.00701730
428.43874766,0.00522312
428.65822841,0.00557583
428.87772363,0.00506568
429.09723331,0.00624991
429.31675745,0.00718367
429.53629605,0.00335403
429.75584910,0.00620143
429.97541660,0.00465203
430.19499854,0.00605833
430.41459494,0.00460390
430.63420577,0.00576553
430.85383104,0.00468105
431.07347075,0.00358820
431.29312489,0.00261863
431.51279347,0.00433031
431.73247647,0.00528672
431.95217390,0.00516292
432.17188574,0.00549166
432.39161201,0.00762919
432.61135270,0.00488167
432.83110780,0.00700343
433.05087731,0.00465223
433.27066123,0.00574961
433.49045956,0.00620059
433.71027229,0.00642670
433.93009942,0.00457336
434.14994095,0.00525793
434.36979687,0.00234822
434.58966718,0.00603286
434.80955189,0.00369186
435.02945098,0.00674869
435.24936445,0.00436784
435.46929230,0.00657653
435.68923454,0.00677210
435.90919115,0.00370423
436.12916213,0.00549241
436.34914748,0.00491553
436.56914720,0.00665464
436.78916128,0.00838928
437.00918972,0.00633850
437.22923252,0.00599781
437.44928968,0.00693732
437.66936119,0.00686463
437.88944706,0.00843474
438.10954727,0.00444825
438.32966182,0.01034633
438.54979072,0.00715449
438.76993395,0.00805227
438.99009153,0.00877065
439.21026343,0.00794880
439.43044967,0.00907602
439.65065024,0.00591801
439.87086513,0.00866001
440.09109434,0.00886370
440.31133788,0.00972698
440.53159573,0.00825067
440.75186789,0.01046419
440.97215437,0.01097178
441.19245516,0.01013020
441.41277025,0.00967013
441.63309964,0.01196767
441.85344334,0.01064915
442.07380133,0.00893244
442.29417362,0.01024207
442.51456020,0.01167649
442.73496107,0.01390944
442.95537623,0.01421194
443.17580567,0.01389808
443.39624939,0.01337670
443.61670739,0.01407064
443.83717967,0.01114483
444.05766622,0.01391862
444.27816704,0.01290942
444.49868212,0.01635952
444.71921147,0.01342633
444.93975509,0.01310801
445.16031296,0.01504847
445.38088508,0.01427223
445.60147147,0.01577826
445.82207210,0.01791268
446.04268698,0.01583065
446.26331610,0.01198020
446.48395947,0.01792093
446.70461707,0.01375447
446.92528892,0.01526663
447.14597499,0.01546117
447.36667530,0.01698876
447.58738984,0.01707996
447.80811860,0.01552923
448.02886158,0.01725976
448.24961879,0.01511234
448.47039021,0.01317232
448.69117585,0.01665371
448.91197570,0.01628573
449.13278975,0.01819372
449.35361802,0.01452225
449.57446049,0.01576594
449.79531715,0.01576832
450.01618802,0.01617919
450.23707308,0.01756241
450.45797234,0.01406288
450.67888578,0.01663475
450.89981341,0.01725234
451.12075522,0.01729753
451.34171122,0.01598595
451.56268139,0.01877892
451.78366574,0.01685314
452.00466426,0.01845433
452.22567696,0.01917729
452.44670382,0.01943777
452.66774484,0.02146079
452.88880003,0.01805663
453.10986938,0.01713637
453.33095288,0.01699060
453.55205053,0.01665014
453.77316234,0.02181692
453.99428830,0.02062336
454.21542840,0.01926015
454.43658264,0.02091274
454.65775102,0.01953449
454.87893354,0.02033075
455.10013019,0.02353407
455.32134098,0.01820933
455.54256589,0.01921646
455.76380493,0.02144836
455.98505809,0.02141416
456.20632537,0.02009504
456.42760677,0.02280141
456.64890229,0.02022370
456.87021191,0.02352578
457.09153565,0.02336574
457.31287349,0.02090425
457.53422544,0.02012998
457.75559149,0.02397812
457.97697163,0.02315637
458.19836587,0.02207944
458.41977420,0.02347770
458.64119663,0.02328078
458.86263313,0.02280954
459.08408373,0.02081144
459.30554840,0.02276306
459.52702716,0.02448711
459.74851999,0.02149369
459.97002689,0.02015785
460.19154786,0.02409062
460.41308290,0.02164222
460.63463201,0.02346984
460.85619518,0.02411119
461.07777241,0.02516757
461.29936369,0.02559749
461.52096903,0.02401237
461.74258841,0.02526199
461.96422185,0.02851175
462.18586933,0.02769672
462.40753086,0.02372116
462.62920642,0.02640603
462.85089602,0.03082480
463.07259966,0.02864548
463.29431733,0.02736045
463.51604902,0.02440744
463.73779475,0.02898047
463.95955449,0.03180479
464.18132826,0.02486185
464.40311604,0.03267599
464.62491784,0.03137290
464.84673365,0.02788567
465.06856347,0.03148710
465.29040730,0.03068059
465.51226513,0.03234351
465.73413696,0.03291158
465.95602279,0.03477378
466.17792261,0.03375652
466.39983643,0.03418287
466.62176424,0.03504562
466.84370603,0.03392335
467.06566181,0.03249952
467.28763157,0.03823064
467.50961531,0.03527842
467.73161303,0.03693082
467.95362472,0.03532156
468.17565038,0.04078451
468.39769001,0.03448611
468.61974360,0.03534006
468.84181116,0.03645508
469.06389267,0.03307929
469.28598814,0.03503214
469.50809757,0.03134572
469.73022094,0.03137925
469.95235827,0.03139220
470.17450954,0.03326504
470.39667475,0.03405407
470.61885390,0.03173652
470.84104699,0.03056573
471.06325402,0.03076788
471.28547498,0.03348592
471.50770986,0.03176922
471.72995867,0.03116485
471.95222141,0.03210324
472.17449806,0.03218382
472.39678864,0.02869830
472.61909313,0.03042860
472.84141153,0.03126600
473.06374384,0.03005471
473.28609005,0.02978997
473.50845017,0.03322935
473.73082420,0.03004378
473.95321212,0.03246862
474.17561393,0.02768999
474.39802964,0.03057353
474.62045924,0.02709312
474.84290273,0.03167882
475.06536010,0.02883331
475.28783136,0.02932711
475.51031649,0.02813948
475.73281550,0.03049490
475.95532838,0.02973537
476.17785513,0.02839836
476.40039575,0.03015159
476.62295024,0.03038323
476.84551859,0.02899845
477.06810080,0.03227282
477.29069686,0.03032746
477.51330678,0.03172009
477.73593055,0.03017579
477.95856817,0.03041772
478.18121963,0.03039620
478.40388494,0.02969507
478.62656409,0.03140541
478.84925707,0.02620536
479.07196389,0.02948161
479.29468455,0.02634898
479.51741903,0.02638379
479.74016733,0.02807664
479.96292946,0.02703678
480.18570542,0.02469969
480.40849519,0.02646834
480.63129877,0.02570814
480.85411617,0.02283016
481.07694738,0.02483764
481.29979239,0.02622446
481.52265121,0.02250103
481.74552383,0.02562899
481.96841025,0.02491032
482.19131046,0.02364013
482.41422447,0.02423914
482.63715227,0.02383654
482.86009385,0.02273407
483.08304922,0.02906790
483.30601837,0.02609404
483.52900130,0.02147832
483.75199801,0.02769998
483.97500849,0.02469036
484.19803274,0.02409115
484.42107076,0.02911048
484.64412255,0.02517033
484.86718810,0.02626143
485.09026741,0.02832798
485.31336047,0.03247568
485.53646729,0.03035194
485.75958786,0.03094042
485.98272218,0.02892162
486.20587024,0.03143732
486.42903205,0.03234291
486.65220760,0.02976615
486.87539689,0.03062191
487.09859991,0.02894905
487.32181666,0.02969124
487.54504715,0.03298013
487.76829136,0.03303151
487.99154929,0.03053622
488.21482094,0.03408246
488.43810631,0.03146592
488.66140540,0.03401182
488.88471820,0.03305763
489.10804471,0.03578330
489.33138493,0.03788121
489.55473885,0.03658306
489.77810647,0.03709305
490.00148780,0.03801099
490.22488281,0.03970030
490.44829153,0.03794114
490.67171393,0.04107515
490.89515002,0.04281942
491.11859979,0.04215278
491.34206325,0.04214070
491.56554038,0.04411396
491.78903120,0.04441021
492.01253568,0.04369803
492.23605384,0.04413156
492.45958567,0.04008319
492.68313116,0.04351899
492.90669031,0.04417741
493.13026312,0.04354302
493.35384960,0.04630808
493.57744972,0.04216594
493.80106350,0.04203963
494.02469092,0.04147598
494.24833200,0.03979516
494.47198671,0.03965534
494.69565507,0.04020805
494.91933706,0.03746829
495.14303269,0.03804500
495.36674195,0.03882761
495.59046484,0.03673378
495.81420136,0.03664188
496.03795150,0.03407134
496.26171526,0.03458199
496.48549264,0.03605482
496.70928364,0.03673090
496.93308825,0.03637235
497.15690647,0.03623608
497.38073830,0.03587823
497.60458373,0.03775430
497.82844276,0.03485027
498.05231539,0.03490771
498.27620162,0.03534728
498.50010144,0.03699764
498.72401485,0.03533895
498.94794185,0.03303018
499.17188244,0.03446554
499.39583661,0.03222442
499.61980435,0.03624416
499.84378568,0.03389604
500.06778058,0.03263728
500.29178904,0.03449728
500.51581108,0.03495510
500.73984668,0.02998134
500.96389585,0.03342288
501.18795858,0.03240060
501.41203486,0.03250104
501.63612470,0.03400084
501.86022809,0.02921918
502.08434503,0.03115474
502.30847551,0.02789568
502.53261954,0.03141194
502.75677711,0.03080729
502.98094822,0.03142051
503.20513286,0.03092361
503.42933104,0.03375505
503.65354274,0.03397067
503.87776797,0.03702610
504.10200673,0.04009561
504.32625901,0.03556071
504.55052480,0.03976928
504.77480411,0.03968670
504.99909694,0.03820539
505.22340327,0.04251828
505.44772312,0.04363278
505.67205646,0.04481721
505.89640331,0.04754914
506.12076366,0.04750177
506.34513750,0.05076729
506.56952484,0.04878995
506.79392567,0.04422075
507.01833999,0.04801726
507.24276779,0.04862908
507.46720907,0.04714514
507.69166384,0.05094073
507.91613208,0.05312296
508.14061380,0.05104088
508.36510898,0.04657785
508.58961764,0.04677302
508.81413976,0.04763714
509.03867534,0.04700161
509.26322439,0.04718875
509.48778689,0.04671349
509.71236285,0.04260732
509.93695226,0.04572426
510.16155512,0.04683968
510.38617142,0.04311573
510.61080117,0.04314548
510.83544436,0.04116559
511.06010099,0.04143707
511.28477105,0.04079373
511.50945454,0.03962532
511.73415147,0.04402072
511.95886182,0.04613290
512.18358560,0.04874813
512.40832280,0.04810819
512.63307341,0.04673076
512.85783745,0.04858051
513.08261489,0.04867867
513.30740575,0.04902710
513.53221001,0.05010931
513.75702768,0.04209613
513.98185875,0.04103868
514.20670322,0.04056426
514.43156109,0.03993438
514.65643235,0.03709930
514.88131700,0.03506930
515.10621504,0.03317215
515.33112647,0.03745802
515.55605128,0.03503103
515.78098946,0.03244862
516.00594103,0.03680989
516.23090597,0.03585934
516.45588428,0.03735812
516.68087596,0.04063355
516.90588100,0.03999619
517.13089941,0.04045792
517.35593118,0.04191188
517.58097631,0.04605307
517.80603479,0.04438310
518.03110663,0.04550537
518.25619181,0.04875255
518.48129034,0.04853772
518.70640222,0.05128421
518.93152743,0.05274248
519.15666598,0.05240426
519.38181787,0.05531189
519.60698310,0.05441322
519.83216165,0.05852151
520.05735353,0.05863414
520.28255873,0.05642707
520.50777726,0.06274356
520.73300910,0.06295994
520.95825426,0.06262519
521.18351273,0.06537446
521.40878452,0.06300767
521.63406961,0.06975794
521.85936801,0.06931885
522.08467971,0.06550587
522.31000471,0.06891739
522.53534300,0.06974279
522.76069459,0.06628463
522.98605947,0.06607132
523.21143764,0.06839498
523.43682910,0.07036291
523.66223383,0.06767368
523.88765185,0.07027292
524.11308315,0.06661424
524.33852772,0.06899140
524.56398556,0.07229331
524.78945667,0.07139356
525.01494104,0.06803686
525.24043868,0.07097384
525.46594959,0.06873843
525.69147374,0.07131595
525.91701116,0.07416468
526.14256182,0.07191339
526.36812574,0.07303905
526.59370290,0.07150600
526.81929331,0.07621562
527.04489696,0.07928853
527.27051384,0.07906812
527.49614396,0.08309150
527.72178732,0.08250712
527.94744390,0.08871245
528.17311372,0.09653760
528.39879675,0.09665347
528.62449301,0.10248078
528.85020249,0.10679020
529.07592518,0.10647127
529.30166109,0.10850860
529.52741021,0.11025502
529.75317254,0.11362532
529.97894807,0.10893557
530.20473680,0.10866629
530.43053874,0.11047331
530.65635387,0.11042803
530.88218219,0.10961732
531.10802371,0.10955936
531.33387841,0.10985460
531.55974630,0.11161995
531.78562738,0.10686798
532.01152163,0.11304333
532.23742906,0.10538479
532.46334967,0.11147589
532.68928344,0.11192368
532.91523039,0.11112252
533.14119051,0.11401178
533.36716378,0.11413386
533.59315022,0.11632933
533.81914982,0.11088114
534.04516257,0.11406450
534.27118847,0.10854014
534.49722752,0.10588062
534.72327973,0.10531398
534.94934507,0.10344469
535.17542356,0.10008489
535.40151518,0.10146628
535.62761994,0.09587160
535.85373784,0.10077934
536.07986886,0.09915021
536.30601301,0.09822253
536.53217029,0.09693248
536.75834069,0.10077444
536.98452420,0.09680776
537.21072084,0.09697319
537.43693059,0.09324063
537.66315345,0.09780855
537.88938941,0.09235378
538.11563848,0.09411945
538.34190066,0.09295998
538.56817593,0.09358152
538.79446431,0.09727496
539.02076577,0.09496295
539.24708033,0.09103156
539.47340798,0.09265879
539.69974871,0.09221412
539.92610252,0.08903480
540.15246942,0.08984536
540.37884939,0.09145725
540.60524244,0.09152915
540.83164856,0.09595098
541.05806775,0.09943894
541.28450001,0.10353552
541.51094533,0.10365458
541.73740371,0.10188090
541.96387515,0.10371565
542.19035965,0.10841814
542.41685719,0.10570237
542.64336779,0.10149635
542.86989144,0.10634186
543.09642813,0.11444237
543.32297786,0.11705299
543.54954063,0.11841356
543.77611643,0.11729214
544.00270527,0.12870463
544.22930714,0.12667033
544.45592204,0.13287398
544.68254996,0.13217469
544.90919091,0.13676482
545.13584487,0.13031573
545.36251185,0.13608751
545.58919184,0.13817660
545.81588485,0.13897006
546.04259086,0.13634060
546.26930988,0.13757244
546.49604191,0.13528643
546.72278693,0.13732771
546.94954495,0.13180154
547.17631596,0.13378163
547.40309997,0.13534982
547.62989696,0.14074402
547.85670694,0.14396848
548.08352991,0.14103889
548.31036585,0.14859911
548.53721477,0.15246568
548.76407667,0.14951300
548.99095154,0.15781644
549.21783938,0.16163583
549.44474018,0.16466954
549.67165395,0.16534619
549.89858069,0.16587205
550.12552038,0.17301748
550.35247302,0.17751279
550.57943862,0.17560395
550.80641717,0.17957254
551.03340866,0.18257276
551.26041310,0.17350218
551.48743048,0.17283375
551.71446081,0.17323205
551.94150406,0.17150726
552.16856025,0.17060196
552.39562937,0.17220815
552.62271142,0.17235685
552.84980640,0.17879762
553.07691429,0.17508372
553.30403511,0.17615732
553.53116884,0.17891134
553.75831549,0.18273560
553.98547505,0.18664383
554.21264752,0.19310190
554.43983289,0.20275451
554.66703116,0.19784299
554.89424234,0.21093177
555.12146641,0.21959687
555.34870338,0.22358145
555.57595324,0.22971845
555.80321599,0.24097443
556.03049162,0.24428655
556.25778014,0.24586904
556.48508154,0.24692714
556.71239582,0.25320034
556.93972297,0.25532854
557.16706300,0.26027455
557.39441589,0.26526834
557.62178165,0.26980028
557.84916028,0.28805743
558.07655177,0.29078048
558.30395611,0.29577119
558.53137331,0.30863180
558.75880337,0.31294028
558.98624627,0.32426240
559.21370202,0.32672496
559.44117062,0.32957175
559.66865206,0.34816140
559.89614634,0.34600110
560.12365345,0.36514282
560.35117340,0.35998170
560.57870618,0.37067167
560.80625179,0.38289880
561.03381022,0.38782370
561.26138148,0.40109685
561.48896555,0.41734832
561.71656244,0.42499489
561.94417215,0.41802109
562.17179467,0.42802560
562.39942999,0.43023315
562.62707812,0.42564127
562.85473906,0.43911704
563.08241279,0.44950570
563.31009933,0.44779776
563.53779866,0.44400179
563.76551078,0.43757009
563.99323568,0.42104280
564.22097338,0.41613135
564.44872386,0.41674085
564.67648712,0.41480035
564.90426316,0.42369172
565.13205197,0.44034102
565.35985356,0.42429009
565.58766792,0.43017954
565.81549504,0.41939898
566.04333493,0.41319992
566.27118758,0.40154702
566.49905298,0.41476781
566.72693115,0.41973417
566.95482207,0.40854702
567.18272573,0.40533133
567.41064215,0.42492037
567.63857131,0.42653018
567.86651321,0.42445680
568.09446785,0.42542927
568.32243523,0.41605233
568.55041534,0.39757200
568.77840819,0.38918449
569.00641376,0.38195495
569.23443206,0.38052639
569.46246308,0.36448799
569.69050682,0.34850548
569.91856327,0.34212309
570.14663244,0.32301724
570.37471433,0.31165831
570.60280892,0.30072778
570.83091622,0.29417345
571.05903622,0.28989734
571.28716892,0.28112478
571.51531432,0.28260139
571.74347241,0.27518452
571.97164320,0.28000130
572.19982667,0.26994293
572.42802284,0.27401953
572.65623168,0.27293194
572.88445321,0.27502252
573.11268742,0.27947421
573.34093430,0.27662442
573.56919385,0.27368438
573.79746608,0.27670485
574.02575097,0.27873036
574.25404853,0.28208507
574.48235874,0.28564295
574.71068162,0.29203309
574.93901715,0.28842279
575.16736534,0.29704338
575.39572618,0.30043652
575.62409966,0.29770140
575.85248579,0.30077725
576.08088456,0.30645816
576.30929597,0.29813695
576.53772002,0.28580107
576.76615671,0.27939384
576.99460602,0.26879780
577.22306796,0.25868472
577.45154253,0.25176886
577.68002972,0.24552274
577.90852953,0.23935878
578.13704196,0.23324033
578.36556700,0.22348816
578.59410465,0.22116977
578.82265492,0.21938568
579.05121779,0.20901237
579.27979326,0.21681359
579.50838133,0.22297606
579.73698201,0.22129141
579.96559527,0.22490050
580.19422113,0.22645788
580.42285958,0.22475488
580.65151062,0.23452165
580.88017424,0.23933905
581.10885044,0.24709826
581.33753922,0.25273975
581.56624057,0.25158553
581.79495450,0.25329091
582.02368100,0.24574066
582.25242007,0.24072316
582.48117170,0.23760720
582.70993589,0.22354734
582.93871264,0.21566477
583.16750195,0.22324523
583.39630381,0.21516116
583.62511822,0.21144546
583.85394518,0.20335601
584.08278469,0.20363080
584.31163674,0.20742615
584.54050133,0.20323882
584.76937845,0.19950619
584.99826811,0.20135347
585.22717030,0.19820171
585.45608502,0.19284278
585.68501226,0.19411877
585.91395203,0.18827844
586.14290432,0.18584762
586.37186912,0.17823685
586.60084644,0.17166639
586.82983628,0.17083333
587.05883862,0.16599484
587.28785347,0.16282449
587.51688082,0.16027988
587.74592067,0.15818547
587.97497302,0.15983635
588.20403787,0.16329148
588.43311520,0.16339623
588.66220503,0.17158318
588.89130735,0.17701541
589.12042215,0.18250288
589.34954943,0.18219680
589.57868919,0.19454705
589.80784142,0.19717114
590.03700613,0.20473968
590.26618331,0.21168672
590.49537296,0.21044639
590.72457507,0.22122542
590.95378964,0.23090890
591.18301667,0.22864769
591.41225616,0.22803839
591.64150811,0.22582553
591.87077250,0.22336804
592.10004934,0.22302324
592.32933863,0.21906030
592.55864036,0.22112583
592.78795453,0.22952368
593.01728114,0.22948522
593.24662018,0.23308122
593.47597165,0.24552644
593.70533555,0.24349093
593.93471188,0.25468491
594.16410063,0.25936408
594.39350180,0.26124425
594.62291539,0.26778354
594.85234140,0.26697158
595.08177981,0.27447275
595.31123064,0.26606348
595.54069387,0.26592138
595.77016951,0.25772979
595.99965755,0.25884058
596.22915798,0.26250788
596.45867081,0.25805405
596.68819604,0.26005898
596.91773365,0.25224849
597.14728365,0.24097733
597.37684603,0.24554295
597.60642080,0.24124717
597.83600795,0.24173895
598.06560747,0.22970323
598.29521936,0.23166971
598.52484363,0.22993440
598.75448026,0.22542309
598.98412926,0.22536718
599.21379062,0.22829196
599.44346434,0.22923701
599.67315042,0.22234894
599.90284885,0.21650060
600.13255963,0.21924096
600.36228276,0.20842754
600.59201824,0.21592057
600.82176606,0.21573131
601.05152622,0.21348401
601.28129871,0.21561532
601.51108354,0.21691048
601.74088070,0.21834792
601.97069019,0.21578529
602.20051201,0.21512718
602.43034615,0.21594816
602.66019261,0.20931801
602.89005139,0.20327456
603.11992249,0.20777107
603.34980589,0.20095696
603.57970161,0.19957070
603.80960963,0.20961859
604.03952996,0.20899753
604.26946259,0.20310691
604.49940751,0.19650821
604.72936474,0.19694092
604.95933425,0.18640648
605.18931606,0.18789425
605.41931015,0.18737589
605.64931653,0.18936635
605.87933519,0.19020865
606.10936612,0.19606401
606.33940934,0.19521210
606.56946483,0.19933202
606.79953259,0.20094516
607.02961261,0.19707951
607.25970490,0.19915820
607.48980946,0.19943506
607.71992627,0.20412969
607.95005534,0.20341498
608.18019667,0.20335218
608.41035024,0.21094274
608.64051607,0.21238011
608.87069414,0.20784225
609.10088445,0.20911478
609.33108700,0.20643063
609.56130179,0.20026173
609.79152882,0.20498724
610.02176808,0.19898739
610.25201956,0.19312244
610.48228328,0.18584065
610.71255921,0.19194479
610.94284737,0.18065282
611.17314775,0.17086847
611.40346034,0.17755172
611.63378514,0.17328601
611.86412215,0.17705139
612.09447137,0.17804839
612.32483280,0.16991298
612.55520642,0.17256883
612.78559225,0.17666604
613.01599027,0.17837891
613.24640048,0.17857699
613.47682288,0.18536802
613.70725747,0.18352840
613.93770425,0.19067949
614.16816321,0.19067718
614.39863434,0.18727203
614.62911766,0.18777544
614.85961314,0.18827844
615.09012080,0.18928263
615.32064063,0.19005759
615.55117262,0.19073699
615.78171677,0.19808736
616.01227308,0.19730119
616.24284156,0.20295368
616.47342218,0.21674729
616.70401496,0.21991258
616.93461988,0.22508601
617.16523695,0.23349939
617.39586617,0.24781744
617.62650752,0.24670339
617.85716101,0.25181179
618.08782664,0.25810484
618.31850440,0.26053040
618.54919429,0.25439338
618.77989630,0.25643499
619.01061044,0.25560767
619.24133670,0.26377663
619.47207508,0.26812408
619.70282557,0.27106676
619.93358818,0.26954942
620.16436289,0.26627424
620.39514972,0.27091905
620.62594864,0.27803011
620.85675967,0.27658441
621.08758280,0.29184159
621.31841802,0.30621005
621.54926534,0.32169214
621.78012475,0.33344119
622.01099624,0.35012414
622.24187982,0.36578082
622.47277549,0.36931735
622.70368323,0.37959391
622.93460305,0.38787170
623.16553494,0.39908059
623.39647890,0.39366059
623.62743493,0.38244852
623.85840303,0.38242810
624.08938319,0.37962596
624.32037541,0.35911496
624.55137968,0.34443224
624.78239602,0.33994053
625.01342440,0.32780720
625.24446483,0.32551812
625.47551731,0.31705667
625.70658183,0.30476012
625.93765839,0.30024610
626.16874699,0.29182652
626.39984763,0.28063760
626.63096029,0.28550723
626.86208499,0.27412642
627.09322171,0.26457579
627.32437046,0.25659020
627.55553123,0.23459921
627.78670401,0.22232418
628.01788882,0.21954680
628.24908563,0.20999614
628.48029446,0.19493232
628.71151529,0.18960717
628.94274813,0.18655955
629.17399296,0.18633839
629.40524980,0.17951697
629.63651863,0.18416851
629.86779946,0.18227031
630.09909228,0.18119122
630.33039709,0.17974069
630.56171388,0.17757330
630.79304265,0.18413214
631.02438340,0.18355063
631.25573613,0.18465505
631.48710084,0.19155532
631.71847751,0.20227013
631.94986615,0.18782218
632.18126676,0.19103554
632.41267933,0.19600333
632.64410387,0.19734296
632.87554035,0.18884373
633.10698880,0.18518293
633.33844919,0.18809455
633.56992154,0.18496986
633.80140583,0.18871224
634.03290207,0.18724680
634.26441024,0.18287216
634.49593035,0.18162011
634.72746240,0.17851203
634.95900638,0.17644183
635.19056229,0.17366047
635.42213013,0.17604417
635.65370989,0.17861697
635.88530158,0.17582663
636.11690518,0.17538415
636.34852069,0.18286390
636.58014812,0.18875394
636.81178746,0.18709585
637.04343871,0.18870351
637.27510187,0.19280422
637.50677692,0.19463593
637.73846387,0.19393532
637.97016272,0.20862637
638.20187347,0.20769189
638.43359610,0.20720048
638.66533062,0.20422917
638.89707703,0.20602874
639.12883532,0.21517710
639.36060549,0.21698592
639.59238754,0.22045771
639.82418146,0.22648631
640.05598725,0.23723231
640.28780491,0.24427602
640.51963444,0.26615869
640.75147583,0.27162231
640.98332908,0.28472034
641.21519419,0.28968946
641.44707115,0.28685608
641.67895997,0.28778667
641.91086063,0.30242968
642.14277314,0.30679513
642.37469750,0.31351536
642.60663369,0.31511937
642.83858172,0.32846526
643.07054159,0.34634637
643.30251329,0.34754835
643.53449683,0.36003899
643.76649218,0.35618700
643.99849937,0.36008235
644.23051837,0.37231468
644.46254919,0.38558342
644.69459183,0.38426527
644.92664628,0.37416667
645.15871254,0.37037583
645.39079061,0.34828758
645.62288049,0.35618134
645.85498217,0.34933470
646.08709564,0.34106062
646.31922091,0.34971880
646.55135798,0.34350764
646.78350684,0.34237366
647.01566748,0.34089871
647.24783991,0.34532342
647.48002413,0.34846261
647.71222012,0.35204495
647.94442789,0.34386193
648.17664744,0.34964392
648.40887875,0.35409522
648.64112184,0.36481889
648.87337669,0.36988859
649.10564331,0.37245080
649.33792168,0.37725526
649.57021181,0.37405103
649.80251370,0.36274416
650.03482734,0.37119247
650.26715273,0.37725176
650.49948987,0.35697119
650.73183875,0.34982662
650.96419937,0.34390836
651.19657173,0.34220123
651.42895582,0.34356886
651.66135165,0.33261380
651.89375921,0.30989449
652.12617849,0.29981236
652.35860950,0.30569477
652.59105224,0.30716624
652.82350669,0.30668903
653.05597285,0.30419034
653.28845073,0.30763008
653.52094032,0.31422986
653.75344162,0.32168700
653.98595462,0.33915310
654.21847933,0.34514196
654.45101573,0.36207310
654.68356383,0.38147354
654.91612363,0.39148548
655.14869511,0.39380358
655.38127829,0.41184155
655.61387315,0.41458516
655.84647969,0.42453069
656.07909792,0.42800141
656.31172782,0.46230038
656.54436939,0.47983192
656.77702264,0.49334979
657.00968756,0.49658193
657.24236414,0.49430196
657.47505238,0.48568388
657.70775229,0.48882130
657.94046385,0.47056708
658.17318707,0.46883042
658.40592195,0.44539104
658.63866847,0.41031522
658.87142663,0.39690355
659.10419645,0.39892783
659.33697790,0.39640791
659.56977099,0.38501419
659.80257572,0.39050451
660.03539208,0.38324648
660.26822007,0.38712135
660.50105969,0.39220586
660.73391093,0.39485396
660.96677380,0.39812501
661.19964828,0.41127879
661.43253438,0.39631004
661.66543209,0.39856615
661.89834142,0.43259349
662.13126235,0.41046204
662.36419489,0.44046331
662.59713903,0.45901401
662.83009477,0.45582287
663.06306210,0.47997318
663.29604103,0.50936984
663.52903155,0.52017311
663.76203367,0.52441008
663.99504736,0.55427087
664.22807264,0.55552573
664.46110950,0.57953407
664.69415794,0.57608617
664.92721795,0.56910033
665.16028953,0.58410065
665.39337269,0.59873773
665.62646740,0.58625109
665.85957369,0.58987480
666.09269153,0.61073085
666.32582093,0.60654588
666.55896189,0.61180549
666.79211440,0.62344729
667.02527846,0.59360675
667.25845406,0.60681549
667.49164121,0.59269186
667.72483991,0.56083399
667.95805014,0.55936006
668.19127190,0.53771470
668.42450520,0.53410917
668.65775003,0.53826965
668.89100639,0.51338860
669.12427427,0.52827439
669.35755368,0.50999725
669.59084460,0.48803153
669.82414704,0.50225579
670.05746099,0.50621410
670.29078646,0.49922786
670.52412343,0.49531261
670.75747191,0.51809420
670.99083189,0.50506240
671.22420337,0.49933156
671.45758635,0.51124648
671.69098082,0.51206925
671.92438678,0.48775101
672.15780424,0.50724965
672.39123317,0.51137103
672.62467360,0.52253650
672.85812550,0.52487036
673.09158888,0.51226310
673.32506373,0.49038955
673.55855006,0.48406353
673.79204785,0.47760618
674.02555712,0.49191835
674.25907784,0.49843854
674.49261003,0.50416417
674.72615367,0.52725251
674.95970878,0.52533102
675.19327533,0.52814927
675.42685333,0.51546147
675.66044278,0.50091676
675.89404368,0.49083364
676.12765601,0.46202226
676.36127979,0.47296250
676.59491500,0.46336375
676.82856165,0.48218416
677.06221972,0.49107305
677.29588922,0.51843649
677.52957015,0.52383656
677.76326250,0.54059725
677.99696627,0.53725048
678.23068146,0.54897363
678.46440806,0.55546839
678.69814607,0.55161743
678.93189549,0.54256718
679.16565631,0.52104261
679.39942854,0.50584776
679.63321217,0.50178660
679.86700720,0.48361441
680.10081361,0.50368172
680.33463143,0.50255494
680.56846063,0.52401733
680.80230121,0.54045176
681.03615318,0.55627300
681.27001653,0.54623638
681.50389126,0.53564969
681.73777736,0.50998302
681.97167484,0.51140699
682.20558368,0.48941261
682.43950390,0.47404124
682.67343547,0.46867011
682.90737841,0.47144347
683.14133270,0.45835146
683.37529836,0.45423060
683.60927536,0.45483324
683.84326371,0.43170965
684.07726341,0.41359873
684.31127446,0.41784992
684.54529685,0.40124612
684.77933057,0.39371015
685.01337564,0.39225191
685.24743203,0.38473074
685.48149976,0.38405347
685.71557881,0.38361282
685.94966919,0.38290859
686.18377090,0.38857570
686.41788392,0.37207357
686.65200826,0.38558162
686.88614391,0.36722291
687.12029088,0.37282966
687.35444915,0.35836339
687.58861873,0.35832575
687.82279961,0.35485099
688.05699179,0.34863075
688.29119527,0.34379118
688.52541004,0.33764670
688.75963611,0.34010695
688.99387346,0.33165599
689.22812210,0.33269788
689.46238203,0.33222148
689.69665323,0.33446287
689.93093571,0.32713419
690.16522947,0.32332261
690.39953450,0.32307912
690.63385080,0.31494262
690.86817837,0.31005660
691.10251720,0.29979045
691.33686730,0.29720616
691.57122865,0.28958139
691.80560125,0.28727381
692.03998511,0.28253592
692.27438023,0.27620536
692.50878658,0.27519439
692.74320419,0.26789792
692.97763303,0.26426233
693.21207312,0.26520580
693.44652444,0.25626035
693.68098699,0.24874464
693.91546077,0.24912285
694.14994579,0.23859774
694.38444203,0.22933493
694.61894949,0.23030144
694.85346817,0.23150753
695.08799806,0.22260244
695.32253918,0.22289085
695.55709150,0.22125381
695.79165503,0.22297941
696.02622977,0.22761320
696.26081571,0.23583643
696.49541285,0.24361764
696.73002119,0.24940138
696.96464072,0.26143144
697.19927145,0.25978682
697.43391336,0.25733084
697.66856647,0.26515580
697.90323075,0.27473873
698.13790622,0.27332602
698.37259286,0.26765377
698.60729068,0.28392776
698.84199967,0.27676131
699.07671984,0.27357410
699.31145117,0.26980782
699.54619366,0.27391204
699.78094731,0.27715100
700.01571213,0.28184616
700.25048810,0.27599448
700.48527522,0.27569733
700.72007349,0.27096398
700.95488292,0.27526508
701.18970348,0.27605907
701.42453519,0.27940182
701.65937804,0.27003236
701.89423202,0.26793793
702.12909714,0.26729476
702.36397339,0.26994006
702.59886077,0.26862163
702.83375927,0.26717117
703.06866889,0.26200139
703.30358964,0.27239532
703.53852150,0.26134186
703.77346448,0.26795849
704.00841857,0.28055786
704.24338376,0.28826894
704.47836007,0.29252548
704.71334748,0.29713443
704.94834598,0.29938122
705.18335559,0.29413522
705.41837629,0.29843569
705.65340808,0.29818463
705.88845096,0.30397104
706.12350493,0.30353180
706.35856998,0.31259615
706.59364612,0.32892569
706.82873333,0.33876291
707.06383161,0.35053566
707.29894097,0.35703295
707.53406141,0.37702274
707.76919290,0.40186786
708.00433546,0.41774631
708.23948909,0.43567067
708.47465377,0.44912136
708.70982951,0.46320685
708.94501630,0.47036661
709.18021414,0.47079298
709.41542303,0.47866049
709.65064297,0.49927427
709.88587395,0.51310166
710.12111597,0.51983333
710.35636902,0.52766388
710.59163311,0.54444592
710.82690823,0.56706376
711.06219437,0.57649689
711.29749155,0.58099780
711.53279974,0.57775488
711.76811896,0.58424355
712.00344920,0.57771286
712.23879044,0.58798784
712.47414270,0.60049498
712.70950597,0.61065292
712.94488025,0.61827364
713.18026553,0.61620478
713.41566181,0.60778367
713.65106908,0.60695349
713.88648736,0.59731770
714.12191662,0.57764058
714.35735688,0.55891306
714.59280812,0.56897524
714.82827034,0.56151243
715.06374355,0.57276277
715.29922774,0.57487209
715.53472290,0.59577606
715.77022903,0.61019746
716.00574614,0.62283676
716.24127421,0.63695819
716.47681324,0.64206300
716.71236324,0.62549097
716.94792420,0.62810246
717.18349611,0.60648077
717.41907898,0.57673277
717.65467280,0.54878555
717.89027757,0.54623094
718.12589328,0.54754443
718.36151993,0.55599406
718.59715752,0.55199609
718.83280605,0.53391352
719.06846552,0.52191547
719.30413591,0.50697945
719.53981724,0.48493004
719.77550949,0.46926833
720.01121266,0.45025654
720.24692676,0.44344542
720.48265177,0.42860669
720.71838769,0.39946822
720.95413453,0.37562196
721.18989228,0.35746412
721.42566093,0.34114689
721.66144049,0.34035343
721.89723095,0.34275706
722.13303231,0.34695763
722.36884456,0.35384243
722.60466770,0.35245758
722.84050173,0.35268021
723.07634666,0.35292580
723.31220246,0.33886343
723.54806915,0.35777053
723.78394671,0.35662261
724.01983515,0.35517068
724.25573447,0.35500339
724.49164465,0.35100022
724.72756571,0.33483543
724.96349762,0.33911767
725.19944040,0.32725996
725.43539404,0.33602278
725.67135854,0.33165252
725.90733388,0.33811386
726.14332008,0.33054050
726.37931713,0.34010049
726.61532503,0.33717236
726.85134376,0.35186804
727.08737334,0.34656830
727.32341375,0.36297654
727.55946500,0.36355190
727.79552708,0.36654603
728.03159998,0.35975742
728.26768372,0.36490494
728.50377827,0.36390708
728.73988365,0.36689897
728.97599985,0.36161360
729.21212686,0.36408398
729.44826468,0.35847914
729.68441331,0.36340267
729.92057275,0.35216344
730.15674299,0.35059123
730.39292403,0.34489398
730.62911587,0.34789243
730.86531851,0.34786987
731.10153194,0.35415829
731.33775616,0.34679384
731.57399117,0.34021963
731.81023696,0.33765594
732.04649353,0.33394229
732.28276088,0.33115936
732.51903901,0.33398742
732.75532791,0.33853785
732.99162758,0.34260130
733.22793802,0.34189192
733.46425923,0.34437131
733.70059119,0.34819884
733.93693392,0.36025190
734.17328740,0.36308020
734.40965164,0.36798687
734.64602662,0.37395967
734.88241236,0.38876871
735.11880884,0.39414271
735.35521607,0.39051875
735.59163403,0.39174329
735.82806273,0.39406157
736.06450217,0.38676985
736.30095234,0.40179581
736.53741323,0.39864763
736.77388486,0.40969410
737.01036720,0.40507246
737.24686027,0.38857590
737.48336406,0.38008188
737.71987856,0.38913568
737.95640377,0.38382361
738.19293969,0.37260399
738.42948632,0.37075644
738.66604365,0.37075967
738.90261169,0.35391563
739.13919042,0.35526665
739.37577985,0.34314660
739.61237997,0.34340376
739.84899078,0.34757059
740.08561228,0.35064263
740.32224446,0.33493432
740.55888732,0.33536156
740.79554087,0.34364271
741.03220509,0.33047730
741.26887998,0.32086439
741.50556555,0.32122940
741.74226178,0.33340861
741.97896868,0.35366270
742.21568624,0.35364121
742.45241446,0.34347600
742.68915333,0.35982895
742.92590286,0.35329868
743.16266304,0.35736488
743.39943387,0.36178695
743.63621535,0.33973576
743.87300747,0.32843740
744.10981023,0.32959213
744.34662363,0.34942880
744.58344766,0.34359148
744.82028232,0.32998925
745.05712761,0.32445948
745.29398353,0.31378741
745.53085007,0.33278205
745.76772724,0.34798868
746.00461502,0.35734913
746.24151341,0.37249534
746.47842242,0.37588330
746.71534204,0.38247471
746.95227227,0.36653458
747.18921310,0.37344770
747.42616453,0.36447160
747.66312656,0.36200996
747.90009918,0.35183825
748.13708240,0.33871751
748.37407621,0.32811845
748.61108061,0.32849948
748.84809559,0.31550503
749.08512115,0.31327611
749.32215730,0.30397071
749.55920401,0.30759295
749.79626131,0.30377416
750.03332917,0.29540187
750.27040760,0.29220268
750.50749660,0.27496164
750.74459616,0.26754627
750.98170628,0.26867536
751.21882695,0.26764033
751.45595818,0.27239476
751.69309997,0.26467835
751.93025230,0.26316331
752.16741517,0.25790135
752.40458859,0.26532043
752.64177256,0.27424543
752.87896705,0.27768886
753.11617209,0.28730064
753.35338765,0.29898420
753.59061374,0.30679782
753.82785037,0.31399900
754.06509751,0.31677838
754.30235518,0.32381504
754.53962336,0.33238243
754.77690206,0.34015463
755.01419127,0.33745918
755.25149099,0.32802901
755.48880122,0.32648275
755.72612195,0.32578968
755.96345319,0.32111100
756.20079492,0.32126748
756.43814715,0.32615042
756.67550987,0.32019764
756.91288309,0.30751936
757.15026679,0.31165959
757.38766097,0.30323024
757.62506564,0.30658244
757.86248079,0.30753176
758.09990641,0.31011692
758.33734251,0.29857129
758.57478908,0.29208734
758.81224612,0.27964029
759.04971362,0.28185477
759.28719159,0.28779090
759.52468001,0.27782054
759.76217889,0.26151988
759.99968823,0.24849421
760.23720802,0.24801381
760.47473826,0.25790286
760.71227894,0.27697250
760.94983007,0.28146201
761.18739164,0.27720196
761.42496364,0.28399458
761.66254608,0.28253373
761.90013895,0.29759626
762.13774226,0.31235778
762.37535598,0.32368834
762.61298014,0.33547941
762.85061471,0.34431820
763.08825970,0.35680418
763.32591511,0.35227927
763.56358093,0.35862769
763.80125716,0.36293092
764.03894380,0.36245953
764.27664084,0.36015654
764.51434829,0.36681160
764.75206613,0.35379244
764.98979437,0.33569341
765.22753300,0.33242126
765.46528203,0.32435246
765.70304144,0.28900763
765.94081124,0.27688885
766.17859142,0.25971210
766.41638197,0.24646895
766.65418291,0.22813121
766.89199422,0.21778074
767.12981590,0.21058214
767.36764795,0.18512878
767.60549036,0.17264289
767.84334314,0.16522825
768.08120628,0.15313686
768.31907977,0.14564092
768.55696362,0.13412983
768.79485782,0.12855692
769.03276238,0.12320892
769.27067727,0.11634361
769.50860251,0.11151926
769.74653809,0.10092225
769.98448401,0.10120792
770.22244027,0.10330227
770.46040685,0.10223251
770.69838377,0.10911332
770.93637101,0.11182831
771.17436858,0.12329623
771.41237647,0.13910905
771.65039468,0.14416169
771.88842320,0.15639644
772.12646204,0.16312511
772.36451118,0.17925195
772.60257064,0.20184926
772.84064039,0.22084051
773.07872045,0.22922398
773.31681081,0.24940198
773.55491147,0.26083422
773.79302242,0.27619404
774.03114366,0.29720944
774.26927519,0.32254155
774.50741700,0.35104751
774.74556910,0.37380649
774.98373147,0.39787782
775.22190413,0.40217475
775.46008705,0.42711089
775.69828025,0.43528607
775.93648372,0.44755440
776.17469745,0.46307309
776.41292145,0.45548266
776.65115570,0.45301231
776.88940022,0.46445262
777.12765499,0.46091326
777.36592001,0.44406462
777.60419528,0.43029125
777.84248079,0.42101501
778.08077655,0.41564354
778.31908256,0.41452286
778.55739879,0.39476528
778.79572527,0.39280808
779.03406198,0.37050214
779.27240891,0.36963807
779.51076608,0.36298143
779.74913346,0.35801855
779.98751107,0.34807110
780.22589890,0.33579634
780.46429695,0.31461085
780.70270520,0.30888242
780.94112367,0.29832062
781.17955235,0.28878293
781.41799123,0.27279518
781.65644031,0.26613514
781.89489959,0.26609797
782.13336907,0.27126057
782.37184874,0.26405412
782.61033861,0.25953448
782.84883866,0.25484018
783.08734890,0.25666268
783.32586931,0.24882454
783.56439991,0.24483425
783.80294069,0.23788477
784.04149164,0.23458218
784.28005276,0.23237323
784.51862406,0.22762187
784.75720551,0.23432896
784.99579713,0.22493442
785.23439891,0.22444825
785.47301085,0.23116926
785.71163295,0.21613216
785.95026519,0.21557338
786.18890759,0.21437623
786.42756013,0.20690078
786.66622282,0.19773429
786.90489564,0.19650298
787.14357861,0.18468993
787.38227171,0.18599665
787.62097494,0.17739880
787.85968831,0.17810456
788.09841180,0.16749732
788.33714541,0.16843304
788.57588915,0.16953450
788.81464301,0.16833348
789.05340698,0.16848734
789.29218106,0.16723358
789.53096526,0.16801241
789.76975956,0.17164796
790.00856397,0.17460914
790.24737848,0.17424661
790.48620309,0.17262290
790.72503780,0.17095091
790.96388260,0.17567514
791.20273749,0.18400106
791.44160247,0.18470349
791.68047754,0.18739838
791.91936269,0.19353792
792.15825792,0.20183558
792.39716323,0.18965977
792.63607861,0.19500025
792.87500406,0.19255515
793.11393958,0.19185245
793.35288517,0.19573264
793.59184082,0.20525472
793.83080653,0.20864033
794.06978230,0.21794388
794.30876813,0.21668140
794.54776401,0.23353004
794.78676993,0.23622022
795.02578591,0.24537044
795.26481193,0.24828310
795.50384798,0.24948395
795.74289408,0.24211181
795.98195022,0.22815808
796.22101638,0.22246334
796.46009258,0.22215932
796.69917880,0.22081485
796.93827505,0.22145424
797.17738132,0.21638997
797.41649761,0.22354075
797.65562392,0.21700542
797.89476024,0.21440342
798.13390657,0.21955569
798.37306290,0.22598550
798.61222925,0.23492354
798.85140559,0.23510337
799.09059194,0.23876208
799.32978828,0.24031310
799.56899462,0.24935875
799.80821094,0.25140879
800.04743726,0.25084689
800.28667356,0.25925203
800.52591985,0.24811651
800.76517611,0.24592970
801.00444236,0.23809095
801.24371857,0.23685022
801.48300476,0.23667563
801.72230092,0.23944168
801.96160705,0.22719493
802.20092314,0.22830218
802.44024919,0.22967639
802.67958519,0.23180907
802.91893116,0.22151545
803.15828707,0.22747139
803.39765294,0.21776953
803.63702875,0.21568380
803.87641450,0.21019911
804.11581020,0.20728944
804.35521584,0.19367772
804.59463141,0.19364120
804.83405692,0.19095706
805.07349235,0.18524023
805.31293772,0.18446782
805.55239300,0.18328011
805.79185821,0.17632385
806.03133334,0.17234929
806.27081839,0.16977285
806.51031335,0.15883564
806.74981822,0.14995082
806.98933300,0.15308715
807.22885768,0.14320101
807.46839227,0.14246671
807.70793675,0.13746861
807.94749114,0.13982999
808.18705542,0.13820080
808.42662959,0.13891994
808.66621364,0.13127493
808.90580759,0.12378728
809.14541141,0.11738372
809.38502512,0.12131478
809.62464871,0.12003917
809.86428217,0.11941141
810.10392550,0.11775905
810.34357870,0.11156312
810.58324177,0.10807865
810.82291470,0.11460524
811.06259749,0.10667571
811.30229015,0.10712543
811.54199265,0.09743784
811.78170501,0.09833157
812.02142722,0.09408057
812.26115928,0.09998810
812.50090118,0.09511597
812.74065292,0.09069381
812.98041450,0.08541738
813.22018592,0.08737432
813.45996717,0.08913945
813.69975825,0.08783334
813.93955916,0.09350202
814.17936989,0.09740311
814.41919045,0.10351992
814.65902083,0.10126227
814.89886102,0.10178695
815.13871102,0.10756675
815.37857084,0.11145655
815.61844047,0.11002852
815.85831990,0.11914037
816.09820913,0.11966782
816.33810817,0.12057384
816.57801700,0.12720263
816.81793562,0.13224478
817.05786404,0.13685872
817.29780225,0.14218478
817.53775024,0.15702739
817.77770801,0.16672299
818.01767557,0.17312715
818.25765290,0.18449712
818.49764001,0.19568599
818.73763689,0.20290388
818.97764354,0.20563098
819.21765996,0.22516652
819.45768614,0.23369140
819.69772209,0.24969331
819.93776779,0.24828194
820.17782324,0.25995495
820.41788845,0.26372121
820.65796341,0.27053285
820.89804812,0.26342213
821.13814257,0.27160848
821.37824677,0.24577113
821.61836070,0.23381060
821.85848437,0.22006583
822.09861777,0.22758371
822.33876090,0.22398443
822.57891376,0.21884428
822.81907635,0.21826779
823.05924866,0.21656228
823.29943069,0.21637398
823.53962243,0.21985341
823.77982389,0.22032085
824.02003506,0.22989388
824.26025594,0.22487940
824.50048652,0.21758333
824.74072681,0.21750952
824.98097680,0.21167775
825.22123648,0.20910626
825.46150586,0.20044955
825.70178493,0.20393446
825.94207369,0.20892405
826.18237214,0.20196122
826.42268027,0.20344552
826.66299808,0.19949981
826.90332557,0.19974175
827.14366273,0.19968716
827.38400957,0.19253291
827.62436608,0.18362837
827.86473225,0.17301198
828.10510809,0.16813071
828.34549359,0.16224971
828.58588874,0.15865766
828.82629356,0.15519108
829.06670802,0.15279091
829.30713214,0.14796107
829.54756590,0.14040365
829.78800931,0.13222137
830.02846236,0.12425573
830.26892505,0.13322197
830.50939738,0.12848626
830.74987934,0.12279633
830.99037093,0.11609980
831.23087215,0.11850372
831.47138299,0.11276558
831.71190346,0.11463455
831.95243355,0.11008038
832.19297325,0.10490080
832.43352257,0.09811228
832.67408150,0.09780452
832.91465003,0.09874113
833.15522818,0.10192621
833.39581592,0.09935828
833.63641327,0.09742508
833.87702022,0.10197279
834.11763676,0.10189141
834.35826289,0.09845298
834.59889861,0.10198264
834.83954392,0.09987882
835.08019881,0.10494076
835.32086328,0.10804723
835.56153733,0.10785450
835.80222095,0.10273512
836.04291415,0.09916212
836.28361692,0.09718988
836.52432926,0.10397936
836.76505116,0.10384280
837.00578262,0.10419072
837.24652364,0.10559029
837.48727421,0.10669011
837.72803434,0.10829346
837.96880402,0.11160599
838.20958325,0.11606391
838.45037202,0.11333917
838.69117033,0.11288349
838.93197819,0.10660104
839.17279558,0.10541761
839.41362250,0.10989432
839.65445896,0.11371036
839.89530494,0.10802168
840.13616045,0.10562972
840.37702548,0.10641756
840.61790003,0.10709612
840.85878410,0.10869497
841.09967768,0.10453368
841.34058078,0.11193895
841.58149338,0.12404233
841.82241549,0.12273386
842.06334710,0.12264535
842.30428821,0.12837459
842.54523883,0.13862670
842.78619893,0.13511547
843.02716853,0.12645554
843.26814762,0.13140428
843.50913619,0.13798027
843.75013425,0.13707426
843.99114179,0.13504580
844.23215881,0.14469508
844.47318530,0.14813100
844.71422127,0.15130706
844.95526670,0.14629959
845.19632161,0.15581434
845.43738597,0.17406057
845.67845980,0.18643272
845.91954309,0.17839585
846.16063584,0.18671109
846.40173803,0.19675843
846.64284968,0.20694210
846.88397078,0.20841554
847.12510132,0.21123770
847.36624130,0.21919690
847.60739073,0.22441818
847.84854959,0.23799522
848.08971788,0.24913373
848.33089561,0.25921823
848.57208276,0.25814176
848.81327934,0.25097197
849.05448534,0.26367531
849.29570076,0.25833577
849.53692560,0.25134763
849.77815986,0.24446127
850.01940353,0.24203782
850.26065660,0.23963422
850.50191908,0.22363461
850.74319097,0.21683914
850.98447225,0.21785509
851.22576294,0.20984538
851.46706301,0.20592438
851.70837248,0.19064076
851.94969135,0.18474082
852.19101959,0.18506129
852.43235722,0.17913965
852.67370424,0.16568134
852.91506063,0.16011895
853.15642640,0.15633261
853.39780154,0.16117708
853.63918605,0.14935974
853.88057992,0.13940945
854.12198317,0.14125342
854.36339577,0.13867678
854.60481773,0.13561281
854.84624905,0.12786963
855.08768973,0.12151470
855.32913975,0.11546462
855.57059912,0.11020039
855.81206784,0.10914041
856.05354590,0.10190094
856.29503330,0.09905040
856.53653004,0.09228074
856.77803611,0.08764655
857.01955151,0.08832693
857.26107624,0.08488195
857.50261030,0.07537993
857.74415367,0.07916987
857.98570637,0.07587863
858.22726839,0.07736681
858.46883972,0.07149387
858.71042037,0.07298647
858.95201032,0.07389484
859.19360958,0.07989476
859.43521814,0.06957606
859.67683601,0.07033583
859.91846317,0.07473517
860.16009963,0.07111491
860.40174538,0.06622631
860.64340042,0.06809870
860.88506474,0.07171755
861.12673835,0.06858086
861.36842125,0.06616586
861.61011342,0.06465540
861.85181487,0.06675933
862.09352559,0.06383024
862.33524558,0.06151460
862.57697484,0.06476496
862.81871336,0.05952394
863.06046114,0.05614093
863.30221819,0.05662224
863.54398449,0.05692622
863.78576004,0.05169811
864.02754485,0.05433976
864.26933890,0.04970777
864.51114220,0.05061103
864.75295474,0.05071334
864.99477653,0.04814406
865.23660755,0.04538386
865.47844780,0.05030264
865.72029728,0.05418045
865.96215600,0.05654748
866.20402394,0.05460388
866.44590110,0.05332001
866.68778748,0.05832957
866.92968308,0.06744949
867.17158790,0.06710078
867.41350193,0.06709866
867.65542516,0.06997421
867.89735761,0.06765159
868.13929926,0.07757645
868.38125011,0.07922899
868.62321015,0.07784338
868.86517940,0.08166115
869.10715783,0.08026527
869.34914546,0.08537775
869.59114227,0.08143934
869.83314827,0.08523162
870.07516344,0.08519112
870.31718780,0.08798452
870.55922133,0.08710021
870.80126404,0.08941274
871.04331592,0.08323762
871.28537696,0.08040953
871.52744717,0.08076234
871.76952655,0.07993494
872.01161508,0.08088016
872.25371277,0.07847114
872.49581961,0.07766734
872.73793560,0.07246178
872.98006075,0.07102480
873.22219503,0.06676818
873.46433846,0.06866940
873.70649103,0.06488952
873.94865274,0.06931957
874.19082358,0.06406818
874.43300356,0.06494514
874.67519266,0.06613232
874.91739089,0.06666650
875.15959824,0.06785050
875.40181471,0.06529249
875.64404031,0.06177049
875.88627501,0.06148960
876.12851883,0.06358835
876.37077176,0.06066317
876.61303379,0.06537247
876.85530493,0.06415407
877.09758517,0.07499937
877.33987451,0.07853381
877.58217294,0.07819125
877.82448047,0.08549099
878.06679709,0.08941530
878.30912279,0.09189571
878.55145758,0.09777235
878.79380145,0.10142178
879.03615440,0.10713845
879.27851643,0.10666384
879.52088753,0.11217104
879.76326770,0.11936575
880.00565694,0.11861089
880.24805524,0.12370279
880.49046260,0.12230155
880.73287903,0.12737674
880.97530451,0.13635121
881.21773905,0.13223920
881.46018264,0.13899924
881.70263527,0.13657365
881.94509695,0.12856003
882.18756768,0.13351880
882.43004744,0.13547306
882.67253625,0.13948037
882.91503409,0.14314467
883.15754095,0.15321991
883.40005685,0.14298151
883.64258178,0.15675273
883.88511573,0.16232308
884.12765869,0.17145415
884.37021068,0.16218819
884.61277168,0.17044412
884.85534170,0.18160383
885.09792072,0.18902079
885.34050876,0.19141861
885.58310579,0.18895792
885.82571183,0.18535455
886.06832686,0.18505582
886.31095090,0.18373524
886.55358392,0.18480373
886.79622594,0.18751317
887.03887694,0.20350723
887.28153693,0.20115818
887.52420589,0.19337470
887.76688384,0.18790011
888.00957077,0.18358377
888.25226667,0.17682933
888.49497154,0.17005904
888.73768537,0.16799985
888.98040818,0.17339764
889.22313994,0.16872377
889.46588067,0.17458148
889.70863035,0.16983102
889.95138899,0.16768965
890.19415657,0.16675673
890.43693311,0.16736275
890.67971859,0.17044104
890.92251302,0.17268443
891.16531639,0.17290118
891.40812869,0.19168641
891.65094993,0.19977200
891.89378010,0.20343595
892.13661920,0.20622920
892.37946723,0.20163409
892.62232418,0.18399256
892.86519005,0.17869270
893.10806484,0.18779442
893.35094854,0.19575450
893.59384116,0.18837816
893.83674269,0.18816214
894.07965312,0.18179796
894.32257246,0.18508162
894.56550070,0.18663087
894.80843784,0.19353997
895.05138388,0.20165269
895.29433881,0.19777382
895.53730263,0.19915054
895.78027533,0.20442043
896.02325692,0.21105441
896.26624740,0.20327929
896.50924675,0.18251361
896.75225498,0.17846647
896.99527208,0.17780453
897.23829806,0.19007110
897.48133290,0.19296886
897.72437661,0.19199569
897.96742918,0.18771376
898.21049061,0.18461816
898.45356090,0.17381022
898.69664005,0.17192522
898.93972804,0.16606787
899.18282488,0.15683845
899.42593057,0.14063877
899.66904511,0.14118626
899.91216848,0.13035660
900.15530069,0.13389677
900.39844174,0.12885870
900.64159162,0.13103027
900.88475033,0.11930722
901.12791786,0.12019532
901.37109422,0.12062643
901.61427940,0.12358841
901.85747340,0.12972720
902.10067621,0.13658118
902.34388784,0.13112275
902.58710827,0.12874049
902.83033752,0.13201265
903.07357557,0.13251853
903.31682242,0.13319178
903.56007807,0.12630993
903.80334251,0.11498666
904.04661575,0.11027786
904.28989778,0.10533137
904.53318860,0.10748693
904.77648820,0.10536234
905.01979659,0.10838103
905.26311375,0.10693416
905.50643969,0.10055272
905.74977441,0.09970265
905.99311789,0.10191773
906.23647015,0.09980627
906.47983117,0.10054088
906.72320095,0.10169549
906.96657950,0.10626689
907.20996680,0.09894394
907.45336285,0.09516035
907.69676766,0.09135012
907.94018122,0.09165904
908.18360352,0.08491776
908.42703457,0.08285523
908.67047435,0.08320177
908.91392288,0.08353828
909.15738014,0.08118935
909.40084613,0.08526328
909.64432085,0.08085388
909.88780430,0.08054508
910.13129648,0.07545585
910.37479737,0.08178645
910.61830699,0.08471702
910.86182531,0.09322504
911.10535236,0.09608542
911.34888811,0.10353461
911.59243257,0.10490314
911.83598573,0.10430485
912.07954760,0.11097424
912.32311816,0.11805916
912.56669743,0.11437689
912.81028538,0.11712176
913.05388203,0.11557953
913.29748736,0.11558616
913.54110138,0.11486295
913.78472408,0.12266305
914.02835547,0.12006337
914.27199552,0.11934666
914.51564426,0.11718396
914.75930166,0.11605677
915.00296774,0.12002070
915.24664247,0.12194566
915.49032588,0.12192349
915.73401794,0.11876152
915.97771866,0.11613209
916.22142803,0.11340647
916.46514606,0.10953230
916.70887274,0.10993877
916.95260806,0.10718099
917.19635202,0.11192603
917.44010463,0.10702546
917.68386588,0.10076854
917.92763576,0.09498053
918.17141427,0.08830733
918.41520141,0.08345302
918.65899718,0.08354390
918.90280158,0.08081844
919.14661459,0.07420982
919.39043623,0.07357325
919.63426648,0.07495073
919.87810534,0.07070062
920.12195281,0.07322402
920.36580890,0.07460062
920.60967358,0.07278356
920.85354687,0.06747740
921.09742876,0.06631975
921.34131924,0.06587456
921.58521832,0.06424733
921.82912599,0.06181972
922.07304225,0.05618015
922.31696709,0.05014104
922.56090052,0.05087330
922.80484252,0.04693693
923.04879310,0.04635913
923.29275226,0.04259866
923.53671999,0.04530511
923.78069629,0.04556581
924.02468115,0.04279929
924.26867458,0.04598223
924.51267656,0.04809010
924.75668711,0.05377955
925.00070621,0.05622549
925.24473386,0.06057453
925.48877006,0.05894004
925.73281481,0.06211098
925.97686810,0.06952458
926.22092994,0.07143454
926.46500031,0.07412628
926.70907921,0.07618807
926.95316665,0.07899711
927.19726262,0.08444630
927.44136712,0.08930078
927.68548014,0.09801440
927.92960168,0.10247321
928.17373175,0.10115405
928.41787032,0.09996012
928.66201741,0.09569055
928.90617302,0.09526333
929.15033713,0.09105312
929.39450974,0.09456815
929.63869086,0.09542170
929.88288047,0.09563544
930.12707859,0.09079620
930.37128520,0.08886146
930.61550029,0.08747438
930.85972388,0.08506812
931.10395595,0.08169606
931.34819651,0.08371307
931.59244554,0.08076210
931.83670306,0.08273867
932.08096904,0.08152746
932.32524350,0.08289773
932.56952643,0.08127456
932.81381782,0.08371787
933.05811768,0.07366478
933.30242600,0.06951870
933.54674278,0.06642314
933.79106801,0.06557590
934.03540169,0.06547151
934.27974382,0.07059112
934.52409440,0.05983454
934.76845343,0.06151847
935.01282089,0.05544570
935.25719680,0.05625854
935.50158114,0.05849576
935.74597391,0.05559302
935.99037511,0.05434472
936.23478474,0.06212050
936.47920279,0.05598555
936.72362927,0.05054842
936.96806417,0.04607444
937.21250748,0.04705993
937.45695920,0.03990222
937.70141934,0.04169749
937.94588788,0.04158658
938.19036483,0.03808004
938.43485019,0.03177812
938.67934394,0.03307067
938.92384608,0.02941992
939.16835663,0.02807983
939.41287556,0.02670366
939.65740288,0.02648107
939.90193859,0.02479442
940.14648268,0.02906105
940.39103515,0.03047721
940.63559600,0.03195489
940.88016523,0.02771956
941.12474282,0.02841431
941.36932879,0.02650144
941.61392312,0.02379475
941.85852581,0.02120305
942.10313687,0.02312137
942.34775628,0.02461472
942.59238405,0.02429436
942.83702017,0.02308353
943.08166464,0.01889143
943.32631746,0.01993819
943.57097862,0.01706320
943.81564813,0.01839651
944.06032597,0.01674372
944.30501215,0.01701775
944.54970666,0.01376086
944.79440950,0.01404843
945.03912067,0.01424898
945.28384016,0.01143046
945.52856798,0.01363988
945.77330412,0.01445093
946.01804857,0.01739970
946.26280133,0.01611025
946.50756241,0.01707684
946.75233179,0.01717580
946.99710948,0.01607282
947.24189548,0.01996494
947.48668977,0.01570713
947.73149236,0.01898776
947.97630324,0.01889314
948.22112242,0.02302991
948.46594988,0.01977353
948.71078563,0.02235992
948.95562966,0.02396716
949.20048198,0.02710400
949.44534257,0.02652544
949.69021144,0.02777219
949.93508857,0.02774516
950.17997398,0.03184661
950.42486766,0.02927810
950.66976959,0.02744092
950.91467979,0.02961605
951.15959825,0.03016949
951.40452496,0.03574355
951.64945993,0.03726883
951.89440314,0.03491541
952.13935461,0.03997943
952.38431431,0.03660527
952.62928226,0.03971720
952.87425845,0.04172732
953.11924287,0.04313085
953.36423553,0.04418945
953.60923642,0.04893264
953.85424553,0.04797233
954.09926287,0.05606903
954.34428843,0.05214438
954.58932222,0.05556451
954.83436421,0.05600521
955.07941443,0.05675939
955.32447285,0.05406111
955.56953948,0.05464088
955.81461432,0.05666942
956.05969736,0.06196059
956.30478860,0.06202689
956.54988803,0.06135946
956.79499567,0.06116023
957.04011149,0.05992648
957.28523550,0.05994182
957.53036770,0.06147030
957.77550808,0.07099294
958.02065664,0.06995379
958.26581338,0.07362977
958.51097830,0.07117400
958.75615139,0.06899634
959.00133264,0.07321067
959.24652207,0.07459635
959.49171965,0.07444940
959.73692540,0.07473323
959.98213931,0.08007963
960.22736137,0.07979643
960.47259159,0.08726252
960.71782995,0.07921847
960.96307647,0.09154688
961.20833112,0.08951544
961.45359392,0.09034224
961.69886486,0.08564632
961.94414394,0.08591218
962.18943115,0.08165353
962.43472648,0.08204003
962.68002995,0.07807092
962.92534154,0.08211208
963.17066126,0.08255790
963.41598909,0.09047018
963.66132504,0.08492430
963.90666911,0.08150421
964.15202128,0.07887195
964.39738157,0.07607489
964.64274996,0.07692966
964.88812645,0.07528816
965.13351104,0.07093504
965.37890374,0.07150065
965.62430452,0.06512555
965.86971340,0.06679804
966.11513036,0.06455070
966.36055542,0.06760004
966.60598855,0.06683680
966.85142977,0.06995873
967.09687907,0.06862128
967.34233644,0.06810898
967.58780188,0.06851080
967.83327539,0.07112929
968.07875697,0.06147680
968.32424661,0.05993191
968.56974432,0.05736873
968.81525008,0.05751741
969.06076390,0.04858294
969.30628577,0.04872811
969.55181570,0.04639792
969.79735367,0.04480617
970.04289968,0.04260112
970.28845374,0.04379564
970.53401583,0.04238762
970.77958597,0.04339360
971.02516413,0.04399551
971.27075033,0.04518162
971.51634455,0.04188373
971.76194680,0.04008932
972.00755708,0.03636054
972.25317537,0.03350674
972.49880168,0.03402701
972.74443600,0.03698384
972.99007834,0.03355478
973.23572868,0.03213578
973.48138703,0.03191012
973.72705338,0.03212924
973.97272774,0.03093189
974.21841009,0.03128742
974.46410043,0.02991759
974.70979877,0.02880544
974.95550510,0.02566020
975.20121941,0.02541636
975.44694171,0.02237396
975.69267199,0.02346912
975.93841024,0.02205607
976.18415647,0.02142090
976.42991068,0.02135635
976.67567285,0.02274459
976.92144299,0.02070278
977.16722110,0.02119406
977.41300717,0.01668528
977.65880119,0.02295862
977.90460317,0.01922207
978.15041311,0.01946442
978.39623099,0.01657081
978.64205683,0.01781317
978.88789061,0.01549219
979.13373233,0.01756972
979.37958199,0.01633118
979.62543958,0.02088024
979.87130511,0.01710798
980.11717857,0.01832220
980.36305996,0.01832833
980.60894928,0.02059557
980.85484651,0.01415050
981.10075167,0.01465391
981.34666475,0.01401913
981.59258573,0.01643704
981.83851463,0.01596740
982.08445144,0.01096302
982.33039616,0.01445982
982.57634878,0.01791579
982.82230930,0.01576661
983.06827771,0.01452664
983.31425403,0.01221702
983.56023823,0.01576039
983.80623032,0.01129989
984.05223031,0.01559700
984.29823817,0.01080544
984.54425391,0.01279809
984.79027754,0.01144017
985.03630904,0.01298110
985.28234841,0.01202416
985.52839565,0.01071299
985.77445076,0.01446839
986.02051374,0.01289630
986.26658457,0.01657438
986.51266327,0.01020070
986.75874982,0.00914312
987.00484422,0.01244855
987.25094647,0.00868941
987.49705658,0.01124358
987.74317452,0.00661960
987.98930031,0.01214641
988.23543394,0.01097079
988.48157541,0.00962802
988.72772471,0.00760882
988.97388184,0.00818692
989.22004680,0.00938138
989.46621959,0.00919256
989.71240020,0.00834571
989.95858862,0.01044801
990.20478487,0.01087509
990.45098893,0.01031062
990.69720080,0.01068691
990.94342048,0.01167183
991.18964797,0.01103171
991.43588326,0.01159397
991.68212635,0.01249153
991.92837724,0.01150525
992.17463593,0.00902802
992.42090240,0.01426210
992.66717667,0.01035562
992.91345872,0.01569548
993.15974856,0.01610821
993.40604618,0.01131056
993.65235158,0.01428219
993.89866475,0.01215857
994.14498570,0.01275655
994.39131441,0.01394648
994.63765090,0.01117529
994.88399515,0.01237670
995.13034716,0.01362876
995.37670693,0.01327778
995.62307445,0.01188864
995.86944973,0.01396134
996.11583276,0.01297866
996.36222354,0.01288094
996.60862206,0.01503822
996.85502833,0.01224366
997.10144233,0.01313894
997.34786408,0.01390090
997.59429355,0.00982280
997.84073076,0.01205515
998.08717570,0.01148794
998.33362836,0.01246250
998.58008875,0.01169826
998.82655685,0.01291567
999.07303267,0.01057908
999.31951621,0.01269611
999.56600746,0.01346453
999.81250642,0.01149991
1000.05901309,0.01273318
1000.30552746,0.01250847
1000.55204953,0.01085049
1000.79857929,0.01206695
1001.04511676,0.00946855
1001.29166191,0.01053509
1001.53821476,0.01383942
1001.78477529,0.00922143
1002.03134351,0.00963680
1002.27791941,0.01110830
1002.52450299,0.01170401
1002.77109424,0.00920640
1003.01769317,0.01192317
1003.26429976,0.00911103
1003.51091403,0.00707017
1003.75753596,0.00741960
1004.00416555,0.00717108
1004.25080280,0.00842881
1004.49744771,0.00735429
1004.74410027,0.00821940
1004.99076048,0.00681687
1005.23742834,0.00900173
1005.48410384,0.00572251
1005.73078699,0.00698138
1005.97747778,0.00524821
1006.22417620,0.00903069
1006.47088226,0.00753100
1006.71759595,0.00504479
1006.96431727,0.00618382
1007.21104622,0.00609717
1007.45778279,0.00969800
1007.70452698,0.00667708
1007.95127879,0.00881008
1008.19803821,0.00832131
1008.44480524,0.00880682
1008.69157988,0.00714557
1008.93836213,0.00775695
1009.18515199,0.01102409
1009.43194944,0.01080488
1009.67875450,0.00883189
1009.92556715,0.01207133
1010.17238739,0.00916127
1010.41921522,0.00998371
1010.66605064,0.00812933
1010.91289364,0.01343825
1011.15974422,0.00949250
1011.40660239,0.01024785
1011.65346813,0.00966012
1011.90034144,0.01051148
1012.14722232,0.01074911
1012.39411078,0.01358764
1012.64100679,0.01324903
1012.88791037,0.01146709
1013.13482151,0.01402945
1013.38174020,0.01738484
1013.62866645,0.01300419
1013.87560025,0.01851043
1014.12254160,0.02064593
1014.36949049,0.02100895
1014.61644693,0.02032351
1014.86341091,0.01682669
1015.11038242,0.01473975
1015.35736147,0.01697900
1015.60434805,0.01584632
1015.85134216,0.01768399
1016.09834379,0.01672717
1016.34535295,0.01480649
1016.59236963,0.01616780
1016.83939383,0.01428120
1017.08642554,0.01289881
1017.33346476,0.01303242
1017.58051150,0.01651570
1017.82756574,0.01561869
1018.07462748,0.01519403
1018.32169673,0.01341442
1018.56877347,0.01225322
1018.81585771,0.01230829
1019.06294945,0.01333256
1019.31004867,0.01551785
1019.55715538,0.01390963
1019.80426957,0.00980569
1020.05139125,0.01263587
1020.29852041,0.01060183
1020.54565704,0.01279095
1020.79280114,0.01472268
1021.03995272,0.01298261
1021.28711177,0.01186039
1021.53427828,0.01381523
1021.78145225,0.01458988
1022.02863368,0.01554809
1022.27582257,0.01602804
1022.52301891,0.01346558
1022.77022270,0.01349739
1023.01743395,0.01895530
1023.26465263,0.01609663
1023.51187876,0.01700227
1023.75911234,0.01752498
1024.00635335,0.01742519
1024.25360179,0.01791799
1024.50085766,0.01752785
1024.74812097,0.01959794
1024.99539170,0.01584632
1025.24266985,0.01452126
1025.48995543,0.01417438
1025.73724842,0.01661649
1025.98454883,0.01321530
1026.23185665,0.01508351
1026.47917188,0.01582163
1026.72649452,0.01194208
1026.97382456,0.01255916
1027.22116200,0.01461957
1027.46850685,0.01468748
1027.71585908,0.01249938
1027.96321872,0.01132871
1028.21058574,0.00716379
1028.45796014,0.00434287
1028.70534194,0.00406649
1028.95273111,0.00408882
1029.20012767,0.00438239
1029.44753160,0.00388145
1029.69494290,0.00350145
