195.95165235,0.00035213
196.15151677,0.01420091
196.35139989,0.00542274
196.55130171,0.01387378
196.75122222,0.00092462
196.95116143,0.00373254
197.15111932,0.00624059
197.35109589,0.00476847
197.55109115,0.01749954
197.75110507,0.00727652
197.95113767,0.01218357
198.15118894,0.00670403
198.35125887,0.00634963
198.55134747,0.00667677
198.75145472,0.01430996
198.95158062,0.00106092
199.15172517,0.00874863
199.35188837,0.00918482
199.55207021,0.01387378
199.75227069,0.00833971
199.95248980,0.00441407
200.15272755,0.00438681
200.35298392,0.00757639
200.55325891,0.01812655
200.75355253,0.01510054
200.95386476,0.00896673
201.15419561,0.00814888
201.35454506,0.00738556
201.55491312,0.00798532
201.75529978,0.00962100
201.95570504,0.00438681
202.15612889,0.01758132
202.35657133,-0.00319185
202.55703236,0.00727652
202.75751198,0.01662718
202.95801017,0.01092955
203.15852694,0.01005718
203.35906228,0.01131120
203.55961619,0.01103859
203.76018866,0.00754913
203.96077969,0.01278332
204.16138928,0.00656772
204.36201743,0.00634963
204.56266412,0.01441900
204.76332936,0.00247851
204.96401315,0.00504109
205.16471547,0.00310553
205.36543633,0.00187876
205.56617572,0.00438681
205.76693363,0.00427777
205.96771007,0.00602250
206.16850503,-0.00117451
206.36931851,0.00765818
206.57015050,0.00615880
206.77100100,0.00318731
206.97187001,0.00482299
207.17275752,0.00667677
207.37366352,0.01654539
207.57458802,0.00874863
207.77553101,0.01139299
207.97649249,0.00286017
208.17747245,0.00411420
208.37847089,0.01038432
208.57948781,0.00468669
208.78052320,0.00716747
208.98157706,0.00580440
209.18264938,0.01212905
209.38374017,-0.00082011
209.58484941,-0.00139260
209.78597710,0.00877590
209.98712325,0.01095681
210.18828784,0.00863959
210.38947088,0.01452805
210.59067235,0.00602250
210.79189226,0.01600016
210.99313061,0.01965319
211.19438738,0.01321950
211.39566257,0.00127901
211.59695619,0.00964826
211.79826822,0.00337814
211.99959866,0.00089735
212.20094752,0.01300141
212.40231478,0.00790353
212.60370044,0.00504109
212.80510450,0.00351445
213.00652696,0.02535082
213.20796781,0.00891220
213.40942704,0.01202000
213.61090466,0.00002499
213.81240066,0.00062474
214.01391504,0.00515013
214.21544779,0.00580440
214.41699890,0.01458257
214.61856839,0.01182917
214.82015623,0.01747228
215.02176243,0.00411420
215.22338699,0.00722200
215.42502990,0.00703117
215.62669115,0.01234714
215.82837075,0.00160615
216.03006868,0.00160615
216.23178496,0.00754913
216.43351956,0.00754913
216.63527249,0.01114764
216.83704375,-0.00215592
217.03883333,-0.00182878
217.24064123,0.00932112
217.44246744,0.01283784
217.64431195,0.00754913
217.84617478,0.00825793
218.04805591,0.00803984
218.24995534,0.01207452
218.45187306,0.00574988
218.65380907,-0.00024762
218.85576337,0.00220590
219.05773596,0.01441900
219.25972683,0.01212905
219.46173597,0.00809436
219.66376339,0.00613154
219.86580907,0.00236947
220.06787302,0.00122449
220.26995524,0.00264208
220.47205571,0.00896673
220.67417443,0.00536822
220.87631141,0.01741776
221.07846663,0.00286017
221.28064010,-0.00057476
221.48283181,0.00204233
221.68504175,0.00902125
221.88726993,0.00907577
222.08951633,0.00722200
222.29178096,0.00983909
222.49406382,0.00833971
222.69636488,0.00656772
222.89868417,0.01103859
223.10102166,0.00335088
223.30337736,0.01376473
223.50575126,0.00100640
223.70814337,0.00678581
223.91055366,0.00858507
224.11298215,0.00198781
224.31542883,0.01518232
224.51789369,0.01043884
224.72037673,0.00427777
224.92287795,0.00275113
225.12539735,0.01321950
225.32793491,0.00040665
225.53049064,0.01790846
225.73306453,0.00722200
225.93565658,0.00253304
226.13826679,0.01174739
226.34089514,-0.00199235
226.54354164,0.00536822
226.74620629,0.00362349
226.94888908,0.01632730
227.15159000,-0.00106547
227.35430906,0.00645868
227.55704625,0.00689486
227.75980156,0.00100640
227.96257499,0.00485026
228.16536654,-0.00073833
228.36817621,0.00215138
228.57100398,0.00351445
228.77384987,-0.00057476
228.97671385,0.00651320
229.17959594,0.01550946
229.38249612,0.00651320
229.58541439,0.00569536
229.78835076,0.00596797
229.99130520,0.00885768
230.19427773,0.01152930
230.39726834,0.00803984
230.60027702,0.00798532
230.80330377,0.01589112
231.00634858,0.01488245
231.20941146,0.00694938
231.41249240,0.00913029
231.61559139,0.00179698
231.81870844,0.00689486
232.02184353,0.00493204
232.22499666,0.00956648
232.42816784,0.00264208
232.63135705,0.00940291
232.83456430,0.00220590
233.03778958,0.00776722
233.24103288,0.00296922
233.44429420,0.00943017
233.64757355,0.00773996
233.85087090,0.01267427
234.05418627,0.00722200
234.25751965,0.00307827
234.46087103,0.00929386
234.66424040,-0.00231949
234.86762778,0.00853054
235.07103315,0.00634963
235.27445650,0.01191096
235.47789784,0.01158382
235.68135717,0.00760366
235.88483447,0.00005225
236.08832974,0.01256523
236.29184299,-0.00373708
236.49537420,0.01488245
236.69892338,-0.00062928
236.90249051,0.00422324
237.10607560,0.00362349
237.30967864,0.01850821
237.51329963,0.01087502
237.71693857,0.00945743
237.92059544,0.00231495
238.12427025,0.00877590
238.32796300,0.01376473
238.53167367,0.00471395
238.73540228,0.00236947
238.93914880,-0.00169248
239.14291324,0.01676348
239.34669560,-0.00136534
239.55049587,0.00209686
239.75431405,0.00111545
239.95815013,0.01452805
240.16200411,0.01387378
240.36587599,0.01430996
240.56976576,0.01016623
240.77367342,0.00307827
240.97759896,0.01496423
241.18154239,0.01182917
241.38550369,0.00994814
241.58948287,0.00547727
241.79347992,0.00844876
241.99749484,0.00389611
242.20152762,0.00471395
242.40557826,0.00572262
242.60964676,0.00863959
242.81373311,0.00722200
243.01783730,0.01049336
243.22195934,0.00591345
243.42609923,0.00166067
243.63025695,0.00591345
243.83443250,0.01283784
244.03862589,0.01572755
244.24283710,0.00193329
244.44706613,0.00823067
244.65131298,0.01049336
244.85557765,0.00651320
245.05986013,0.00215138
245.26416042,0.00703117
245.46847851,0.00940291
245.67281440,0.00411420
245.87716809,0.00351445
246.08153957,0.01616373
246.28592885,0.01261975
246.49033590,0.00956648
246.69476074,0.00397789
246.89920336,0.00956648
247.10366375,0.00591345
247.30814192,0.00896673
247.51263785,0.00455038
247.71715155,0.01076598
247.92168300,0.00806710
248.12623221,0.00340540
248.33079918,0.00471395
248.53538389,0.01076598
248.73998635,0.00493204
248.94460655,0.00877590
249.14924448,0.01136573
249.35390016,0.00122449
249.55857356,0.02167053
249.76326469,0.00460490
249.96797354,0.00493204
250.17270011,0.00673129
250.37744440,0.00362349
250.58220640,0.00422324
250.78698610,0.01234714
250.99178352,0.00564084
251.19659863,0.01128394
251.40143144,0.00504109
251.60628194,0.01387378
251.81115014,0.00324183
252.01603602,0.00921208
252.22093958,0.00934838
252.42586082,0.00787627
252.63079974,-0.00073833
252.83575632,0.02030746
253.04073058,0.00724926
253.24572250,0.00035213
253.45073208,-0.00455492
253.65575931,-0.00068381
253.86080420,0.00515013
254.06586674,0.00754913
254.27094692,0.00645868
254.47604475,0.01463709
254.68116021,0.00782175
254.88629331,0.00193329
255.09144404,-0.00049298
255.29661240,0.00956648
255.50179838,-0.00046572
255.70700198,-0.00005679
255.91222319,0.00659498
256.11746202,0.00553179
256.32271846,0.00209686
256.52799250,-0.00144713
256.73328414,0.00313279
256.93859338,0.00858507
257.14392021,0.01120216
257.34926464,0.00324183
257.55462665,-0.00013858
257.76000624,0.00953921
257.96540341,0.00528644
258.17081816,0.00296922
258.37625048,0.00089735
258.58170037,0.01076598
258.78716782,0.01332855
258.99265284,0.00133354
259.19815541,0.00144258
259.40367553,0.00005225
259.60921320,0.00640415
259.81476842,0.00962100
260.02034118,0.00264208
260.22593148,-0.00082011
260.43153931,0.01158382
260.63716468,0.00907577
260.84280757,0.01444626
261.04846799,0.00744009
261.25414593,0.00395063
261.45984138,0.00951195
261.66555434,0.00329636
261.87128482,0.00485026
262.07703280,-0.00008406
262.28279828,0.00498656
262.48858126,-0.00373708
262.69438173,0.00907577
262.90019970,0.00765818
263.10603515,0.01313772
263.31188808,0.00463216
263.51775850,0.01008444
263.72364639,0.00863959
263.92955175,0.00921208
264.13547458,0.00918482
264.34141487,0.00754913
264.54737263,0.00629511
264.75334784,0.00438681
264.95934051,0.01060241
265.16535062,0.00891220
265.37137818,0.00651320
265.57742319,0.01335581
265.78348563,0.00362349
265.98956551,0.00656772
266.19566282,0.00525918
266.40177756,0.00498656
266.60790972,0.00482299
266.81405931,0.01714514
267.02022631,0.00765818
267.22641072,0.00842150
267.43261254,0.00525918
267.63883177,0.01480066
267.84506840,0.00155163
268.05132243,0.00329636
268.25759385,0.00179698
268.46388266,0.01270154
268.67018886,0.00482299
268.87651245,0.00667677
269.08285341,0.01076598
269.28921175,0.01076598
269.49558746,0.01191096
269.70198054,0.00190603
269.90839099,0.00133354
270.11481880,0.00441407
270.32126396,0.01327402
270.52772648,0.00803984
270.73420635,0.00220590
270.94070356,-0.00111999
271.14721812,0.00318731
271.35375002,0.00354171
271.56029925,0.00291470
271.76686582,0.00504109
271.97344971,0.01414639
272.18005093,0.00223316
272.38666947,0.03647347
272.59330532,0.01008444
272.79995849,0.01005718
273.00662897,0.00438681
273.21331676,0.00106092
273.42002184,0.00046117
273.62674423,0.00858507
273.83348391,0.00482299
274.04024088,0.01550946
274.24701514,0.00411420
274.45380668,0.00803984
274.66061550,0.00468669
274.86744160,-0.00013858
275.07428498,0.01182917
275.28114562,0.00602250
275.48802352,0.00476847
275.69491869,0.01215631
275.90183112,0.00275113
276.10876080,0.01638182
276.31570773,0.01065693
276.52267191,0.00266934
276.72965333,0.00193329
276.93665199,0.01191096
277.14366789,0.01425543
277.35070102,0.00812162
277.55775137,0.01109311
277.76481895,0.00438681
277.97190376,0.00187876
278.17900578,0.00591345
278.38612501,0.00405968
278.59326146,0.00765818
278.80041511,0.00836697
279.00758596,0.00727652
279.21477401,0.00604976
279.42197926,0.00242399
279.62920170,0.01204726
279.83644133,-0.00095642
280.04369814,0.00640415
280.25097213,0.00964826
280.45826330,0.01008444
280.66557164,0.00354171
280.87289715,0.00307827
281.08023982,0.00602250
281.28759966,0.00373254
281.49497666,0.01371021
281.70237081,0.00656772
281.90978211,0.00084283
282.11721056,0.00940291
282.32465616,0.00885768
282.53211889,0.00634963
282.73959876,-0.00161069
282.94709576,0.00002499
283.15460989,0.00324183
283.36214115,0.01436448
283.56968952,0.00515013
283.77725502,0.01131120
283.98483763,0.00465943
284.19243735,0.00264208
284.40005417,0.00397789
284.60768810,0.00296922
284.81533913,0.00024308
285.02300725,0.00689486
285.23069247,0.00187876
285.43839477,0.00913029
285.64611416,0.05002238
285.85385063,0.01071145
286.06160417,0.00329636
286.26937479,0.01008444
286.47716248,0.00703117
286.68496724,0.00656772
286.89278906,-0.00193783
287.10062793,0.00547727
287.30848386,0.00607702
287.51635685,0.00471395
287.72424688,0.00825793
287.93215395,0.00092462
288.14007806,0.00266934
288.34801921,0.00220590
288.55597740,0.00057022
288.76395261,0.00790353
288.97194485,-0.00005679
289.17995411,0.00291470
289.38798039,0.00913029
289.59602368,0.00520465
289.80408398,0.00853054
290.01216129,0.00133354
290.22025561,0.00667677
290.42836692,0.00258756
290.63649523,0.01092955
290.84464053,0.00929386
291.05280282,0.00465943
291.26098209,0.00427777
291.46917835,0.00176972
291.67739158,0.00122449
291.88562179,0.00874863
292.09386897,0.00013404
292.30213311,0.00776722
292.51041422,0.00869411
292.71871228,0.00716747
292.92702730,0.00493204
293.13535928,0.00100640
293.34370820,0.01147477
293.55207406,0.01027527
293.76045686,0.01741776
293.96885661,0.00722200
294.17727328,0.00754913
294.38570689,0.01136573
294.59415742,0.00555905
294.80262487,0.00307827
295.01110924,0.00236947
295.21961052,0.01463709
295.42812872,0.00572262
295.63666382,0.00746735
295.84521583,0.00596797
296.05378474,0.01139299
296.26237054,0.00223316
296.47097324,0.00324183
296.67959282,0.00825793
296.88822929,0.00722200
297.09688264,0.00542274
297.30555287,0.00204233
297.51423998,0.00858507
297.72294395,0.01043884
297.93166479,0.00395063
298.14040250,0.00863959
298.34915706,0.00858507
298.55792848,0.00007951
298.76671675,0.00493204
298.97552187,0.00427777
299.18434383,0.00389611
299.39318264,0.00547727
299.60203828,-0.00019310
299.81091075,0.00585893
300.01980006,0.01820834
300.22870619,0.00310553
300.43762914,0.00776722
300.64656892,0.00918482
300.85552550,0.00504109
301.06449890,0.00498656
301.27348911,-0.00477301
301.48249612,0.00711295
301.69151993,0.01240166
301.90056054,0.01300141
302.10961794,0.00198781
302.31869213,0.00498656
302.52778310,0.00455038
302.73689086,0.01501875
302.94601539,0.01390104
303.15515670,0.00411420
303.36431478,0.01240166
303.57348963,0.01207452
303.78268124,0.00411420
303.99188961,0.01092955
304.20111474,0.01234714
304.41035662,-0.00150165
304.61961524,0.00564084
304.82889062,0.01463709
305.03818273,-0.00019310
305.24749158,0.00940291
305.45681716,0.01008444
305.66615948,0.01305593
305.87551852,0.01073872
306.08489429,0.00253304
306.29428677,0.00482299
306.50369597,0.00615880
306.71312188,0.01071145
306.92256450,0.00602250
307.13202382,0.01218357
307.34149984,0.00542274
307.55099256,0.00869411
307.76050198,0.00765818
307.97002808,0.00509561
308.17957087,0.00907577
308.38913034,0.00215138
308.59870649,0.01343759
308.80829931,0.00485026
309.01790881,0.00896673
309.22753497,0.00133354
309.43717780,0.00754913
309.64683728,0.00179698
309.85651343,0.00833971
310.06620622,0.01376473
310.27591567,0.00204233
310.48564176,0.00602250
310.69538449,0.00286017
310.90514386,0.00449586
311.11491986,0.00193329
311.32471250,0.00825793
311.53452176,0.01245618
311.74434764,0.00673129
311.95419014,0.00662225
312.16404926,0.00689486
312.37392499,-0.00300102
312.58381733,-0.00226497
312.79372628,0.00460490
313.00365182,0.00329636
313.21359397,0.00700391
313.42355270,0.01793572
313.63352803,0.01414639
313.84351994,0.00062474
314.05352843,0.00874863
314.26355351,0.00907577
314.47359516,0.00918482
314.68365338,0.00318731
314.89372816,0.00615880
315.10381952,0.00790353
315.31392743,0.00842150
315.52405190,0.00525918
315.73419292,0.00367802
315.94435049,0.01016623
316.15452461,0.00558631
316.36471526,0.00790353
316.57492246,0.00722200
316.78514619,0.00842150
316.99538646,0.01463709
317.20564324,-0.00482754
317.41591656,0.00866685
317.62620639,0.00397789
317.83651274,0.00945743
318.04683560,0.00659498
318.25717497,-0.00324638
318.46753084,0.00193329
318.67790322,0.01022075
318.88829209,0.00092462
319.09869746,0.00640415
319.30911932,0.01512780
319.51955766,0.00378706
319.73001249,0.00266934
319.94048380,0.00286017
320.15097158,0.00362349
320.36147583,0.00084283
320.57199655,0.00354171
320.78253374,-0.00101094
320.99308739,0.01016623
321.20365749,-0.00144713
321.41424405,0.01749954
321.62484706,-0.00082011
321.83546651,0.00645868
322.04610240,0.01202000
322.25675474,0.00220590
322.46742351,0.00945743
322.67810870,0.00787627
322.88881033,0.00253304
323.09952838,0.00831245
323.31026285,0.00907577
323.52101374,0.00858507
323.73178104,0.00913029
323.94256475,0.00504109
324.15336487,0.00913029
324.36418138,0.00419598
324.57501430,0.00220590
324.78586360,0.00253304
324.99672930,0.00395063
325.20761139,0.00198781
325.41850986,0.00891220
325.62942471,0.01182917
325.84035593,0.00266934
326.05130353,0.00520465
326.26226749,0.00918482
326.47324782,0.00645868
326.68424451,0.00187876
326.89525756,0.00520465
327.10628696,0.00983909
327.31733271,0.00062474
327.52839481,0.01790846
327.73947325,0.00024308
327.95056803,0.00640415
328.16167915,0.01463709
328.37280659,-0.00068381
328.58395037,0.00722200
328.79511046,0.01959867
329.00628688,0.00714021
329.21747962,0.01207452
329.42868867,0.00869411
329.63991403,0.00746735
329.85115569,0.00782175
330.06241365,0.00885768
330.27368792,0.00891220
330.48497848,0.00921208
330.69628533,0.02142518
330.90760846,0.01043884
331.11894788,0.00847602
331.33030358,0.00842150
331.54167556,0.01556398
331.75306381,0.00596797
331.96446832,0.01381925
332.17588911,0.00798532
332.38732615,0.00558631
332.59877945,0.00441407
332.81024901,0.01000266
333.02173481,0.00558631
333.23323686,0.00106092
333.44475516,0.00820341
333.65628969,0.00624059
333.86784046,0.00722200
334.07940747,0.00307827
334.29099070,0.00831245
334.50259015,0.00168793
334.71420583,0.00842150
334.92583772,0.00744009
335.13748582,0.01125668
335.34915014,0.00405968
335.56083066,0.00504109
335.77252739,-0.00281019
335.98424031,0.00318731
336.19596943,0.00122449
336.40771473,0.01158382
336.61947623,0.00572262
336.83125391,0.00242399
337.04304777,0.00253304
337.25485781,0.00684034
337.46668402,0.01092955
337.67852640,0.00525918
337.89038494,0.00438681
338.10225965,0.01703610
338.31415051,0.01289237
338.52605753,0.00264208
338.73798070,0.00204233
338.94992001,0.00727652
339.16187547,0.00962100
339.37384707,0.00776722
339.58583481,0.01109311
339.79783867,0.01321950
340.00985867,0.00149710
340.22189479,0.00084283
340.43394703,0.00362349
340.64601539,0.00106092
340.85809986,0.01038432
341.07020044,0.00528644
341.28231713,0.00266934
341.49444992,0.01125668
341.70659882,-0.00161069
341.91876380,0.00929386
342.13094488,0.01207452
342.34314204,0.00515013
342.55535529,0.00449586
342.76758462,0.00266934
342.97983003,0.00506835
343.19209151,0.00833971
343.40436906,0.00310553
343.61666268,0.00656772
343.82897235,-0.00226497
344.04129809,0.00397789
344.25363988,0.00411420
344.46599772,0.00667677
344.67837161,0.00667677
344.89076154,0.01561850
345.10316751,0.00656772
345.31558952,0.00629511
345.52802756,0.00515013
345.74048163,0.00978457
345.95295173,0.00656772
346.16543784,0.00528644
346.37793998,0.00714021
346.59045813,0.00493204
346.80299228,0.00744009
347.01554245,0.00220590
347.22810862,0.01444626
347.44069079,0.00962100
347.65328895,0.01916248
347.86590310,0.00340540
348.07853325,0.00847602
348.29117938,0.01000266
348.50384148,0.00678581
348.71651957,0.00242399
348.92921363,0.00457764
349.14192366,0.01202000
349.35464966,0.00465943
349.56739161,0.01087502
349.78014953,0.00547727
349.99292340,0.00266934
350.20571322,0.00397789
350.41851899,0.00155163
350.63134071,0.00602250
350.84417836,0.01270154
351.05703196,0.00035213
351.26990148,0.00973004
351.48278693,0.01267427
351.69568831,0.00373254
351.90860561,-0.00242854
352.12153883,0.00746735
352.33448796,0.01095681
352.54745301,0.01008444
352.76043396,0.05187615
352.97343081,0.01376473
353.18644357,0.00476847
353.39947222,-0.00182878
353.61251676,0.00678581
353.82557719,0.00416872
354.03865351,0.00776722
354.25174570,0.01131120
354.46485378,0.00002499
354.67797773,0.00754913
354.89111754,0.00624059
355.10427323,0.01818107
355.31744478,0.01583660
355.53063218,0.00754913
355.74383545,0.00198781
355.95705456,0.00703117
356.17028952,-0.00150165
356.38354033,0.01741776
356.59680697,0.01924427
356.81008946,0.00100640
357.02338777,0.00970278
357.23670192,0.00689486
357.45003189,0.00345992
357.66337769,0.00351445
357.87673930,0.00667677
358.09011673,0.00645868
358.30350996,0.00247851
358.51691901,0.01616373
358.73034386,0.00324183
358.94378451,0.00433229
359.15724095,0.00542274
359.37071319,0.01583660
359.58420122,0.01052062
359.79770503,-0.00008406
360.01122463,0.00645868
360.22476000,0.00656772
360.43831115,-0.00212866
360.65187806,0.00994814
360.86546075,0.01567303
361.07905919,0.01207452
361.29267340,0.00204233
361.50630336,0.01910796
361.71994907,0.00659498
361.93361053,0.00264208
362.14728774,0.00825793
362.36098069,0.00160615
362.57468937,0.00296922
362.78841379,0.00236947
363.00215394,0.00771270
363.21590981,0.01512780
363.42968141,0.00564084
363.64346873,0.00771270
363.85727176,0.00689486
364.07109050,0.00902125
364.28492495,0.00242399
364.49877510,0.00863959
364.71264096,0.01005718
364.92652251,0.00877590
365.14041975,0.01049336
365.35433268,0.01022075
365.56826130,0.01488245
365.78220560,0.02466929
365.99616558,0.00771270
366.21014124,0.00324183
366.42413256,-0.00106547
366.63813955,0.00286017
366.85216221,0.00858507
367.06620052,0.00179698
367.28025449,0.00351445
367.49432411,0.00700391
367.70840938,0.00057022
367.92251030,0.00645868
368.13662686,0.00471395
368.35075905,0.00760366
368.56490688,0.01223809
368.77907034,0.01749954
368.99324943,0.00485026
369.20744414,0.00155163
369.42165446,0.00962100
369.63588041,0.00809436
369.85012196,0.00362349
370.06437912,0.00591345
370.27865189,0.00525918
370.49294026,0.01182917
370.70724422,0.00092462
370.92156378,0.01022075
371.13589893,0.00084283
371.35024966,0.00831245
371.56461598,0.00433229
371.77899788,0.00236947
371.99339534,0.01270154
372.20780838,0.00362349
372.42223699,-0.00117451
372.63668116,0.00482299
372.85114090,0.00345992
373.06561618,0.01226535
373.28010703,0.00329636
373.49461342,0.00471395
373.70913535,0.00700391
373.92367283,0.00727652
374.13822584,0.00716747
374.35279439,0.01226535
374.56737847,0.00855780
374.78197808,0.00160615
374.99659321,0.00067926
375.21122386,0.00634963
375.42587002,0.00509561
375.64053170,0.00842150
375.85520888,0.01283784
376.06990157,0.00640415
376.28460976,0.00921208
376.49933345,0.00471395
376.71407263,0.00580440
376.92882731,0.00754913
377.14359746,0.00863959
377.35838311,0.00776722
377.57318422,0.01163834
377.78800082,0.00656772
378.00283289,0.01409187
378.21768042,0.00247851
378.43254342,0.01152930
378.64742188,0.00335088
378.86231579,0.00896673
379.07722516,0.00656772
379.29214998,0.00133354
379.50709024,0.01365568
379.72204595,0.01226535
379.93701709,0.00896673
380.15200367,0.00485026
380.36700568,0.00809436
380.58202311,0.00471395
380.79705597,0.00973004
381.01210425,0.00258756
381.22716795,0.01332855
381.44224706,0.00378706
381.65734157,0.01485519
381.87245150,0.00831245
382.08757682,0.00831245
382.30271754,0.01769037
382.51787365,0.00613154
382.73304516,0.00307827
382.94823205,0.00266934
383.16343433,0.00962100
383.37865198,0.01501875
383.59388501,0.00910303
383.80913341,0.00820341
384.02439718,-0.00177426
384.23967631,0.00449586
384.45497081,0.01182917
384.67028066,0.00964826
384.88560586,0.00825793
385.10094642,0.00591345
385.31630232,0.00286017
385.53167356,0.00362349
385.74706014,0.01376473
385.96246206,0.01545494
386.17787931,0.00994814
386.39331188,0.00520465
386.60875978,0.00471395
386.82422300,0.01234714
387.03970154,0.00580440
387.25519539,0.00853054
387.47070454,0.00651320
387.68622901,0.01076598
387.90176877,0.00798532
388.11732383,0.00667677
388.33289419,0.01643635
388.54847984,0.00913029
388.76408077,0.01158382
388.97969699,0.00703117
389.19532849,0.01005718
389.41097526,0.01420091
389.62663730,0.00463216
389.84231462,0.00847602
390.05800720,0.01196548
390.27371504,0.01256523
390.48943813,0.00634963
390.70517648,0.00525918
390.92093008,0.01251071
391.13669893,0.00351445
391.35248302,0.00659498
391.56828235,0.00934838
391.78409691,0.00656772
391.99992671,0.00973004
392.21577173,0.00847602
392.43163198,0.01605469
392.64750745,0.01616373
392.86339813,0.01114764
393.07930403,0.00760366
393.29522514,0.01523684
393.51116145,0.01270154
393.72711297,0.01095681
393.94307968,0.00585893
394.15906159,-0.00041119
394.37505869,0.01807203
394.59107097,0.01182917
394.80709844,0.00460490
395.02314109,0.00351445
395.23919892,0.01278332
395.45527192,0.01163834
395.67136009,0.00651320
395.88746342,0.00645868
396.10358191,0.01038432
396.31971556,0.00659498
396.53586437,0.00536822
396.75202832,0.01212905
396.96820743,0.01136573
397.18440167,0.01638182
397.40061106,0.00896673
397.61683558,0.01092955
397.83307523,0.01043884
398.04933001,0.01049336
398.26559992,0.00384158
398.48188494,0.01261975
398.69818509,0.01327402
398.91450034,0.01005718
399.13083071,0.00624059
399.34717618,0.01381925
399.56353676,0.00945743
399.77991243,0.00711295
399.99630320,0.00223316
400.21270906,0.01741776
400.42913001,0.00754913
400.64556604,0.01103859
400.86201715,0.00874863
401.07848334,0.01240166
401.29496460,0.01529137
401.51146093,0.00918482
401.72797232,0.01027527
401.94449878,0.00247851
402.16104030,0.00787627
402.37759687,0.01338307
402.59416849,0.00553179
402.81075515,0.02019842
403.02735686,0.01747228
403.24397361,0.01000266
403.46060540,0.01512780
403.67725222,0.01572755
403.89391407,0.02063460
404.11059094,0.01332855
404.32728283,0.00485026
404.54398974,0.01125668
404.76071167,0.01212905
404.97744860,0.00613154
405.19420054,0.00983909
405.41096749,0.01376473
405.62774943,0.01109311
405.84454637,0.02232481
406.06135830,0.01659991
406.27818521,0.01313772
406.49502712,0.01485519
406.71188400,0.00820341
406.92875586,0.01158382
407.14564269,0.02030746
407.36254449,0.00973004
407.57946126,0.01109311
407.79639299,0.02194315
408.01333968,0.01256523
408.23030132,0.01605469
408.44727792,0.01638182
408.66426946,0.01234714
408.88127594,0.01998033
409.09829737,0.01861726
409.31533373,0.01251071
409.53238502,0.02052555
409.74945125,0.01354664
409.96653239,0.00962100
410.18362846,0.01289237
410.40073945,0.00476847
410.61786535,0.01008444
410.83500616,0.00964826
411.05216188,0.01968045
411.26933250,0.00670403
411.48651803,0.00973004
411.70371844,0.01147477
411.92093375,0.00833971
412.13816395,0.01659991
412.35540903,0.01589112
412.57266899,0.01278332
412.78994383,0.01202000
413.00723355,0.01899892
413.22453813,0.01223809
413.44185758,0.00956648
413.65919189,0.00629511
413.87654106,0.01867178
414.09390509,0.01583660
414.31128396,0.01139299
414.52867769,0.01649087
414.74608626,0.01703610
414.96350966,0.01662718
415.18094791,0.01087502
415.39840099,0.01032979
415.61586890,0.01801751
415.83335163,0.01221083
416.05084918,0.01550946
416.26836156,0.01747228
416.48588875,0.01861726
416.70343074,0.01938058
416.92098755,0.01071145
417.13855916,0.02229754
417.35614557,0.00956648
417.57374677,0.02041651
417.79136277,0.01409187
418.00899355,0.00983909
418.22663913,0.01136573
418.44429948,0.00667677
418.66197461,0.01531863
418.87966451,0.01311046
419.09736918,0.01212905
419.31508862,0.01531863
419.53282283,0.02030746
419.75057179,0.00902125
419.96833550,0.01060241
420.18611397,0.01008444
420.40390719,0.02052555
420.62171515,0.01182917
420.83953785,0.01676348
421.05737529,0.01256523
421.27522746,0.03058501
421.49309437,0.01335581
421.71097599,0.01976224
421.92887234,0.00964826
422.14678341,0.02183410
422.36470920,0.01480066
422.58264969,0.00929386
422.80060489,0.01147477
423.01857480,0.01420091
423.23655940,0.01619099
423.45455870,0.01550946
423.67257270,0.00700391
423.89060138,0.00782175
424.10864475,0.00689486
424.32670280,0.00951195
424.54477553,0.01202000
424.76286293,0.01387378
424.98096500,0.01441900
425.19908174,0.01270154
425.41721315,0.00863959
425.63535921,0.00943017
425.85351993,0.01725419
426.07169530,0.00962100
426.28988531,0.01600016
426.50808998,0.02041651
426.72630928,0.01398282
426.94454322,0.00809436
427.16279180,0.00711295
427.38105500,0.01371021
427.59933283,0.02785887
427.81762529,0.00667677
428.03593236,0.01725419
428.25425405,0.02096174
428.47259035,0.01921701
428.69094125,0.01278332
428.90930676,0.01332855
429.12768688,0.01245618
429.34608158,0.00951195
429.56449089,0.01692705
429.78291478,0.02167053
430.00135325,0.01289237
430.21980631,0.01289237
430.43827395,0.02428763
430.65675616,0.00746735
430.87525294,0.01136573
431.09376429,0.01676348
431.31229020,0.01501875
431.53083067,0.01240166
431.74938570,0.01245618
431.96795528,0.01283784
432.18653941,0.01128394
432.40513808,0.01968045
432.62375130,0.03562836
432.84237905,0.00798532
433.06102134,0.01065693
433.27967815,0.01529137
433.49834950,0.02085269
433.71703536,0.01888987
433.93573575,0.01583660
434.15445065,0.02428763
434.37318007,0.02052555
434.59192399,0.01430996
434.81068241,0.01561850
435.02945534,0.01594564
435.24824276,0.01850821
435.46704468,0.00572262
435.68586109,0.01703610
435.90469198,0.01327402
436.12353735,0.01850821
436.34239721,0.01981676
436.56127153,0.02008937
436.78016033,0.01332855
436.99906360,0.02098900
437.21798133,0.01501875
437.43691352,0.01954414
437.65586017,0.02701376
437.87482127,0.02096174
438.09379682,0.01283784
438.31278681,0.00973004
438.53179125,0.01338307
438.75081012,0.01719966
438.96984343,0.01136573
439.18889117,0.01965319
439.40795333,0.01572755
439.62702992,0.02117983
439.84612093,0.01512780
440.06522636,0.01458257
440.28434619,0.02221576
440.50348044,0.01441900
440.72262909,0.01998033
440.94179214,0.02047103
441.16096958,0.02548713
441.38016143,0.02914015
441.59936766,0.02665937
441.81858828,0.02575974
442.03782328,0.02368788
442.25707266,0.01779942
442.47633641,0.01758132
442.69561454,0.01662718
442.91490703,0.02047103
443.13421389,0.02254290
443.35353511,0.03050322
443.57287068,0.03451065
443.79222061,0.02559617
444.01158489,0.02728638
444.23096351,0.03317484
444.45035648,0.02117983
444.66976378,0.02183410
444.88918542,0.02622318
445.10862139,0.02709555
445.32807169,0.02875849
445.54753631,0.03099393
445.76701525,0.03339293
445.98650851,0.03058501
446.20601607,0.02423310
446.42553795,0.02785887
446.64507413,0.03252057
446.86462462,0.03470148
447.08418940,0.02892206
447.30376848,0.02336074
447.52336184,0.03230247
447.74296949,0.02472381
447.96259143,0.03033965
448.18222765,0.03066679
448.40187814,0.02690472
448.62154290,0.02979443
448.84122193,0.02884028
449.06091522,0.02963086
449.28062278,0.03530123
449.50034459,0.03072131
449.72008066,0.03012156
449.93983098,0.03775475
450.15959554,0.02990347
450.37937434,0.02870397
450.59916739,0.03153916
450.81897466,0.03292949
451.03879617,0.07766543
451.25863191,0.03036692
451.47848187,0.03186629
451.69834605,0.02736816
451.91822445,0.03437434
452.13811706,0.02957634
452.35802388,0.03712774
452.57794490,0.02619592
452.79788013,0.03459243
453.01782956,0.02521451
453.23779317,0.03843629
453.45777098,0.03339293
453.67776298,0.03077584
453.89776916,0.03568289
454.11778952,0.03344745
454.33782406,0.02622318
454.55787276,0.03917234
454.77793564,0.03301127
454.99801268,0.03734583
455.21810388,0.02619592
455.43820924,0.03770023
455.65832876,0.04222562
455.87846242,0.04541520
456.09861023,0.03682786
456.31877218,0.03829998
456.53894827,0.03001252
456.75913850,0.03470148
456.97934286,0.03143011
457.19956135,0.03099393
457.41979396,0.03328388
457.64004069,0.03873616
457.86030154,0.03464695
458.08057650,0.03312032
458.30086557,0.03189355
458.52116874,0.04228014
458.74148602,0.04015375
458.96181740,0.03873616
459.18216287,0.04277085
459.40252243,0.04337060
459.62289608,0.03737309
459.84328382,0.03955400
460.06368563,0.04593317
460.28410152,0.04397035
460.50453148,0.04658744
460.72497551,0.04178944
460.94543361,0.03911782
461.16590577,0.04484271
461.38639198,0.04124421
461.60689225,0.03530123
461.82740657,0.04767790
462.04793494,0.04745981
462.26847735,0.03840903
462.48903380,0.03666430
462.70960428,0.04497902
462.93018880,0.03988114
463.15078734,0.04890466
463.37139991,0.05064939
463.59202650,0.04955893
463.81266711,0.04811408
464.03332173,0.05411159
464.25399036,0.05307565
464.47467300,0.06038170
464.69536964,0.05318470
464.91608028,0.04402487
465.13680491,0.05203972
465.35754354,0.04915001
465.57829615,0.04991333
465.79906274,0.05203972
466.01984332,0.05108557
466.24063787,0.06370759
466.46144640,0.06866917
466.68226889,0.05803723
466.90310535,0.04803230
467.12395578,0.05239412
467.34482016,0.05051308
467.56569849,0.04969524
467.78659078,0.04680553
468.00749701,0.05143997
468.22841719,0.04969524
468.44935130,0.04969524
468.67029935,0.04541520
468.89126134,0.04440653
469.11223725,0.05116736
469.33322709,0.04756885
469.55423085,0.05220329
469.77524852,0.04934084
469.99628011,0.04996785
470.21732561,0.04953167
470.43838502,0.05195794
470.65945833,0.04991333
470.88054554,0.04865931
471.10164664,0.04871383
471.32276164,0.04626031
471.54389052,0.04773242
471.76503329,0.04964072
471.98618994,0.04795051
472.20736046,0.05449324
472.42854486,0.04260728
472.64974313,0.05307565
472.87095527,0.04729624
473.09218126,0.04942263
473.31342112,0.04168039
473.53467483,0.04724172
473.75594239,0.04113516
473.97722379,0.05313018
474.19851905,0.04702362
474.41982814,0.04069898
474.64115107,0.04053541
474.86248783,0.05152175
475.08383842,0.04440653
475.30520283,0.04249823
475.52658107,0.05084022
475.74797312,0.04418844
475.96937899,0.04323429
476.19079867,0.04192574
476.41223216,0.03800010
476.63367944,0.03906330
476.85514053,0.04031732
477.07661542,0.03723679
477.29810409,0.04009923
477.51960656,0.04293442
477.74112281,0.04386130
477.96265284,0.04018102
478.18419664,0.04402487
478.40575422,0.04811408
478.62732557,0.05239412
478.84891069,0.05236686
479.07050957,0.05236686
479.29212221,0.04484271
479.51374860,0.04855026
479.73538875,0.04876835
479.95704264,0.05367540
480.17871027,0.04454284
480.40039165,0.04915001
480.62208676,0.04792325
480.84379561,0.05062213
481.06551819,0.04118969
481.28725449,0.04658744
481.50900451,0.04915001
481.73076825,0.04740528
481.95254571,0.05607441
482.17433688,0.04178944
482.39614175,0.05787366
482.61796033,0.05642880
482.83979260,0.04424296
483.06163858,0.04178944
483.28349824,0.04192574
483.50537160,0.04664196
483.72725864,0.04664196
483.94915936,0.04353417
484.17107375,0.04795051
484.39300183,0.04148956
484.61494357,0.04593317
484.83689898,0.04574234
485.05886805,0.05007690
485.28085078,0.04691458
485.50284716,0.05051308
485.72485720,0.04353417
485.94688089,0.04497902
486.16891822,0.04364321
486.39096919,0.04664196
486.61303380,0.04489724
486.83511204,0.04585138
487.05720391,0.04664196
487.27930941,0.04222562
487.50142853,0.03770023
487.72356126,0.03955400
487.94570762,0.04037185
488.16786758,0.04353417
488.39004115,0.04309798
488.61222833,0.04053541
488.83442910,0.04915001
489.05664347,0.05105831
489.27887144,0.04105338
489.50111299,0.03720952
489.72336813,0.04541520
489.94563685,0.05601988
490.16791915,0.04129873
490.39021502,0.05253042
490.61252446,0.04173491
490.83484747,0.05370266
491.05718404,0.04615126
491.27953418,0.05351183
491.50189786,0.04846848
491.72427510,0.05263947
491.94666589,0.05073117
492.16907023,0.05351183
492.39148810,0.05585631
492.61391951,0.05552918
492.83636446,0.05318470
493.05882293,0.05514752
493.28129494,0.05525656
493.50378046,0.05629250
493.72627950,0.05574727
493.94879206,0.04827765
494.17131813,0.06163573
494.39385771,0.05383897
494.61641079,0.05108557
494.83897737,0.05850067
495.06155745,0.05143997
495.28415102,0.05304839
495.50675808,0.04996785
495.72937863,0.05296661
495.95201266,0.05007690
496.17466017,0.04890466
496.39732115,0.04451558
496.61999560,0.04964072
496.84268352,0.05105831
497.06538491,0.05323922
497.28809975,0.05487490
497.51082805,0.05127640
497.73356980,0.05389349
497.95632500,0.04642387
498.17909365,0.05792818
498.40187573,0.04707815
498.62467126,0.04942263
498.84748022,0.05089474
499.07030261,0.04277085
499.29313842,0.04206205
499.51598766,0.04339786
499.73885032,0.03911782
499.96172639,0.04484271
500.18461588,0.04168039
500.40751877,0.04977702
500.63043507,0.05405706
500.85336476,0.04628757
501.07630786,0.04615126
501.29926435,0.05514752
501.52223423,0.04609674
501.74521749,0.05291208
501.96821414,0.04342512
502.19122417,0.05225781
502.41424757,0.04890466
502.63728434,0.04931358
502.86033448,0.04495176
503.08339798,0.05149449
503.30647484,0.04228014
503.52956506,0.04642387
503.75266864,0.04876835
503.97578556,0.05601988
504.19891582,0.04827765
504.42205943,0.05326648
504.64521638,0.04636935
504.86838666,0.05689225
505.09157027,0.04795051
505.31476721,0.05601988
505.53797747,0.05959112
505.76120105,0.05738295
505.98443795,0.05877328
506.20768816,0.04969524
506.43095168,0.06392569
506.65422850,0.05465681
506.87751863,0.05907316
507.10082205,0.05640154
507.32413876,0.06103598
507.54746877,0.07428501
507.77081206,0.05961839
507.99416863,0.06158121
508.21753849,0.05552918
508.44092162,0.07095912
508.66431802,0.06809668
508.88772768,0.06490710
509.11115062,0.05694677
509.33458681,0.06351676
509.55803626,0.07243124
509.78149896,0.06163573
510.00497491,0.06043623
510.22846411,0.06697896
510.45196655,0.06305332
510.67548223,0.06648826
510.89901114,0.06286249
511.12255328,0.07155887
511.34610865,0.05980922
511.56967725,0.05787366
511.79325906,0.06354403
512.01685409,0.06539780
512.24046234,0.06049075
512.46408379,0.05950934
512.68771845,0.05961839
512.91136631,0.05874602
513.13502736,0.05176711
513.35870161,0.05367540
513.58238905,0.06806942
513.80608968,0.06327141
514.02980349,0.05994552
514.25353048,0.05989100
514.47727065,0.06049075
514.70102398,0.05907316
514.92479049,0.05291208
515.14857016,0.05086748
515.37236299,0.05326648
515.59616898,0.03999019
515.81998812,0.04833217
516.04382041,0.04451558
516.26766585,0.04495176
516.49152443,0.05236686
516.71539615,0.04931358
516.93928100,0.04432475
517.16317899,0.05018595
517.38709010,0.05612893
517.61101433,0.05413885
517.83495169,0.04560603
518.05890216,0.04969524
518.28286575,0.04863205
518.50684245,0.05138545
518.73083225,0.05340279
518.95483515,0.05285756
519.17885115,0.05640154
519.40288024,0.05781913
519.62692243,0.05231233
519.85097770,0.05062213
520.07504606,0.05675594
520.29912749,0.05727391
520.52322201,0.06387116
520.74732959,0.06286249
520.97145024,0.06809668
521.19558396,0.06632469
521.41973074,0.06932344
521.64389057,0.06752419
521.86806346,0.06635195
522.09224940,0.07373979
522.31644839,0.06572494
522.54066042,0.07483024
522.76488549,0.07417597
522.98912359,0.07941015
523.21337473,0.07461215
523.43763889,0.07668402
523.66191608,0.07608426
523.88620629,0.08399007
524.11050951,0.08104584
524.33482575,0.07635688
524.55915500,0.07243124
524.78349725,0.07744733
525.00785250,0.08028252
525.23222076,0.08074596
525.45660201,0.08349936
525.68099625,0.08518957
525.90540347,0.08279057
526.12982368,0.08502600
526.35425688,0.08813380
526.57870304,0.08292687
526.80316218,0.08856998
527.02763429,0.09484010
527.25211936,0.09663935
527.47661740,0.09729363
527.70112839,0.09642126
527.92565234,0.10220068
528.15018924,0.10495408
528.37473908,0.09696649
528.59930187,0.10100117
528.82387760,0.10743486
529.04846626,0.11626755
529.27306785,0.11294166
529.49768238,0.11823037
529.72230982,0.11806680
529.94695019,0.11315975
530.17160348,0.10748939
530.39626968,0.12804447
530.62094879,0.11713992
530.84564080,0.12248315
531.07034572,0.11986606
531.29506354,0.12379170
531.51979425,0.12542738
531.74453785,0.12188340
531.96929434,0.12433692
532.19406372,0.14456487
532.41884597,0.13137036
532.64364110,0.13047074
532.86844911,0.13464173
533.09326998,0.12417336
533.31810372,0.13415102
533.54295032,0.12346456
533.76780978,0.12182888
533.99268209,0.12602713
534.21756726,0.12771734
534.44246527,0.12624522
534.66737613,0.12349182
534.89229982,0.11245096
535.11723635,0.12035676
535.34218572,0.10977934
535.56714791,0.10953399
535.79212292,0.12231958
536.01711076,0.10819818
536.24211142,0.12087473
536.46712489,0.11981153
536.69215117,0.11059718
536.91719025,0.10688963
537.14224214,0.11239644
537.36730683,0.10626262
537.59238431,0.10612632
537.81747459,0.10628988
538.04257765,0.10285495
538.26769350,0.10255507
538.49282213,0.10623536
538.71796353,0.10105570
538.94311771,0.10743486
539.16828466,0.09538533
539.39346438,0.10100117
539.61865685,0.09751172
539.84386209,0.10541752
540.06908008,0.09936549
540.29431082,0.10917959
540.51955431,0.10667154
540.74481054,0.10618084
540.97007951,0.11157859
541.19536122,0.10879793
541.42065566,0.11812133
541.64596283,0.11076075
541.87128272,0.11171490
542.09661534,0.11692183
542.32196068,0.11888465
542.54731873,0.12733568
542.77268948,0.12270124
542.99807295,0.11782145
543.22346912,0.12095651
543.44887799,0.12144722
543.67429955,0.12924397
543.89973381,0.13687716
544.12518076,0.14224766
544.35064039,0.15225259
544.57611270,0.14799981
544.80159769,0.15530586
545.02709535,0.16070362
545.25260568,0.16272096
545.47812868,0.16392046
545.70366434,0.17340742
545.92921266,0.17640618
546.15477363,0.16749170
546.38034726,0.17275315
546.60593353,0.18071348
546.83153245,0.17624261
547.05714401,0.17155365
547.28276820,0.18338509
547.50840503,0.17842352
547.73405449,0.17875066
547.95971657,0.17656974
548.18539128,0.17757842
548.41107860,0.18030456
548.63677854,0.17757842
548.86249109,0.17722402
549.08821624,0.18818310
549.31395400,0.18823762
549.53970436,0.18114966
549.76546732,0.18147679
549.99124286,0.18780144
550.21703100,0.20025989
550.44283172,0.18769239
550.66864502,0.19401703
550.89447090,0.19009139
551.12030936,0.20284972
551.34616038,0.19139994
551.57202397,0.19745197
551.79790013,0.19772458
552.02378884,0.20224997
552.24969011,0.19205421
552.47560393,0.19309015
552.70153030,0.19101828
552.92746921,0.19407156
553.15342067,0.18365771
553.37938466,0.19009139
553.60536118,0.19903313
553.83135024,0.19205421
554.05735182,0.18932807
554.28336592,0.18780144
554.50939254,0.19415334
554.73543167,0.19276301
554.96148332,0.19161803
555.18754748,0.19521653
555.41362413,0.20437636
555.63971329,0.20331317
555.86581495,0.21135528
556.09192909,0.22367743
556.31805573,0.23251012
556.54419485,0.24210612
556.77034646,0.24494131
556.99651054,0.23965260
557.22268709,0.25410114
557.44887612,0.25819034
557.67507761,0.26189789
557.90129157,0.27004905
558.12751799,0.26696851
558.35375686,0.29695604
558.58000818,0.29403907
558.80627196,0.30731537
559.03254817,0.31816540
559.25883683,0.31522117
559.48513793,0.32563502
559.71145146,0.33735742
559.93777742,0.33135991
560.16411580,0.34564488
560.39046661,0.35423222
560.61682984,0.35202404
560.84320548,0.35093359
561.06959353,0.36401906
561.29599400,0.36183814
561.52240686,0.35840321
561.74883213,0.36440072
561.97526979,0.35554076
562.20171985,0.35524089
562.42818230,0.36745399
562.65465713,0.35671300
562.88114434,0.36557295
563.10764393,0.36838088
563.33415590,0.37181581
563.56068024,0.38277489
563.78721694,0.36756304
564.01376601,0.37797689
564.24032744,0.37285175
564.46690122,0.36336478
564.69348736,0.36688150
564.92008585,0.36554569
565.14669668,0.37317888
565.37331985,0.38975381
565.59995536,0.37595954
565.82660320,0.38670053
566.05326338,0.40286654
566.27993588,0.40561994
566.50662070,0.39111688
566.73331785,0.39858650
566.96002731,0.39610571
567.18674908,0.39427920
567.41348316,0.38708219
567.64022954,0.39760509
567.86698822,0.39785044
568.09375920,0.38544651
568.32054248,0.38201157
568.54733804,0.37683191
568.77414589,0.36979847
569.00096603,0.38899049
569.22779844,0.38375630
569.45464313,0.38473771
569.68150008,0.37448743
569.90836931,0.36625449
570.13525080,0.37451469
570.36214455,0.36382823
570.58905055,0.36118387
570.81596881,0.35943914
571.04289932,0.35597695
571.26984207,0.34957052
571.49679707,0.33623970
571.72376430,0.34477252
571.95074377,0.34046522
572.17773547,0.34210090
572.40473940,0.33482211
572.63175554,0.32977875
572.85878391,0.32699809
573.08582450,0.32181843
573.31287729,0.29837363
573.53994230,0.30360782
573.76701951,0.29662890
573.99410892,0.29990027
574.22121053,0.29166733
574.44832433,0.29521131
574.67545032,0.30039097
574.90258850,0.31783826
575.12973886,0.31647519
575.35690140,0.31835623
575.58407612,0.32127320
575.81126301,0.31745660
576.03846206,0.32195473
576.26567328,0.32181843
576.49289666,0.30698823
576.72013220,0.31914681
576.94737989,0.32050988
577.17463973,0.31846527
577.40191171,0.31276764
577.62919584,0.30764250
577.85649211,0.31287669
578.08380051,0.30137238
578.31112104,0.30333520
578.53845370,0.30349877
578.76579848,0.28376153
578.99315538,0.28572435
579.22052440,0.28168966
579.44790553,0.27972684
579.67529877,0.26794992
579.90270412,0.27683713
580.13012157,0.27454718
580.35755111,0.26446046
580.58499275,0.27601929
580.81244648,0.28051742
581.03991229,0.28008124
581.26739019,0.28103539
581.49488017,0.27416552
581.72238223,0.28016302
581.94989635,0.27863639
582.17742255,0.28095360
582.40496080,0.27999945
582.63251112,0.28427949
582.86007350,0.27825473
583.08764793,0.29123115
583.31523441,0.28749634
583.54283294,0.28103539
583.77044351,0.28575161
583.99806611,0.27863639
584.22570076,0.27888174
584.45334743,0.27983589
584.68100613,0.27569216
584.90867686,0.27307506
585.13635960,0.26113457
585.36405437,0.26247038
585.59176114,0.25759059
585.81947993,0.25453732
586.04721072,0.25797225
586.27495351,0.24744936
586.50270830,0.23927094
586.73047508,0.23065634
586.95825386,0.22904792
587.18604462,0.23207393
587.41384737,0.21827967
587.64166209,0.20999221
587.86948879,0.20808391
588.09732747,0.21446308
588.32517811,0.21571710
588.55304072,0.19982371
588.78091529,0.20999221
589.00880181,0.20721155
589.23670029,0.21010125
589.46461072,0.19938753
589.69253310,0.19589807
589.92046742,0.19807898
590.14841368,0.20208640
590.37637187,0.21157337
590.60434200,0.19908765
590.83232405,0.21538996
591.06031803,0.21091910
591.28832393,0.21364523
591.51634174,0.22588560
591.74437147,0.22337755
591.97241311,0.23234655
592.20046665,0.23927094
592.42853210,0.24649521
592.65660944,0.24952122
592.88469868,0.24911230
593.11279981,0.25764512
593.34091283,0.27013083
593.56903773,0.26696851
593.79717452,0.27222996
594.02532317,0.26217051
594.25348370,0.25835391
594.48165610,0.26500569
594.70984037,0.26642328
594.93803650,0.27394743
595.16624448,0.27307506
595.39446432,0.26538735
595.62269601,0.26380619
595.85093954,0.27004905
596.07919492,0.26326096
596.30746214,0.26664137
596.53574120,0.27372934
596.76403208,0.26435142
596.99233480,0.27422004
597.22064934,0.27484705
597.44897570,0.26088922
597.67731387,0.27247531
597.90566386,0.24998467
598.13402567,0.24780375
598.36239927,0.25521885
598.59078468,0.26478760
598.81918189,0.26762278
599.04759090,0.25696358
599.27601169,0.24908504
599.50444427,0.25260176
599.73288864,0.23948903
599.96134479,0.24428704
600.18981271,0.25502802
600.41829241,0.25303794
600.64678387,0.23523625
600.87528711,0.25257450
601.10380210,0.24417799
601.33232885,0.24804911
601.56086736,0.24864886
601.78941762,0.24507762
602.01797962,0.24499583
602.24655337,0.23251012
602.47513886,0.23965260
602.70373608,0.23959808
602.93234504,0.22236888
603.16096572,0.22743950
603.38959813,0.22051510
603.61824226,0.21615328
603.84689811,0.21517187
604.07556567,0.21353619
604.30424495,0.21855228
604.53293593,0.21784349
604.76163861,0.22294137
604.99035299,0.22051510
605.21907907,0.22176913
605.44781683,0.21544449
605.67656629,0.22198722
605.90532743,0.22678522
606.13410025,0.22095129
606.36288475,0.22032427
606.59168093,0.23272821
606.82048877,0.23024742
607.04930828,0.22585834
607.27813945,0.24161542
607.50698227,0.23905285
607.73583676,0.23665385
607.96470289,0.23384592
608.19358067,0.23981617
608.42247010,0.24047044
608.65137117,0.23621766
608.88028387,0.24082484
609.10920820,0.25104786
609.33814417,0.25148404
609.56709176,0.24483226
609.79605097,0.24998467
610.02502180,0.25914449
610.25400424,0.24728579
610.48299830,0.25748155
610.71200396,0.25333782
610.94102122,0.24526845
611.17005008,0.25977150
611.39909054,0.23458198
611.62814260,0.23529078
611.85720624,0.23101074
612.08628146,0.22029701
612.31536827,0.22111485
612.54446665,0.21724374
612.77357661,0.21015578
613.00269813,0.21920656
613.23183122,0.21413594
613.46097588,0.21811610
613.69013210,0.21571710
613.91929986,0.21825241
614.14847919,0.21320905
614.37767005,0.21029208
614.60687247,0.21577162
614.83608642,0.20715702
615.06531191,0.20884723
615.29454894,0.21877038
615.52379749,0.21465391
615.75305757,0.22106033
615.98232917,0.21375428
616.21161229,0.21378154
616.44090692,0.22264149
616.67021306,0.22842091
616.89953072,0.24183351
617.12885987,0.24123376
617.35820053,0.23796239
617.58755268,0.24657699
617.81691632,0.25298342
618.04629145,0.25729072
618.27567807,0.27601929
618.50507617,0.26377893
618.73448574,0.27901804
618.96390679,0.28785073
619.19333932,0.28845049
619.42278330,0.27869091
619.65223875,0.27907257
619.88170566,0.27765498
620.11118403,0.26936751
620.34067384,0.28027207
620.57017511,0.29962765
620.79968782,0.29777388
621.02921197,0.31429428
621.25874756,0.30916914
621.48829458,0.33523103
621.71785303,0.33493115
621.94742290,0.33831157
622.17700420,0.33844787
622.40659692,0.35763989
622.63620105,0.35011575
622.86581660,0.36189267
623.09544355,0.35704014
623.32508190,0.37077988
623.55473166,0.38899049
623.78439281,0.37443291
624.01406536,0.37628668
624.24374929,0.37612311
624.47344461,0.35900296
624.70315131,0.35785798
624.93286939,0.34210090
625.16259884,0.33765729
625.39233967,0.33403153
625.62209186,0.33141443
625.85185541,0.32151855
626.08163032,0.31620258
626.31141659,0.31440333
626.54121422,0.31254955
626.77102319,0.30840582
627.00084350,0.29185816
627.23067516,0.29510226
627.46051815,0.28288916
627.69037248,0.27242079
627.92023814,0.26506021
628.15011512,0.25824487
628.38000343,0.24693139
628.60990305,0.24406894
628.83981399,0.24818541
629.06973624,0.24107019
629.29966980,0.23122883
629.52961467,0.23201941
629.75957083,0.22643083
629.98953830,0.22051510
630.21951705,0.22771211
630.44950710,0.22264149
630.67950843,0.22002440
630.90952104,0.22577655
631.13954493,0.21996988
631.36958009,0.21844324
631.59962653,0.21097362
631.82968423,0.21571710
632.05975320,0.21552627
632.28983343,0.20835652
632.51992491,0.20786582
632.75002765,0.21449034
632.98014163,0.21102814
633.21026686,0.21814336
633.44040333,0.21348167
633.67055104,0.21146432
633.90070999,0.19949657
634.13088016,0.19415334
634.36106156,0.19619794
634.59125418,0.19325371
634.82145802,0.18791048
635.05167308,0.18752882
635.28189935,0.19123637
635.51213683,0.19110007
635.74238551,0.18791048
635.97264540,0.19205421
636.20291648,0.18992783
636.43319875,0.18191298
636.66349222,0.18194024
636.89379687,0.18343961
637.12411270,0.17918684
637.35443971,0.18063169
637.58477790,0.18867380
637.81512726,0.20710250
638.04548778,0.20808391
638.27585947,0.21429951
638.50624232,0.21901573
638.73663633,0.23398223
638.96704149,0.23000207
639.19745779,0.23253738
639.42788525,0.22803296
639.65832384,0.23404546
639.88877358,0.24302264
640.11923445,0.23990266
640.34970644,0.24253884
640.58018957,0.25090319
640.81068382,0.24419754
641.04118919,0.25464551
641.27170567,0.26275406
641.50223327,0.26955242
641.73277198,0.28270570
641.96332179,0.28794390
642.19388270,0.29211860
642.42445471,0.29090291
642.65503781,0.29957458
642.88563200,0.31308330
643.11623728,0.32027711
643.34685365,0.34366250
643.57748109,0.35697826
643.80811960,0.36953936
644.03876919,0.38571258
644.26942985,0.41043272
644.50010157,0.42506667
644.73078435,0.42133843
644.96147819,0.42466515
645.19218308,0.41910948
645.42289902,0.43407539
645.65362601,0.44672644
645.88436404,0.43891847
646.11511310,0.44954192
646.34587321,0.45488974
646.57664434,0.43987002
646.80742650,0.43687670
647.03821969,0.42698786
647.26902389,0.43906723
647.49983911,0.44467739
647.73066534,0.43781502
647.96150259,0.43092215
648.19235083,0.43692477
648.42321008,0.42620654
648.65408033,0.43208104
648.88496157,0.43102675
649.11585380,0.42269953
649.34675702,0.43037444
649.57767122,0.44227246
649.80859640,0.43805282
650.03953256,0.43335181
650.27047969,0.42429416
650.50143778,0.41707843
650.73240684,0.41983650
650.96338687,0.40720906
651.19437785,0.40389460
651.42537978,0.39924808
651.65639266,0.39702038
651.88741649,0.39449938
652.11845126,0.38406575
652.34949697,0.37811618
652.58055362,0.37428617
652.81162119,0.37350044
653.04269970,0.37612009
653.27378913,0.37621510
653.50488948,0.37288209
653.73600074,0.37749066
653.96712292,0.35557253
654.19825601,0.34537635
654.42940000,0.34868322
654.66055490,0.34501166
654.89172069,0.35848804
655.12289738,0.35973992
655.35408496,0.37643241
655.58528342,0.38774698
655.81649277,0.39171729
656.04771300,0.40015443
656.27894411,0.41398445
656.51018608,0.43061673
656.74143893,0.45556959
656.97270264,0.45838503
657.20397721,0.45659103
657.43526264,0.45537025
657.66655893,0.47165667
657.89786606,0.47884112
658.12918404,0.47450311
658.36051286,0.46927528
658.59185253,0.45978832
658.82320303,0.45561732
659.05456435,0.46690354
659.28593651,0.46229636
659.51731949,0.45839798
659.74871330,0.46226910
659.98011792,0.45250952
660.21153335,0.43274502
660.44295959,0.43211801
660.67439664,0.42786523
660.90584449,0.41734233
661.13730314,0.40425687
661.36877259,0.39586036
661.60025282,0.38413796
661.83174384,0.38004875
662.06324565,0.36979847
662.29475824,0.38912679
662.52628160,0.39487895
662.75781573,0.41156292
662.98936064,0.41472524
663.22091631,0.42751083
663.45248274,0.43255419
663.68405993,0.43533485
663.91564787,0.44190484
664.14724657,0.45212787
664.37885601,0.44754795
664.61047619,0.47156524
664.84210712,0.48920335
665.07374878,0.50828633
665.30540117,0.53031353
665.53706429,0.54440767
665.76873813,0.55479426
666.00042270,0.56651665
666.23211798,0.57992926
666.46382398,0.59822165
666.69554069,0.59565908
666.92726810,0.59255128
667.15900621,0.60370119
667.39075503,0.57990200
667.62251454,0.58933444
667.85428474,0.59674953
668.08606563,0.59955746
668.31785720,0.59094286
668.54965945,0.58900730
668.78147238,0.58963431
669.01329599,0.57753025
669.24513026,0.58480905
669.47697520,0.59470493
669.70883080,0.59906675
669.94069705,0.59271485
670.17257397,0.58778054
670.40446153,0.59225140
670.63635974,0.58911634
670.86826860,0.56591690
671.10018809,0.55073231
671.33211822,0.54503468
671.56405898,0.53808302
671.79601037,0.53107685
672.02797239,0.53890087
672.25994503,0.53151303
672.49192828,0.53753780
672.72392215,0.53391203
672.95592663,0.55904703
673.18794172,0.57267773
673.41996741,0.57000611
673.65200370,0.56041010
673.88405058,0.55081409
674.11610806,0.55381285
674.34817612,0.54277198
674.58025477,0.53990954
674.81234400,0.54427136
675.04444381,0.54012763
675.27655419,0.54004584
675.50867513,0.53113137
675.74080665,0.52248951
675.97294873,0.51605582
676.20510136,0.52011777
676.43726455,0.52028134
676.66943830,0.54776082
676.90162259,0.53260349
677.13381742,0.54116356
677.36602279,0.55048696
677.59823870,0.56117342
677.83046515,0.53429369
678.06270212,0.53363942
678.29494962,0.55015982
678.52720764,0.56111890
678.75947617,0.56897018
678.99175522,0.59170618
679.22404479,0.58562689
679.45634486,0.59088834
679.68865543,0.60372845
679.92097650,0.62488329
680.15330807,0.62030337
680.38565013,0.61637773
680.61800268,0.58865290
680.85036571,0.59909401
681.08273922,0.59355995
681.31512321,0.60620924
681.54751768,0.59707667
681.77992262,0.59944841
682.01233802,0.60555496
682.24476388,0.61078915
682.47720020,0.61351529
682.70964698,0.60135671
682.94210421,0.58527249
683.17457189,0.57164179
683.40705001,0.56008297
683.63953858,0.55604828
683.87203758,0.55915608
684.10454701,0.54825152
684.33706687,0.53472987
684.56959716,0.53873730
684.80213787,0.52878689
685.03468900,0.52521565
685.26725054,0.52240773
685.49982249,0.53721066
685.73240485,0.51368408
685.96499762,0.51332968
686.19760078,0.51275719
686.43021434,0.52186250
686.66283829,0.51657379
686.89547264,0.52118096
687.12811736,0.52060847
687.36077247,0.48674983
687.59343796,0.47055656
687.82611382,0.47540909
688.05880005,0.45951570
688.29149665,0.46335956
688.52420361,0.46205101
688.75692093,0.46434097
688.98964860,0.44321339
689.22238663,0.43446248
689.45513500,0.43143647
689.68789372,0.42598419
689.92066278,0.40480209
690.15344218,0.39954065
690.38623191,0.36549117
690.61903197,0.37181581
690.85184236,0.37137963
691.08466307,0.35445031
691.31749410,0.34937969
691.55033544,0.34289148
691.78318709,0.34877994
692.01604906,0.33043302
692.24892132,0.33932024
692.48180389,0.33054207
692.71469675,0.33086921
692.94759991,0.33195966
693.18051335,0.32277257
693.41343708,0.31222242
693.64637109,0.30698823
693.87931538,0.30480732
694.11226995,0.28441580
694.34523478,0.29095853
694.57820988,0.28092634
694.81119525,0.27340220
695.04419087,0.26794992
695.27719676,0.26538735
695.51021289,0.26754100
695.74323927,0.26500569
695.97627590,0.26647781
696.20932276,0.25783595
696.44237987,0.26217051
696.67544721,0.26511474
696.90852478,0.25982603
697.14161257,0.25415566
697.37471059,0.25159309
697.60781883,0.25268354
697.84093728,0.26740469
698.07406595,0.26473308
698.30720482,0.26394250
698.54035389,0.27078511
698.77351317,0.27233900
699.00668264,0.27220270
699.23986231,0.27950875
699.47305217,0.27710975
699.70625221,0.26874050
699.93946243,0.27449265
700.17268284,0.28234393
700.40591342,0.28147157
700.63915416,0.28234393
700.87240508,0.27492884
701.10566616,0.27659178
701.33893740,0.28616053
701.57221879,0.30219023
701.80551034,0.29308492
702.03881204,0.28226215
702.27212388,0.28321630
702.50544587,0.27820020
702.73877799,0.27242079
702.97212024,0.27165747
703.20547263,0.26307013
703.43883514,0.27547406
703.67220778,0.26525104
703.90559054,0.27860912
704.13898341,0.26402428
704.37238639,0.27536502
704.60579948,0.28218037
704.83922268,0.28528816
705.07265598,0.29226708
705.30609937,0.29054961
705.53955286,0.29477513
705.77301643,0.31279491
706.00649010,0.31004151
706.23997384,0.33615792
706.47346767,0.35205131
706.70697157,0.37451469
706.94048554,0.37691369
707.17400958,0.38520115
707.40754368,0.39422467
707.64108785,0.41336217
707.87464207,0.41025437
708.10820634,0.41079960
708.34178066,0.42639311
708.57536503,0.44923816
708.80895944,0.44738438
709.04256389,0.45518114
709.27617837,0.46488620
709.50980288,0.49678202
709.74343742,0.51068533
709.97708198,0.53102232
710.21073657,0.54067286
710.44440117,0.55692064
710.67807578,0.58183755
710.91176040,0.59238771
711.14545502,0.59366900
711.37915965,0.60738148
711.61287427,0.62480150
711.84659889,0.63916826
712.08033350,0.64254867
712.31407809,0.65500712
712.54783267,0.65800587
712.78159723,0.64254867
713.01537176,0.64840987
713.24915626,0.67090051
713.48295073,0.67458080
713.71675517,0.69420900
713.95056956,0.69110120
714.18439392,0.70969347
714.41822822,0.70143327
714.65207248,0.71975292
714.88592668,0.69960675
715.11979083,0.71012965
715.35366491,0.70260551
715.58754893,0.70492273
715.82144288,0.70674924
716.05534675,0.71517301
716.28926055,0.68908386
716.52318427,0.69922510
716.75711791,0.67984225
716.99106146,0.68548535
717.22501491,0.66836520
717.45897828,0.67046433
717.69295154,0.63968622
717.92693470,0.63968622
718.16092776,0.62510138
718.39493071,0.61725010
718.62894354,0.59923032
718.86296626,0.61226126
719.09699886,0.59792177
719.33104133,0.56621678
719.56509367,0.54985994
719.79915588,0.55910156
720.03322796,0.52826892
720.26730990,0.52507934
720.50140170,0.51264815
720.73550335,0.51275719
720.96961484,0.48724053
721.20373619,0.48227896
721.43786738,0.47636324
721.67200841,0.45662599
721.90615927,0.42955543
722.14031996,0.42890116
722.37449048,0.41810565
722.60867083,0.41303503
722.84286099,0.41777851
723.07706098,0.42846498
723.31127077,0.41875992
723.54549038,0.43110933
723.77971979,0.40676491
724.01395900,0.40177608
724.24820801,0.40087645
724.48246681,0.40090372
724.71673541,0.39509704
724.95101379,0.40387521
725.18530196,0.40643778
725.41959990,0.38912679
725.65390763,0.39422467
725.88822512,0.38302024
726.12255238,0.38937215
726.35688941,0.39108962
726.59123620,0.39013547
726.82559275,0.38825443
727.05995905,0.37961257
727.29433510,0.39149854
727.52872090,0.37707726
727.76311644,0.38550103
727.99752172,0.38250228
728.23193674,0.38097564
728.46636149,0.38735480
728.70079596,0.38105742
728.93524016,0.38926310
729.16969408,0.37473278
729.40415772,0.38964476
729.63863107,0.40177608
729.87311413,0.38811812
730.10760690,0.38383809
730.34210937,0.37726809
730.57662153,0.37778606
730.81114340,0.37579598
731.04567495,0.38081207
731.28021619,0.36797196
731.51476712,0.37808593
731.74932772,0.37375137
731.98389800,0.37852211
732.21847796,0.36641806
732.45306758,0.36339204
732.68766687,0.34856185
732.92227582,0.36031151
733.15689443,0.34330040
733.39152269,0.35248749
733.62616060,0.35117894
733.86080816,0.35529541
734.09546537,0.35769441
734.33013221,0.37557788
734.56480869,0.38686410
734.79949480,0.37734987
735.03419054,0.39305244
735.26889590,0.38321107
735.50361089,0.38888144
735.73833549,0.39624202
735.97306970,0.38948119
736.20781353,0.39106235
736.44256696,0.38048493
736.67733000,0.39324326
736.91210263,0.38299298
737.14688486,0.37822224
737.38167668,0.37857664
737.61647809,0.39166210
737.85128908,0.38642792
738.08610965,0.38997190
738.32093980,0.39305244
738.55577953,0.37966709
738.79062882,0.37080714
739.02548768,0.38648244
739.26035610,0.36513677
739.49523407,0.38051220
739.73012161,0.34695343
739.96501869,0.35543172
740.19992532,0.35772167
740.43484150,0.35262380
740.66976721,0.33285929
740.90470246,0.34744413
741.13964724,0.34766222
741.37460156,0.35335985
741.60956539,0.34788031
741.84453875,0.36791743
742.07952163,0.37492361
742.31451402,0.37585050
742.54951592,0.36546391
742.78452733,0.37874021
743.01954823,0.37334245
743.25457864,0.36712685
743.48961855,0.37470552
743.72466795,0.38288394
743.95972683,0.38702767
744.19479520,0.39869554
744.42987305,0.39215281
744.66496038,0.41418001
744.90005718,0.40840060
745.13516345,0.41747864
745.37027918,0.42672025
745.60540438,0.43784290
745.84053904,0.44929268
746.07568315,0.44296804
746.31083672,0.44738438
746.54599973,0.43972393
746.78117218,0.44553061
747.01635408,0.45430878
747.25154541,0.44836579
747.48674617,0.45643516
747.72195637,0.43435344
747.95717599,0.45180073
748.19240503,0.43492593
748.42764349,0.46066068
748.66289136,0.43179087
748.89814864,0.44103248
749.13341533,0.43547116
749.36869143,0.45324558
749.60397692,0.45774371
749.83927181,0.44261364
750.07457609,0.42950091
750.30988976,0.44337696
750.54521282,0.42838320
750.78054526,0.43108207
751.01588707,0.41352574
751.25123826,0.40142168
751.48659882,0.41941420
751.72196874,0.40469305
751.95734803,0.39365219
752.19273667,0.40046753
752.42813467,0.41965955
752.66354203,0.42808332
752.89895873,0.44563965
753.13438477,0.42982805
753.36982016,0.43511676
753.60526488,0.42868307
753.84071893,0.44907459
754.07618232,0.45150085
754.31165503,0.46352313
754.54713706,0.47200142
754.78262841,0.45643516
755.01812908,0.45455413
755.25363905,0.45610803
755.48915834,0.45250952
755.72468693,0.44983791
755.96022481,0.43179087
756.19577200,0.42751083
756.43132847,0.43566199
756.66689424,0.42096810
756.90246929,0.42151333
757.13805362,0.45223691
757.37364723,0.44013285
757.60925011,0.43547116
757.84486227,0.44274995
758.08048369,0.43686149
758.31611437,0.41878719
758.55175432,0.42748357
758.78740352,0.41505238
759.02306197,0.40346629
759.25872967,0.39825936
759.49440661,0.39348862
759.73009279,0.37197938
759.96578822,0.37623216
760.20149287,0.39111688
760.43720676,0.41074508
760.67292987,0.41298051
760.90866220,0.40412056
761.14440375,0.41865088
761.38015452,0.40995450
761.61591450,0.41505238
761.85168368,0.44951077
762.08746207,0.43915144
762.32324967,0.45774371
762.55904645,0.44951077
762.79485243,0.46240541
763.03066760,0.45801633
763.26649196,0.47440042
763.50232549,0.49378327
763.73816821,0.51769151
763.97402010,0.52805083
764.20988116,0.52802357
764.44575138,0.51199388
764.68163077,0.51133960
764.91751932,0.51101247
765.15341703,0.51412026
765.38932389,0.51191209
765.62523989,0.49762712
765.86116505,0.49468289
766.09709934,0.48097041
766.33304277,0.45624433
766.56899533,0.42969174
766.80495703,0.40213048
767.04092785,0.39367945
767.27690779,0.36440072
767.51289685,0.34409098
767.74889503,0.31494856
767.98490232,0.28021755
768.22091872,0.26838610
768.45694422,0.24780375
768.69297882,0.22967493
768.92902252,0.21528092
769.16507532,0.19816076
769.40113720,0.18665646
769.63720817,0.17139008
769.87328822,0.17291672
770.10937735,0.15661441
770.34547555,0.15356113
770.58158282,0.14434678
770.81769917,0.13785857
771.05382457,0.13578671
771.28995904,0.13774953
771.52610256,0.15116213
771.76225513,0.14162064
771.99841676,0.14336537
772.23458743,0.14772720
772.47076714,0.17079033
772.70695589,0.17809638
772.94315367,0.18431198
773.17936048,0.20241354
773.41557632,0.22544942
773.65180118,0.25148404
773.88803507,0.27318411
774.12427796,0.30232653
774.36052987,0.31794731
774.59679079,0.34635368
774.83306072,0.37148868
775.06933964,0.38738207
775.30562756,0.42126797
775.54192448,0.45248226
775.77823038,0.47243760
776.01454527,0.49004846
776.25086914,0.51387491
776.48720200,0.52148084
776.72354382,0.55615733
776.95989462,0.56515358
777.19625439,0.55975583
777.43262312,0.55863811
777.66900081,0.54833331
777.90538746,0.55931965
778.14178306,0.55005077
778.37818761,0.56749806
778.61460110,0.56858852
778.85102354,0.59009775
779.08745492,0.57930224
779.32389523,0.56095533
779.56034447,0.54154522
779.79680263,0.53917348
780.03326972,0.53827385
780.26974574,0.52107192
780.50623066,0.49978077
780.74272450,0.49792700
780.97922725,0.48170647
781.21573890,0.46564951
781.45225946,0.44035094
781.68878891,0.43885157
781.92532726,0.44602131
782.16187449,0.43446248
782.39843061,0.40763728
782.63499562,0.40133990
782.87156950,0.39902268
783.10815226,0.40995450
783.34474390,0.40131264
783.58134440,0.40883678
783.81795376,0.40142168
784.05457199,0.41573391
784.29119907,0.39705986
784.52783500,0.40482936
784.76447979,0.40643778
785.00113342,0.40289380
785.23779589,0.37895830
785.47446720,0.38070303
785.71114735,0.35954819
785.94783633,0.35175143
786.18453413,0.36685424
786.42124076,0.36336478
786.65795621,0.34648998
786.89468048,0.33310464
787.13141355,0.31991013
787.36815544,0.31614806
787.60490613,0.30513446
787.84166563,0.30243558
788.07843392,0.29957313
788.31521101,0.29940956
788.55199688,0.29204899
788.78879155,0.27972684
789.02559499,0.26871324
789.26240722,0.27754593
789.49922822,0.24475048
789.73605800,0.26110731
789.97289654,0.25977150
790.20974385,0.25617300
790.44659991,0.25311973
790.68346474,0.23425484
790.92033832,0.23981617
791.15722065,0.24864886
791.39411172,0.24736757
791.63101154,0.24832172
791.86792010,0.23567244
792.10483739,0.25006645
792.34176341,0.25110238
792.57869817,0.24777649
792.81564164,0.24663151
793.05259384,0.25257450
793.28955475,0.26620519
793.52652438,0.27626464
793.76350271,0.28008124
794.00048975,0.28414319
794.23748550,0.30300807
794.47448994,0.32797950
794.71150307,0.33163253
794.94852490,0.33763003
795.18555541,0.34646272
795.42259461,0.35889391
795.65964249,0.34804388
795.89669904,0.37279722
796.13376427,0.39498799
796.37083816,0.39959517
796.60792072,0.40054932
796.84501194,0.38811812
797.08211182,0.39667820
797.31922035,0.39845019
797.55633753,0.39558774
797.79346336,0.40038575
798.03059784,0.40131264
798.26774095,0.40425687
798.50489270,0.38975381
798.74205307,0.39520608
798.97922208,0.38059398
799.21639971,0.39100783
799.45358597,0.39809579
799.69078084,0.41069055
799.92798432,0.41995943
800.16519641,0.41145387
800.40241711,0.43075494
800.63964641,0.43555294
800.87688431,0.43893335
801.11413080,0.43598912
801.35138589,0.45954296
801.58864956,0.45038314
801.82592182,0.44656654
802.06320266,0.44043273
802.30049207,0.42503004
802.53779006,0.42707465
802.77509661,0.43361738
803.01241173,0.42328532
803.24973542,0.41047246
803.48706766,0.40774632
803.72440845,0.41826922
803.96175780,0.40720110
804.19911569,0.40600159
804.43648213,0.39872280
804.67385710,0.39586036
804.91124061,0.37841307
805.14863266,0.36630901
805.38603323,0.37334245
805.62344232,0.37356054
805.86085994,0.37306984
806.09828608,0.36467333
806.33572073,0.36265599
806.57316388,0.36423715
806.81061555,0.34114675
807.04807572,0.33446771
807.28554438,0.32410838
807.52302155,0.32149129
807.76050720,0.31977382
807.99800134,0.30426209
808.23550397,0.30338973
808.47301507,0.29701056
808.71053466,0.28616053
808.94806271,0.27476527
809.18559924,0.28485198
809.42314423,0.26696851
809.66069769,0.24619533
809.89825960,0.25344686
810.13582996,0.25639109
810.37340878,0.24038866
810.61099605,0.24156090
810.84859175,0.23602683
811.08619590,0.23117431
811.32380849,0.21724374
811.56142950,0.19510749
811.79905895,0.19581629
812.03669682,0.18979152
812.27434311,0.18717443
812.51199782,0.18692907
812.74966095,0.18234916
812.98733248,0.19009139
813.22501242,0.18660194
813.46270077,0.17286220
813.70039751,0.18714716
813.93810265,0.19129089
814.17581618,0.19518927
814.41353810,0.18613849
814.65126841,0.19145446
814.88900709,0.20590300
815.12675415,0.21683482
815.36450959,0.20154118
815.60227339,0.20481254
815.84004556,0.22596738
816.07782610,0.22738497
816.31561499,0.24646795
816.55341224,0.25739976
816.79121784,0.25535516
817.02903178,0.26604162
817.26685407,0.28425223
817.50468470,0.29112210
817.74252367,0.29602915
817.98037097,0.31309478
818.21822660,0.33403153
818.45609055,0.34575393
818.69396283,0.35586790
818.93184342,0.37200664
819.16973233,0.38029410
819.40762955,0.39226185
819.64553508,0.39596940
819.88344891,0.39825936
820.12137104,0.41074508
820.35930146,0.41567939
820.59724018,0.40038575
820.83518719,0.42587515
821.07314248,0.41903254
821.31110605,0.43571651
821.54907790,0.43500771
821.78705802,0.42737452
822.02504642,0.43140921
822.26304308,0.43958763
822.50104800,0.42383054
822.73906118,0.42295818
822.97708262,0.42617502
823.21511231,0.43789742
823.45315024,0.42851950
823.69119643,0.40872773
823.92925085,0.40153073
824.16731351,0.40801894
824.40538440,0.38451962
824.64346352,0.39793222
824.88155087,0.37634120
825.11964643,0.38980833
825.35775022,0.38648244
825.59586222,0.38888144
825.83398244,0.39460633
826.07211086,0.38288394
826.31024748,0.36663615
826.54839231,0.36249242
826.78654533,0.34071057
827.02470654,0.35074276
827.26287594,0.33228680
827.50105353,0.34144663
827.73923930,0.32083702
827.97743325,0.32977875
828.21563537,0.30398948
828.45384566,0.29559297
828.69206412,0.28681480
828.93029074,0.28531543
829.16852552,0.27528323
829.40676846,0.26576901
829.64501954,0.27258436
829.88327878,0.27569216
830.12154616,0.28226215
830.35982168,0.28092634
830.59810534,0.25339234
830.83639714,0.24649521
831.07469706,0.22989302
831.31300511,0.22476788
831.55132128,0.22814829
831.78964557,0.21413594
832.02797798,0.21538996
832.26631849,0.20781130
832.50466712,0.19538010
832.74302384,0.19030948
832.98138867,0.18491173
833.21976160,0.18226738
833.45814262,0.17907779
833.69653172,0.18224011
833.93492892,0.17231697
834.17333419,0.17089938
834.41174755,0.16882751
834.65016897,0.16168503
834.88859847,0.16402951
835.12703604,0.17029963
835.36548167,0.17583369
835.60393535,0.18360318
835.84239710,0.17267137
836.08086690,0.16730087
836.31934474,0.16762801
836.55783063,0.17460692
836.79632456,0.17147187
837.03482653,0.16929095
837.27333654,0.18324879
837.51185457,0.17918684
837.75038063,0.18278534
837.98891471,0.19627973
838.22745681,0.19325371
838.46600693,0.20244080
838.70456506,0.21421772
838.94313120,0.22433170
839.18170534,0.21697112
839.42028748,0.23327343
839.65887762,0.22836638
839.89747575,0.23730812
840.13608187,0.24074305
840.37469598,0.23834405
840.61331807,0.23523625
840.85194814,0.23024742
841.09058618,0.22225983
841.32923220,0.22580381
841.56788618,0.20764773
841.80654812,0.21203681
842.04521803,0.21909751
842.28389589,0.21680756
842.52258171,0.22291411
842.76127547,0.21697112
842.99997718,0.21451760
843.23868683,0.23471829
843.47740442,0.23774430
843.71612994,0.23864393
843.95486339,0.25268354
844.19360477,0.27073058
844.43235408,0.26786814
844.67111130,0.26898585
844.90987644,0.28376153
845.14864949,0.29412085
845.38743045,0.30813321
845.62621931,0.31729303
845.86501608,0.34602654
846.10382074,0.36936229
846.34263329,0.36251968
846.58145374,0.37037096
846.82028207,0.37996697
847.05911828,0.38419248
847.29796238,0.38997190
847.53681435,0.39258899
847.77567419,0.39087152
848.01454189,0.39815031
848.25341746,0.42252200
848.49230090,0.46447727
848.73119218,0.46270528
848.97009133,0.46567678
849.20899832,0.46908445
849.44791315,0.48988489
849.68683583,0.48620460
849.92576635,0.48762219
850.16470470,0.47699025
850.40365088,0.47366436
850.64260489,0.47546361
850.88156673,0.46534964
851.12053638,0.47330996
851.35951385,0.46303242
851.59849913,0.46554047
851.83749222,0.43972393
852.07649311,0.43293585
852.31550181,0.43031875
852.55451830,0.41696067
852.79354259,0.40392973
853.03257467,0.38713671
853.27161453,0.37121606
853.51066218,0.36401906
853.74971761,0.34417276
853.98878081,0.31947395
854.22785178,0.30055454
854.46693053,0.30709728
854.70601703,0.29695604
854.94511130,0.29482965
855.18421332,0.29095853
855.42332310,0.27563763
855.66244063,0.27945423
855.90156590,0.25260176
856.14069892,0.24047044
856.37983967,0.23580874
856.61898816,0.22269602
856.85814438,0.22378647
857.09730833,0.22046058
857.33648000,0.20786582
857.57565939,0.20257711
857.81484650,0.19630699
858.05404132,0.20235902
858.29324385,0.17975933
858.53245409,0.17444336
858.77167203,0.18300343
859.01089766,0.17853256
859.25013099,0.17493406
859.48937201,0.18104061
859.72862072,0.17449788
859.96787711,0.17965028
860.20714118,0.17046319
860.44641292,0.17297124
860.68569234,0.18218559
860.92497943,0.17929588
861.16427418,0.17558833
861.40357659,0.18000468
861.64288666,0.17449788
861.88220438,0.18578409
862.12152976,0.19221778
862.36086277,0.18714716
862.60020344,0.18616575
862.83955174,0.18671098
863.07890767,0.18965521
863.31827124,0.18840119
863.55764244,0.17749663
863.79702126,0.18382127
864.03640770,0.16392046
864.27580175,0.16490187
864.51520342,0.17209888
864.75461270,0.15402458
864.99402959,0.15184367
865.23345408,0.14791803
865.47288616,0.14919931
865.71232584,0.14903574
865.95177311,0.15247068
866.19122797,0.15296138
866.43069041,0.15705059
866.67016043,0.16100349
866.90963803,0.16228478
867.14912320,0.16064909
867.38861594,0.16261191
867.62811625,0.16599233
867.86762411,0.18063169
868.10713954,0.18087704
868.34666251,0.17902327
868.58619304,0.17684236
868.82573112,0.18313974
869.06527673,0.19066388
869.30482989,0.20317686
869.54439058,0.20361304
869.78395881,0.20219545
870.02353456,0.20633918
870.26311784,0.22520406
870.50270863,0.21931560
870.74230695,0.22345933
870.98191278,0.22119664
871.22152611,0.22803925
871.46114696,0.22730319
871.70077530,0.22465884
871.94041115,0.23152871
872.18005449,0.23360057
872.41970532,0.22076046
872.65936364,0.21577162
872.89902944,0.21135528
873.13870273,0.22013344
873.37838349,0.20721155
873.61807172,0.19739745
873.85776742,0.19437143
874.09747059,0.18774691
874.33718122,0.19101828
874.57689930,0.18643837
874.81662484,0.17989563
875.05635784,0.18731073
875.29609827,0.18583862
875.53584616,0.16719183
875.77560148,0.17100842
876.01536424,0.17493406
876.25513443,0.16937274
876.49491204,0.17493406
876.73469709,0.18731073
876.97448955,0.18016825
877.21428943,0.17798734
877.45409673,0.18224011
877.69391143,0.18774691
877.93373355,0.19570724
878.17356306,0.19570724
878.41339998,0.19794267
878.65324428,0.21378154
878.89309599,0.24406894
879.13295507,0.23856214
879.37282155,0.26767731
879.61269540,0.25216558
879.85257663,0.26805897
880.09246523,0.27890900
880.33236121,0.30099072
880.57226455,0.30938723
880.81217525,0.30093620
881.05209331,0.28283464
881.29201872,0.27310232
881.53195149,0.28517912
881.77189160,0.29567475
882.01183905,0.28924107
882.25179385,0.29142198
882.49175598,0.29859172
882.73172545,0.31887420
882.97170224,0.32454456
883.21168636,0.33155074
883.45167780,0.33433140
883.69167656,0.32936983
883.93168263,0.33195966
884.17169601,0.34651724
884.41171670,0.36358287
884.65174469,0.36336478
884.89177999,0.35802155
885.13182257,0.37268818
885.37187245,0.35903022
885.61192962,0.36598188
885.85199407,0.37923091
886.09206581,0.41464346
886.33214482,0.40949105
886.57223110,0.41221719
886.81232465,0.39087152
887.05242547,0.41079960
887.29253356,0.42781071
887.53264890,0.45324558
887.77277149,0.43598912
888.01290134,0.43318120
888.25303843,0.41597926
888.49318277,0.41946872
888.73333435,0.42508457
888.97349317,0.43135469
889.21365922,0.41276242
889.45383250,0.40780085
889.69401300,0.40308463
889.93420072,0.41791482
890.17439567,0.42137702
890.41459783,0.41079960
890.65480719,0.40900035
890.89502377,0.40870047
891.13524755,0.41366205
891.37547853,0.42203129
891.61571670,0.43492593
891.85596207,0.43108207
892.09621463,0.43249966
892.33647437,0.44558513
892.57674129,0.43391726
892.81701539,0.42980079
893.05729666,0.43056411
893.29758510,0.42862855
893.53788071,0.43053684
893.77818349,0.44484907
894.01849342,0.42552075
894.25881051,0.43288132
894.49913474,0.42742905
894.73946613,0.43378095
894.97980466,0.43119112
895.22015033,0.45035587
895.46050314,0.45856155
895.70086308,0.46783043
895.94123016,0.46134221
896.18160435,0.46720341
896.42198567,0.46633105
896.66237411,0.46325051
896.90276966,0.45812537
897.14317233,0.45725301
897.38358210,0.45430878
897.62399897,0.46139674
897.86442295,0.46434097
898.10485402,0.46946611
898.34529218,0.45681682
898.58573744,0.45250952
898.82618978,0.43860622
899.06664920,0.43686149
899.30711569,0.44798413
899.54758927,0.45049218
899.78806991,0.44264090
900.02855762,0.45125550
900.26905239,0.43686149
900.50955422,0.42126797
900.75006311,0.40943653
900.99057905,0.41328039
901.23110204,0.39566953
901.47163207,0.40133990
901.71216914,0.39820484
901.95271325,0.38675505
902.19326440,0.37366959
902.43382257,0.36118387
902.67438777,0.34725330
902.91495999,0.34286422
903.15553924,0.34319135
903.39612549,0.35859404
903.63671876,0.36183814
903.87731904,0.35725823
904.11792632,0.34504513
904.35854060,0.35627682
904.59916188,0.34245530
904.83979015,0.33490389
905.08042541,0.34008356
905.32106765,0.33561269
905.56171688,0.32225461
905.80237308,0.31293121
906.04303626,0.30712454
906.28370641,0.31211337
906.52438353,0.28719646
906.76506761,0.28845049
907.00575865,0.27591025
907.24645665,0.27833651
907.48716160,0.28267107
907.72787350,0.26996726
907.96859234,0.25115691
908.20931812,0.24311480
908.45005085,0.24679508
908.69079050,0.25039359
908.93153709,0.23490912
909.17229060,0.24161542
909.41305104,0.23332796
909.65381839,0.22899340
909.89459266,0.23011111
910.13537384,0.22509502
910.37616193,0.22324124
910.61695693,0.23638123
910.85775882,0.23850762
911.09856761,0.25200201
911.33938330,0.25584586
911.58020588,0.27983589
911.82103534,0.27258436
912.06187168,0.29728318
912.30271490,0.29651986
912.54356500,0.31451237
912.78442197,0.33708480
913.02528580,0.34016534
913.26615650,0.35161512
913.50703406,0.36663615
913.74791848,0.37454195
913.98880974,0.38402892
914.22970786,0.39989504
914.47061282,0.39261625
914.71152463,0.39280708
914.95244327,0.41003628
915.19336875,0.42072274
915.43430105,0.40177608
915.67524019,0.39447003
915.91618615,0.40104002
916.15713892,0.38866335
916.39809852,0.39212555
916.63906492,0.38490128
916.88003813,0.36810826
917.12101815,0.36407358
917.36200497,0.35284189
917.60299859,0.35115168
917.84399900,0.34226447
918.08500620,0.34351849
918.32602018,0.31931038
918.56704095,0.28474294
918.80806850,0.27411099
919.04910282,0.25023002
919.29014392,0.24843077
919.53119178,0.24199708
919.77224640,0.23872571
920.01330779,0.22465884
920.25437593,0.22542215
920.49545083,0.19903313
920.73653248,0.21440855
920.97762087,0.19434417
921.21871600,0.18063169
921.45981787,0.18717443
921.70092648,0.18131323
921.94204182,0.16457473
922.18316388,0.16419307
922.42429267,0.16100349
922.66542818,0.15227985
922.90657040,0.14865408
923.14771934,0.13916712
923.38887498,0.15203449
923.63003734,0.14003948
923.87120639,0.14810885
924.11238214,0.14641865
924.35356458,0.15121665
924.59475371,0.15857723
924.83594953,0.16272096
925.07715204,0.16637399
925.31836122,0.15328852
925.55957708,0.15489694
925.80079961,0.15795022
926.04202881,0.17569738
926.28326467,0.19745197
926.52450719,0.20830200
926.76575637,0.21108266
927.00701221,0.19794267
927.24827469,0.21184598
927.48954382,0.21740731
927.73081959,0.24057949
927.97210200,0.27059428
928.21339105,0.27989041
928.45468673,0.28706015
928.69598903,0.28501555
928.93729796,0.27809116
929.17861351,0.28049016
929.41993567,0.28256203
929.66126445,0.27193008
929.90259984,0.27405647
930.14394183,0.29788293
930.38529042,0.29559297
930.62664561,0.29521131
930.86800740,0.28250750
931.10937578,0.27765498
931.35075074,0.27119403
931.59213229,0.26743195
931.83352042,0.25153856
932.07491512,0.25148404
932.31631639,0.25772690
932.55772424,0.24979384
932.79913864,0.24038866
933.04055961,0.23670837
933.28198714,0.22940232
933.52342122,0.24030687
933.76486185,0.23076539
934.00630903,0.22814829
934.24776275,0.21942465
934.48922301,0.21718921
934.73068980,0.20830200
934.97216313,0.20312234
935.21364298,0.17689688
935.45512936,0.17967754
935.69662225,0.16228478
935.93812167,0.15775939
936.17962760,0.15312495
936.42114004,0.14598247
936.66265898,0.14549176
936.90418442,0.13281522
937.14571637,0.12597261
937.38725481,0.12349182
937.62879973,0.10754391
937.87035115,0.11097884
938.11190905,0.10667154
938.35347343,0.10236424
938.59504429,0.10443611
938.83662162,0.09467653
939.07820541,0.09625769
939.31979568,0.09135064
939.56139240,0.09140517
939.80299558,0.09173230
940.04460522,0.09385869
940.28622131,0.09195039
940.52784384,0.09549437
940.76947282,0.09762076
941.01110823,0.08546218
941.25275008,0.09497641
941.49439837,0.07897397
941.73605308,0.07679306
941.97771421,0.07613879
942.21938177,0.07701115
942.46105574,0.07586617
942.70273613,0.06229000
942.94442293,0.06635195
943.18611613,0.05994552
943.42781574,0.05994552
943.66952174,0.05945482
943.91123414,0.05607441
944.15295293,0.04844122
944.39467811,0.05869150
944.63640967,0.05820079
944.87814762,0.04890466
945.11989194,0.04418844
945.36164263,0.05738295
945.60339969,0.04713267
945.84516312,0.05236686
946.08693290,0.05683772
946.32870905,0.05623797
946.57049155,0.04571508
946.81228040,0.05762830
947.05407560,0.05100379
947.29587714,0.05018595
947.53768503,0.05100379
947.77949924,0.05220329
948.02131979,0.06926892
948.26314667,0.05923673
948.50497988,0.06752419
948.74681940,0.06741514
948.98866524,0.07324908
949.23051740,0.08497148
949.47237587,0.08611646
949.71424064,0.08824284
949.95611171,0.08859724
950.19798909,0.09121434
950.43987276,0.09862943
950.68176272,0.11215108
950.92365897,0.10798009
951.16556150,0.12422788
951.40747032,0.12515477
951.64938541,0.13115227
951.89130677,0.14238396
952.13323441,0.15617823
952.37516831,0.15803200
952.61710847,0.15977673
952.85905489,0.16457473
953.10100756,0.17975933
953.34296649,0.18673824
953.58493166,0.19090924
953.82690308,0.19567998
954.06888074,0.20655727
954.31086463,0.22795746
954.55285476,0.23621766
954.79485111,0.23689920
955.03685369,0.24082484
955.27886249,0.24014330
955.52087751,0.23338248
955.76289875,0.28915928
956.00492619,0.24036140
956.24695984,0.23428211
956.48899970,0.25012097
956.73104575,0.23733538
956.97309800,0.25491898
957.21515644,0.24226969
957.45722107,0.25382852
957.69929189,0.24848529
957.94136888,0.26189789
958.18345205,0.27078511
958.42554140,0.27514693
958.66763692,0.28256203
958.90973860,0.31533021
959.15184644,0.31374905
959.39396044,0.32258174
959.63608060,0.32612572
959.87820691,0.33097825
960.12033937,0.33024219
960.36247797,0.33670314
960.60462271,0.33850240
960.84677359,0.33381344
961.08893060,0.36510951
961.33109374,0.37067083
961.57326301,0.37383316
961.81543840,0.36827183
962.05761991,0.35633134
962.29980753,0.35393234
962.54200126,0.34493608
962.78420110,0.32339959
963.02640704,0.31344918
963.26861908,0.31145910
963.51083722,0.33277750
963.75306145,0.33321369
963.99529177,0.34057426
964.23752817,0.34008356
964.47977066,0.34013808
964.72201922,0.33675767
964.96427386,0.33250489
965.20653456,0.34537227
965.44880134,0.33310464
965.69107417,0.33795717
965.93335307,0.32849747
966.17563802,0.32639834
966.41792902,0.32533514
966.66022607,0.29559297
966.90252917,0.30101799
967.14483830,0.29793745
967.38715347,0.28313451
967.62947468,0.27133033
967.87180192,0.26568723
968.11413518,0.27702796
968.35647446,0.26369714
968.59881976,0.26844063
968.84117108,0.26402428
969.08352841,0.25148404
969.32589174,0.22861174
969.56826108,0.22749402
969.81063642,0.22095129
970.05301776,0.21190051
970.29540509,0.22002440
970.53779840,0.20873818
970.78019771,0.20053251
971.02260299,0.20742964
971.26501425,0.20459445
971.50743149,0.19036401
971.74985470,0.19908765
971.99228387,0.18164036
972.23471901,0.17504311
972.47716011,0.17782377
972.71960716,0.16768253
972.96206016,0.16473830
973.20451911,0.15955864
973.44698401,0.15394279
973.68945485,0.15350661
973.93193163,0.14783624
974.17441434,0.13575945
974.41690298,0.13246082
974.65939754,0.13693169
974.90189803,0.13507791
975.14440444,0.12523655
975.38691676,0.11956618
975.62943499,0.12231958
975.87195913,0.11866655
976.11448918,0.12128365
976.35702513,0.12139269
976.59956697,0.11801228
976.84211470,0.11572232
977.08466833,0.11146955
977.32722784,0.11005196
977.56979323,0.10612632
977.81236450,0.11081527
978.05494165,0.10852532
978.29752467,0.10765295
978.54011355,0.09584877
978.78270830,0.10427254
979.02530890,0.09031471
979.26791537,0.09353155
979.51052768,0.09598508
979.75314585,0.08508052
979.99576986,0.08333579
980.23839971,0.08960591
980.48103540,0.07848327
980.72367692,0.08486243
980.96632427,0.08715239
981.20897745,0.08409911
981.45163645,0.07973729
981.69430127,0.08137297
981.93697191,0.07504833
982.17964836,0.07739281
982.42233061,0.09557616
982.66501868,0.08807928
982.90771254,0.09091446
983.15041220,0.08126393
983.39311765,0.07769269
983.63582889,0.08180916
983.87854592,0.08851546
984.12126873,0.08235438
984.36399732,0.08458982
984.60673168,0.09053280
984.84947182,0.09205944
985.09221772,0.08213629
985.33496939,0.08720691
985.57772681,0.08540766
985.82049000,0.07499381
986.06325893,0.07401240
986.30603362,0.07891945
986.54881405,0.07842874
986.79160022,0.07395788
987.03439213,0.07594796
987.27718977,0.07071377
987.51999315,0.07499381
987.76280225,0.07499381
988.00561707,0.06894178
988.24843762,0.06665182
988.49126388,0.07652045
988.73409585,0.07085008
988.97693353,0.06196287
989.21977692,0.06403473
989.46262601,0.06809668
989.70548079,0.06984141
989.94834127,0.05961839
990.19120744,0.06040897
990.43407929,0.06196287
990.67695683,0.06692444
990.91984004,0.06806942
991.16272893,0.06359855
991.40562350,0.06896904
991.64852373,0.06766050
991.89142962,0.06806942
992.13434118,0.07412144
992.37725839,0.08044609
992.62018126,0.07202232
992.86310977,0.07172244
993.10604393,0.07420323
993.34898373,0.07853779
993.59192917,0.07128626
993.83488025,0.07919206
994.07783696,0.08118214
994.32079929,0.07701115
994.56376725,0.08903342
994.80674082,0.07613879
995.04972002,0.08118214
995.29270482,0.08856998
995.53569524,0.07712020
995.77869126,0.08322675
996.02169288,0.07638414
996.26470010,0.07395788
996.50771291,0.07657497
996.75073131,0.08071870
996.99375530,0.08110036
997.23678488,0.08990579
997.47982003,0.07712020
997.72286076,0.07461215
997.96590706,0.07526642
998.20895892,0.07559356
998.45201636,0.07755638
998.69507935,0.08791571
998.93814790,0.07619331
999.18122200,0.07537547
999.42430166,0.08050061
999.66738686,0.07025033
999.91047760,0.07314003
1000.15357388,0.07619331
1000.39667569,0.07068651
1000.63978304,0.07433954
1000.88289592,0.07548451
1001.12601431,0.07483024
1001.36913823,0.07079556
1001.61226767,0.07264933
1001.85540262,0.08088227
1002.09854307,0.06984141
1002.34168904,0.06937796
1002.58484050,0.06605207
1002.82799746,0.07401240
1003.07115992,0.07461215
1003.31432787,0.07003224
1003.55750130,0.06741514
1003.80068022,0.06610660
1004.04386462,0.07049568
1004.28705449,0.07019580
1004.53024984,0.06403473
1004.77345065,0.06915987
1005.01665693,0.06087241
1005.25986867,0.06766050
1005.50308587,0.06038170
1005.74630852,0.05411159
1005.98953662,0.06708801
1006.23277017,0.06981415
1006.47600916,0.06229000
1006.71925359,0.06441639
1006.96250346,0.06141764
1007.20575875,0.06763323
1007.44901948,0.06847834
1007.69228563,0.06921439
1007.93555720,0.06283523
1008.17883418,0.06523423
1008.42211658,0.06910535
1008.66540439,0.06452544
1008.90869761,0.07750186
1009.15199622,0.05847341
1009.39530024,0.06425282
1009.63860965,0.06659730
1009.88192445,0.06627016
1010.12524464,0.06785133
1010.36857021,0.07134078
1010.61190116,0.07003224
1010.85523749,0.07199506
1011.09857919,0.08131845
1011.34192626,0.08142750
1011.58527870,0.08273604
1011.82863649,0.08491695
1012.07199965,0.09195039
1012.31536816,0.09020566
1012.55874202,0.10034690
1012.80212122,0.10037416
1013.04550577,0.10176449
1013.28889566,0.09732089
1013.53229088,0.10866162
1013.77569144,0.10383636
1014.01909732,0.10768021
1014.26250853,0.11359594
1014.50592506,0.10732582
1014.74934691,0.11506805
1014.99277407,0.11738527
1015.23620654,0.12035676
1015.47964432,0.11618577
1015.72308739,0.11397760
1015.96653577,0.11757610
1016.20998944,0.10438159
1016.45344841,0.10901602
1016.69691266,0.11119693
1016.94038220,0.10863436
1017.18385701,0.10866162
1017.42733710,0.10492681
1017.67082247,0.10429980
1017.91431310,0.07134078
1018.15780900,-0.01565031
1018.40131017,-0.01622280
1018.64481659,-0.01660446
1018.88832826,-0.01545948
1019.13184519,-0.01840371
1019.37536736,-0.01783122
