198.80933475,-0.00143277
199.01143578,-0.00145192
199.21355429,0.00151533
199.41569028,0.00143958
199.61784374,-0.00134378
199.82001468,-0.00088838
200.02220309,-0.00133355
200.22440896,-0.00105246
200.42663230,0.00030773
200.62887310,0.00026217
200.83113136,-0.00001618
201.03340708,-0.00075384
201.23570025,-0.00103290
201.43801087,-0.00330790
201.64033894,-0.00179128
201.84268445,-0.00371486
202.04504741,-0.00042927
202.24742780,-0.00109558
202.44982564,-0.00015751
202.65224090,0.00044663
202.85467360,-0.00253097
203.05712372,0.00015454
203.25959128,-0.00039263
203.46207625,-0.00214752
203.66457864,-0.00003017
203.86709846,-0.00286602
204.06963568,-0.00472575
204.27219032,-0.00396894
204.47476237,-0.00132762
204.67735182,0.00009632
204.87995868,0.00332899
205.08258293,-0.00181865
205.28522459,0.00011704
205.48788364,-0.00059797
205.69056008,0.00053307
205.89325391,0.00166446
206.09596513,0.00093046
206.29869374,0.00180787
206.50143972,-0.00171396
206.70420308,-0.00340028
206.90698382,0.00120501
207.10978194,-0.00168223
207.31259742,-0.00280588
207.51543027,0.00081548
207.71828048,0.00013341
207.92114806,0.00132875
208.12403299,-0.00112391
208.32693528,-0.00023762
208.52985493,-0.00327557
208.73279193,0.00145063
208.93574627,-0.00130806
209.13871796,-0.00330760
209.34170699,-0.00034728
209.54471336,-0.00349509
209.74773707,-0.00350877
209.95077811,-0.00195070
210.15383649,-0.00345738
210.35691219,-0.00158312
210.56000522,0.00104989
210.76311557,-0.00004157
210.96624324,-0.00190550
211.16938823,0.00039372
211.37255053,0.00080808
211.57573015,-0.00242759
211.77892707,0.00000318
211.98214130,-0.00114170
212.18537284,-0.00163901
212.38862167,-0.00159791
212.59188781,-0.00230369
212.79517124,0.00164709
212.99847196,-0.00022860
213.20178997,0.00054782
213.40512527,-0.00071807
213.60847785,-0.00007258
213.81184772,0.00001144
214.01523486,-0.00114651
214.21863928,0.00029734
214.42206097,-0.00167463
214.62549993,-0.00062001
214.82895616,-0.00109072
215.03242966,-0.00030426
215.23592042,-0.00056731
215.43942843,-0.00045106
215.64295370,0.00084391
215.84649623,-0.00252550
216.05005601,-0.00187236
216.25363303,0.00025568
216.45722731,-0.00158012
216.66083882,0.00121555
216.86446757,0.00076217
217.06811356,-0.00315521
217.27177679,-0.00289030
217.47545724,0.00010969
217.67915493,0.00233432
217.88286984,0.00090978
218.08660198,-0.00541841
218.29035133,-0.00107770
218.49411790,0.00013569
218.69790169,-0.00119840
218.90170269,-0.00314635
219.10552090,-0.00211443
219.30935632,-0.00048132
219.51320894,-0.00308579
219.71707876,0.00037219
219.92096578,-0.00483065
220.12486999,-0.00027654
220.32879140,-0.00135508
220.53272999,-0.00256973
220.73668578,-0.00198096
220.94065875,0.00043831
221.14464890,0.00189970
221.34865623,-0.00072739
221.55268073,0.00055998
221.75672241,-0.00068492
221.96078126,-0.00082402
222.16485728,-0.00043459
222.36895046,-0.00190297
222.57306080,-0.00011834
222.77718831,-0.00073919
222.98133297,-0.00116541
223.18549478,-0.00204820
223.38967375,0.00148468
223.59386986,0.00108714
223.79808312,-0.00051081
224.00231352,0.00017886
224.20656106,-0.00192709
224.41082574,0.00019016
224.61510756,-0.00133350
224.81940650,0.00150687
225.02372258,-0.00250745
225.22805578,0.00032886
225.43240610,-0.00177385
225.63677355,-0.00185853
225.84115811,-0.00029027
226.04555979,-0.00086927
226.24997858,0.00190172
226.45441448,0.00005563
226.65886748,-0.00002145
226.86333759,-0.00128581
227.06782480,-0.00235244
227.27232911,-0.00155382
227.47685052,0.00074884
227.68138902,-0.00041235
227.88594461,0.00123628
228.09051728,-0.00101258
228.29510704,-0.00239638
228.49971389,-0.00347720
228.70433781,-0.00265512
228.90897881,0.00039762
229.11363688,-0.00174040
229.31831202,-0.00589439
229.52300423,-0.00112497
229.72771350,-0.00030127
229.93243984,0.00162824
230.13718324,0.00030560
230.34194369,0.00032592
230.54672120,-0.00090698
230.75151576,0.00051392
230.95632737,0.00020526
231.16115602,-0.00122110
231.36600172,0.00095873
231.57086446,0.00257026
231.77574423,-0.00111996
231.98064104,0.00040452
232.18555488,-0.00159310
232.39048575,-0.00227583
232.59543365,0.00056500
232.80039857,0.00286610
233.00538051,-0.00290332
233.21037947,-0.00188189
233.41539544,0.00041682
233.62042843,0.00062064
233.82547842,0.00026430
234.03054543,-0.00000620
234.23562943,-0.00019354
234.44073044,-0.00086643
234.64584845,-0.00096150
234.85098345,-0.00301804
235.05613545,-0.00284231
235.26130444,-0.00053508
235.46649041,-0.00105170
235.67169337,-0.00186081
235.87691331,-0.00239157
236.08215023,-0.00190525
236.28740413,-0.00127157
236.49267500,0.00034371
236.69796284,-0.00018522
236.90326765,-0.00068756
237.10858942,0.00067531
237.31392816,-0.00014373
237.51928386,-0.00244797
237.72465651,-0.00253350
237.93004612,0.00052502
238.13545268,0.00195741
238.34087619,-0.00049647
238.54631664,-0.00095030
238.75177404,-0.00059102
238.95724838,0.00062809
239.16273965,-0.00227147
239.36824786,-0.00337058
239.57377300,-0.00120230
239.77931508,-0.00281778
239.98487407,0.00119705
240.19045000,-0.00020499
240.39604284,-0.00218730
240.60165260,-0.00185518
240.80727928,-0.00207723
241.01292287,-0.00128987
241.21858337,-0.00160607
241.42426077,0.00002998
241.62995508,-0.00016243
241.83566630,0.00073552
242.04139441,-0.00103873
242.24713941,0.00208253
242.45290131,-0.00205631
242.65868010,-0.00270848
242.86447578,-0.00165233
243.07028835,-0.00215568
243.27611779,-0.00006594
243.48196412,0.00113122
243.68782732,0.00020486
243.89370739,0.00030813
244.09960434,-0.00062593
244.30551816,0.00037598
244.51144884,0.00065859
244.71739638,-0.00285518
244.92336078,-0.00024006
245.12934204,-0.00019658
245.33534016,-0.00009528
245.54135512,0.00123217
245.74738694,-0.00228550
245.95343560,-0.00004521
246.15950110,-0.00173772
246.36558345,-0.00105195
246.57168263,0.00061293
246.77779865,-0.00180588
246.98393150,-0.00180238
247.19008118,-0.00011423
247.39624769,-0.00248425
247.60243102,-0.00194128
247.80863117,0.00152319
248.01484814,-0.00099135
248.22108192,-0.00011687
248.42733252,0.00067390
248.63359993,-0.00133993
248.83988415,-0.00039228
249.04618517,0.00049912
249.25250299,-0.00043824
249.45883761,-0.00143372
249.66518903,-0.00089000
249.87155724,0.00060240
250.07794224,-0.00282204
250.28434403,0.00003196
250.49076260,-0.00174527
250.69719796,-0.00007830
250.90365009,0.00014963
251.11011901,-0.00108798
251.31660469,-0.00252519
251.52310715,0.00095412
251.72962638,-0.00053609
251.93616237,0.00009591
252.14271513,-0.00002905
252.34928464,-0.00366190
252.55587091,-0.00061043
252.76247394,0.00030175
252.96909372,0.00174453
253.17573025,-0.00006883
253.38238352,-0.00215973
253.58905354,-0.00155783
253.79574030,-0.00119825
254.00244380,-0.00216779
254.20916403,-0.00486947
254.41590099,-0.00261387
254.62265469,-0.00111474
254.82942511,0.00039362
255.03621225,-0.00000746
255.24301612,0.00036636
255.44983670,-0.00019425
255.65667400,0.00013052
255.86352802,-0.00033872
256.07039874,-0.00108661
256.27728617,-0.00106847
256.48419031,-0.00265025
256.69111115,-0.00384144
256.89804868,-0.00097052
257.10500292,-0.00193074
257.31197384,-0.00045441
257.51896146,-0.00494573
257.72596577,0.00076319
257.93298676,-0.00289354
258.14002443,-0.00357034
258.34707878,-0.00199413
258.55414981,0.00243476
258.76123752,-0.00202848
258.96834190,-0.00046424
259.17546294,-0.00175500
259.38260065,-0.00009807
259.58975502,-0.00303573
259.79692606,-0.00017524
260.00411375,0.00057402
260.21131810,-0.00009148
260.41853909,-0.00164433
260.62577674,-0.00325008
260.83303103,-0.00120777
261.04030197,-0.00011666
261.24758955,-0.00234241
261.45489377,-0.00226032
261.66221462,0.00038450
261.86955210,-0.00152210
262.07690622,-0.00142917
262.28427696,-0.00072982
262.49166433,0.00278902
262.69906831,-0.00089481
262.90648892,-0.00100122
263.11392614,0.00054032
263.32137998,-0.00154344
263.52885042,-0.00321258
263.73633747,-0.00130629
263.94384113,-0.00219170
264.15136139,-0.00327724
264.35889825,-0.00329457
264.56645171,0.00020947
264.77402176,-0.00203619
264.98160840,-0.00086927
265.18921163,0.00018611
265.39683144,-0.00047812
265.60446784,-0.00433450
265.81212081,-0.00227780
266.01979037,-0.00059366
266.22747650,-0.00194852
266.43517920,-0.00176863
266.64289847,0.00165565
266.85063430,-0.00194665
267.05838670,0.00137842
267.26615566,-0.00093464
267.47394117,-0.00108068
267.68174324,-0.00116627
267.88956187,-0.00273772
268.09739704,-0.00197411
268.30524876,-0.00054030
268.51311702,-0.00259771
268.72100183,0.00124570
268.92890317,0.00008953
269.13682105,0.00136149
269.34475546,-0.00059943
269.55270640,0.00210513
269.76067387,-0.00057369
269.96865786,0.00161243
270.17665838,0.00261242
270.38467541,-0.00034003
270.59270896,-0.00084698
270.80075902,-0.00117762
271.00882560,-0.00013673
271.21690868,0.00087487
271.42500826,-0.00026580
271.63312435,-0.00036628
271.84125694,-0.00010846
272.04940602,-0.00124087
272.25757160,-0.00086238
272.46575367,-0.00179650
272.67395223,-0.00144868
272.88216727,0.00169584
273.09039880,-0.00147229
273.29864681,-0.00069597
273.50691129,0.00266634
273.71519225,-0.00168284
273.92348968,0.00120881
274.13180358,-0.00007369
274.34013395,-0.00200963
274.54848077,-0.00241411
274.75684406,0.00047054
274.96522381,-0.00206320
275.17362001,0.00216188
275.38203267,0.00332048
275.59046177,0.00128669
275.79890732,-0.00151374
276.00736932,-0.00099074
276.21584776,-0.00022541
276.42434263,0.00150485
276.63285394,0.00176957
276.84138169,-0.00121350
277.04992586,-0.00187059
277.25848646,0.00030616
277.46706349,0.00123192
277.67565694,0.00087026
277.88426680,0.00092220
278.09289309,0.00023141
278.30153578,0.00063468
278.51019489,-0.00171213
278.71887041,-0.00353917
278.92756233,-0.00355002
279.13627065,-0.00242085
279.34499537,0.00093086
279.55373649,-0.00252367
279.76249401,-0.00030872
279.97126791,-0.00275591
280.18005820,0.00001833
280.38886488,-0.00093109
280.59768795,0.00234466
280.80652739,-0.00352027
281.01538321,-0.00163521
281.22425540,-0.00145303
281.43314397,0.00075680
281.64204891,-0.00066855
281.85097021,-0.00183000
282.05990788,0.00046978
282.26886190,-0.00159751
282.47783229,0.00117673
282.68681903,-0.00055829
282.89582212,0.00118585
283.10484156,-0.00136572
283.31387735,-0.00175951
283.52292949,-0.00115386
283.73199796,0.00122791
283.94108277,0.00173901
284.15018392,-0.00064524
284.35930141,-0.00201085
284.56843522,0.00090765
284.77758536,-0.00060405
284.98675183,0.00034781
285.19593461,-0.00151973
285.40513372,-0.00328084
285.61434914,-0.00043718
285.82358088,0.00076045
286.03282893,0.00085364
286.24209328,-0.00183547
286.45137395,0.00012546
286.66067091,0.00082277
286.86998417,-0.00205930
287.07931373,0.00107072
287.28865959,-0.00066622
287.49802174,0.00078482
287.70740017,0.00033595
287.91679489,0.00114364
288.12620590,-0.00025404
288.33563318,-0.00213216
288.54507675,0.00023683
288.75453658,0.00008340
288.96401269,-0.00248597
289.17350507,-0.00012842
289.38301372,-0.00070839
289.59253863,0.00005471
289.80207980,-0.00203163
290.01163723,-0.00188984
290.22121091,-0.00042836
290.43080085,-0.00036760
290.64040703,0.00122791
290.85002947,0.00209610
291.05966815,-0.00082990
291.26932307,-0.00198450
291.47899422,-0.00203305
291.68868162,-0.00227562
291.89838525,-0.00096880
292.10810511,-0.00211453
292.31784119,-0.00100913
292.52759350,0.00127849
292.73736204,0.00088703
292.94714679,-0.00048663
293.15694776,0.00050004
293.36676494,-0.00085974
293.57659834,-0.00138366
293.78644794,0.00132085
293.99631375,0.00207229
294.20619576,-0.00118816
294.41609397,-0.00107228
294.62600838,0.00051544
294.83593898,-0.00191320
295.04588578,0.00246587
295.25584876,0.00015211
295.46582793,-0.00131824
295.67582328,-0.00120230
295.88583481,-0.00031166
296.09586253,-0.00019156
296.30590641,-0.00201607
296.51596647,-0.00123711
296.72604270,0.00527285
296.93613509,-0.00296712
297.14624365,0.00007914
297.35636837,0.00091602
297.56650925,0.00028219
297.77666629,-0.00156994
297.98683947,-0.00074659
298.19702881,-0.00256076
298.40723429,-0.00358326
298.61745592,-0.00124907
298.82769369,-0.00008307
299.03794760,-0.00349919
299.24821765,-0.00047376
299.45850383,-0.00112538
299.66880614,0.00133083
299.87912458,-0.00093474
300.08945914,-0.00104095
300.29980983,-0.00103928
300.51017663,-0.00191543
300.72055955,0.00005714
300.93095859,-0.00145719
301.14137374,0.00070537
301.35180499,0.00069680
301.56225235,0.00055897
301.77271582,0.00068069
301.98319538,-0.00417939
302.19369105,0.00185070
302.40420280,-0.00054040
302.61473065,0.00121565
302.82527459,-0.00072232
303.03583461,-0.00031074
303.24641072,0.00070694
303.45700291,-0.00082478
303.66761117,0.00007579
303.87823552,-0.00288553
304.08887593,-0.00099028
304.29953241,0.00301118
304.51020496,0.00034411
304.72089358,-0.00411746
304.93159825,-0.00417564
305.14231899,0.00131847
305.35305578,-0.00278150
305.56380862,-0.00147680
305.77457752,-0.00358377
305.98536246,-0.00140621
306.19616344,-0.00004471
306.40698047,0.00226384
306.61781354,-0.00234408
306.82866264,-0.00265152
307.03952778,-0.00015472
307.25040895,-0.00180653
307.46130614,0.00026040
307.67221937,-0.00171497
307.88314861,0.00106540
308.09409387,-0.00244138
308.30505515,0.00097110
308.51603245,-0.00154090
308.72702576,0.00252820
308.93803507,-0.00073002
309.14906039,0.00051645
309.36010172,-0.00017661
309.57115904,0.00038161
309.78223236,-0.00048734
309.99332168,-0.00140510
310.20442699,-0.00160632
310.41554829,-0.00067235
310.62668557,0.00056703
310.83783884,-0.00076316
311.04900809,-0.00117848
311.26019332,-0.00184028
311.47139452,0.00058162
311.68261169,-0.00166191
311.89384484,-0.00175196
312.10509395,-0.00059629
312.31635903,-0.00216743
312.52764007,0.00212793
312.73893706,-0.00097918
312.95025002,-0.00023332
313.16157892,-0.00089420
313.37292378,-0.00530835
313.58428458,0.00043016
313.79566133,-0.00227694
314.00705402,-0.00063916
314.21846266,-0.00052697
314.42988722,0.00173992
314.64132772,0.00034533
314.85278416,0.00000181
315.06425652,-0.00116121
315.27574480,-0.00171000
315.48724901,0.00019787
315.69876914,0.00084062
315.91030518,-0.00000635
316.12185715,0.00008208
316.33342502,-0.00021279
316.54500880,-0.00172576
316.75660848,0.00042331
316.96822407,-0.00095116
317.17985556,0.00189965
317.39150295,-0.00021254
317.60316624,-0.00159690
317.81484541,-0.00115629
318.02654048,-0.00086704
318.23825143,0.00157457
318.44997826,-0.00176083
318.66172098,-0.00295556
318.87347957,0.00099628
319.08525404,0.00003419
319.29704439,0.00358602
319.50885060,-0.00500050
319.72067268,0.00071823
319.93251063,-0.00029808
320.14436443,-0.00146626
320.35623410,-0.00322809
320.56811962,-0.00248668
320.78002100,0.00071500
320.99193822,0.00071474
321.20387130,0.00006510
321.41582021,-0.00071462
321.62778498,-0.00121355
321.83976558,-0.00128525
322.05176201,-0.00271415
322.26377428,0.00219938
322.47580239,-0.00121477
322.68784632,-0.00081024
322.89990607,0.00051432
323.11198165,-0.00025065
323.32407305,-0.00231150
323.53618027,0.00072107
323.74830330,0.00022609
323.96044215,-0.00174760
324.17259680,-0.00014814
324.38476726,-0.00169014
324.59695352,-0.00065087
324.80915558,0.00057843
325.02137344,-0.00208863
325.23360710,0.00047870
325.44585655,-0.00252752
325.65812178,-0.00106047
325.87040281,-0.00005900
326.08269962,-0.00120473
326.29501221,0.00109049
326.50734058,0.00004838
326.71968472,-0.00077370
326.93204464,-0.00115472
327.14442032,-0.00252823
327.35681178,-0.00160719
327.56921900,-0.00221588
327.78164198,0.00100399
327.99408072,-0.00085280
328.20653522,0.00053743
328.41900547,0.00259555
328.63149147,0.00070324
328.84399322,-0.00048385
329.05651071,-0.00245876
329.26904395,-0.00107607
329.48159293,0.00096892
329.69415764,-0.00081353
329.90673809,-0.00076565
330.11933427,0.00227458
330.33194617,0.00057006
330.54457381,-0.00236709
330.75721716,0.00101377
330.96987624,-0.00267696
331.18255104,-0.00099317
331.39524154,-0.00268674
331.60794777,-0.00052738
331.82066970,-0.00158210
332.03340733,-0.00226665
332.24616067,-0.00016830
332.45892971,-0.00084444
332.67171445,-0.00012016
332.88451489,-0.00261873
333.09733102,0.00084842
333.31016283,-0.00075470
333.52301034,-0.00121345
333.73587352,0.00225740
333.94875239,0.00057093
334.16164694,0.00220187
334.37455717,-0.00249671
334.58748306,-0.00246104
334.80042463,0.00129870
335.01338187,0.00038232
335.22635477,-0.00015893
335.43934333,0.00072756
335.65234755,-0.00041721
335.86536743,0.00075604
336.07840296,-0.00083983
336.29145415,0.00042139
336.50452098,0.00095149
336.71760345,-0.00059690
336.93070157,-0.00130877
337.14381533,0.00196258
337.35694473,0.00023375
337.57008976,-0.00083248
337.78325042,-0.00226650
337.99642671,0.00002046
338.20961863,-0.00095040
338.42282617,-0.00064068
338.63604933,0.00201295
338.84928810,-0.00179964
339.06254250,-0.00239481
339.27581250,-0.00011134
339.48909812,-0.00329361
339.70239934,-0.00053939
339.91571616,-0.00124218
340.12904859,0.00114268
340.34239661,0.00138364
340.55576023,0.00044809
340.76913945,-0.00005956
340.98253425,-0.00004820
341.19594464,0.00099745
341.40937061,-0.00012898
341.62281217,0.00091227
341.83626930,-0.00432042
342.04974201,0.00035328
342.26323030,0.00009054
342.47673415,-0.00084698
342.69025357,-0.00231039
342.90378856,-0.00248510
343.11733911,-0.00455518
343.33090522,0.00070020
343.54448688,-0.00086679
343.75808410,0.00154265
343.97169687,0.00011780
344.18532519,0.00190162
344.39896906,-0.00279042
344.61262847,0.00190781
344.82630341,-0.00296332
345.03999390,-0.00266860
345.25369992,0.00234441
345.46742147,-0.00247498
345.68115855,-0.00306710
345.89491115,-0.00247913
346.10867928,0.00120957
346.32246293,-0.00120159
346.53626210,0.00010889
346.75007679,0.00006247
346.96390698,-0.00051126
347.17775269,-0.00143170
347.39161390,0.00033484
347.60549061,-0.00300127
347.81938283,-0.00065497
348.03329055,-0.00126792
348.24721376,-0.00069891
348.46115246,0.00138236
348.67510665,0.00069255
348.88907634,0.00175046
349.10306150,0.00046381
349.31706215,-0.00150148
349.53107828,0.00030322
349.74510988,-0.00032301
349.95915696,0.00113518
350.17321950,-0.00043302
350.38729752,-0.00432507
350.60139100,0.00209023
350.81549994,0.00037472
351.02962435,0.00171965
351.24376421,-0.00170240
351.45791952,0.00024733
351.67209028,-0.00062786
351.88627650,-0.00098116
352.10047816,-0.00010486
352.31469526,-0.00222845
352.52892780,-0.00136973
352.74317578,-0.00317422
352.95743919,-0.00155337
353.17171804,-0.00151866
353.38601232,0.00182495
353.60032202,-0.00087849
353.81464714,0.00091540
354.02898769,0.00044561
354.24334365,0.00201397
354.45771503,0.00032172
354.67210182,-0.00018391
354.88650403,-0.00420295
355.10092164,-0.00070661
355.31535465,0.00121053
355.52980306,0.00092356
355.74426687,0.00059484
355.95874608,-0.00009913
356.17324069,0.00003328
356.38775068,0.00019077
356.60227606,-0.00270757
356.81681682,0.00145701
357.03137297,-0.00022440
357.24594449,-0.00341994
357.46053139,0.00075244
357.67513367,-0.00077396
357.88975132,-0.00213875
358.10438433,0.00110990
358.31903271,-0.00019501
358.53369645,-0.00073853
358.74837556,0.00009744
358.96307002,-0.00042892
359.17777983,-0.00164539
359.39250499,0.00055730
359.60724551,-0.00095248
359.82200137,-0.00232812
360.03677257,0.00161177
360.25155911,-0.00070757
360.46636100,0.00009718
360.68117821,0.00080991
360.89601076,-0.00043130
361.11085864,0.00015586
361.32572184,-0.00015634
361.54060037,-0.00373406
361.75549422,-0.00198172
361.97040338,-0.00093966
362.18532786,0.00067339
362.40026766,-0.00079514
362.61522276,-0.00164108
362.83019318,-0.00349448
363.04517889,-0.00031688
363.26017991,-0.00075814
363.47519623,-0.00054694
363.69022784,-0.00049348
363.90527474,0.00022569
364.12033694,-0.00297107
364.33541442,-0.00164919
364.55050719,-0.00336516
364.76561524,0.00182526
364.98073857,-0.00220184
365.19587718,0.00104448
365.41103106,-0.00149074
365.62620021,-0.00060491
365.84138463,-0.00054982
366.05658432,-0.00063197
366.27179927,-0.00005758
366.48702948,0.00025047
366.70227494,0.00261572
366.91753566,-0.00163804
367.13281163,0.00171327
367.34810285,0.00381142
367.56340932,0.00018424
367.77873103,-0.00121846
367.99406798,0.00040994
368.20942017,0.00003049
368.42478759,-0.00030178
368.64017025,0.00148351
368.85556813,-0.00007537
369.07098125,-0.00063318
369.28640958,-0.00040282
369.50185314,0.00018368
369.71731191,-0.00063957
369.93278590,0.00036890
370.14827511,0.00145463
370.36377952,0.00285105
370.57929914,0.00257229
370.79483397,-0.00163050
371.01038400,-0.00068006
371.22594922,-0.00012437
371.44152965,-0.00079883
371.65712526,0.00292944
371.87273607,0.00098944
372.08836206,-0.00041159
372.30400324,-0.00275723
372.51965960,0.00008598
372.73533114,0.00159312
372.95101786,0.00087659
373.16671976,0.00065003
373.38243682,0.00107614
373.59816905,-0.00028561
373.81391645,-0.00139618
374.02967901,0.00042838
374.24545673,0.00091708
374.46124961,0.00226034
374.67705764,0.00020577
374.89288082,-0.00064757
375.10871916,-0.00160754
375.32457264,0.00050130
375.54044126,0.00185911
375.75632503,-0.00133806
375.97222393,-0.00213769
376.18813797,0.00128335
376.40406713,-0.00215289
376.62001143,-0.00027375
376.83597086,0.00003070
377.05194541,-0.00073367
377.26793508,-0.00153766
377.48393987,-0.00091265
377.69995978,-0.00105813
377.91599480,-0.00043783
378.13204493,0.00323596
378.34811016,-0.00030538
378.56419050,0.00012733
378.78028595,-0.00279158
378.99639649,0.00217176
379.21252213,0.00092276
379.42866286,-0.00059158
379.64481868,0.00368534
379.86098960,-0.00190596
380.07717559,-0.00050559
380.29337667,-0.00123367
380.50959283,0.00167516
380.72582407,-0.00111935
380.94207038,0.00214338
381.15833176,0.00089777
381.37460821,0.00187933
381.59089972,-0.00031819
381.80720630,-0.00082686
382.02352794,0.00164775
382.23986464,-0.00230547
382.45621639,0.00097571
382.67258319,-0.00042284
382.88896505,-0.00140474
383.10536195,-0.00005383
383.32177389,0.00030616
383.53820087,0.00105932
383.75464289,0.00054073
383.97109995,-0.00038296
384.18757204,0.00286625
384.40405916,0.00019042
384.62056131,0.00082759
384.83707848,-0.00039714
385.05361067,0.00097125
385.27015788,0.00062353
385.48672011,0.00004230
385.70329735,0.00102785
385.91988960,-0.00003275
386.13649686,0.00123354
386.35311912,0.00063275
386.56975639,-0.00002834
386.78640865,0.00321488
387.00307592,0.00058360
387.21975817,0.00069599
387.43645542,0.00103925
387.65316765,0.00334081
387.86989487,-0.00128409
388.08663707,-0.00401768
388.30339426,0.00031619
388.52016641,0.00168980
388.73695355,-0.00085184
388.95375565,0.00007285
389.17057273,0.00242229
389.38740477,-0.00110749
389.60425177,0.00049025
389.82111374,-0.00203846
390.03799066,-0.00133856
390.25488253,0.00102370
390.47178936,0.00188287
390.68871114,0.00049770
390.90564787,0.00125219
391.12259954,-0.00094194
391.33956614,-0.00102697
391.55654769,-0.00010400
391.77354418,0.00055790
391.99055559,0.00286219
392.20758194,0.00160249
392.42462321,-0.00180704
392.64167941,-0.00034495
392.85875053,-0.00275307
393.07583657,-0.00064174
393.29293752,0.00025584
393.51005339,-0.00003863
393.72718417,-0.00076149
393.94432986,-0.00166744
394.16149045,0.00116766
394.37866594,0.00031026
394.59585634,0.00214485
394.81306163,0.00233508
395.03028181,0.00209479
395.24751689,-0.00049090
395.46476685,0.00187628
395.68203170,0.00268590
395.89931143,-0.00207496
396.11660604,0.00082688
396.33391553,0.00138617
396.55123990,0.00066559
396.76857913,0.00120166
396.98593324,0.00166153
397.20330221,0.00293912
397.42068604,0.00387992
397.63808474,0.00302086
397.85549829,-0.00158413
398.07292670,0.00104782
398.29036996,0.00075953
398.50782807,0.00426464
398.72530103,0.00162945
398.94278883,0.00343780
399.16029147,-0.00066612
399.37780895,0.00016478
399.59534127,0.00033043
399.81288841,0.00004554
400.03045039,0.00156697
400.24802720,0.00065904
400.46561883,0.00037305
400.68322529,0.00463567
400.90084656,0.00288033
401.11848265,0.00018717
401.33613355,0.00308810
401.55379926,0.00131092
401.77147978,0.00269699
401.98917511,0.00210406
402.20688524,0.00129202
402.42461017,0.00024479
402.64234989,0.00138323
402.86010441,0.00295356
403.07787372,0.00167663
403.29565782,-0.00011626
403.51345670,0.00166639
403.73127037,0.00305161
403.94909882,-0.00092800
404.16694205,0.00248883
404.38480005,0.00467510
404.60267282,0.00204072
404.82056036,0.00342776
405.03846267,-0.00004968
405.25637974,0.00132875
405.47431157,0.00221661
405.69225816,0.00442386
405.91021951,0.00023729
406.12819561,0.00054260
406.34618645,0.00419111
406.56419205,0.00249313
406.78221239,0.00097201
407.00024747,-0.00033624
407.21829729,0.00238378
407.43636184,0.00452469
407.65444113,-0.00064834
407.87253515,0.00283700
408.09064390,0.00257294
408.30876737,0.00401786
408.52690556,0.00315326
408.74505847,0.00275015
408.96322610,0.00209418
409.18140844,0.00007255
409.39960550,0.00051610
409.61781726,0.00085657
409.83604372,0.00348153
410.05428489,0.00468234
410.27254076,0.00245224
410.49081133,0.00089812
410.70909659,0.00299632
410.92739654,0.00208384
411.14571118,0.00280366
411.36404051,0.00352531
411.58238452,0.00048189
411.80074321,0.00362970
412.01911658,0.00174169
412.23750462,0.00027631
412.45590734,0.00394545
412.67432472,0.00312529
412.89275677,0.00337876
413.11120349,0.00303200
413.32966486,0.00326201
413.54814090,0.00342462
413.76663159,0.00602971
413.98513693,0.00265443
414.20365692,0.00460411
414.42219156,0.00232931
414.64074084,0.00249162
414.85930477,0.00469141
415.07788333,0.00312007
415.29647653,0.00084614
415.51508437,0.00439117
415.73370683,0.00302638
415.95234392,0.00199932
416.17099564,0.00134183
416.38966198,0.00240613
416.60834294,0.00418731
416.82703851,0.00162930
417.04574870,0.00364201
417.26447350,0.00245280
417.48321291,0.00355997
417.70196692,0.00461637
417.92073554,0.00378836
418.13951875,0.00175177
418.35831657,0.00156895
418.57712898,0.00511976
418.79595598,0.00193389
419.01479757,0.00001311
419.23365374,0.00391727
419.45252450,0.00348847
419.67140984,0.00148001
419.89030975,0.00110497
420.10922425,-0.00022319
420.32815331,0.00260512
420.54709694,0.00373971
420.76605514,0.00529747
420.98502791,0.00293268
421.20401523,0.00378608
421.42301712,0.00001027
421.64203356,0.00319633
421.86106455,0.00202380
422.08011009,0.00329748
422.29917018,0.00137674
422.51824482,0.00364510
422.73733399,0.00289918
422.95643771,0.00259357
423.17555596,0.00433746
423.39468875,0.00622354
423.61383606,0.00379383
423.83299790,0.00150201
424.05217427,0.00136671
424.27136516,0.00174250
424.49057057,0.00137076
424.70979050,0.00178811
424.92902494,0.00097247
425.14827390,0.00208364
425.36753736,0.00155552
425.58681532,0.00066234
425.80610779,-0.00005814
426.02541476,0.00233721
426.24473623,0.00246440
426.46407219,0.00175902
426.68342265,0.00344900
426.90278759,0.00088333
427.12216702,0.00261576
427.34156093,0.00080605
427.56096933,0.00260771
427.78039220,0.00118088
427.99982955,0.00441560
428.21928137,0.00521467
428.43874766,0.00516420
428.65822841,0.00197160
428.87772363,0.00286290
429.09723331,-0.00055292
429.31675745,0.00541549
429.53629605,0.00516167
429.75584910,0.00301832
429.97541660,0.00355171
430.19499854,0.00497331
430.41459494,0.00150175
430.63420577,0.00334161
430.85383104,0.00435180
431.07347075,0.00474746
431.29312489,0.00208039
431.51279347,0.00502677
431.73247647,0.00390232
431.95217390,0.00626600
432.17188574,0.00416025
432.39161201,0.00513881
432.61135270,0.00468042
432.83110780,0.00282388
433.05087731,0.00358748
433.27066123,0.00438854
433.49045956,0.00197292
433.71027229,0.00494265
433.93009942,0.00278258
434.14994095,0.00278730
434.36979687,0.00545208
434.58966718,0.00709583
434.80955189,0.00348143
435.02945098,0.00235044
435.24936445,0.00050925
435.46929230,0.00431709
435.68923454,0.00421209
435.90919115,0.00422212
436.12916213,0.00379408
436.34914748,0.00506361
436.56914720,0.00592638
436.78916128,0.00375319
437.00918972,0.00555338
437.22923252,0.00440719
437.44928968,0.00464996
437.66936119,0.00415154
437.88944706,0.00462310
438.10954727,0.00717499
438.32966182,0.00688189
438.54979072,0.00502986
438.76993395,0.00349541
438.99009153,0.00567960
439.21026343,0.01030591
439.43044967,0.00404963
439.65065024,0.00370180
439.87086513,0.00575029
440.09109434,0.00531860
440.31133788,0.00747026
440.53159573,0.00738589
440.75186789,0.00797538
440.97215437,0.00832634
441.19245516,0.00727238
441.41277025,0.00976634
441.63309964,0.00612614
441.85344334,0.00833480
442.07380133,0.00575592
442.29417362,0.00929629
442.51456020,0.00897436
442.73496107,0.01032547
442.95537623,0.00877759
443.17580567,0.01257736
443.39624939,0.00784666
443.61670739,0.00949285
443.83717967,0.01027556
444.05766622,0.01161659
444.27816704,0.01181122
444.49868212,0.00954642
444.71921147,0.01474357
444.93975509,0.01101195
445.16031296,0.01000435
445.38088508,0.01433047
445.60147147,0.01209226
445.82207210,0.01167041
446.04268698,0.01461952
446.26331610,0.01073724
446.48395947,0.01311902
446.70461707,0.00930202
446.92528892,0.01534628
447.14597499,0.01405364
447.36667530,0.01342737
447.58738984,0.01392118
447.80811860,0.01245529
448.02886158,0.01710380
448.24961879,0.01203541
448.47039021,0.01035684
448.69117585,0.01159089
448.91197570,0.01208841
449.13278975,0.01314228
449.35361802,0.01252162
449.57446049,0.01286524
449.79531715,0.01688165
450.01618802,0.01335957
450.23707308,0.01392914
450.45797234,0.01201853
450.67888578,0.01013859
450.89981341,0.01210605
451.12075522,0.01160889
451.34171122,0.01640875
451.56268139,0.01500788
451.78366574,0.01097465
452.00466426,0.01540622
452.22567696,0.01764789
452.44670382,0.01406383
452.66774484,0.01512697
452.88880003,0.01590359
453.10986938,0.01466588
453.33095288,0.01930076
453.55205053,0.01638656
453.77316234,0.01489438
453.99428830,0.01632206
454.21542840,0.01823271
454.43658264,0.01882808
454.65775102,0.01722927
454.87893354,0.01774300
455.10013019,0.01679910
455.32134098,0.01753250
455.54256589,0.01739162
455.76380493,0.01785443
455.98505809,0.01847148
456.20632537,0.01837596
456.42760677,0.01943059
456.64890229,0.02180384
456.87021191,0.01841797
457.09153565,0.02171055
457.31287349,0.02092972
457.53422544,0.01767413
457.75559149,0.01822364
457.97697163,0.02010713
458.19836587,0.02124314
458.41977420,0.02069870
458.64119663,0.01855996
458.86263313,0.02273421
459.08408373,0.01991948
459.30554840,0.01869419
459.52702716,0.02170289
459.74851999,0.01829175
459.97002689,0.01854962
460.19154786,0.02162025
460.41308290,0.01884946
460.63463201,0.02302650
460.85619518,0.02165441
461.07777241,0.02262536
461.29936369,0.02525954
461.52096903,0.02183520
461.74258841,0.02263742
461.96422185,0.02452102
462.18586933,0.02414598
462.40753086,0.02321231
462.62920642,0.02436398
462.85089602,0.02698554
463.07259966,0.02784491
463.29431733,0.02703545
463.51604902,0.02324034
463.73779475,0.02533661
463.95955449,0.02513072
464.18132826,0.02827974
464.40311604,0.02725705
464.62491784,0.02995416
464.84673365,0.02766730
465.06856347,0.03119019
465.29040730,0.02723647
465.51226513,0.02903869
465.73413696,0.03013268
465.95602279,0.03003194
466.17792261,0.03201785
466.39983643,0.02976575
466.62176424,0.03074011
466.84370603,0.02895213
467.06566181,0.03160029
467.28763157,0.03021502
467.50961531,0.03260232
467.73161303,0.02988783
467.95362472,0.03323655
468.17565038,0.03037536
468.39769001,0.03113187
468.61974360,0.03079732
468.84181116,0.03279660
469.06389267,0.02978237
469.28598814,0.02892518
469.50809757,0.02822380
469.73022094,0.03055915
469.95235827,0.03222008
470.17450954,0.03081156
470.39667475,0.02822654
470.61885390,0.03013988
470.84104699,0.02804730
471.06325402,0.02928592
471.28547498,0.02788834
471.50770986,0.02578122
471.72995867,0.02755906
471.95222141,0.02811146
472.17449806,0.02720800
472.39678864,0.02892589
472.61909313,0.02695113
472.84141153,0.02902359
473.06374384,0.02495731
473.28609005,0.02534695
473.50845017,0.02931096
473.73082420,0.02662519
473.95321212,0.02726049
474.17561393,0.02590938
474.39802964,0.02529694
474.62045924,0.02452127
474.84290273,0.02528878
475.06536010,0.02584689
475.28783136,0.02377865
475.51031649,0.02302999
475.73281550,0.02294963
475.95532838,0.02493482
476.17785513,0.02356607
476.40039575,0.02414041
476.62295024,0.02776439
476.84551859,0.02587472
477.06810080,0.02405806
477.29069686,0.02495914
477.51330678,0.02517750
477.73593055,0.02461664
477.95856817,0.02440077
478.18121963,0.02301200
478.40388494,0.02311877
478.62656409,0.02172534
478.84925707,0.02481665
479.07196389,0.02750702
479.29468455,0.02284802
479.51741903,0.02126639
479.74016733,0.02674884
479.96292946,0.02525878
480.18570542,0.02470653
480.40849519,0.02052479
480.63129877,0.02209927
480.85411617,0.02233318
481.07694738,0.02190180
481.29979239,0.02052590
481.52265121,0.01924715
481.74552383,0.02209983
481.96841025,0.02208665
482.19131046,0.02121014
482.41422447,0.02515890
482.63715227,0.02333120
482.86009385,0.02446700
483.08304922,0.02223351
483.30601837,0.02225606
483.52900130,0.02428559
483.75199801,0.02403303
483.97500849,0.02087636
484.19803274,0.02156694
484.42107076,0.02317031
484.64412255,0.02174262
484.86718810,0.02516199
485.09026741,0.02798837
485.31336047,0.02492154
485.53646729,0.02520770
485.75958786,0.02812605
485.98272218,0.02922790
486.20587024,0.02793785
486.42903205,0.02738130
486.65220760,0.02414978
486.87539689,0.02655460
487.09859991,0.02608871
487.32181666,0.02514806
487.54504715,0.02708045
487.76829136,0.02479334
487.99154929,0.02793962
488.21482094,0.02648711
488.43810631,0.02404002
488.66140540,0.02927052
488.88471820,0.02888459
489.10804471,0.02694033
489.33138493,0.02777356
489.55473885,0.02984866
489.77810647,0.03114104
490.00148780,0.02948887
490.22488281,0.03285224
490.44829153,0.03178282
490.67171393,0.03749289
490.89515002,0.03686018
491.11859979,0.03447821
491.34206325,0.03758922
491.56554038,0.03626877
491.78903120,0.03855066
492.01253568,0.04049081
492.23605384,0.03733859
492.45958567,0.03847728
492.68313116,0.04000403
492.90669031,0.03863599
493.13026312,0.03885141
493.35384960,0.03805710
493.57744972,0.03630394
493.80106350,0.03536125
494.02469092,0.03646087
494.24833200,0.03303142
494.47198671,0.03438568
494.69565507,0.03450679
494.91933706,0.03205149
495.14303269,0.03345034
495.36674195,0.03523999
495.59046484,0.03022754
495.81420136,0.03196555
496.03795150,0.03393869
496.26171526,0.03495353
496.48549264,0.03383932
496.70928364,0.03608016
496.93308825,0.02861353
497.15690647,0.03282624
497.38073830,0.03192035
497.60458373,0.03131981
497.82844276,0.02924588
498.05231539,0.03165659
498.27620162,0.02706129
498.50010144,0.03157151
498.72401485,0.02846516
498.94794185,0.03067494
499.17188244,0.02733503
499.39583661,0.03084201
499.61980435,0.02810523
499.84378568,0.02832661
500.06778058,0.03082291
500.29178904,0.02980214
500.51581108,0.02831492
500.73984668,0.02934435
500.96389585,0.02872532
501.18795858,0.02726926
501.41203486,0.02695265
501.63612470,0.02883685
501.86022809,0.02733371
502.08434503,0.02535946
502.30847551,0.03072136
502.53261954,0.02959665
502.75677711,0.02841089
502.98094822,0.02969643
503.20513286,0.02538338
503.42933104,0.03025947
503.65354274,0.02957228
503.87776797,0.02997737
504.10200673,0.03227679
504.32625901,0.03269672
504.55052480,0.03552184
504.77480411,0.03632289
504.99909694,0.03597288
505.22340327,0.03580216
505.44772312,0.04086376
505.67205646,0.04020475
505.89640331,0.03812591
506.12076366,0.04387981
506.34513750,0.04302221
506.56952484,0.04308500
506.79392567,0.04247924
507.01833999,0.04466485
507.24276779,0.04402565
507.46720907,0.04756395
507.69166384,0.04756881
507.91613208,0.04563044
508.14061380,0.04156985
508.36510898,0.04527583
508.58961764,0.04313298
508.81413976,0.04315837
509.03867534,0.04423742
509.26322439,0.04262513
509.48778689,0.04204081
509.71236285,0.04083244
509.93695226,0.04147342
510.16155512,0.04460729
510.38617142,0.03890578
510.61080117,0.03976262
510.83544436,0.04055364
511.06010099,0.04005420
511.28477105,0.03315912
511.50945454,0.03919679
511.73415147,0.03945949
511.95886182,0.04048508
512.18358560,0.04117981
512.40832280,0.04262052
512.63307341,0.04102627
512.85783745,0.04199054
513.08261489,0.03955131
513.30740575,0.03952907
513.53221001,0.03927316
513.75702768,0.03684842
513.98185875,0.03556334
514.20670322,0.03562475
514.43156109,0.03119622
514.65643235,0.03206416
514.88131700,0.03189998
515.10621504,0.03024249
515.33112647,0.02952987
515.55605128,0.03146687
515.78098946,0.03014596
516.00594103,0.03057521
516.23090597,0.02727331
516.45588428,0.03122252
516.68087596,0.03382462
516.90588100,0.03539302
517.13089941,0.03285467
517.35593118,0.03926440
517.58097631,0.03667365
517.80603479,0.03817268
518.03110663,0.03971342
518.25619181,0.03769630
518.48129034,0.04044307
518.70640222,0.04116061
518.93152743,0.04485675
519.15666598,0.04583415
519.38181787,0.04753912
519.60698310,0.04837528
519.83216165,0.05066858
520.05735353,0.05115941
520.28255873,0.05209388
520.50777726,0.05254959
520.73300910,0.05560912
520.95825426,0.05773605
521.18351273,0.05921531
521.40878452,0.06044466
521.63406961,0.05964640
521.85936801,0.06126092
522.08467971,0.05729737
522.31000471,0.05727239
522.53534300,0.05858296
522.76069459,0.05940195
522.98605947,0.05708352
523.21143764,0.05983921
523.43682910,0.06025032
523.66223383,0.05877749
523.88765185,0.06153344
524.11308315,0.05933647
524.33852772,0.05755666
524.56398556,0.06221936
524.78945667,0.06308172
525.01494104,0.06504787
525.24043868,0.06580012
525.46594959,0.06672800
525.69147374,0.06829012
525.91701116,0.06798137
526.14256182,0.06938904
526.36812574,0.07053903
526.59370290,0.07341314
526.81929331,0.07582308
527.04489696,0.07905019
527.27051384,0.07645792
527.49614396,0.08383222
527.72178732,0.08293646
527.94744390,0.08497988
528.17311372,0.08901362
528.39879675,0.09152911
528.62449301,0.09222811
528.85020249,0.09807753
529.07592518,0.09925924
529.30166109,0.10054778
529.52741021,0.10510248
529.75317254,0.10791984
529.97894807,0.10513315
530.20473680,0.10126947
530.43053874,0.10363442
530.65635387,0.10576828
530.88218219,0.10981884
531.10802371,0.10877689
531.33387841,0.10980202
531.55974630,0.11200273
531.78562738,0.10996914
532.01152163,0.11011381
532.23742906,0.10751562
532.46334967,0.10971557
532.68928344,0.10749854
532.91523039,0.10526484
533.14119051,0.09894025
533.36716378,0.10182030
533.59315022,0.09522171
533.81914982,0.10029993
534.04516257,0.09596387
534.27118847,0.09956764
534.49722752,0.09488742
534.72327973,0.09707683
534.94934507,0.09617853
535.17542356,0.09508078
535.40151518,0.09208627
535.62761994,0.09777268
535.85373784,0.09186432
536.07986886,0.08973632
536.30601301,0.09135854
536.53217029,0.08856601
536.75834069,0.08997814
536.98452420,0.08932658
537.21072084,0.09079804
537.43693059,0.09211130
537.66315345,0.09091043
537.88938941,0.08932374
538.11563848,0.08549351
538.34190066,0.08933483
538.56817593,0.08157481
538.79446431,0.08475808
539.02076577,0.08369500
539.24708033,0.08449539
539.47340798,0.08554064
539.69974871,0.08519398
539.92610252,0.08651484
540.15246942,0.08800040
540.37884939,0.09002385
540.60524244,0.08891272
540.83164856,0.08973080
541.05806775,0.09153256
541.28450001,0.09700897
541.51094533,0.09352484
541.73740371,0.09542734
541.96387515,0.09729872
542.19035965,0.09703948
542.41685719,0.10191692
542.64336779,0.10089418
542.86989144,0.10176110
543.09642813,0.10844300
543.32297786,0.10870215
543.54954063,0.11379035
543.77611643,0.11467369
544.00270527,0.12304910
544.22930714,0.12989168
544.45592204,0.13032758
544.68254996,0.13414204
544.90919091,0.13624333
545.13584487,0.13557474
545.36251185,0.13894551
545.58919184,0.14030306
545.81588485,0.13867937
546.04259086,0.13187105
546.26930988,0.13198289
546.49604191,0.13263551
546.72278693,0.13022704
546.94954495,0.13108105
547.17631596,0.13227299
547.40309997,0.13136715
547.62989696,0.13438214
547.85670694,0.13785101
548.08352991,0.13880113
548.31036585,0.14340333
548.53721477,0.14172056
548.76407667,0.14623802
548.99095154,0.15132612
549.21783938,0.15357295
549.44474018,0.15573054
549.67165395,0.16000922
549.89858069,0.15346790
550.12552038,0.15331446
550.35247302,0.15785377
550.57943862,0.15478588
550.80641717,0.15673307
551.03340866,0.15582971
551.26041310,0.15473875
551.48743048,0.15538170
551.71446081,0.15862705
551.94150406,0.16145480
552.16856025,0.16412845
552.39562937,0.16771214
552.62271142,0.16942451
552.84980640,0.16251206
553.07691429,0.16328427
553.30403511,0.16810877
553.53116884,0.17029103
553.75831549,0.16565758
553.98547505,0.16575218
554.21264752,0.17530794
554.43983289,0.17723729
554.66703116,0.18098710
554.89424234,0.18098482
555.12146641,0.18000084
555.34870338,0.18528905
555.57595324,0.18878234
555.80321599,0.19867807
556.03049162,0.20662149
556.25778014,0.21437873
556.48508154,0.22039395
556.71239582,0.23067176
556.93972297,0.23400107
557.16706300,0.24875794
557.39441589,0.25620500
557.62178165,0.26043139
557.84916028,0.26627114
558.07655177,0.28226068
558.30395611,0.28426818
558.53137331,0.30120274
558.75880337,0.30771488
558.98624627,0.30802682
559.21370202,0.31574191
559.44117062,0.31930894
559.66865206,0.32182332
559.89614634,0.33275375
560.12365345,0.33011364
560.35117340,0.33140131
560.57870618,0.32893406
560.80625179,0.32713261
561.03381022,0.34063483
561.26138148,0.34115895
561.48896555,0.34861281
561.71656244,0.35707543
561.94417215,0.35912878
562.17179467,0.36178525
562.39942999,0.36477845
562.62707812,0.36554758
562.85473906,0.36980427
563.08241279,0.38539137
563.31009933,0.37878888
563.53779866,0.37852548
563.76551078,0.37105211
563.99323568,0.36854001
564.22097338,0.35632363
564.44872386,0.34890201
564.67648712,0.36265740
564.90426316,0.36850115
565.13205197,0.37879922
565.35985356,0.38353828
565.58766792,0.37861385
565.81549504,0.37442227
566.04333493,0.37769498
566.27118758,0.38283174
566.49905298,0.38610622
566.72693115,0.38399809
566.95482207,0.38912577
567.18272573,0.39558668
567.41064215,0.39826569
567.63857131,0.38006733
567.86651321,0.37707271
568.09446785,0.36669204
568.32243523,0.34256429
568.55041534,0.33853182
568.77840819,0.32963827
569.00641376,0.32496479
569.23443206,0.32963392
569.46246308,0.33250990
569.69050682,0.31977731
569.91856327,0.31854062
570.14663244,0.31087788
570.37471433,0.29807055
570.60280892,0.28704900
570.83091622,0.29656640
571.05903622,0.29378416
571.28716892,0.29149086
571.51531432,0.28172882
571.74347241,0.27411467
571.97164320,0.27424618
572.19982667,0.26878856
572.42802284,0.27303188
572.65623168,0.26110860
572.88445321,0.25829362
573.11268742,0.25480782
573.34093430,0.26112269
573.56919385,0.26907943
573.79746608,0.27453725
574.02575097,0.28199617
574.25404853,0.27788815
574.48235874,0.28098026
574.71068162,0.28431622
574.93901715,0.27835212
575.16736534,0.27406633
575.39572618,0.28035287
575.62409966,0.27721196
575.85248579,0.27609734
576.08088456,0.26933847
576.30929597,0.26915909
576.53772002,0.26636139
576.76615671,0.26121081
576.99460602,0.26432238
577.22306796,0.26549639
577.45154253,0.26045192
577.68002972,0.25290224
577.90852953,0.24613258
578.13704196,0.23762628
578.36556700,0.23091530
578.59410465,0.22305114
578.82265492,0.21670156
579.05121779,0.20726084
579.27979326,0.20338455
579.50838133,0.20163565
579.73698201,0.19498562
579.96559527,0.20380347
580.19422113,0.20945668
580.42285958,0.21643649
580.65151062,0.22113288
580.88017424,0.23539618
581.10885044,0.23031334
581.33753922,0.23202125
581.56624057,0.23204390
581.79495450,0.23611518
582.02368100,0.23471234
582.25242007,0.23155080
582.48117170,0.22945376
582.70993589,0.23445638
582.93871264,0.23395075
583.16750195,0.22822589
583.39630381,0.22735420
583.62511822,0.22271497
583.85394518,0.21303075
584.08278469,0.21669406
584.31163674,0.20960470
584.54050133,0.20737865
584.76937845,0.19600275
584.99826811,0.19592765
585.22717030,0.18598034
585.45608502,0.18984356
585.68501226,0.18932263
585.91395203,0.18377476
586.14290432,0.17812965
586.37186912,0.17964708
586.60084644,0.16957055
586.82983628,0.17283146
587.05883862,0.16531639
587.28785347,0.16187873
587.51688082,0.15622344
587.74592067,0.15953512
587.97497302,0.15962071
588.20403787,0.16577945
588.43311520,0.16983289
588.66220503,0.17372550
588.89130735,0.17887147
589.12042215,0.17721717
589.34954943,0.18045984
589.57868919,0.18354876
589.80784142,0.19407598
590.03700613,0.19814295
590.26618331,0.20007393
590.49537296,0.20458151
590.72457507,0.20253333
590.95378964,0.21667151
591.18301667,0.22000123
591.41225616,0.22281966
591.64150811,0.21942107
591.87077250,0.21583585
592.10004934,0.22192379
592.32933863,0.22435208
592.55864036,0.23041722
592.78795453,0.23733977
593.01728114,0.23298668
593.24662018,0.22059695
593.47597165,0.22534762
593.70533555,0.22559719
593.93471188,0.22535988
594.16410063,0.21937095
594.39350180,0.22484083
594.62291539,0.22666899
594.85234140,0.23243510
595.08177981,0.24085926
595.31123064,0.24284750
595.54069387,0.24447048
595.77016951,0.24282920
595.99965755,0.23746812
596.22915798,0.23578920
596.45867081,0.23832162
596.68819604,0.23524430
596.91773365,0.24105355
597.14728365,0.23501369
597.37684603,0.23951094
597.60642080,0.24089423
597.83600795,0.23371294
598.06560747,0.23113030
598.29521936,0.23144874
598.52484363,0.23213896
598.75448026,0.23297032
598.98412926,0.23482868
599.21379062,0.23267829
599.44346434,0.22436455
599.67315042,0.22140368
599.90284885,0.21826161
600.13255963,0.21429440
600.36228276,0.20985270
600.59201824,0.21016434
600.82176606,0.20786167
601.05152622,0.20700630
601.28129871,0.20639229
601.51108354,0.20591985
601.74088070,0.19453889
601.97069019,0.19130950
602.20051201,0.18495491
602.43034615,0.18601607
602.66019261,0.17934618
602.89005139,0.18464503
603.11992249,0.18615912
603.34980589,0.19051377
603.57970161,0.19388175
603.80960963,0.19309859
604.03952996,0.18284029
604.26946259,0.18021022
604.49940751,0.17764339
604.72936474,0.17978441
604.95933425,0.18020769
605.18931606,0.18406735
605.41931015,0.18105880
605.64931653,0.19199901
605.87933519,0.19605864
606.10936612,0.19875823
606.33940934,0.19462868
606.56946483,0.19559786
606.79953259,0.19198113
607.02961261,0.18529716
607.25970490,0.17975654
607.48980946,0.18853409
607.71992627,0.18299317
607.95005534,0.18469120
608.18019667,0.18982769
608.41035024,0.19555028
608.64051607,0.19613070
608.87069414,0.19958011
609.10088445,0.19957409
609.33108700,0.19566860
609.56130179,0.19127702
609.79152882,0.18589602
610.02176808,0.18483035
610.25201956,0.17245957
610.48228328,0.17083410
610.71255921,0.17366428
610.94284737,0.16162607
611.17314775,0.16314420
611.40346034,0.15655297
611.63378514,0.15456909
611.86412215,0.15831109
612.09447137,0.15820762
612.32483280,0.15353022
612.55520642,0.15541848
612.78559225,0.16077941
613.01599027,0.16312424
613.24640048,0.16373678
613.47682288,0.16068962
613.70725747,0.16738033
613.93770425,0.16876540
614.16816321,0.16725344
614.39863434,0.16677883
614.62911766,0.16606200
614.85961314,0.16488313
615.09012080,0.17017499
615.32064063,0.17446229
615.55117262,0.17386966
615.78171677,0.17888926
616.01227308,0.18267843
616.24284156,0.18796761
616.47342218,0.19459245
616.70401496,0.19879365
616.93461988,0.20365550
617.16523695,0.21317380
617.39586617,0.22702335
617.62650752,0.23303619
617.85716101,0.23684089
618.08782664,0.24459701
618.31850440,0.24686041
618.54919429,0.25937069
618.77989630,0.26707513
619.01061044,0.27163187
619.24133670,0.26927397
619.47207508,0.27416667
619.70282557,0.28507217
619.93358818,0.28827454
620.16436289,0.29685230
620.39514972,0.30695730
620.62594864,0.30444784
620.85675967,0.30658292
621.08758280,0.31113860
621.31841802,0.31952450
621.54926534,0.32301633
621.78012475,0.32613363
622.01099624,0.33388301
622.24187982,0.33787996
622.47277549,0.34540202
622.70368323,0.35698583
622.93460305,0.36418389
623.16553494,0.34914149
623.39647890,0.34695365
623.62743493,0.34955726
623.85840303,0.33127047
624.08938319,0.33634849
624.32037541,0.32341974
624.55137968,0.30921163
624.78239602,0.29167151
625.01342440,0.28827414
625.24446483,0.27442921
625.47551731,0.25707451
625.70658183,0.24793089
625.93765839,0.23707353
626.16874699,0.23014961
626.39984763,0.22057745
626.63096029,0.21766107
626.86208499,0.22153016
627.09322171,0.20948293
627.32437046,0.20396005
627.55553123,0.18888607
627.78670401,0.18041256
628.01788882,0.17827448
628.24908563,0.17427110
628.48029446,0.17319601
628.71151529,0.17718089
628.94274813,0.17318891
629.17399296,0.17150776
629.40524980,0.16128666
629.63651863,0.15849058
629.86779946,0.15519208
630.09909228,0.15158142
630.33039709,0.15536234
630.56171388,0.15563081
630.79304265,0.15442954
631.02438340,0.15531213
631.25573613,0.15714383
631.48710084,0.15752302
631.71847751,0.16025277
631.94986615,0.15895501
632.18126676,0.16908647
632.41267933,0.16493177
632.64410387,0.15969439
632.87554035,0.15682281
633.10698880,0.16227566
633.33844919,0.17104202
633.56992154,0.17174076
633.80140583,0.16839745
634.03290207,0.17376867
634.26441024,0.16887197
634.49593035,0.16729702
634.72746240,0.16298869
634.95900638,0.15570951
635.19056229,0.15834703
635.42213013,0.15323759
635.65370989,0.15822450
635.88530158,0.15359499
636.11690518,0.15985366
636.34852069,0.16438729
636.58014812,0.16542357
636.81178746,0.16507498
637.04343871,0.16772354
637.27510187,0.17134814
637.50677692,0.17286855
637.73846387,0.17276974
637.97016272,0.17336572
638.20187347,0.18715156
638.43359610,0.19205739
638.66533062,0.19385955
638.89707703,0.19719064
639.12883532,0.20289377
639.36060549,0.20661049
639.59238754,0.21476203
639.82418146,0.22858081
640.05598725,0.23736734
640.28780491,0.24352848
640.51963444,0.25135793
640.75147583,0.24473303
640.98332908,0.25923192
641.21519419,0.26961068
641.44707115,0.27531418
641.67895997,0.28823691
641.91086063,0.29545873
642.14277314,0.30457848
642.37469750,0.30690190
642.60663369,0.30578812
642.83858172,0.31647127
643.07054159,0.31969675
643.30251329,0.32217784
643.53449683,0.34509475
643.76649218,0.34671157
643.99849937,0.34948911
644.23051837,0.36101248
644.46254919,0.37674846
644.69459183,0.38449546
644.92664628,0.36656944
645.15871254,0.36392962
645.39079061,0.34735523
645.62288049,0.35892639
645.85498217,0.34773262
646.08709564,0.35424391
646.31922091,0.34864713
646.55135798,0.34337035
646.78350684,0.35212990
647.01566748,0.36030973
647.24783991,0.35369000
647.48002413,0.33764986
647.71222012,0.34523992
647.94442789,0.35098365
648.17664744,0.35479520
648.40887875,0.34825559
648.64112184,0.33903981
648.87337669,0.33701822
649.10564331,0.33708604
649.33792168,0.33397319
649.57021181,0.32413432
649.80251370,0.33536404
650.03482734,0.34003013
650.26715273,0.33181738
650.49948987,0.33603101
650.73183875,0.33219625
650.96419937,0.33116974
651.19657173,0.33520697
651.42895582,0.31808738
651.66135165,0.31886522
651.89375921,0.32032056
652.12617849,0.31956474
652.35860950,0.30815418
652.59105224,0.30539410
652.82350669,0.29915490
653.05597285,0.29491017
653.28845073,0.29344425
653.52094032,0.29936672
653.75344162,0.31288794
653.98595462,0.31387117
654.21847933,0.31421406
654.45101573,0.33594351
654.68356383,0.35495730
654.91612363,0.37755215
655.14869511,0.37823218
655.38127829,0.39997670
655.61387315,0.39532245
655.84647969,0.41653551
656.07909792,0.44669526
656.31172782,0.47381356
656.54436939,0.48054403
656.77702264,0.48174146
657.00968756,0.47416776
657.24236414,0.46073786
657.47505238,0.45213976
657.70775229,0.45851097
657.94046385,0.45435049
658.17318707,0.45685573
658.40592195,0.44542249
658.63866847,0.43883175
658.87142663,0.44348220
659.10419645,0.43107654
659.33697790,0.42754682
659.56977099,0.41129278
659.80257572,0.41297661
660.03539208,0.39354604
660.26822007,0.38748821
660.50105969,0.37704770
660.73391093,0.37266656
660.96677380,0.37907444
661.19964828,0.38735390
661.43253438,0.37313242
661.66543209,0.36129066
661.89834142,0.38232705
662.13126235,0.38085055
662.36419489,0.37205377
662.59713903,0.39379780
662.83009477,0.40870483
663.06306210,0.39958921
663.29604103,0.40815624
663.52903155,0.42481400
663.76203367,0.43358616
663.99504736,0.44210169
664.22807264,0.43184925
664.46110950,0.45635826
664.69415794,0.44315077
664.92721795,0.45623741
665.16028953,0.47562071
665.39337269,0.46968647
665.62646740,0.49569221
665.85957369,0.49483090
666.09269153,0.49890321
666.32582093,0.51055124
666.55896189,0.51766625
666.79211440,0.51779202
667.02527846,0.52479640
667.25845406,0.52339629
667.49164121,0.52954925
667.72483991,0.52049248
667.95805014,0.50633438
668.19127190,0.50454296
668.42450520,0.50136095
668.65775003,0.50047964
668.89100639,0.50467218
669.12427427,0.49995278
669.35755368,0.49940470
669.59084460,0.51209513
669.82414704,0.51747724
670.05746099,0.52721299
670.29078646,0.49708323
670.52412343,0.48624452
670.75747191,0.48574295
670.99083189,0.48335328
671.22420337,0.48300875
671.45758635,0.47382590
671.69098082,0.49799926
671.92438678,0.51179960
672.15780424,0.51306320
672.39123317,0.51983002
672.62467360,0.51218132
672.85812550,0.52615517
673.09158888,0.52317059
673.32506373,0.52033159
673.55855006,0.52663977
673.79204785,0.52302120
674.02555712,0.51986615
674.25907784,0.53364349
674.49261003,0.55338907
674.72615367,0.55602360
674.95970878,0.55520527
675.19327533,0.57196983
675.42685333,0.55959702
675.66044278,0.55408159
675.89404368,0.54731537
676.12765601,0.52890149
676.36127979,0.50926444
676.59491500,0.51678519
676.82856165,0.49524402
677.06221972,0.49601483
677.29588922,0.50302002
677.52957015,0.49361628
677.76326250,0.50625554
677.99696627,0.50898148
678.23068146,0.51010740
678.46440806,0.51459952
678.69814607,0.51377030
678.93189549,0.49853012
679.16565631,0.49722237
679.39942854,0.48340497
679.63321217,0.50277724
679.86700720,0.51256011
680.10081361,0.51581245
680.33463143,0.51661705
680.56846063,0.52468959
680.80230121,0.53520226
681.03615318,0.52745607
681.27001653,0.52754070
681.50389126,0.55818909
681.73777736,0.52983637
681.97167484,0.51833140
682.20558368,0.50608730
682.43950390,0.50869441
682.67343547,0.49831587
682.90737841,0.47544072
683.14133270,0.47709289
683.37529836,0.45979038
683.60927536,0.45736367
683.84326371,0.44912969
684.07726341,0.43039909
684.31127446,0.42594178
684.54529685,0.40769178
684.77933057,0.39648188
685.01337564,0.39849576
685.24743203,0.39907699
685.48149976,0.40426830
685.71557881,0.40704274
685.94966919,0.41827995
686.18377090,0.41443884
686.41788392,0.41843111
686.65200826,0.42152287
686.88614391,0.42092442
687.12029088,0.41547015
687.35444915,0.40496994
687.58861873,0.40452360
687.82279961,0.38762760
688.05699179,0.38279262
688.29119527,0.36605467
688.52541004,0.34764631
688.75963611,0.33572363
688.99387346,0.33020881
689.22812210,0.32973765
689.46238203,0.32901341
689.69665323,0.32452245
689.93093571,0.31231301
690.16522947,0.29558981
690.39953450,0.28677101
690.63385080,0.28495359
690.86817837,0.27582735
691.10251720,0.27184622
691.33686730,0.26138589
691.57122865,0.26039385
691.80560125,0.25456338
692.03998511,0.25215657
692.27438023,0.24682543
692.50878658,0.23885106
692.74320419,0.23736029
692.97763303,0.23278222
693.21207312,0.23024964
693.44652444,0.22630576
693.68098699,0.23068204
693.91546077,0.22068016
694.14994579,0.21724478
694.38444203,0.21788419
694.61894949,0.21931552
694.85346817,0.21994975
695.08799806,0.21394019
695.32253918,0.21876297
695.55709150,0.21895989
695.79165503,0.20925287
696.02622977,0.21531102
696.26081571,0.21570319
696.49541285,0.21890101
696.73002119,0.22505087
696.96464072,0.22623720
697.19927145,0.22864101
697.43391336,0.22736210
697.66856647,0.23785096
697.90323075,0.24595451
698.13790622,0.25475436
698.37259286,0.26148328
698.60729068,0.26615393
698.84199967,0.26311300
699.07671984,0.26281448
699.31145117,0.25540800
699.54619366,0.25682195
699.78094731,0.25934130
700.01571213,0.26293321
700.25048810,0.27033143
700.48527522,0.26310327
700.72007349,0.25719709
700.95488292,0.25484775
701.18970348,0.25507477
701.42453519,0.24999802
701.65937804,0.24892070
701.89423202,0.24568710
702.12909714,0.24991902
702.36397339,0.24913758
702.59886077,0.25103298
702.83375927,0.24745187
703.06866889,0.25142383
703.30358964,0.24580421
703.53852150,0.25433073
703.77346448,0.25945471
704.00841857,0.26575016
704.24338376,0.26538648
704.47836007,0.27142846
704.71334748,0.27773522
704.94834598,0.28700730
705.18335559,0.29233625
705.41837629,0.29671082
705.65340808,0.30654938
705.88845096,0.31321759
706.12350493,0.31968371
706.35856998,0.32433015
706.59364612,0.32868728
706.82873333,0.34142403
707.06383161,0.35797914
707.29894097,0.37708138
707.53406141,0.38247534
707.76919290,0.40793405
708.00433546,0.41702061
708.23948909,0.43071322
708.47465377,0.43640510
708.70982951,0.44847873
708.94501630,0.44428750
709.18021414,0.46601915
709.41542303,0.47387338
709.65064297,0.49471438
709.88587395,0.51169039
710.12111597,0.52654809
710.35636902,0.53423050
710.59163311,0.52281304
710.82690823,0.51802588
711.06219437,0.50908658
711.29749155,0.51237277
711.53279974,0.51139771
711.76811896,0.51867147
712.00344920,0.50843699
712.23879044,0.51920166
712.47414270,0.51613377
712.70950597,0.52707839
712.94488025,0.52997861
713.18026553,0.54430641
713.41566181,0.53608388
713.65106908,0.55015938
713.88648736,0.55133065
714.12191662,0.53437030
714.35735688,0.52936429
714.59280812,0.52710566
714.82827034,0.54055412
715.06374355,0.53842091
715.29922774,0.56189325
715.53472290,0.57362306
715.77022903,0.58825262
716.00574614,0.59971812
716.24127421,0.60386536
716.47681324,0.60666372
716.71236324,0.61672089
716.94792420,0.61529772
717.18349611,0.60092558
717.41907898,0.59318227
717.65467280,0.57214784
717.89027757,0.58109165
718.12589328,0.57712851
718.36151993,0.56053899
718.59715752,0.53683299
718.83280605,0.51531114
719.06846552,0.49940596
719.30413591,0.48717053
719.53981724,0.46842656
719.77550949,0.45384402
720.01121266,0.43210386
720.24692676,0.41708477
720.48265177,0.39241637
720.71838769,0.38501294
720.95413453,0.36645347
721.18989228,0.36068294
721.42566093,0.35150866
721.66144049,0.33770305
721.89723095,0.33466582
722.13303231,0.33651191
722.36884456,0.33599449
722.60466770,0.32854807
722.84050173,0.32093921
723.07634666,0.31940121
723.31220246,0.32096465
723.54806915,0.32088073
723.78394671,0.32165391
724.01983515,0.31932120
724.25573447,0.31354743
724.49164465,0.31066652
724.72756571,0.31213302
724.96349762,0.31116551
725.19944040,0.31443026
725.43539404,0.31275246
725.67135854,0.31457230
725.90733388,0.31393346
726.14332008,0.31524535
726.37931713,0.31323654
726.61532503,0.30858246
726.85134376,0.30332212
727.08737334,0.30471104
727.32341375,0.31202088
727.55946500,0.30861099
727.79552708,0.31399158
728.03159998,0.31035032
728.26768372,0.31252864
728.50377827,0.31696116
728.73988365,0.32850926
728.97599985,0.33646378
729.21212686,0.34893971
729.44826468,0.33275481
729.68441331,0.32891835
729.92057275,0.32168655
730.15674299,0.32996705
730.39292403,0.33169431
730.62911587,0.32357131
730.86531851,0.31468186
731.10153194,0.30904081
731.33775616,0.30256348
731.57399117,0.29841944
731.81023696,0.30273091
732.04649353,0.30126573
732.28276088,0.29810485
732.51903901,0.31358371
732.75532791,0.32210019
732.99162758,0.31876414
733.22793802,0.31988859
733.46425923,0.32912155
733.70059119,0.32283593
733.93693392,0.32411721
734.17328740,0.33255029
734.40965164,0.34171555
734.64602662,0.33169700
734.88241236,0.33670240
735.11880884,0.33006545
735.35521607,0.32920435
735.59163403,0.31736975
735.82806273,0.31985008
736.06450217,0.32138944
736.30095234,0.32224077
736.53741323,0.31547622
736.77388486,0.31795690
737.01036720,0.31699355
737.24686027,0.31244548
737.48336406,0.30281640
737.71987856,0.30250232
737.95640377,0.29953851
738.19293969,0.29840616
738.42948632,0.29248635
738.66604365,0.29974901
738.90261169,0.29805160
739.13919042,0.30125489
739.37577985,0.31001050
739.61237997,0.32853247
739.84899078,0.32309862
740.08561228,0.33237780
740.32224446,0.33390880
740.55888732,0.32942058
740.79554087,0.34446901
741.03220509,0.34217633
741.26887998,0.33934802
741.50556555,0.34445908
741.74226178,0.34373176
741.97896868,0.33758103
742.21568624,0.32824419
742.45241446,0.33379342
742.68915333,0.32771956
742.92590286,0.33465041
743.16266304,0.32951432
743.39943387,0.32911269
743.63621535,0.34730112
743.87300747,0.32945661
744.10981023,0.32681798
744.34662363,0.33694249
744.58344766,0.34945683
744.82028232,0.36108362
745.05712761,0.34877385
745.29398353,0.35899409
745.53085007,0.36575412
745.76772724,0.37190110
746.00461502,0.36767815
746.24151341,0.36137804
746.47842242,0.34635362
746.71534204,0.34898800
746.95227227,0.33668669
747.18921310,0.33381181
747.42616453,0.32737939
747.66312656,0.31852926
747.90009918,0.30811906
748.13708240,0.30350571
748.37407621,0.29610166
748.61108061,0.29258694
748.84809559,0.29171145
749.08512115,0.29620013
749.32215730,0.29112662
749.55920401,0.29018576
749.79626131,0.28879076
750.03332917,0.28344433
750.27040760,0.28001027
750.50749660,0.26917454
750.74459616,0.25995567
750.98170628,0.25627372
751.21882695,0.25406109
751.45595818,0.26122454
751.69309997,0.25626494
751.93025230,0.25436853
752.16741517,0.25084594
752.40458859,0.25472213
752.64177256,0.26012365
752.87896705,0.27479173
753.11617209,0.28196724
753.35338765,0.28095594
753.59061374,0.29175052
753.82785037,0.30551751
754.06509751,0.31338603
754.30235518,0.31283415
754.53962336,0.32975528
754.77690206,0.33786688
755.01419127,0.34104580
755.25149099,0.33649859
755.48880122,0.33605641
755.72612195,0.34411359
755.96345319,0.34969966
756.20079492,0.34860708
756.43814715,0.35229406
756.67550987,0.34083783
756.91288309,0.33830111
757.15026679,0.34408070
757.38766097,0.33920923
757.62506564,0.33677157
757.86248079,0.32877332
758.09990641,0.31018132
758.33734251,0.30555719
758.57478908,0.28954996
758.81224612,0.29222452
759.04971362,0.29129303
759.28719159,0.30872470
759.52468001,0.31250948
759.76217889,0.31084905
759.99968823,0.29822966
760.23720802,0.31072303
760.47473826,0.31719229
760.71227894,0.33653654
760.94983007,0.35008088
761.18739164,0.35483540
761.42496364,0.34868000
761.66254608,0.35348788
761.90013895,0.35970925
762.13774226,0.38606340
762.37535598,0.40076133
762.61298014,0.41719696
762.85061471,0.42495516
763.08825970,0.41862494
763.32591511,0.40964515
763.56358093,0.40592651
763.80125716,0.40167229
764.03894380,0.42066203
764.27664084,0.41306106
764.51434829,0.40584214
764.75206613,0.40567278
764.98979437,0.39378102
765.22753300,0.37151167
765.46528203,0.36297533
765.70304144,0.34335839
765.94081124,0.32733870
766.17859142,0.31096661
766.41638197,0.31065228
766.65418291,0.28020044
766.89199422,0.25403900
767.12981590,0.22466545
767.36764795,0.19871202
767.60549036,0.18384505
767.84334314,0.16441080
768.08120628,0.15267004
768.31907977,0.14123718
768.55696362,0.13301759
768.79485782,0.12723704
769.03276238,0.12247016
769.27067727,0.11018197
769.50860251,0.10474949
769.74653809,0.10169011
769.98448401,0.10014132
770.22244027,0.09744740
770.46040685,0.10281948
770.69838377,0.10901278
770.93637101,0.11025474
771.17436858,0.11585642
771.41237647,0.12375818
771.65039468,0.13224887
771.88842320,0.14795784
772.12646204,0.15866379
772.36451118,0.17499032
772.60257064,0.18700729
772.84064039,0.20359783
773.07872045,0.23094165
773.31681081,0.25367288
773.55491147,0.26859013
773.79302242,0.28487084
774.03114366,0.29959603
774.26927519,0.31503556
774.50741700,0.34153217
774.74556910,0.35372199
774.98373147,0.36672706
775.22190413,0.36711172
775.46008705,0.39617079
775.69828025,0.40890714
775.93648372,0.41510190
776.17469745,0.41656283
776.41292145,0.42417985
776.65115570,0.42795439
776.88940022,0.43319020
777.12765499,0.44658181
777.36592001,0.44880279
777.60419528,0.47435331
777.84248079,0.47039291
778.08077655,0.44803995
778.31908256,0.45696704
778.55739879,0.44546268
778.79572527,0.44322635
779.03406198,0.42213243
779.27240891,0.40134230
779.51076608,0.39707699
779.74913346,0.37705989
779.98751107,0.36970576
780.22589890,0.35954510
780.46429695,0.33503721
780.70270520,0.32738278
780.94112367,0.31667699
781.17955235,0.31015542
781.41799123,0.30997407
781.65644031,0.28768009
781.89489959,0.27576842
782.13336907,0.27651895
782.37184874,0.27260090
782.61033861,0.27165523
782.84883866,0.26400546
783.08734890,0.26697834
783.32586931,0.26190443
783.56439991,0.24927009
783.80294069,0.25406302
784.04149164,0.25246472
784.28005276,0.24102831
784.51862406,0.23703511
784.75720551,0.22749654
784.99579713,0.22681503
785.23439891,0.22064889
785.47301085,0.22468653
785.71163295,0.21976246
785.95026519,0.20855383
786.18890759,0.21693486
786.42756013,0.20791752
786.66622282,0.19823833
786.90489564,0.19917290
787.14357861,0.18992879
787.38227171,0.18692997
787.62097494,0.17911253
787.85968831,0.17150340
788.09841180,0.16685059
788.33714541,0.16273233
788.57588915,0.16104971
788.81464301,0.15797711
789.05340698,0.15569278
789.29218106,0.15597022
789.53096526,0.14733146
789.76975956,0.15388333
790.00856397,0.15894579
790.24737848,0.15898678
790.48620309,0.16154161
790.72503780,0.16067690
790.96388260,0.16017584
791.20273749,0.16194253
791.44160247,0.16404453
791.68047754,0.16822932
791.91936269,0.17094397
792.15825792,0.16389033
792.39716323,0.16935645
792.63607861,0.18389050
792.87500406,0.18148918
793.11393958,0.19262569
793.35288517,0.19540003
793.59184082,0.20436954
793.83080653,0.21259461
794.06978230,0.21607468
794.30876813,0.22205955
794.54776401,0.22920901
794.78676993,0.23457688
795.02578591,0.24526372
795.26481193,0.25183160
795.50384798,0.25696445
795.74289408,0.24611494
795.98195022,0.23858710
796.22101638,0.24215772
796.46009258,0.24039960
796.69917880,0.24236092
796.93827505,0.23474243
797.17738132,0.21546598
797.41649761,0.21885682
797.65562392,0.21542792
797.89476024,0.21826246
798.13390657,0.22148547
798.37306290,0.22376290
798.61222925,0.22310333
798.85140559,0.23592642
799.09059194,0.23218072
799.32978828,0.24469678
799.56899462,0.24307173
799.80821094,0.24687763
800.04743726,0.24312955
800.28667356,0.24322152
800.52591985,0.25097172
800.76517611,0.25757719
801.00444236,0.25398366
801.24371857,0.24532311
801.48300476,0.24510927
801.72230092,0.24078948
801.96160705,0.22820314
802.20092314,0.22686018
802.44024919,0.22163860
802.67958519,0.21578918
802.91893116,0.21471297
803.15828707,0.22120722
803.39765294,0.21291324
803.63702875,0.21583169
803.87641450,0.21594703
804.11581020,0.21751097
804.35521584,0.21864277
804.59463141,0.21377895
804.83405692,0.20582951
805.07349235,0.19246040
805.31293772,0.19016189
805.55239300,0.19098544
805.79185821,0.17987648
806.03133334,0.18104228
806.27081839,0.17093180
806.51031335,0.17030857
806.74981822,0.16740126
806.98933300,0.15771396
807.22885768,0.15180687
807.46839227,0.14615806
807.70793675,0.14455748
807.94749114,0.14485960
808.18705542,0.14181694
808.42662959,0.14559852
808.66621364,0.13550284
808.90580759,0.12748437
809.14541141,0.11753336
809.38502512,0.11354838
809.62464871,0.11234245
809.86428217,0.10579109
810.10392550,0.10698932
810.34357870,0.09943524
810.58324177,0.09684246
810.82291470,0.09656999
811.06259749,0.09355840
811.30229015,0.08810047
811.54199265,0.09265995
811.78170501,0.09007634
812.02142722,0.08983169
812.26115928,0.09186239
812.50090118,0.09711432
812.74065292,0.09317540
812.98041450,0.09776827
813.22018592,0.09480744
813.45996717,0.09808787
813.69975825,0.09427462
813.93955916,0.09794684
814.17936989,0.09103271
814.41919045,0.09522318
814.65902083,0.09605215
814.89886102,0.09858741
815.13871102,0.10475740
815.37857084,0.11581036
815.61844047,0.11789979
815.85831990,0.12829389
816.09820913,0.13464650
816.33810817,0.14162920
816.57801700,0.13859302
816.81793562,0.14299637
817.05786404,0.14800314
817.29780225,0.15531851
817.53775024,0.15570561
817.77770801,0.15600879
818.01767557,0.15134696
818.25765290,0.16127830
818.49764001,0.16751862
818.73763689,0.17790639
818.97764354,0.18853724
819.21765996,0.19215610
819.45768614,0.20335576
819.69772209,0.21672675
819.93776779,0.21379846
820.17782324,0.21539068
820.41788845,0.21881835
820.65796341,0.22809049
820.89804812,0.23341514
821.13814257,0.24992024
821.37824677,0.24030078
821.61836070,0.23608184
821.85848437,0.22833413
822.09861777,0.22955075
822.33876090,0.21963435
822.57891376,0.22764228
822.81907635,0.22948376
823.05924866,0.22230846
823.29943069,0.21193873
823.53962243,0.21663133
823.77982389,0.21641409
824.02003506,0.21879408
824.26025594,0.21686098
824.50048652,0.21813897
824.74072681,0.21133638
824.98097680,0.21293984
825.22123648,0.21290072
825.46150586,0.20128887
825.70178493,0.19879102
825.94207369,0.20615128
826.18237214,0.20264147
826.42268027,0.20030743
826.66299808,0.18998108
826.90332557,0.19002557
827.14366273,0.18054751
827.38400957,0.18213030
827.62436608,0.17136476
827.86473225,0.16471555
828.10510809,0.14645820
828.34549359,0.14735472
828.58588874,0.14532336
828.82629356,0.13355772
829.06670802,0.12977458
829.30713214,0.12464837
829.54756590,0.11687212
829.78800931,0.11280728
830.02846236,0.10845871
830.26892505,0.11221070
830.50939738,0.10049568
830.74987934,0.10161238
830.99037093,0.10254174
831.23087215,0.09470605
831.47138299,0.09503401
831.71190346,0.09492618
831.95243355,0.09327204
832.19297325,0.09523914
832.43352257,0.09511682
832.67408150,0.09573959
832.91465003,0.09609233
833.15522818,0.09577720
833.39581592,0.09034968
833.63641327,0.09005080
833.87702022,0.09237298
834.11763676,0.09524948
834.35826289,0.09028426
834.59889861,0.09235869
834.83954392,0.09530142
835.08019881,0.09305773
835.32086328,0.09693777
835.56153733,0.08711573
835.80222095,0.09361550
836.04291415,0.09334870
836.28361692,0.09429428
836.52432926,0.09215275
836.76505116,0.09542091
837.00578262,0.09595389
837.24652364,0.09680795
837.48727421,0.09490059
837.72803434,0.09778788
837.96880402,0.09415381
838.20958325,0.09826791
838.45037202,0.10192990
838.69117033,0.10454370
838.93197819,0.10485793
839.17279558,0.10479641
839.41362250,0.10411120
839.65445896,0.10352085
839.89530494,0.10238272
840.13616045,0.10066007
840.37702548,0.10344282
840.61790003,0.10495928
840.85878410,0.10774527
841.09967768,0.10652763
841.34058078,0.11408375
841.58149338,0.11475959
841.82241549,0.10945196
842.06334710,0.10910175
842.30428821,0.12057267
842.54523883,0.11706488
842.78619893,0.11668858
843.02716853,0.11814079
843.26814762,0.12509328
843.50913619,0.13603400
843.75013425,0.14081330
843.99114179,0.13108115
844.23215881,0.13746285
844.47318530,0.14591093
844.71422127,0.14418401
844.95526670,0.14731925
845.19632161,0.15766663
845.43738597,0.16768965
845.67845980,0.17108950
845.91954309,0.17501048
846.16063584,0.18655919
846.40173803,0.19574903
846.64284968,0.18776233
846.88397078,0.18693559
847.12510132,0.19907297
847.36624130,0.20928277
847.60739073,0.20899829
847.84854959,0.21315460
848.08971788,0.22765971
848.33089561,0.22647729
848.57208276,0.22453775
848.81327934,0.22130476
849.05448534,0.23449297
849.29570076,0.23892287
849.53692560,0.22779019
849.77815986,0.22174826
850.01940353,0.23495166
850.26065660,0.23774075
850.50191908,0.23111556
850.74319097,0.22888272
850.98447225,0.23075684
851.22576294,0.23008759
851.46706301,0.21934303
851.70837248,0.21131038
851.94969135,0.20907556
852.19101959,0.20275457
852.43235722,0.19786951
852.67370424,0.18717523
852.91506063,0.18537682
853.15642640,0.17831791
853.39780154,0.16988731
853.63918605,0.15683340
853.88057992,0.15679033
854.12198317,0.14127143
854.36339577,0.14237972
854.60481773,0.14254882
854.84624905,0.13285453
855.08768973,0.12944970
855.32913975,0.12054542
855.57059912,0.11486372
855.81206784,0.11043153
856.05354590,0.10859761
856.29503330,0.10484430
856.53653004,0.09726016
856.77803611,0.09825225
857.01955151,0.09111881
857.26107624,0.08861774
857.50261030,0.08756131
857.74415367,0.08727485
857.98570637,0.08269298
858.22726839,0.08086314
858.46883972,0.07832622
858.71042037,0.07572660
858.95201032,0.07772127
859.19360958,0.08000650
859.43521814,0.07665003
859.67683601,0.07634178
859.91846317,0.07629069
860.16009963,0.07635571
860.40174538,0.07318637
860.64340042,0.07439074
860.88506474,0.07614030
861.12673835,0.07856468
861.36842125,0.07621134
861.61011342,0.07915797
861.85181487,0.07021598
862.09352559,0.06999246
862.33524558,0.06673915
862.57697484,0.06690998
862.81871336,0.06554508
863.06046114,0.06123355
863.30221819,0.05922114
863.54398449,0.05995794
863.78576004,0.05790839
864.02754485,0.05971445
864.26933890,0.05327772
864.51114220,0.05404821
864.75295474,0.05294059
864.99477653,0.04908654
865.23660755,0.05034107
865.47844780,0.05285191
865.72029728,0.05165793
865.96215600,0.05307751
866.20402394,0.05119918
866.44590110,0.04814076
866.68778748,0.05311693
866.92968308,0.05447757
867.17158790,0.05278730
867.41350193,0.06021182
867.65542516,0.05631566
867.89735761,0.06385227
868.13929926,0.06550297
868.38125011,0.06552648
868.62321015,0.06602065
868.86517940,0.07054693
869.10715783,0.07234038
869.34914546,0.07137606
869.59114227,0.06611759
869.83314827,0.07482420
870.07516344,0.07272509
870.31718780,0.07481108
870.55922133,0.07465069
870.80126404,0.06622618
871.04331592,0.06940414
871.28537696,0.06451929
871.52744717,0.06771964
871.76952655,0.06827264
872.01161508,0.06789897
872.25371277,0.06930882
872.49581961,0.06459358
872.73793560,0.06578679
872.98006075,0.07074263
873.22219503,0.06626348
873.46433846,0.06311142
873.70649103,0.05890144
873.94865274,0.06025322
874.19082358,0.05982766
874.43300356,0.05765071
874.67519266,0.06160474
874.91739089,0.05842486
875.15959824,0.05495801
875.40181471,0.05300241
875.64404031,0.05601339
875.88627501,0.05493799
876.12851883,0.05545537
876.37077176,0.05275593
876.61303379,0.05955757
876.85530493,0.05722125
877.09758517,0.06519806
877.33987451,0.06429379
877.58217294,0.07232482
877.82448047,0.07773663
878.06679709,0.07673404
878.30912279,0.08631742
878.55145758,0.09057097
878.79380145,0.09587418
879.03615440,0.10228158
879.27851643,0.10573383
879.52088753,0.10300130
879.76326770,0.10704258
880.00565694,0.11696217
880.24805524,0.11360194
880.49046260,0.11771356
880.73287903,0.11975146
880.97530451,0.12697530
881.21773905,0.12876546
881.46018264,0.13952603
881.70263527,0.14232545
881.94509695,0.14614220
882.18756768,0.15196958
882.43004744,0.15846692
882.67253625,0.16927132
882.91503409,0.17279259
883.15754095,0.17418653
883.40005685,0.17401586
883.64258178,0.17644004
883.88511573,0.18191620
884.12765869,0.19099679
884.37021068,0.18611782
884.61277168,0.18660824
884.85534170,0.19025751
885.09792072,0.20426303
885.34050876,0.20184128
885.58310579,0.20157828
885.82571183,0.19712710
886.06832686,0.20020239
886.31095090,0.19330046
886.55358392,0.19527274
886.79622594,0.19500762
887.03887694,0.20368043
887.28153693,0.21067519
887.52420589,0.20460969
887.76688384,0.20611728
888.00957077,0.20450069
888.25226667,0.20136388
888.49497154,0.20392721
888.73768537,0.19852797
888.98040818,0.20161492
889.22313994,0.19291631
889.46588067,0.19835766
889.70863035,0.19167202
889.95138899,0.18816752
890.19415657,0.19364363
890.43693311,0.20198230
890.67971859,0.19544001
890.92251302,0.19627365
891.16531639,0.19168413
891.40812869,0.19165215
891.65094993,0.19068748
891.89378010,0.18301314
892.13661920,0.18028780
892.37946723,0.18522352
892.62232418,0.18463338
892.86519005,0.18355489
893.10806484,0.18431038
893.35094854,0.18429209
893.59384116,0.18253032
893.83674269,0.18921900
894.07965312,0.19626696
894.32257246,0.21982018
894.56550070,0.22462410
894.80843784,0.23244828
895.05138388,0.23480654
895.29433881,0.22905187
895.53730263,0.23176860
895.78027533,0.23484236
896.02325692,0.23825595
896.26624740,0.24247373
896.50924675,0.22527880
896.75225498,0.20739872
896.99527208,0.20642832
897.23829806,0.21715463
897.48133290,0.22656480
897.72437661,0.22165325
897.96742918,0.20235866
898.21049061,0.19824790
898.45356090,0.19485170
898.69664005,0.19959552
898.93972804,0.19832249
899.18282488,0.19442076
899.42593057,0.17758927
899.66904511,0.15856883
899.91216848,0.15660582
900.15530069,0.16560463
900.39844174,0.17441633
900.64159162,0.17156128
900.88475033,0.15787419
901.12791786,0.14834544
901.37109422,0.14847517
901.61427940,0.16089404
901.85747340,0.16577083
902.10067621,0.16592209
902.34388784,0.14817893
902.58710827,0.13262695
902.83033752,0.12931431
903.07357557,0.13798540
903.31682242,0.13039518
903.56007807,0.12876145
903.80334251,0.11735697
904.04661575,0.11672254
904.28989778,0.11643450
904.53318860,0.12505157
904.77648820,0.12542717
905.01979659,0.12698519
905.26311375,0.11383991
905.50643969,0.11175438
905.74977441,0.10865010
905.99311789,0.11742401
906.23647015,0.12463894
906.47983117,0.11376871
906.72320095,0.10703969
906.96657950,0.10103155
907.20996680,0.10338905
907.45336285,0.10642112
907.69676766,0.10423171
907.94018122,0.10685427
908.18360352,0.09653163
908.42703457,0.09226525
908.67047435,0.08821100
908.91392288,0.08847698
909.15738014,0.08501591
909.40084613,0.08939965
909.64432085,0.08748448
909.88780430,0.09448572
910.13129648,0.09716135
910.37479737,0.09989728
910.61830699,0.09750633
910.86182531,0.09349961
911.10535236,0.08867314
911.34888811,0.08912494
911.59243257,0.09669110
911.83598573,0.11071192
912.07954760,0.10715938
912.32311816,0.11383915
912.56669743,0.11228503
912.81028538,0.11753585
913.05388203,0.11316174
913.29748736,0.12429831
913.54110138,0.12622538
913.78472408,0.12969598
914.02835547,0.12394025
914.27199552,0.13082109
914.51564426,0.12799142
914.75930166,0.12954801
915.00296774,0.12837857
915.24664247,0.13308043
915.49032588,0.12530079
915.73401794,0.12035878
915.97771866,0.11327966
916.22142803,0.11300901
916.46514606,0.11337274
916.70887274,0.11214097
916.95260806,0.10529647
917.19635202,0.09988308
917.44010463,0.09663911
917.68386588,0.09310299
917.92763576,0.09080032
918.17141427,0.09313673
918.41520141,0.09159944
918.65899718,0.09340460
918.90280158,0.08639667
919.14661459,0.07328569
919.39043623,0.06820813
919.63426648,0.07120062
919.87810534,0.06530270
920.12195281,0.06371104
920.36580890,0.05981357
920.60967358,0.05859649
920.85354687,0.05764904
921.09742876,0.06187336
921.34131924,0.05539274
921.58521832,0.05776508
921.82912599,0.05323216
922.07304225,0.05145985
922.31696709,0.04620777
922.56090052,0.04837113
922.80484252,0.04823472
923.04879310,0.04867350
923.29275226,0.04612699
923.53671999,0.05036717
923.78069629,0.04938375
924.02468115,0.04423615
924.26867458,0.04336730
924.51267656,0.04749067
924.75668711,0.04527207
925.00070621,0.04445349
925.24473386,0.04395010
925.48877006,0.05130311
925.73281481,0.05545912
925.97686810,0.06251484
926.22092994,0.05744670
926.46500031,0.06174987
926.70907921,0.06069170
926.95316665,0.06112045
927.19726262,0.05899083
927.44136712,0.05942242
927.68548014,0.05729914
927.92960168,0.06468043
928.17373175,0.06797443
928.41787032,0.07363063
928.66201741,0.07698600
928.90617302,0.08184227
929.15033713,0.07719948
929.39450974,0.08145902
929.63869086,0.08067849
929.88288047,0.08185529
930.12707859,0.08195993
930.37128520,0.07965077
930.61550029,0.08392724
930.85972388,0.08274770
931.10395595,0.08056620
931.34819651,0.07770562
931.59244554,0.08252236
931.83670306,0.08773563
932.08096904,0.08241483
932.32524350,0.07616665
932.56952643,0.07733509
932.81381782,0.06835042
933.05811768,0.06377971
933.30242600,0.05827886
933.54674278,0.06357361
933.79106801,0.06771675
934.03540169,0.07196965
934.27974382,0.06901674
934.52409440,0.06874953
934.76845343,0.06524357
935.01282089,0.06171100
935.25719680,0.05497225
935.50158114,0.05187623
935.74597391,0.05141789
935.99037511,0.05295447
936.23478474,0.04987706
936.47920279,0.04822144
936.72362927,0.04655716
936.96806417,0.03990653
937.21250748,0.04209711
937.45695920,0.04081633
937.70141934,0.04121037
937.94588788,0.04615750
938.19036483,0.04215138
938.43485019,0.03875771
938.67934394,0.03937066
938.92384608,0.03350340
939.16835663,0.03281145
939.41287556,0.03082539
939.65740288,0.02665129
939.90193859,0.02879125
940.14648268,0.03087368
940.39103515,0.02816168
940.63559600,0.02570415
940.88016523,0.02440341
941.12474282,0.02380560
941.36932879,0.02046833
941.61392312,0.01773068
941.85852581,0.02226918
942.10313687,0.02102560
942.34775628,0.01878546
942.59238405,0.01793744
942.83702017,0.01770256
943.08166464,0.01633705
943.32631746,0.01633046
943.57097862,0.01414486
943.81564813,0.01430180
944.06032597,0.01157575
944.30501215,0.01339899
944.54970666,0.01132810
944.79440950,0.01289762
945.03912067,0.00725535
945.28384016,0.01153916
945.52856798,0.01126745
945.77330412,0.01069610
946.01804857,0.01322336
946.26280133,0.01345848
946.50756241,0.01354833
946.75233179,0.01179207
946.99710948,0.01083267
947.24189548,0.01377017
947.48668977,0.01151702
947.73149236,0.01503514
947.97630324,0.01339919
948.22112242,0.01771923
948.46594988,0.01415387
948.71078563,0.01864058
948.95562966,0.01567743
949.20048198,0.01824391
949.44534257,0.01638545
949.69021144,0.02062487
949.93508857,0.01873387
950.17997398,0.01760273
950.42486766,0.02304905
950.66976959,0.02609241
950.91467979,0.02867936
951.15959825,0.03169936
951.40452496,0.03118158
951.64945993,0.03075060
951.89440314,0.03193276
952.13935461,0.03402569
952.38431431,0.03555224
952.62928226,0.03974018
952.87425845,0.04208373
953.11924287,0.04465715
953.36423553,0.04708929
953.60923642,0.05096315
953.85424553,0.05559716
954.09926287,0.05721598
954.34428843,0.05694939
954.58932222,0.06315505
954.83436421,0.06378609
955.07941443,0.06429521
955.32447285,0.06820591
955.56953948,0.06609919
955.81461432,0.06753371
956.05969736,0.07648813
956.30478860,0.07328550
956.54988803,0.07343275
956.79499567,0.06963556
957.04011149,0.07078849
957.28523550,0.07515525
957.53036770,0.07771717
957.77550808,0.08195709
958.02065664,0.08307926
958.26581338,0.08444467
958.51097830,0.08391583
958.75615139,0.07890846
959.00133264,0.08104516
959.24652207,0.07861075
959.49171965,0.08067139
959.73692540,0.08231500
959.98213931,0.08727079
960.22736137,0.08158383
960.47259159,0.08097301
960.71782995,0.07054407
960.96307647,0.07888986
961.20833112,0.07809114
961.45359392,0.07847899
961.69886486,0.07996804
961.94414394,0.08359963
962.18943115,0.08379158
962.43472648,0.09488995
962.68002995,0.09443185
962.92534154,0.09625266
963.17066126,0.09434678
963.41598909,0.09381916
963.66132504,0.08601069
963.90666911,0.08116592
964.15202128,0.07660062
964.39738157,0.07350972
964.64274996,0.06460700
964.88812645,0.07227997
965.13351104,0.06582160
965.37890374,0.06548488
965.62430452,0.06068333
965.86971340,0.06283717
966.11513036,0.05651790
966.36055542,0.05341768
966.60598855,0.05265803
966.85142977,0.05102081
967.09687907,0.05218818
967.34233644,0.05302618
967.58780188,0.05621229
967.83327539,0.05643206
968.07875697,0.05365569
968.32424661,0.05550503
968.56974432,0.04788066
968.81525008,0.05486827
969.06076390,0.04553553
969.30628577,0.04519257
969.55181570,0.04820943
969.79735367,0.04603314
970.04289968,0.04631555
970.28845374,0.04412867
970.53401583,0.03980463
970.77958597,0.03617628
971.02516413,0.03583054
971.27075033,0.03507971
971.51634455,0.03512288
971.76194680,0.03089942
972.00755708,0.03093753
972.25317537,0.02921229
972.49880168,0.02943627
972.74443600,0.02752942
972.99007834,0.02894844
973.23572868,0.02786665
973.48138703,0.02360002
973.72705338,0.02375879
973.97272774,0.02067731
974.21841009,0.02077754
974.46410043,0.02144279
974.70979877,0.02345819
974.95550510,0.02256917
975.20121941,0.02426841
975.44694171,0.02378665
975.69267199,0.02588678
975.93841024,0.02456835
976.18415647,0.02185892
976.42991068,0.02022986
976.67567285,0.02599172
976.92144299,0.02258635
977.16722110,0.02342920
977.41300717,0.02001744
977.65880119,0.02130795
977.90460317,0.02123503
978.15041311,0.01915938
978.39623099,0.01690921
978.64205683,0.01948871
978.88789061,0.02144441
979.13373233,0.02084104
979.37958199,0.01947645
979.62543958,0.02320862
979.87130511,0.02220756
980.11717857,0.02086207
980.36305996,0.02304165
980.60894928,0.02152149
980.85484651,0.02333764
981.10075167,0.02159532
981.34666475,0.01946788
981.59258573,0.01696115
981.83851463,0.01803559
982.08445144,0.01474498
982.33039616,0.01318601
982.57634878,0.01695685
982.82230930,0.01403262
983.06827771,0.01209617
983.31425403,0.01004555
983.56023823,0.01143695
983.80623032,0.00918176
984.05223031,0.01468722
984.29823817,0.00735325
984.54425391,0.01042930
984.79027754,0.01309921
985.03630904,0.01304270
985.28234841,0.01304721
985.52839565,0.01106470
985.77445076,0.01371084
986.02051374,0.00978955
986.26658457,0.00701501
986.51266327,0.00865359
986.75874982,0.00659973
987.00484422,0.00888563
987.25094647,0.00637383
987.49705658,0.01294987
987.74317452,0.00835654
987.98930031,0.00834428
988.23543394,0.01119691
988.48157541,0.00956334
988.72772471,0.00752301
988.97388184,0.00949371
989.22004680,0.01014797
989.46621959,0.00998621
989.71240020,0.00807308
989.95858862,0.00774800
990.20478487,0.01054743
990.45098893,0.00837382
990.69720080,0.01034427
990.94342048,0.00932152
991.18964797,0.01286210
991.43588326,0.00950790
991.68212635,0.00867625
991.92837724,0.00958797
992.17463593,0.00567884
992.42090240,0.00833744
992.66717667,0.00805174
992.91345872,0.01031022
993.15974856,0.00864752
993.40604618,0.00965521
993.65235158,0.00939303
993.89866475,0.01122656
994.14498570,0.00984504
994.39131441,0.00949067
994.63765090,0.01234665
994.88399515,0.00911741
995.13034716,0.01182303
995.37670693,0.00929811
995.62307445,0.01139555
995.86944973,0.00953046
996.11583276,0.00941624
996.36222354,0.00890514
996.60862206,0.00971602
996.85502833,0.01038512
997.10144233,0.01032563
997.34786408,0.01054545
997.59429355,0.01138729
997.84073076,0.01067608
998.08717570,0.01080364
998.33362836,0.01028504
998.58008875,0.00897963
998.82655685,0.00936399
999.07303267,0.00878782
999.31951621,0.00906268
999.56600746,0.01198205
999.81250642,0.00997010
1000.05901309,0.00980602
1000.30552746,0.00980029
1000.55204953,0.01077125
1000.79857929,0.01058512
1001.04511676,0.00966469
1001.29166191,0.00830262
1001.53821476,0.01094375
1001.78477529,0.00835609
1002.03134351,0.00658230
1002.27791941,0.00705980
1002.52450299,0.00753471
1002.77109424,0.00671243
1003.01769317,0.00644397
1003.26429976,0.00547645
1003.51091403,0.00560891
1003.75753596,0.00733603
1004.00416555,0.00580026
1004.25080280,0.00779918
1004.49744771,0.00557775
1004.74410027,0.00927075
1004.99076048,0.00889293
1005.23742834,0.01058984
1005.48410384,0.00638488
1005.73078699,0.00774172
1005.97747778,0.00745957
1006.22417620,0.00470393
1006.47088226,0.00631363
1006.71759595,0.00870862
1006.96431727,0.00834636
1007.21104622,0.00672992
1007.45778279,0.00607237
1007.70452698,0.00906035
1007.95127879,0.00447367
1008.19803821,0.00685721
1008.44480524,0.00557405
1008.69157988,0.00764143
1008.93836213,0.00536451
1009.18515199,0.00900041
1009.43194944,0.00623200
1009.67875450,0.00810809
1009.92556715,0.00981504
1010.17238739,0.01063403
1010.41921522,0.00981884
1010.66605064,0.00915212
1010.91289364,0.00616886
1011.15974422,0.01066884
1011.40660239,0.01058513
1011.65346813,0.00853806
1011.90034144,0.00851175
1012.14722232,0.01091060
1012.39411078,0.00899939
1012.64100679,0.00905123
1012.88791037,0.01218855
1013.13482151,0.01160681
1013.38174020,0.01174596
1013.62866645,0.00943265
1013.87560025,0.00914234
1014.12254160,0.01105847
1014.36949049,0.01021419
1014.61644693,0.01032339
1014.86341091,0.01128285
1015.11038242,0.01245610
1015.35736147,0.00995966
1015.60434805,0.01165784
1015.85134216,0.01270577
1016.09834379,0.01283920
1016.34535295,0.01216848
1016.59236963,0.01002107
1016.83939383,0.01354199
1017.08642554,0.01386503
1017.33346476,0.01541646
1017.58051150,0.01614682
1017.82756574,0.01670241
1018.07462748,0.01655536
1018.32169673,0.01517698
1018.56877347,0.01866014
1018.81585771,0.01732443
1019.06294945,0.01426368
1019.31004867,0.01196462
1019.55715538,0.01677549
1019.80426957,0.00991420
1020.05139125,0.01268073
1020.29852041,0.01235440
1020.54565704,0.01220927
1020.79280114,0.01447971
1021.03995272,0.01286296
1021.28711177,0.01494626
1021.53427828,0.01514764
1021.78145225,0.01687166
1022.02863368,0.01356074
1022.27582257,0.01576201
1022.52301891,0.01341495
1022.77022270,0.01237882
1023.01743395,0.01213270
1023.26465263,0.01226253
1023.51187876,0.01345174
1023.75911234,0.01425279
1024.00635335,0.01237143
1024.25360179,0.01500342
1024.50085766,0.01316731
1024.74812097,0.01495776
1024.99539170,0.01174652
1025.24266985,0.01200967
1025.48995543,0.01306672
1025.73724842,0.01114011
1025.98454883,0.01148291
1026.23185665,0.01081321
1026.47917188,0.01103952
1026.72649452,0.01194871
1026.97382456,0.01158735
1027.22116200,0.01263032
1027.46850685,0.00863353
1027.71585908,0.01025950
1027.96321872,0.01178614
1028.21058574,0.00617920
1028.45796014,0.00255573
1028.70534194,0.00084204
1028.95273111,-0.00013733
1029.20012767,-0.00039176
1029.44753160,0.00209860
1029.69494290,0.00006937
