198.80933475,-0.00092709
199.01143578,-0.00029891
199.21355429,0.00128180
199.41569028,0.00214905
199.61784374,0.00015791
199.82001468,-0.00070311
200.02220309,-0.00188141
200.22440896,-0.00015634
200.42663230,-0.00044310
200.62887310,0.00084321
200.83113136,0.00181173
201.03340708,-0.00070893
201.23570025,0.00253068
201.43801087,-0.00446470
201.64033894,-0.00152448
201.84268445,-0.00027831
202.04504741,0.00117272
202.24742780,0.00142575
202.44982564,0.00036030
202.65224090,0.00112160
202.85467360,-0.00126801
203.05712372,0.00033764
203.25959128,-0.00030267
203.46207625,-0.00119308
203.66457864,0.00015520
203.86709846,-0.00112373
204.06963568,-0.00289828
204.27219032,-0.00205598
204.47476237,-0.00053765
204.67735182,0.00084509
204.87995868,0.00278624
205.08258293,-0.00118060
205.28522459,0.00267931
205.48788364,-0.00124814
205.69056008,-0.00163831
205.89325391,-0.00053995
206.09596513,0.00113538
206.29869374,-0.00119062
206.50143972,-0.00084657
206.70420308,-0.00342378
206.90698382,0.00195347
207.10978194,-0.00143354
207.31259742,-0.00185737
207.51543027,0.00240282
207.71828048,0.00064993
207.92114806,0.00153409
208.12403299,-0.00045460
208.32693528,0.00138726
208.52985493,-0.00173614
208.73279193,0.00245879
208.93574627,-0.00007330
209.13871796,-0.00296328
209.34170699,-0.00062251
209.54471336,-0.00224088
209.74773707,-0.00267997
209.95077811,0.00076007
210.15383649,-0.00237252
210.35691219,-0.00085839
210.56000522,0.00000025
210.76311557,0.00104609
210.96624324,-0.00222833
211.16938823,-0.00062669
211.37255053,0.00041044
211.57573015,-0.00029775
211.77892707,-0.00060889
211.98214130,-0.00077016
212.18537284,-0.00151455
212.38862167,-0.00157815
212.59188781,-0.00186343
212.79517124,0.00214700
212.99847196,0.00186049
213.20178997,0.00049891
213.40512527,-0.00221167
213.60847785,-0.00118002
213.81184772,-0.00082482
214.01523486,0.00167402
214.21863928,0.00029053
214.42206097,0.00021264
214.62549993,0.00085543
214.82895616,-0.00067183
215.03242966,-0.00066215
215.23592042,-0.00106553
215.43942843,0.00117125
215.64295370,0.00121384
215.84649623,-0.00263499
216.05005601,-0.00255498
216.25363303,-0.00154377
216.45722731,-0.00064508
216.66083882,0.00126178
216.86446757,0.00188379
217.06811356,0.00152087
217.27177679,-0.00212985
217.47545724,-0.00183537
217.67915493,0.00097682
217.88286984,0.00126079
218.08660198,-0.00463451
218.29035133,-0.00042653
218.49411790,-0.00063097
218.69790169,0.00215791
218.90170269,-0.00089589
219.10552090,-0.00122796
219.30935632,-0.00003217
219.51320894,-0.00400534
219.71707876,0.00070640
219.92096578,-0.00150241
220.12486999,0.00168370
220.32879140,0.00009791
220.53272999,-0.00010365
220.73668578,-0.00083943
220.94065875,0.00001116
221.14464890,0.00358875
221.34865623,-0.00142164
221.55268073,0.00003915
221.75672241,0.00176110
221.96078126,-0.00165924
222.16485728,0.00009308
222.36895046,-0.00054355
222.57306080,-0.00041520
222.77718831,0.00126136
222.98133297,-0.00072009
223.18549478,-0.00280644
223.38967375,0.00117470
223.59386986,0.00302861
223.79808312,-0.00090869
224.00231352,0.00246954
224.20656106,-0.00254217
224.41082574,-0.00115237
224.61510756,-0.00287407
224.81940650,0.00042637
225.02372258,0.00164685
225.22805578,0.00180870
225.43240610,-0.00110016
225.63677355,-0.00080233
225.84115811,0.00011097
226.04555979,-0.00231113
226.24997858,0.00088203
226.45441448,0.00051328
226.65886748,-0.00007296
226.86333759,-0.00018318
227.06782480,-0.00124937
227.27232911,-0.00113661
227.47685052,0.00058271
227.68138902,-0.00020953
227.88594461,0.00157422
228.09051728,-0.00013853
228.29510704,-0.00298314
228.49971389,-0.00394724
228.70433781,-0.00193328
228.90897881,-0.00217597
229.11363688,-0.00090516
229.31831202,-0.00379385
229.52300423,-0.00209020
229.72771350,-0.00144946
229.93243984,0.00154574
230.13718324,0.00101268
230.34194369,-0.00028068
230.54672120,0.00130969
230.75151576,-0.00055152
230.95632737,-0.00228742
231.16115602,-0.00053420
231.36600172,-0.00052033
231.57086446,0.00248793
231.77574423,-0.00118569
231.98064104,0.00085003
232.18555488,-0.00248759
232.39048575,-0.00134392
232.59543365,-0.00032795
232.80039857,0.00241029
233.00538051,-0.00197120
233.21037947,-0.00153597
233.41539544,0.00258213
233.62042843,0.00114080
233.82547842,0.00086750
234.03054543,0.00031400
234.23562943,0.00099496
234.44073044,-0.00147269
234.64584845,-0.00084518
234.85098345,-0.00245443
235.05613545,-0.00516329
235.26130444,0.00089942
235.46649041,-0.00017596
235.67169337,0.00073659
235.87691331,-0.00102877
236.08215023,-0.00288202
236.28740413,-0.00140301
236.49267500,0.00006870
236.69796284,0.00182142
236.90326765,-0.00123715
237.10858942,0.00066929
237.31392816,0.00034880
237.51928386,-0.00114375
237.72465651,-0.00146760
237.93004612,0.00396924
238.13545268,-0.00048422
238.34087619,0.00087349
238.54631664,-0.00124396
238.75177404,-0.00056982
238.95724838,-0.00028552
239.16273965,-0.00060725
239.36824786,-0.00361009
239.57377300,0.00058813
239.77931508,-0.00134253
239.98487407,0.00102335
240.19045000,-0.00069129
240.39604284,-0.00073126
240.60165260,-0.00057548
240.80727928,0.00032025
241.01292287,0.00151964
241.21858337,0.00001379
241.42426077,-0.00003644
241.62995508,-0.00058574
241.83566630,0.00282549
242.04139441,-0.00077246
242.24713941,0.00114154
242.45290131,-0.00088875
242.65868010,-0.00091764
242.86447578,-0.00102285
243.07028835,-0.00108121
243.27611779,0.00106914
243.48196412,0.00026772
243.68782732,0.00085183
243.89370739,0.00055817
244.09960434,0.00098388
244.30551816,-0.00163520
244.51144884,0.00075941
244.71739638,-0.00392039
244.92336078,-0.00047199
245.12934204,0.00161542
245.33534016,-0.00264221
245.54135512,0.00062950
245.74738694,-0.00067955
245.95343560,0.00149880
246.15950110,-0.00128902
246.36558345,-0.00050991
246.57168263,0.00246248
246.77779865,-0.00011761
246.98393150,-0.00406485
247.19008118,0.00127999
247.39624769,-0.00086389
247.60243102,-0.00163495
247.80863117,-0.00034446
248.01484814,0.00065420
248.22108192,0.00033764
248.42733252,0.00182651
248.63359993,0.00095630
248.83988415,0.00053175
249.04618517,-0.00015856
249.25250299,0.00169232
249.45883761,0.00168223
249.66518903,-0.00028881
249.87155724,0.00014445
250.07794224,-0.00201650
250.28434403,0.00130092
250.49076260,-0.00119702
250.69719796,0.00155453
250.90365009,0.00040520
251.11011901,0.00083352
251.31660469,-0.00198827
251.52310715,0.00032690
251.72962638,0.00221109
251.93616237,-0.00021872
252.14271513,0.00026124
252.34928464,-0.00096893
252.55587091,0.00082926
252.76247394,-0.00130748
252.96909372,0.00257352
253.17573025,0.00239075
253.38238352,0.00044696
253.58905354,-0.00022586
253.79574030,-0.00063523
254.00244380,-0.00110871
254.20916403,-0.00503363
254.41590099,-0.00110026
254.62265469,-0.00153162
254.82942511,0.00054053
255.03621225,-0.00142615
255.24301612,0.00023834
255.44983670,0.00011827
255.65667400,0.00035340
255.86352802,0.00055875
256.07039874,0.00048136
256.27728617,0.00010169
256.48419031,-0.00134171
256.69111115,0.00049087
256.89804868,-0.00097189
257.10500292,-0.00186803
257.31197384,-0.00083541
257.51896146,-0.00281219
257.72596577,0.00194010
257.93298676,-0.00078797
258.14002443,-0.00040601
258.34707878,-0.00072272
258.55414981,0.00161665
258.76123752,-0.00171135
258.96834190,0.00035775
259.17546294,-0.00241676
259.38260065,-0.00075759
259.58975502,-0.00340818
259.79692606,0.00021946
260.00411375,0.00040330
260.21131810,0.00204647
260.41853909,-0.00025155
260.62577674,-0.00181206
260.83303103,-0.00106759
261.04030197,0.00158087
261.24758955,-0.00242135
261.45489377,0.00049481
261.66221462,-0.00034979
261.86955210,-0.00150725
262.07690622,0.00080110
262.28427696,-0.00076638
262.49166433,0.00106571
262.69906831,-0.00069268
262.90648892,0.00010916
263.11392614,0.00133359
263.32137998,-0.00146629
263.52885042,-0.00125611
263.73633747,-0.00334327
263.94384113,-0.00112150
264.15136139,-0.00234339
264.35889825,-0.00318447
264.56645171,0.00074209
264.77402176,0.00052756
264.98160840,-0.00037244
265.18921163,0.00081358
265.39683144,0.00002767
265.60446784,-0.00128106
265.81212081,0.00066708
266.01979037,0.00238607
266.22747650,-0.00140440
266.43517920,-0.00089622
266.64289847,0.00278626
266.85063430,-0.00017144
267.05838670,0.00092151
267.26615566,-0.00104395
267.47394117,0.00234627
267.68174324,0.00140483
267.88956187,-0.00274480
268.09739704,0.00023481
268.30524876,-0.00073503
268.51311702,-0.00181666
268.72100183,0.00108918
268.92890317,0.00040930
269.13682105,0.00167837
269.34475546,0.00038845
269.55270640,0.00166548
269.76067387,0.00082113
269.96865786,0.00195003
270.17665838,-0.00032565
270.38467541,-0.00104854
270.59270896,0.00023440
270.80075902,-0.00388765
271.00882560,0.00027675
271.21690868,0.00154287
271.42500826,-0.00143880
271.63312435,-0.00089047
271.84125694,0.00037212
272.04940602,-0.00058706
272.25757160,0.00209857
272.46575367,-0.00074078
272.67395223,0.00147040
272.88216727,0.00424295
273.09039880,-0.00004794
273.29864681,0.00134713
273.50691129,0.00220346
273.71519225,-0.00114268
273.92348968,0.00114663
274.13180358,-0.00157791
274.34013395,-0.00342402
274.54848077,-0.00016381
274.75684406,-0.00113784
274.96522381,-0.00148361
275.17362001,0.00219009
275.38203267,-0.00038319
275.59046177,0.00069975
275.79890732,-0.00078493
276.00736932,0.00198934
276.21584776,0.00228258
276.42434263,0.00177809
276.63285394,0.00319777
276.84138169,0.00131258
277.04992586,-0.00041282
277.25848646,0.00051328
277.46706349,0.00342247
277.67565694,0.00008914
277.88426680,0.00148936
278.09289309,-0.00022298
278.30153578,0.00260193
278.51019489,-0.00146900
278.71887041,-0.00143165
278.92756233,-0.00057368
279.13627065,-0.00063335
279.34499537,0.00094842
279.55373649,0.00003627
279.76249401,-0.00105758
279.97126791,-0.00338669
280.18005820,0.00054135
280.38886488,-0.00053790
280.59768795,0.00126457
280.80652739,-0.00128893
281.01538321,0.00009677
281.22425540,0.00021257
281.43314397,-0.00127268
281.64204891,-0.00093536
281.85097021,-0.00172802
282.05990788,0.00017424
282.26886190,-0.00147326
282.47783229,0.00157923
282.68681903,0.00022857
282.89582212,0.00118495
283.10484156,-0.00049005
283.31387735,-0.00073552
283.52292949,-0.00119381
283.73199796,0.00043498
283.94108277,-0.00004120
284.15018392,-0.00099396
284.35930141,0.00057647
284.56843522,-0.00005597
284.77758536,-0.00013230
284.98675183,0.00020042
285.19593461,-0.00468498
285.40513372,0.00013148
285.61434914,0.00028438
285.82358088,-0.00027403
286.03282893,0.00066676
286.24209328,-0.00223719
286.45137395,0.00190078
286.66067091,-0.00035003
286.86998417,-0.00060175
287.07931373,0.00045878
287.28865959,-0.00227872
287.49802174,0.00076097
287.70740017,0.00100719
287.91679489,0.00214314
288.12620590,0.00176971
288.33563318,-0.00091805
288.54507675,0.00185745
288.75453658,0.00096221
288.96401269,-0.00060355
289.17350507,0.00101983
289.38301372,-0.00159145
289.59253863,0.00038672
289.80207980,-0.00218803
290.01163723,-0.00068119
290.22121091,0.00336305
290.43080085,0.00185909
290.64040703,0.00091445
290.85002947,0.00125479
291.05966815,0.00022824
291.26932307,0.00094760
291.47899422,0.00136650
291.68868162,-0.00167713
291.89838525,-0.00186548
292.10810511,-0.00006074
292.31784119,-0.00004957
292.52759350,0.00124142
292.73736204,0.00111183
292.94714679,0.00109788
293.15694776,0.00079397
293.36676494,0.00039346
293.57659834,0.00036941
293.78644794,0.00278503
293.99631375,0.00270140
294.20619576,-0.00144487
294.41609397,0.00008256
294.62600838,-0.00042398
294.83593898,0.00037794
295.04588578,0.00261300
295.25584876,0.00120137
295.46582793,0.00062408
295.67582328,-0.00147565
295.88583481,0.00279930
296.09586253,-0.00062784
296.30590641,-0.00041175
296.51596647,-0.00090155
296.72604270,0.00444181
296.93613509,-0.00032624
297.14624365,0.00221906
297.35636837,0.00068719
297.56650925,-0.00170142
297.77666629,0.00028865
297.98683947,0.00147081
298.19702881,-0.00035225
298.40723429,-0.00301974
298.61745592,-0.00152546
298.82769369,-0.00067586
299.03794760,-0.00186443
299.24821765,-0.00073658
299.45850383,-0.00038147
299.66880614,0.00074530
299.87912458,0.00136617
300.08945914,0.00100883
300.29980983,-0.00123198
300.51017663,-0.00175198
300.72055955,0.00073207
300.93095859,-0.00202471
301.14137374,0.00068415
301.35180499,0.00280957
301.56225235,0.00097559
301.77271582,0.00089943
301.98319538,-0.00423967
302.19369105,0.00275614
302.40420280,-0.00053461
302.61473065,0.00014412
302.82527459,-0.00155936
303.03583461,0.00059109
303.24641072,0.00010301
303.45700291,-0.00130608
303.66761117,-0.00130149
303.87823552,-0.00005836
304.08887593,-0.00038639
304.29953241,0.00232518
304.51020496,0.00439749
304.72089358,-0.00283114
304.93159825,-0.00407469
305.14231899,-0.00030407
305.35305578,-0.00447832
305.56380862,-0.00204350
305.77457752,-0.00216587
305.98536246,0.00307670
306.19616344,0.00218754
306.40698047,-0.00134983
306.61781354,-0.00073552
306.82866264,-0.00226099
307.03952778,0.00048989
307.25040895,0.00075687
307.46130614,0.00069441
307.67221937,0.00099923
307.88314861,0.00037975
308.09409387,-0.00092462
308.30505515,0.00000788
308.51603245,-0.00125373
308.72702576,0.00263336
308.93803507,0.00150553
309.14906039,-0.00044318
309.36010172,-0.00030391
309.57115904,0.00112561
309.78223236,0.00118011
309.99332168,0.00128574
310.20442699,-0.00046609
310.41554829,0.00135156
310.62668557,-0.00099174
310.83783884,0.00071435
311.04900809,-0.00062406
311.26019332,0.00116591
311.47139452,0.00070746
311.68261169,-0.00143445
311.89384484,-0.00094473
312.10509395,-0.00074513
312.31635903,-0.00179605
312.52764007,0.00173114
312.73893706,0.00102828
312.95025002,0.00062293
313.16157892,-0.00069957
313.37292378,-0.00306185
313.58428458,0.00234569
313.79566133,0.00116879
314.00705402,0.00152530
314.21846266,0.00043310
314.42988722,0.00170349
314.64132772,0.00217679
314.85278416,0.00169495
315.06425652,0.00001124
315.27574480,-0.00022265
315.48724901,-0.00047281
315.69876914,0.00009579
315.91030518,0.00195273
316.12185715,-0.00014477
316.33342502,0.00137282
316.54500880,0.00008536
316.75660848,0.00154245
316.96822407,0.00221511
317.17985556,0.00112882
317.39150295,0.00193607
317.60316624,-0.00122213
317.81484541,-0.00040559
318.02654048,0.00117379
318.23825143,0.00138053
318.44997826,-0.00115458
318.66172098,0.00013025
318.87347957,-0.00239543
319.08525404,0.00015799
319.29704439,0.00376865
319.50885060,-0.00399557
319.72067268,0.00023341
319.93251063,0.00053610
320.14436443,0.00151743
320.35623410,-0.00263623
320.56811962,-0.00261891
320.78002100,0.00111667
320.99193822,0.00263804
321.20387130,0.00057032
321.41582021,-0.00085896
321.62778498,-0.00055579
321.83976558,0.00054734
322.05176201,-0.00226099
322.26377428,0.00316297
322.47580239,-0.00084961
322.68784632,-0.00075350
322.89990607,0.00165883
323.11198165,0.00062868
323.32407305,-0.00179269
323.53618027,0.00019632
323.74830330,-0.00012737
323.96044215,-0.00027059
324.17259680,-0.00053388
324.38476726,-0.00171735
324.59695352,-0.00087800
324.80915558,0.00141106
325.02137344,-0.00072756
325.23360710,0.00125184
325.44585655,-0.00036604
325.65812178,-0.00016931
325.87040281,-0.00017825
326.08269962,-0.00045812
326.29501221,0.00107449
326.50734058,0.00033477
326.71968472,0.00071025
326.93204464,-0.00041603
327.14442032,-0.00113850
327.35681178,-0.00326087
327.56921900,-0.00152291
327.78164198,0.00077780
327.99408072,-0.00161738
328.20653522,0.00007814
328.41900547,0.00295368
328.63149147,0.00209825
328.84399322,0.00087308
329.05651071,-0.00300357
329.26904395,-0.00066108
329.48159293,0.00044212
329.69415764,0.00146384
329.90673809,-0.00029029
330.11933427,-0.00041519
330.33194617,0.00052198
330.54457381,0.00036588
330.75721716,0.00162749
330.96987624,-0.00027502
331.18255104,0.00044278
331.39524154,-0.00416038
331.60794777,0.00120375
331.82066970,0.00163693
332.03340733,-0.00285084
332.24616067,-0.00007411
332.45892971,-0.00015757
332.67171445,-0.00091846
332.88451489,0.00044746
333.09733102,0.00151299
333.31016283,-0.00000155
333.52301034,-0.00135565
333.73587352,0.00242588
333.94875239,0.00126596
334.16164694,0.00193706
334.37455717,-0.00029528
334.58748306,-0.00179819
334.80042463,0.00026846
335.01338187,0.00070197
335.22635477,0.00019123
335.43934333,0.00114490
335.65234755,-0.00005064
335.86536743,-0.00006484
336.07840296,-0.00090057
336.29145415,-0.00046977
336.50452098,0.00184440
336.71760345,-0.00118388
336.93070157,-0.00141647
337.14381533,0.00221331
337.35694473,0.00182372
337.57008976,0.00087029
337.78325042,-0.00468505
337.99642671,0.00104511
338.20961863,-0.00130666
338.42282617,-0.00031162
338.63604933,-0.00010750
338.84928810,-0.00085797
339.06254250,0.00054241
339.27581250,0.00049252
339.48909812,-0.00225270
339.70239934,0.00045468
339.91571616,-0.00309861
340.12904859,0.00149535
340.34239661,-0.00071689
340.55576023,0.00115270
340.76913945,0.00001633
340.98253425,-0.00002782
341.19594464,-0.00040018
341.40937061,-0.00189954
341.62281217,0.00191104
341.83626930,-0.00368937
342.04974201,0.00148091
342.26323030,0.00051517
342.47673415,0.00136009
342.69025357,-0.00080324
342.90378856,-0.00068554
343.11733911,-0.00149584
343.33090522,0.00090509
343.54448688,-0.00011826
343.75808410,0.00033330
343.97169687,0.00136723
344.18532519,0.00121541
344.39896906,0.00144052
344.61262847,0.00280973
344.82630341,-0.00111224
345.03999390,0.00014248
345.25369992,0.00154303
345.46742147,-0.00217515
345.68115855,0.00036883
345.89491115,-0.00300275
346.10867928,0.00123124
346.32246293,-0.00066149
346.53626210,0.00049022
346.75007679,0.00046182
346.96390698,-0.00168074
347.17775269,-0.00043293
347.39161390,-0.00012031
347.60549061,-0.00162723
347.81938283,0.00195043
348.03329055,-0.00006295
348.24721376,-0.00105495
348.46115246,-0.00031499
348.67510665,0.00113498
348.88907634,0.00070697
349.10306150,0.00144915
349.31706215,-0.00109860
349.53107828,0.00088375
349.74510988,0.00032107
349.95915696,0.00000312
350.17321950,-0.00037597
350.38729752,-0.00070295
350.60139100,0.00186279
350.81549994,0.00114827
351.02962435,0.00037032
351.24376421,-0.00009824
351.45791952,-0.00031441
351.67209028,0.00058468
351.88627650,-0.00078854
352.10047816,0.00262933
352.31469526,-0.00189766
352.52892780,0.00056662
352.74317578,-0.00111568
352.95743919,0.00040675
353.17171804,-0.00058443
353.38601232,-0.00024572
353.60032202,-0.00124994
353.81464714,0.00179892
354.02898769,0.00326712
354.24334365,0.00191622
354.45771503,-0.00033706
354.67210182,-0.00035742
354.88650403,-0.00496066
355.10092164,-0.00094235
355.31535465,0.00169142
355.52980306,-0.00078576
355.74426687,-0.00101432
355.95874608,0.00102048
356.17324069,0.00046921
356.38775068,-0.00001271
356.60227606,-0.00183340
356.81681682,0.00253168
357.03137297,0.00217999
357.24594449,0.00068489
357.46053139,0.00045049
357.67513367,0.00005064
357.88975132,0.00157282
358.10438433,0.00055095
358.31903271,0.00190981
358.53369645,-0.00048865
358.74837556,0.00229826
358.96307002,0.00125668
359.17777983,0.00107301
359.39250499,-0.00013197
359.60724551,-0.00128918
359.82200137,0.00013206
360.03677257,0.00340820
360.25155911,-0.00045147
360.46636100,-0.00002905
360.68117821,0.00226084
360.89601076,0.00145342
361.11085864,-0.00097353
361.32572184,-0.00035446
361.54060037,0.00120448
361.75549422,-0.00273766
361.97040338,0.00065731
362.18532786,0.00083294
362.40026766,0.00162658
362.61522276,-0.00087168
362.83019318,-0.00317010
363.04517889,0.00137331
363.26017991,-0.00017391
363.47519623,0.00012188
363.69022784,0.00094087
363.90527474,0.00103936
364.12033694,0.00029274
364.33541442,0.00033724
364.55050719,-0.00075325
364.76561524,0.00293637
364.98073857,-0.00017900
365.19587718,0.00108844
365.41103106,0.00021913
365.62620021,-0.00012072
365.84138463,0.00003382
366.05658432,0.00209981
366.27179927,0.00020715
366.48702948,0.00087891
366.70227494,0.00284830
366.91753566,-0.00095014
367.13281163,0.00096451
367.34810285,0.00314934
367.56340932,0.00120662
367.77873103,-0.00096770
367.99406798,0.00288876
368.20942017,0.00204113
368.42478759,-0.00076236
368.64017025,-0.00049488
368.85556813,0.00075416
369.07098125,0.00003406
369.28640958,0.00001437
369.50185314,0.00185195
369.71731191,-0.00049743
369.93278590,-0.00024489
370.14827511,0.00199369
370.36377952,0.00329527
370.57929914,0.00149059
370.79483397,-0.00078411
371.01038400,-0.00205885
371.22594922,0.00015085
371.44152965,-0.00096434
371.65712526,0.00357882
371.87273607,0.00107991
372.08836206,-0.00031253
372.30400324,-0.00155436
372.51965960,-0.00026352
372.73533114,0.00008429
372.95101786,-0.00168550
373.16671976,0.00032861
373.38243682,0.00196849
373.59816905,0.00091855
373.81391645,-0.00136813
374.02967901,-0.00059649
374.24545673,0.00058468
374.46124961,-0.00000836
374.67705764,-0.00050170
374.89288082,0.00058657
375.10871916,0.00183800
375.32457264,0.00375618
375.54044126,0.00088064
375.75632503,-0.00017933
375.97222393,0.00009447
376.18813797,0.00087407
376.40406713,-0.00031326
376.62001143,0.00187583
376.83597086,0.00106169
377.05194541,0.00166639
377.26793508,0.00035668
377.48393987,-0.00187599
377.69995978,0.00091846
377.91599480,-0.00039164
378.13204493,0.00133753
378.34811016,0.00160828
378.56419050,0.00024400
378.78028595,0.00189725
378.99639649,0.00123420
379.21252213,0.00144857
379.42866286,-0.00046649
379.64481868,0.00216826
379.86098960,-0.00031122
380.07717559,0.00137200
380.29337667,0.00116780
380.50959283,0.00182512
380.72582407,-0.00137232
380.94207038,0.00022143
381.15833176,0.00050384
381.37460821,0.00137988
381.59089972,-0.00179744
381.80720630,-0.00080914
382.02352794,0.00166860
382.23986464,0.00011408
382.45621639,-0.00040157
382.67258319,0.00074538
382.88896505,0.00007723
383.10536195,0.00042169
383.32177389,-0.00009126
383.53820087,-0.00025548
383.75464289,-0.00056276
383.97109995,0.00136773
384.18757204,0.00113892
384.40405916,0.00353056
384.62056131,0.00110913
384.83707848,0.00112841
385.05361067,0.00036251
385.27015788,0.00102040
385.48672011,-0.00055062
385.70329735,0.00095728
385.91988960,0.00138094
386.13649686,0.00223687
386.35311912,-0.00029094
386.56975639,0.00111708
386.78640865,0.00310912
387.00307592,0.00198228
387.21975817,0.00157833
387.43645542,0.00299783
387.65316765,0.00311019
387.86989487,0.00065346
388.08663707,-0.00176248
388.30339426,0.00228061
388.52016641,0.00398302
388.73695355,-0.00142033
388.95375565,0.00292553
389.17057273,0.00248497
389.38740477,0.00076023
389.60425177,0.00077812
389.82111374,0.00157915
390.03799066,-0.00107654
390.25488253,0.00338168
390.47178936,0.00274062
390.68871114,0.00154065
390.90564787,0.00187887
391.12259954,-0.00029233
391.33956614,0.00208167
391.55654769,0.00040019
391.77354418,0.00337118
391.99055559,0.00096558
392.20758194,0.00068317
392.42462321,0.00002643
392.64167941,-0.00082720
392.85875053,-0.00017178
393.07583657,0.00086701
393.29293752,0.00033264
393.51005339,0.00126718
393.72718417,0.00271830
393.94432986,0.00126661
394.16149045,0.00281531
394.37866594,0.00133293
394.59585634,0.00360090
394.81306163,0.00266659
395.03028181,0.00081489
395.24751689,0.00076531
395.46476685,0.00441849
395.68203170,0.00095056
395.89931143,-0.00175281
396.11660604,0.00124093
396.33391553,0.00192171
396.55123990,0.00125020
396.76857913,0.00119759
396.98593324,0.00297042
397.20330221,0.00378212
397.42068604,0.00245797
397.63808474,0.00396686
397.85549829,-0.00056818
398.07292670,0.00022619
398.29036996,0.00313029
398.50782807,0.00362683
398.72530103,0.00180574
398.94278883,0.00213928
399.16029147,0.00057737
399.37780895,0.00070861
399.59534127,0.00015142
399.81288841,0.00080964
400.03045039,-0.00034117
400.24802720,0.00162271
400.46561883,0.00262564
400.68322529,0.00204778
400.90084656,0.00308746
401.11848265,0.00094825
401.33613355,0.00348189
401.55379926,0.00203932
401.77147978,0.00299849
401.98917511,0.00148401
402.20688524,0.00229268
402.42461017,0.00120326
402.64234989,0.00064533
402.86010441,0.00300038
403.07787372,0.00339883
403.29565782,0.00129755
403.51345670,0.00368707
403.73127037,0.00153876
403.94909882,-0.00015766
404.16694205,0.00160278
404.38480005,0.00435793
404.60267282,0.00470615
404.82056036,0.00378285
405.03846267,-0.00100210
405.25637974,-0.00000066
405.47431157,0.00441570
405.69225816,0.00475285
405.91021951,0.00413042
406.12819561,0.00177505
406.34618645,0.00301761
406.56419205,0.00165145
406.78221239,0.00401183
407.00024747,0.00177972
407.21829729,0.00244853
407.43636184,0.00133620
407.65444113,-0.00113702
407.87253515,0.00192540
408.09064390,0.00231253
408.30876737,0.00386221
408.52690556,0.00218056
408.74505847,0.00385080
408.96322610,0.00508737
409.18140844,0.00138242
409.39960550,0.00282909
409.61781726,0.00234708
409.83604372,0.00581141
410.05428489,0.00596184
410.27254076,0.00573082
410.49081133,0.00201321
410.70909659,0.00334343
410.92739654,0.00089352
411.14571118,0.00308556
411.36404051,0.00339654
411.58238452,0.00234889
411.80074321,0.00160377
412.01911658,0.00177677
412.23750462,0.00168698
412.45590734,0.00444303
412.67432472,0.00272404
412.89275677,0.00495934
413.11120349,0.00428464
413.32966486,0.00276344
413.54814090,0.00544546
413.76663159,0.00525037
413.98513693,0.00446938
414.20365692,0.00567067
414.42219156,0.00442916
414.64074084,0.00372573
414.85930477,0.00326654
415.07788333,0.00341649
415.29647653,0.00115491
415.51508437,0.00322493
415.73370683,0.00577645
415.95234392,0.00435234
416.17099564,0.00258460
416.38966198,0.00341771
416.60834294,0.00440815
416.82703851,0.00188888
417.04574870,0.00229079
417.26447350,0.00388429
417.48321291,0.00544882
417.70196692,0.00580263
417.92073554,0.00475884
418.13951875,0.00136321
418.35831657,0.00392763
418.57712898,0.00486833
418.79595598,0.00289647
419.01479757,0.00183323
419.23365374,0.00255506
419.45252450,0.00361296
419.67140984,0.00417687
419.89030975,0.00315663
420.10922425,0.00046747
420.32815331,0.00318553
420.54709694,0.00376791
420.76605514,0.00560229
420.98502791,0.00338349
421.20401523,0.00443458
421.42301712,0.00319661
421.64203356,0.00309992
421.86106455,0.00344094
422.08011009,0.00467111
422.29917018,0.00142698
422.51824482,0.00209521
422.73733399,0.00362617
422.95643771,0.00312512
423.17555596,0.00462310
423.39468875,0.00644821
423.61383606,0.00380878
423.83299790,0.00185688
424.05217427,0.00175724
424.27136516,0.00294547
424.49057057,0.00157619
424.70979050,0.00174263
424.92902494,0.00234487
425.14827390,0.00385335
425.36753736,0.00365572
425.58681532,-0.00064418
425.80610779,0.00245763
426.02541476,0.00451238
426.24473623,0.00248554
426.46407219,0.00414749
426.68342265,0.00319973
426.90278759,0.00346145
427.12216702,0.00325233
427.34156093,0.00430540
427.56096933,0.00323928
427.78039220,0.00041347
427.99982955,0.00603194
428.21928137,0.00464452
428.43874766,0.00729084
428.65822841,0.00350741
428.87772363,0.00276737
429.09723331,0.00348928
429.31675745,0.00581199
429.53629605,0.00605681
429.75584910,0.00338693
429.97541660,0.00362182
430.19499854,0.00528476
430.41459494,0.00280241
430.63420577,0.00211876
430.85383104,0.00409135
431.07347075,0.00452748
431.29312489,0.00439797
431.51279347,0.00641644
431.73247647,0.00654628
431.95217390,0.00724151
432.17188574,0.00391867
432.39161201,0.00636630
432.61135270,0.00344931
432.83110780,0.00331380
433.05087731,0.00569675
433.27066123,0.00497174
433.49045956,0.00421832
433.71027229,0.00676984
433.93009942,0.00214716
434.14994095,0.00394756
434.36979687,0.00630393
434.58966718,0.00529428
434.80955189,0.00658256
435.02945098,0.00511749
435.24936445,0.00242980
435.46929230,0.00568707
435.68923454,0.00656163
435.90919115,0.00414675
436.12916213,0.00387173
436.34914748,0.00555379
436.56914720,0.00633610
436.78916128,0.00418582
437.00918972,0.00498561
437.22923252,0.00557267
437.44928968,0.00412172
437.66936119,0.00648161
437.88944706,0.00427880
438.10954727,0.00689238
438.32966182,0.00878806
438.54979072,0.00569183
438.76993395,0.00386926
438.99009153,0.00584973
439.21026343,0.01106046
439.43044967,0.00668112
439.65065024,0.00582494
439.87086513,0.00688425
440.09109434,0.00789578
440.31133788,0.00716822
440.53159573,0.00757077
440.75186789,0.00792525
440.97215437,0.01006600
441.19245516,0.00767320
441.41277025,0.00971071
441.63309964,0.00782241
441.85344334,0.01156766
442.07380133,0.00879036
442.29417362,0.01006854
442.51456020,0.00933770
442.73496107,0.00991179
442.95537623,0.01046987
443.17580567,0.00971949
443.39624939,0.00819854
443.61670739,0.00881096
443.83717967,0.01125357
444.05766622,0.01386723
444.27816704,0.01296878
444.49868212,0.01201956
444.71921147,0.01424788
444.93975509,0.01209661
445.16031296,0.00935690
445.38088508,0.01290797
445.60147147,0.01271338
445.82207210,0.01609646
446.04268698,0.01475803
446.26331610,0.01151546
446.48395947,0.01642220
446.70461707,0.01260021
446.92528892,0.01572353
447.14597499,0.01198196
447.36667530,0.01282886
447.58738984,0.01361715
447.80811860,0.01556160
448.02886158,0.01343660
448.24961879,0.01307712
448.47039021,0.01345966
448.69117585,0.01447184
448.91197570,0.01366607
449.13278975,0.01488345
449.35361802,0.01400412
449.57446049,0.01267251
449.79531715,0.01609622
450.01618802,0.01304980
450.23707308,0.01535240
450.45797234,0.01223679
450.67888578,0.01206059
450.89981341,0.01081786
451.12075522,0.01189521
451.34171122,0.01370562
451.56268139,0.01493218
451.78366574,0.01342502
452.00466426,0.01366327
452.22567696,0.01871274
452.44670382,0.01579246
452.66774484,0.01653243
452.88880003,0.01772229
453.10986938,0.01622473
453.33095288,0.01576620
453.55205053,0.01947001
453.77316234,0.01854975
453.99428830,0.01788266
454.21542840,0.01900500
454.43658264,0.02132343
454.65775102,0.01835663
454.87893354,0.01840587
455.10013019,0.01746065
455.32134098,0.01797318
455.54256589,0.01802341
455.76380493,0.01914690
455.98505809,0.01875664
456.20632537,0.01621480
456.42760677,0.01675336
456.64890229,0.02202942
456.87021191,0.01844575
457.09153565,0.01922019
457.31287349,0.01937341
457.53422544,0.01711118
457.75559149,0.01797671
457.97697163,0.01822630
458.19836587,0.02089559
458.41977420,0.01939204
458.64119663,0.02281672
458.86263313,0.02328626
459.08408373,0.02159082
459.30554840,0.02055901
459.52702716,0.02463567
459.74851999,0.02204271
459.97002689,0.02106974
460.19154786,0.02227357
460.41308290,0.01899735
460.63463201,0.02228564
460.85619518,0.02198239
461.07777241,0.02275788
461.29936369,0.02428548
461.52096903,0.01953976
461.74258841,0.02589137
461.96422185,0.02529430
462.18586933,0.02567076
462.40753086,0.02535453
462.62920642,0.02402588
462.85089602,0.02911071
463.07259966,0.02974160
463.29431733,0.03033301
463.51604902,0.02815950
463.73779475,0.02975760
463.95955449,0.02770638
464.18132826,0.02897233
464.40311604,0.02631749
464.62491784,0.02970089
464.84673365,0.02630566
465.06856347,0.02767273
465.29040730,0.02986183
465.51226513,0.03162383
465.73413696,0.03380538
465.95602279,0.02739853
466.17792261,0.03153018
466.39983643,0.02818617
466.62176424,0.03010583
466.84370603,0.03148085
467.06566181,0.02904949
467.28763157,0.02872489
467.50961531,0.02871578
467.73161303,0.03032028
467.95362472,0.02983344
468.17565038,0.02756751
468.39769001,0.03188277
468.61974360,0.03021425
468.84181116,0.03404190
469.06389267,0.02809589
469.28598814,0.02833620
469.50809757,0.03127625
469.73022094,0.02952040
469.95235827,0.02981020
470.17450954,0.03130834
470.39667475,0.03158550
470.61885390,0.03201128
470.84104699,0.03102372
471.06325402,0.03158467
471.28547498,0.02945246
471.50770986,0.02854556
471.72995867,0.02931425
471.95222141,0.02957992
472.17449806,0.02752772
472.39678864,0.02928840
472.61909313,0.02785100
472.84141153,0.02742226
473.06374384,0.02677880
473.28609005,0.02801029
473.50845017,0.02772699
473.73082420,0.02551638
473.95321212,0.02703184
474.17561393,0.02725778
474.39802964,0.02730112
474.62045924,0.02806725
474.84290273,0.02790541
475.06536010,0.03046833
475.28783136,0.02631773
475.51031649,0.02536356
475.73281550,0.02917563
475.95532838,0.02942874
476.17785513,0.02348947
476.40039575,0.02589104
476.62295024,0.02809959
476.84551859,0.02639373
477.06810080,0.02326631
477.29069686,0.02525211
477.51330678,0.02633079
477.73593055,0.02409187
477.95856817,0.02576104
478.18121963,0.02365886
478.40388494,0.02443402
478.62656409,0.02101098
478.84925707,0.02438249
479.07196389,0.02710874
479.29468455,0.02316347
479.51741903,0.02251248
479.74016733,0.02723612
479.96292946,0.02336702
480.18570542,0.02276805
480.40849519,0.02160355
480.63129877,0.02316807
480.85411617,0.02421728
481.07694738,0.02372838
481.29979239,0.02115461
481.52265121,0.02403590
481.74552383,0.02137620
481.96841025,0.02086753
482.19131046,0.02089682
482.41422447,0.02377040
482.63715227,0.02125047
482.86009385,0.02291094
483.08304922,0.02199437
483.30601837,0.02610378
483.52900130,0.02219971
483.75199801,0.02654540
483.97500849,0.02387823
484.19803274,0.02425609
484.42107076,0.02513779
484.64412255,0.02317315
484.86718810,0.02905736
485.09026741,0.02970853
485.31336047,0.02519631
485.53646729,0.02520722
485.75958786,0.02871505
485.98272218,0.02793619
486.20587024,0.02667163
486.42903205,0.02573215
486.65220760,0.02530169
486.87539689,0.02742134
487.09859991,0.02652726
487.32181666,0.02671299
487.54504715,0.02582251
487.76829136,0.02540001
487.99154929,0.02647391
488.21482094,0.02609228
488.43810631,0.02687730
488.66140540,0.02977992
488.88471820,0.03040186
489.10804471,0.02793774
489.33138493,0.02924801
489.55473885,0.02976162
489.77810647,0.03144688
490.00148780,0.03096282
490.22488281,0.03152903
490.44829153,0.03352271
490.67171393,0.03451948
490.89515002,0.03534298
491.11859979,0.03654894
491.34206325,0.03573635
491.56554038,0.03582434
491.78903120,0.03771846
492.01253568,0.03808344
492.23605384,0.03729965
492.45958567,0.03880590
492.68313116,0.03724679
492.90669031,0.03874288
493.13026312,0.03735694
493.35384960,0.03485384
493.57744972,0.03485474
493.80106350,0.03380726
494.02469092,0.03321240
494.24833200,0.03101460
494.47198671,0.03399109
494.69565507,0.03353872
494.91933706,0.03298415
495.14303269,0.03089174
495.36674195,0.03427236
495.59046484,0.02710619
495.81420136,0.02957441
496.03795150,0.03046719
496.26171526,0.03011256
496.48549264,0.03197624
496.70928364,0.03467665
496.93308825,0.02798428
497.15690647,0.02799774
497.38073830,0.03160388
497.60458373,0.02753387
497.82844276,0.02796809
498.05231539,0.02943530
498.27620162,0.02872292
498.50010144,0.03122553
498.72401485,0.02985682
498.94794185,0.02815005
499.17188244,0.02843485
499.39583661,0.02874680
499.61980435,0.02994506
499.84378568,0.02752139
500.06778058,0.02856206
500.29178904,0.03075452
500.51581108,0.03190607
500.73984668,0.03059021
500.96389585,0.03089388
501.18795858,0.03038143
501.41203486,0.02921633
501.63612470,0.02907099
501.86022809,0.02859948
502.08434503,0.02645413
502.30847551,0.03000504
502.53261954,0.03023870
502.75677711,0.02895314
502.98094822,0.03104423
503.20513286,0.02952344
503.42933104,0.03306525
503.65354274,0.03100435
503.87776797,0.03208113
504.10200673,0.03540035
504.32625901,0.03672539
504.55052480,0.03550622
504.77480411,0.03578970
504.99909694,0.03923728
505.22340327,0.04009385
505.44772312,0.04077587
505.67205646,0.04510572
505.89640331,0.04085458
506.12076366,0.04577379
506.34513750,0.04658416
506.56952484,0.04329071
506.79392567,0.04306091
507.01833999,0.04417601
507.24276779,0.04421770
507.46720907,0.04650611
507.69166384,0.04711853
507.91613208,0.04553947
508.14061380,0.04291695
508.36510898,0.04503966
508.58961764,0.04262075
508.81413976,0.04104375
509.03867534,0.04443101
509.26322439,0.04328981
509.48778689,0.04312345
509.71236285,0.03994596
509.93695226,0.04144976
510.16155512,0.04558092
510.38617142,0.04059556
510.61080117,0.04255650
510.83544436,0.04213580
511.06010099,0.04065835
511.28477105,0.04128274
511.50945454,0.04091407
511.73415147,0.04003739
511.95886182,0.03916603
512.18358560,0.04455371
512.40832280,0.04552585
512.63307341,0.04295741
512.85783745,0.04623658
513.08261489,0.04455363
513.30740575,0.04227918
513.53221001,0.04316686
513.75702768,0.04126510
513.98185875,0.03969589
514.20670322,0.03898515
514.43156109,0.03537474
514.65643235,0.03470619
514.88131700,0.03218840
515.10621504,0.03078636
515.33112647,0.02889782
515.55605128,0.03107919
515.78098946,0.02998608
516.00594103,0.03158935
516.23090597,0.03162579
516.45588428,0.03199347
516.68087596,0.03452949
516.90588100,0.03487509
517.13089941,0.03178313
517.35593118,0.03572355
517.58097631,0.03603312
517.80603479,0.03675600
518.03110663,0.03988909
518.25619181,0.03868001
518.48129034,0.04295176
518.70640222,0.04251349
518.93152743,0.04512058
519.15666598,0.04763673
519.38181787,0.05193269
519.60698310,0.04675158
519.83216165,0.05499355
520.05735353,0.05709540
520.28255873,0.05762928
520.50777726,0.05422552
520.73300910,0.05535671
520.95825426,0.05633229
521.18351273,0.05672344
521.40878452,0.05603158
521.63406961,0.06179014
521.85936801,0.06301046
522.08467971,0.05872132
522.31000471,0.05917329
522.53534300,0.06108350
522.76069459,0.05876432
522.98605947,0.05661552
523.21143764,0.05767843
523.43682910,0.05752208
523.66223383,0.05678697
523.88765185,0.05926783
524.11308315,0.06080265
524.33852772,0.06254527
524.56398556,0.06267381
524.78945667,0.06350502
525.01494104,0.06515778
525.24043868,0.06394977
525.46594959,0.06611982
525.69147374,0.06362015
525.91701116,0.06497443
526.14256182,0.06755287
526.36812574,0.07024482
526.59370290,0.07025434
526.81929331,0.07372942
527.04489696,0.07611228
527.27051384,0.07723239
527.49614396,0.08215940
527.72178732,0.08476837
527.94744390,0.08697388
528.17311372,0.08948248
528.39879675,0.09259209
528.62449301,0.09571442
528.85020249,0.09998091
529.07592518,0.09902150
529.30166109,0.10723834
529.52741021,0.10327009
529.75317254,0.10902183
529.97894807,0.11359693
530.20473680,0.10672342
530.43053874,0.10748324
530.65635387,0.10919459
530.88218219,0.11088872
531.10802371,0.11073295
531.33387841,0.11211224
531.55974630,0.11095873
531.78562738,0.10981933
532.01152163,0.11292303
532.23742906,0.10862650
532.46334967,0.10824307
532.68928344,0.10310842
532.91523039,0.10300452
533.14119051,0.10009606
533.36716378,0.09831454
533.59315022,0.09768710
533.81914982,0.09917522
534.04516257,0.09511562
534.27118847,0.09323152
534.49722752,0.09145368
534.72327973,0.09374233
534.94934507,0.09695174
535.17542356,0.09678619
535.40151518,0.09293588
535.62761994,0.09565049
535.85373784,0.09304472
536.07986886,0.08864354
536.30601301,0.08939688
536.53217029,0.09294894
536.75834069,0.08944752
536.98452420,0.09029516
537.21072084,0.08927697
537.43693059,0.09333869
537.66315345,0.09108271
537.88938941,0.08858117
538.11563848,0.08498003
538.34190066,0.08814840
538.56817593,0.08465667
538.79446431,0.08415152
539.02076577,0.08463370
539.24708033,0.08042120
539.47340798,0.07706718
539.69974871,0.08233380
539.92610252,0.08177999
540.15246942,0.08238978
540.37884939,0.08513877
540.60524244,0.08691109
540.83164856,0.08540853
541.05806775,0.08523897
541.28450001,0.08843894
541.51094533,0.08874260
541.73740371,0.09199887
541.96387515,0.09327115
542.19035965,0.09462501
542.41685719,0.09666300
542.64336779,0.09549602
542.86989144,0.10692449
543.09642813,0.10766093
543.32297786,0.11310277
543.54954063,0.11877630
543.77611643,0.11890678
544.00270527,0.12180219
544.22930714,0.12390699
544.45592204,0.12673009
544.68254996,0.13116040
544.90919091,0.13193278
545.13584487,0.13227337
545.36251185,0.13806311
545.58919184,0.14114917
545.81588485,0.14599320
546.04259086,0.14646905
546.26930988,0.14981650
546.49604191,0.14303730
546.72278693,0.13888966
546.94954495,0.14007469
547.17631596,0.13755542
547.40309997,0.14052329
547.62989696,0.14272609
547.85670694,0.14682499
548.08352991,0.14248027
548.31036585,0.14258353
548.53721477,0.14535656
548.76407667,0.14608601
548.99095154,0.14998745
549.21783938,0.15244739
549.44474018,0.15217507
549.67165395,0.15986534
549.89858069,0.16047997
550.12552038,0.16385821
550.35247302,0.16572789
550.57943862,0.16610492
550.80641717,0.16486318
551.03340866,0.16256099
551.26041310,0.15817467
551.48743048,0.15256015
551.71446081,0.15630673
551.94150406,0.15874778
552.16856025,0.16068860
552.39562937,0.16686818
552.62271142,0.16948759
552.84980640,0.16925508
553.07691429,0.16804559
553.30403511,0.17117539
553.53116884,0.17030469
553.75831549,0.16826398
553.98547505,0.16662213
554.21264752,0.16866802
554.43983289,0.17370590
554.66703116,0.17698638
554.89424234,0.17775400
555.12146641,0.17827072
555.34870338,0.18376328
555.57595324,0.18480353
555.80321599,0.18611643
556.03049162,0.19711846
556.25778014,0.20432927
556.48508154,0.21303402
556.71239582,0.22587206
556.93972297,0.23997993
557.16706300,0.24863824
557.39441589,0.25953069
557.62178165,0.26527306
557.84916028,0.27375288
558.07655177,0.27502802
558.30395611,0.28483097
558.53137331,0.29905267
558.75880337,0.28923141
558.98624627,0.30453053
559.21370202,0.31315823
559.44117062,0.32044160
559.66865206,0.32994918
559.89614634,0.32747406
560.12365345,0.31996697
560.35117340,0.32502168
560.57870618,0.33216593
560.80625179,0.33631760
561.03381022,0.35413206
561.26138148,0.36331578
561.48896555,0.37000831
561.71656244,0.37935905
561.94417215,0.37501410
562.17179467,0.37516816
562.39942999,0.37105309
562.62707812,0.37386191
562.85473906,0.37561708
563.08241279,0.39116760
563.31009933,0.40409683
563.53779866,0.39964361
563.76551078,0.40470268
563.99323568,0.39243412
564.22097338,0.39722390
564.44872386,0.40074355
564.67648712,0.39461001
564.90426316,0.39692073
565.13205197,0.40366283
565.35985356,0.39834681
565.58766792,0.40976189
565.81549504,0.41206277
566.04333493,0.40912312
566.27118758,0.40671146
566.49905298,0.40193235
566.72693115,0.39811832
566.95482207,0.39124663
567.18272573,0.37266760
567.41064215,0.37030984
567.63857131,0.35497822
567.86651321,0.34839689
568.09446785,0.35113341
568.32243523,0.34896335
568.55041534,0.33777692
568.77840819,0.33342843
569.00641376,0.32800556
569.23443206,0.32050971
569.46246308,0.31929234
569.69050682,0.31750401
569.91856327,0.30913672
570.14663244,0.32022583
570.37471433,0.30454729
570.60280892,0.29538579
570.83091622,0.29214225
571.05903622,0.29236261
571.28716892,0.27946408
571.51531432,0.27719290
571.74347241,0.28219303
571.97164320,0.27387763
572.19982667,0.25981343
572.42802284,0.26069734
572.65623168,0.25043749
572.88445321,0.25459941
573.11268742,0.25853270
573.34093430,0.26376018
573.56919385,0.26502267
573.79746608,0.27133242
574.02575097,0.27658180
574.25404853,0.28276015
574.48235874,0.28616169
574.71068162,0.29474309
574.93901715,0.29814431
575.16736534,0.30279136
575.39572618,0.31167569
575.62409966,0.30275935
575.85248579,0.30177942
576.08088456,0.29028119
576.30929597,0.27756584
576.53772002,0.27468103
576.76615671,0.26317098
576.99460602,0.26175475
577.22306796,0.24298022
577.45154253,0.23585066
577.68002972,0.22954724
577.90852953,0.22953075
578.13704196,0.22914074
578.36556700,0.22270509
578.59410465,0.21639953
578.82265492,0.21504002
579.05121779,0.20642398
579.27979326,0.20272460
579.50838133,0.20560918
579.73698201,0.20327752
579.96559527,0.21173237
580.19422113,0.20538766
580.42285958,0.21888598
580.65151062,0.22801488
580.88017424,0.22797951
581.10885044,0.22842261
581.33753922,0.23313515
581.56624057,0.23846677
581.79495450,0.23796671
582.02368100,0.22888419
582.25242007,0.23383096
582.48117170,0.23515010
582.70993589,0.23082197
582.93871264,0.22370603
583.16750195,0.22504602
583.39630381,0.22307401
583.62511822,0.21424893
583.85394518,0.21298216
584.08278469,0.20577216
584.31163674,0.20864270
584.54050133,0.20308950
584.76937845,0.20053714
584.99826811,0.18996091
585.22717030,0.18742301
585.45608502,0.19008485
585.68501226,0.18755112
585.91395203,0.18270299
586.14290432,0.17501838
586.37186912,0.17024683
586.60084644,0.16922429
586.82983628,0.16470716
587.05883862,0.15799608
587.28785347,0.15996720
587.51688082,0.15222439
587.74592067,0.15147418
587.97497302,0.15343709
588.20403787,0.16078767
588.43311520,0.16319803
588.66220503,0.16136577
588.89130735,0.17422336
589.12042215,0.17206816
589.34954943,0.17329586
589.57868919,0.17774751
589.80784142,0.18658128
590.03700613,0.19263292
590.26618331,0.19618037
590.49537296,0.20080503
590.72457507,0.20289909
590.95378964,0.20453166
591.18301667,0.21258181
591.41225616,0.21702196
591.64150811,0.21903042
591.87077250,0.22109049
592.10004934,0.22384957
592.32933863,0.22719547
592.55864036,0.22583686
592.78795453,0.22479324
593.01728114,0.22338735
593.24662018,0.22836745
593.47597165,0.23055401
593.70533555,0.23155307
593.93471188,0.23760691
594.16410063,0.24559576
594.39350180,0.24974407
594.62291539,0.24390542
594.85234140,0.24152230
595.08177981,0.24482001
595.31123064,0.25557665
595.54069387,0.25089824
595.77016951,0.25239924
595.99965755,0.25015508
596.22915798,0.24105202
596.45867081,0.24095789
596.68819604,0.22897872
596.91773365,0.22522707
597.14728365,0.23566091
597.37684603,0.23369440
597.60642080,0.22934625
597.83600795,0.22241333
598.06560747,0.21071566
598.29521936,0.20798548
598.52484363,0.20361770
598.75448026,0.20446632
598.98412926,0.21500703
599.21379062,0.21819649
599.44346434,0.20853749
599.67315042,0.20804325
599.90284885,0.19822077
600.13255963,0.19495505
600.36228276,0.19164896
600.59201824,0.18485064
600.82176606,0.18913502
601.05152622,0.18638431
601.28129871,0.18379849
601.51108354,0.18206784
601.74088070,0.18038792
601.97069019,0.17638323
602.20051201,0.17617511
602.43034615,0.17264627
602.66019261,0.17227580
602.89005139,0.17356169
603.11992249,0.17995827
603.34980589,0.18538493
603.57970161,0.18702176
603.80960963,0.18901865
604.03952996,0.19075775
604.26946259,0.18936974
604.49940751,0.18799570
604.72936474,0.18707626
604.95933425,0.18869069
605.18931606,0.19031234
605.41931015,0.19793851
605.64931653,0.20010709
605.87933519,0.20258213
606.10936612,0.20397619
606.33940934,0.20325339
606.56946483,0.20199095
606.79953259,0.20319717
607.02961261,0.20081562
607.25970490,0.19509071
607.48980946,0.20119232
607.71992627,0.19562582
607.95005534,0.19241378
608.18019667,0.19641724
608.41035024,0.20315400
608.64051607,0.20633673
608.87069414,0.20426746
609.10088445,0.21034988
609.33108700,0.20214214
609.56130179,0.19576436
609.79152882,0.18917277
610.02176808,0.17870651
610.25201956,0.17713780
610.48228328,0.16439265
610.71255921,0.16580831
610.94284737,0.16022177
611.17314775,0.15977440
611.40346034,0.15511471
611.63378514,0.15236219
611.86412215,0.14659576
612.09447137,0.15318463
612.32483280,0.15252411
612.55520642,0.15470714
612.78559225,0.15871511
613.01599027,0.16268647
613.24640048,0.16526992
613.47682288,0.16512555
613.70725747,0.16679628
613.93770425,0.16673745
614.16816321,0.17228917
614.39863434,0.17065136
614.62911766,0.16592879
614.85961314,0.16661393
615.09012080,0.16988973
615.32064063,0.17440449
615.55117262,0.17672621
615.78171677,0.18478736
616.01227308,0.19069061
616.24284156,0.19453788
616.47342218,0.20445057
616.70401496,0.21251286
616.93461988,0.22017212
617.16523695,0.21907210
617.39586617,0.22787380
617.62650752,0.22886160
617.85716101,0.23313525
618.08782664,0.24656429
618.31850440,0.24426432
618.54919429,0.24853228
618.77989630,0.24805380
619.01061044,0.24520666
619.24133670,0.24572986
619.47207508,0.24973126
619.70282557,0.25011848
619.93358818,0.25150235
620.16436289,0.26384364
620.39514972,0.25753552
620.62594864,0.25716654
620.85675967,0.26302037
621.08758280,0.27438860
621.31841802,0.28825312
621.54926534,0.29372336
621.78012475,0.29804911
622.01099624,0.31790083
622.24187982,0.32592874
622.47277549,0.33401401
622.70368323,0.34570347
622.93460305,0.33730780
623.16553494,0.32592955
623.39647890,0.32051652
623.62743493,0.32432152
623.85840303,0.31800833
624.08938319,0.30306934
624.32037541,0.29545153
624.55137968,0.28671944
624.78239602,0.28368411
625.01342440,0.28406854
625.24446483,0.27687160
625.47551731,0.26881619
625.70658183,0.26606572
625.93765839,0.26053984
626.16874699,0.25730778
626.39984763,0.25004183
626.63096029,0.24607859
626.86208499,0.24073204
627.09322171,0.22926524
627.32437046,0.22459840
627.55553123,0.21686389
627.78670401,0.21201125
628.01788882,0.20511813
628.24908563,0.20648930
628.48029446,0.19313610
628.71151529,0.19359028
628.94274813,0.18090874
629.17399296,0.17557524
629.40524980,0.17408876
629.63651863,0.17023468
629.86779946,0.17263224
630.09909228,0.16738089
630.33039709,0.15946270
630.56171388,0.16007035
630.79304265,0.16103700
631.02438340,0.16171336
631.25573613,0.16362226
631.48710084,0.16627522
631.71847751,0.17239554
631.94986615,0.17406569
632.18126676,0.17180290
632.41267933,0.16709158
632.64410387,0.16675485
632.87554035,0.16402646
633.10698880,0.17068255
633.33844919,0.17031668
633.56992154,0.16975670
633.80140583,0.16675804
634.03290207,0.17147847
634.26441024,0.17278637
634.49593035,0.16063911
634.72746240,0.16520517
634.95900638,0.16496651
635.19056229,0.16850863
635.42213013,0.16683699
635.65370989,0.17138984
635.88530158,0.16155906
636.11690518,0.16803475
636.34852069,0.17031216
636.58014812,0.17428146
636.81178746,0.16454358
637.04343871,0.16806191
637.27510187,0.17862289
637.50677692,0.18125147
637.73846387,0.17713296
637.97016272,0.18384305
638.20187347,0.18432029
638.43359610,0.18431177
638.66533062,0.18376763
638.89707703,0.19494692
639.12883532,0.20080257
639.36060549,0.20518896
639.59238754,0.20162123
639.82418146,0.21387644
640.05598725,0.22827975
640.28780491,0.23687473
640.51963444,0.24664239
640.75147583,0.24351608
640.98332908,0.24808143
641.21519419,0.24949087
641.44707115,0.25387336
641.67895997,0.26602986
641.91086063,0.27538303
642.14277314,0.28071654
642.37469750,0.29635678
642.60663369,0.30863908
642.83858172,0.32701960
643.07054159,0.35314282
643.30251329,0.35718950
643.53449683,0.36864821
643.76649218,0.37808926
643.99849937,0.38248191
644.23051837,0.39450061
644.46254919,0.39738915
644.69459183,0.40739568
644.92664628,0.38989560
645.15871254,0.38265262
645.39079061,0.35456679
645.62288049,0.35556725
645.85498217,0.35866881
646.08709564,0.35001825
646.31922091,0.34576657
646.55135798,0.34268418
646.78350684,0.35350123
647.01566748,0.35277460
647.24783991,0.34414053
647.48002413,0.35014737
647.71222012,0.37011786
647.94442789,0.37742822
648.17664744,0.37465926
648.40887875,0.37346208
648.64112184,0.38226392
648.87337669,0.37211315
649.10564331,0.36416501
649.33792168,0.36407907
649.57021181,0.36756149
649.80251370,0.36312813
650.03482734,0.36603473
650.26715273,0.35917426
650.49948987,0.35139675
650.73183875,0.34710831
650.96419937,0.34604105
651.19657173,0.34416046
651.42895582,0.33803952
651.66135165,0.33858428
651.89375921,0.32417463
652.12617849,0.31914892
652.35860950,0.30336342
652.59105224,0.29801128
652.82350669,0.30097348
653.05597285,0.29504510
653.28845073,0.28653531
653.52094032,0.28890174
653.75344162,0.29269528
653.98595462,0.28984461
654.21847933,0.29551110
654.45101573,0.29884674
654.68356383,0.31344288
654.91612363,0.34094986
655.14869511,0.35372310
655.38127829,0.38440568
655.61387315,0.40859972
655.84647969,0.42896531
656.07909792,0.43457973
656.31172782,0.45266587
656.54436939,0.45453842
656.77702264,0.44560669
657.00968756,0.45419285
657.24236414,0.46321560
657.47505238,0.45426287
657.70775229,0.46025559
657.94046385,0.44855882
658.17318707,0.45529446
658.40592195,0.45030338
658.63866847,0.42115296
658.87142663,0.42420192
659.10419645,0.42074965
659.33697790,0.41639102
659.56977099,0.38854278
659.80257572,0.39811214
660.03539208,0.40023257
660.26822007,0.37574669
660.50105969,0.37439451
660.73391093,0.37243920
660.96677380,0.37090241
661.19964828,0.36474969
661.43253438,0.36870069
661.66543209,0.36120174
661.89834142,0.37655163
662.13126235,0.38612496
662.36419489,0.38095806
662.59713903,0.37490055
662.83009477,0.40844211
663.06306210,0.41231773
663.29604103,0.43760064
663.52903155,0.45296946
663.76203367,0.44958781
663.99504736,0.46992870
664.22807264,0.48562830
664.46110950,0.48464705
664.69415794,0.47710018
664.92721795,0.50039136
665.16028953,0.49427349
665.39337269,0.52230690
665.62646740,0.52591782
665.85957369,0.50687061
666.09269153,0.53603146
666.32582093,0.52034755
666.55896189,0.52138957
666.79211440,0.54133536
667.02527846,0.52929012
667.25845406,0.52344318
667.49164121,0.52259186
667.72483991,0.52029246
667.95805014,0.50338119
668.19127190,0.49598737
668.42450520,0.47900462
668.65775003,0.45718442
668.89100639,0.45684464
669.12427427,0.44903347
669.35755368,0.44466021
669.59084460,0.45054672
669.82414704,0.44185476
670.05746099,0.44134460
670.29078646,0.44144333
670.52412343,0.42431549
670.75747191,0.42307177
670.99083189,0.44314402
671.22420337,0.43357161
671.45758635,0.43723290
671.69098082,0.43902099
671.92438678,0.45634458
672.15780424,0.48127349
672.39123317,0.48231983
672.62467360,0.49790062
672.85812550,0.50318562
673.09158888,0.49068726
673.32506373,0.49230597
673.55855006,0.48714120
673.79204785,0.47687396
674.02555712,0.49344257
674.25907784,0.51120048
674.49261003,0.52031066
674.72615367,0.51169972
674.95970878,0.50258329
675.19327533,0.49798902
675.42685333,0.50042736
675.66044278,0.49026132
675.89404368,0.49493570
676.12765601,0.47907200
676.36127979,0.47183173
676.59491500,0.46146600
676.82856165,0.46670570
677.06221972,0.46446458
677.29588922,0.46886829
677.52957015,0.45640884
677.76326250,0.47512133
677.99696627,0.47278492
678.23068146,0.48604858
678.46440806,0.45927469
678.69814607,0.47061666
678.93189549,0.45529546
679.16565631,0.47566930
679.39942854,0.47839016
679.63321217,0.49000590
679.86700720,0.49568279
680.10081361,0.49889869
680.33463143,0.49442201
680.56846063,0.49456942
680.80230121,0.48468571
681.03615318,0.47583296
681.27001653,0.49381715
681.50389126,0.47208262
681.73777736,0.47885607
681.97167484,0.46066803
682.20558368,0.45996418
682.43950390,0.46144007
682.67343547,0.46757797
682.90737841,0.44547888
683.14133270,0.43672808
683.37529836,0.41801633
683.60927536,0.41271344
683.84326371,0.41413853
684.07726341,0.42059534
684.31127446,0.41681833
684.54529685,0.42021142
684.77933057,0.42096410
685.01337564,0.42746286
685.24743203,0.42681121
685.48149976,0.42378472
685.71557881,0.40581162
685.94966919,0.40761260
686.18377090,0.41094069
686.41788392,0.39753118
686.65200826,0.41346070
686.88614391,0.40826048
687.12029088,0.39503555
687.35444915,0.40864220
687.58861873,0.39218176
687.82279961,0.37885128
688.05699179,0.38286770
688.29119527,0.37260006
688.52541004,0.35460602
688.75963611,0.34184561
688.99387346,0.33066697
689.22812210,0.32797158
689.46238203,0.32982442
689.69665323,0.32216231
689.93093571,0.32676274
690.16522947,0.32811733
690.39953450,0.32609452
690.63385080,0.31694132
690.86817837,0.30668057
691.10251720,0.28953467
691.33686730,0.28642752
691.57122865,0.27424884
691.80560125,0.26767318
692.03998511,0.26459927
692.27438023,0.25277545
692.50878658,0.24563958
692.74320419,0.24386693
692.97763303,0.24200209
693.21207312,0.23361945
693.44652444,0.23321871
693.68098699,0.23453989
693.91546077,0.22465634
694.14994579,0.22462992
694.38444203,0.22510971
694.61894949,0.22017507
694.85346817,0.21052312
695.08799806,0.21100776
695.32253918,0.20797727
695.55709150,0.21254422
695.79165503,0.21540187
696.02622977,0.22001479
696.26081571,0.22863780
696.49541285,0.23925426
696.73002119,0.24244995
696.96464072,0.25180390
697.19927145,0.25247565
697.43391336,0.25799119
697.66856647,0.27175016
697.90323075,0.26537615
698.13790622,0.27214714
698.37259286,0.27443751
698.60729068,0.27446173
698.84199967,0.27253469
699.07671984,0.27096113
699.31145117,0.27545914
699.54619366,0.28192515
699.78094731,0.27190003
700.01571213,0.27303516
700.25048810,0.28032270
700.48527522,0.26382607
700.72007349,0.26182837
700.95488292,0.25821706
701.18970348,0.25804602
701.42453519,0.25155719
701.65937804,0.24979873
701.89423202,0.24480746
702.12909714,0.24162087
702.36397339,0.24729735
702.59886077,0.25769237
702.83375927,0.25583214
703.06866889,0.26111468
703.30358964,0.26398570
703.53852150,0.26179759
703.77346448,0.26358404
704.00841857,0.25832826
704.24338376,0.26729877
704.47836007,0.26506092
704.71334748,0.27996874
704.94834598,0.28099414
705.18335559,0.29087063
705.41837629,0.29487031
705.65340808,0.29975677
705.88845096,0.30838749
706.12350493,0.32279047
706.35856998,0.33591365
706.59364612,0.35283057
706.82873333,0.36040003
707.06383161,0.36574321
707.29894097,0.37713697
707.53406141,0.38038823
707.76919290,0.39190977
708.00433546,0.39767898
708.23948909,0.39699903
708.47465377,0.41318403
708.70982951,0.42442260
708.94501630,0.43709247
709.18021414,0.44114649
709.41542303,0.45976392
709.65064297,0.47359331
709.88587395,0.49039944
710.12111597,0.50281219
710.35636902,0.52036887
710.59163311,0.52361209
710.82690823,0.52612446
711.06219437,0.51379837
711.29749155,0.51320746
711.53279974,0.49931308
711.76811896,0.52633030
712.00344920,0.52712820
712.23879044,0.53360602
712.47414270,0.53973660
712.70950597,0.54430963
712.94488025,0.56064229
713.18026553,0.56471155
713.41566181,0.56437540
713.65106908,0.57259528
713.88648736,0.59593347
714.12191662,0.59543358
714.35735688,0.59013825
714.59280812,0.58307303
714.82827034,0.60742670
715.06374355,0.60399406
715.29922774,0.59646522
715.53472290,0.59422918
715.77022903,0.61422453
716.00574614,0.61396739
716.24127421,0.58814784
716.47681324,0.58605658
716.71236324,0.57362282
716.94792420,0.56898930
717.18349611,0.56217203
717.41907898,0.56349690
717.65467280,0.54942138
717.89027757,0.53806841
718.12589328,0.51628998
718.36151993,0.51058347
718.59715752,0.50149929
718.83280605,0.49043473
719.06846552,0.48060108
719.30413591,0.45608408
719.53981724,0.43126293
719.77550949,0.42727811
720.01121266,0.40733849
720.24692676,0.38729218
720.48265177,0.37090855
720.71838769,0.36664822
720.95413453,0.36539860
721.18989228,0.34954204
721.42566093,0.33853362
721.66144049,0.34148483
721.89723095,0.33049569
722.13303231,0.33639655
722.36884456,0.32400038
722.60466770,0.32608319
722.84050173,0.32645612
723.07634666,0.32561268
723.31220246,0.31879212
723.54806915,0.31492194
723.78394671,0.31180914
724.01983515,0.32317934
724.25573447,0.31788654
724.49164465,0.31596902
724.72756571,0.30820160
724.96349762,0.32018956
725.19944040,0.31729956
725.43539404,0.33374785
725.67135854,0.33437890
725.90733388,0.33722753
726.14332008,0.33931452
726.37931713,0.33800680
726.61532503,0.33644596
726.85134376,0.35191514
727.08737334,0.34739636
727.32341375,0.34542032
727.55946500,0.33577043
727.79552708,0.33252983
728.03159998,0.32904762
728.26768372,0.32636988
728.50377827,0.32303989
728.73988365,0.31664463
728.97599985,0.32182770
729.21212686,0.32243872
729.44826468,0.32380685
729.68441331,0.32166782
729.92057275,0.31174480
730.15674299,0.30456091
730.39292403,0.29574181
730.62911587,0.29212493
730.86531851,0.29175684
731.10153194,0.27926333
731.33775616,0.27754540
731.57399117,0.27674956
731.81023696,0.27876811
732.04649353,0.27320398
732.28276088,0.26888825
732.51903901,0.28168870
732.75532791,0.28368739
732.99162758,0.30083001
733.22793802,0.30418148
733.46425923,0.30450239
733.70059119,0.30402054
733.93693392,0.31178788
734.17328740,0.31510005
734.40965164,0.32848329
734.64602662,0.32779972
734.88241236,0.34121621
735.11880884,0.34589707
735.35521607,0.34777791
735.59163403,0.33635905
735.82806273,0.32918131
736.06450217,0.30590794
736.30095234,0.30993668
736.53741323,0.30966535
736.77388486,0.32042377
737.01036720,0.31920198
737.24686027,0.32202147
737.48336406,0.31152853
737.71987856,0.30685751
737.95640377,0.29858289
738.19293969,0.29131251
738.42948632,0.29143988
738.66604365,0.29024721
738.90261169,0.28847800
739.13919042,0.28737479
739.37577985,0.27748566
739.61237997,0.28132710
739.84899078,0.28129706
740.08561228,0.29216038
740.32224446,0.29643212
740.55888732,0.30989162
740.79554087,0.31040580
741.03220509,0.30342856
741.26887998,0.29747148
741.50556555,0.29662336
741.74226178,0.29685816
741.97896868,0.31057519
742.21568624,0.29364071
742.45241446,0.30219380
742.68915333,0.30532319
742.92590286,0.30322478
743.16266304,0.31667024
743.39943387,0.32336679
743.63621535,0.31285391
743.87300747,0.30512941
744.10981023,0.30788103
744.34662363,0.31219439
744.58344766,0.32810108
744.82028232,0.33533143
745.05712761,0.32551287
745.29398353,0.32425923
745.53085007,0.32933085
745.76772724,0.32999948
746.00461502,0.32417420
746.24151341,0.33430554
746.47842242,0.32502808
746.71534204,0.31596615
746.95227227,0.31731401
747.18921310,0.31422590
747.42616453,0.31267196
747.66312656,0.30793010
747.90009918,0.30541232
748.13708240,0.30427464
748.37407621,0.30316896
748.61108061,0.30938228
748.84809559,0.29931579
749.08512115,0.29779402
749.32215730,0.30499852
749.55920401,0.30670569
749.79626131,0.29729724
750.03332917,0.29231213
750.27040760,0.28194814
750.50749660,0.27101135
750.74459616,0.27321481
750.98170628,0.27700964
751.21882695,0.27476678
751.45595818,0.28264271
751.69309997,0.27831662
751.93025230,0.28328360
752.16741517,0.27985325
752.40458859,0.29291240
752.64177256,0.30782103
752.87896705,0.31445660
753.11617209,0.32777994
753.35338765,0.33989756
753.59061374,0.34216332
753.82785037,0.34720916
754.06509751,0.34322376
754.30235518,0.35510437
754.53962336,0.35037597
754.77690206,0.34833018
755.01419127,0.35257090
755.25149099,0.35075096
755.48880122,0.33819548
755.72612195,0.33562885
755.96345319,0.33463431
756.20079492,0.32975803
756.43814715,0.32888192
756.67550987,0.33121275
756.91288309,0.32935334
757.15026679,0.33274560
757.38766097,0.32835657
757.62506564,0.31906731
757.86248079,0.31062115
758.09990641,0.30967832
758.33734251,0.29523626
758.57478908,0.27856884
758.81224612,0.27209716
759.04971362,0.27167236
759.28719159,0.26468708
759.52468001,0.27079675
759.76217889,0.27066156
759.99968823,0.28523092
760.23720802,0.31080221
760.47473826,0.30833784
760.71227894,0.32033022
760.94983007,0.33472648
761.18739164,0.35334606
761.42496364,0.34436702
761.66254608,0.35059682
761.90013895,0.36612698
762.13774226,0.38392740
762.37535598,0.38539977
762.61298014,0.40083399
762.85061471,0.40551100
763.08825970,0.40352364
763.32591511,0.40020515
763.56358093,0.40525896
763.80125716,0.39809568
764.03894380,0.39791454
764.27664084,0.37842877
764.51434829,0.36312744
764.75206613,0.36429892
764.98979437,0.36064370
765.22753300,0.34622955
765.46528203,0.33564388
765.70304144,0.31173330
765.94081124,0.29341181
766.17859142,0.26886929
766.41638197,0.25258653
766.65418291,0.22450763
766.89199422,0.21187189
767.12981590,0.19604373
767.36764795,0.18315661
767.60549036,0.17016599
767.84334314,0.16158975
768.08120628,0.14462170
768.31907977,0.13531651
768.55696362,0.12520315
768.79485782,0.11951625
769.03276238,0.11374383
769.27067727,0.10646966
769.50860251,0.10664242
769.74653809,0.10331753
769.98448401,0.09553566
770.22244027,0.10042550
770.46040685,0.10021465
770.69838377,0.10875479
770.93637101,0.11490793
771.17436858,0.11969222
771.41237647,0.12036257
771.65039468,0.12846123
771.88842320,0.14292225
772.12646204,0.15686144
772.36451118,0.16964056
772.60257064,0.18857595
772.84064039,0.20575461
773.07872045,0.22062934
773.31681081,0.23750752
773.55491147,0.26525018
773.79302242,0.27392391
774.03114366,0.29967945
774.26927519,0.31025330
774.50741700,0.32198659
774.74556910,0.34084803
774.98373147,0.37219798
775.22190413,0.37828646
775.46008705,0.38825980
775.69828025,0.39601622
775.93648372,0.41076580
776.17469745,0.41820706
776.41292145,0.43675483
776.65115570,0.44311891
776.88940022,0.43769955
777.12765499,0.42200920
777.36592001,0.40948843
777.60419528,0.41595781
777.84248079,0.42099200
778.08077655,0.40700249
778.31908256,0.41151231
778.55739879,0.40293535
778.79572527,0.38479523
779.03406198,0.36881483
779.27240891,0.36727861
779.51076608,0.35910971
779.74913346,0.34336517
779.98751107,0.33303785
780.22589890,0.32871553
780.46429695,0.32463077
780.70270520,0.31666695
780.94112367,0.32264908
781.17955235,0.31980931
781.41799123,0.30134231
781.65644031,0.29109920
781.89489959,0.28598630
782.13336907,0.27531133
782.37184874,0.28218098
782.61033861,0.28621512
782.84883866,0.27155425
783.08734890,0.27085099
783.32586931,0.26255314
783.56439991,0.26227664
783.80294069,0.25383247
784.04149164,0.24881058
784.28005276,0.24377311
784.51862406,0.23908156
784.75720551,0.23776441
784.99579713,0.23014677
785.23439891,0.21785663
785.47301085,0.21964194
785.71163295,0.21670755
785.95026519,0.20838122
786.18890759,0.21173139
786.42756013,0.20531363
786.66622282,0.19594582
786.90489564,0.19507019
787.14357861,0.19110910
787.38227171,0.18637627
787.62097494,0.17857784
787.85968831,0.16499129
788.09841180,0.16297389
788.33714541,0.16038026
788.57588915,0.15305612
788.81464301,0.15603129
789.05340698,0.14709509
789.29218106,0.15060702
789.53096526,0.14828750
789.76975956,0.14308294
790.00856397,0.15220906
790.24737848,0.15175708
790.48620309,0.14855146
790.72503780,0.14996275
790.96388260,0.14791982
791.20273749,0.14861579
791.44160247,0.14874309
791.68047754,0.15115542
791.91936269,0.15884856
792.15825792,0.15389202
792.39716323,0.15968897
792.63607861,0.16306343
792.87500406,0.16314616
793.11393958,0.16861696
793.35288517,0.18544894
793.59184082,0.18922235
793.83080653,0.19906060
794.06978230,0.21230826
794.30876813,0.21397250
794.54776401,0.22990622
794.78676993,0.22326006
795.02578591,0.23873178
795.26481193,0.24485966
795.50384798,0.25018348
795.74289408,0.24559543
795.98195022,0.23698751
796.22101638,0.23555003
796.46009258,0.24306049
796.69917880,0.24102354
796.93827505,0.23989293
797.17738132,0.23239873
797.41649761,0.22745138
797.65562392,0.22417835
797.89476024,0.22585122
798.13390657,0.22680202
798.37306290,0.23327508
798.61222925,0.23624116
798.85140559,0.23827801
799.09059194,0.24699073
799.32978828,0.24166583
799.56899462,0.24388614
799.80821094,0.24789351
800.04743726,0.26164715
800.28667356,0.27325134
800.52591985,0.26462849
800.76517611,0.26304442
801.00444236,0.25972569
801.24371857,0.25320675
801.48300476,0.24759092
801.72230092,0.24786495
801.96160705,0.24370031
802.20092314,0.23564269
802.44024919,0.23620201
802.67958519,0.23163070
802.91893116,0.23471036
803.15828707,0.23979896
803.39765294,0.23447415
803.63702875,0.23676796
803.87641450,0.23825790
804.11581020,0.23498201
804.35521584,0.22576217
804.59463141,0.22584662
804.83405692,0.21517347
805.07349235,0.20901178
805.31293772,0.20479765
805.55239300,0.20062267
805.79185821,0.19438630
806.03133334,0.18873156
806.27081839,0.18000858
806.51031335,0.17461443
806.74981822,0.16970696
806.98933300,0.16497471
807.22885768,0.15651321
807.46839227,0.15763267
807.70793675,0.15022276
807.94749114,0.14516009
808.18705542,0.13605917
808.42662959,0.13706422
808.66621364,0.13152086
808.90580759,0.12966317
809.14541141,0.11875995
809.38502512,0.11070972
809.62464871,0.11153077
809.86428217,0.10495806
810.10392550,0.10065620
810.34357870,0.10253031
810.58324177,0.10161455
810.82291470,0.09829041
811.06259749,0.09465472
811.30229015,0.09027053
811.54199265,0.08851182
811.78170501,0.09227259
812.02142722,0.09109388
812.26115928,0.08678775
812.50090118,0.09235958
812.74065292,0.08932729
812.98041450,0.09337112
813.22018592,0.09191294
813.45996717,0.09794686
813.69975825,0.09527747
813.93955916,0.09860925
814.17936989,0.10104234
814.41919045,0.10880049
814.65902083,0.11430182
814.89886102,0.12049996
815.13871102,0.12571651
815.37857084,0.13358964
815.61844047,0.13303737
815.85831990,0.13989101
816.09820913,0.14202676
816.33810817,0.14327220
816.57801700,0.14655145
816.81793562,0.14986303
817.05786404,0.14812656
817.29780225,0.14740237
817.53775024,0.15293194
817.77770801,0.15648047
818.01767557,0.16615614
818.25765290,0.17062772
818.49764001,0.17965075
818.73763689,0.18357566
818.97764354,0.19408887
819.21765996,0.20050793
819.45768614,0.20175287
819.69772209,0.21813223
819.93776779,0.22093768
820.17782324,0.22271855
820.41788845,0.22079380
820.65796341,0.21818418
820.89804812,0.22602374
821.13814257,0.23589014
821.37824677,0.23121591
821.61836070,0.23472834
821.85848437,0.22842934
822.09861777,0.22306817
822.33876090,0.21677336
822.57891376,0.21758465
822.81907635,0.21536100
823.05924866,0.20995167
823.29943069,0.20532126
823.53962243,0.20241576
823.77982389,0.21013599
824.02003506,0.20958603
824.26025594,0.20691067
824.50048652,0.20256891
824.74072681,0.19729262
824.98097680,0.18326436
825.22123648,0.18018340
825.46150586,0.17852512
825.70178493,0.17882117
825.94207369,0.18290456
826.18237214,0.17374923
826.42268027,0.17780028
826.66299808,0.17376918
826.90332557,0.17692925
827.14366273,0.16704087
827.38400957,0.15940484
827.62436608,0.15593535
827.86473225,0.15767001
828.10510809,0.14468694
828.34549359,0.14730372
828.58588874,0.13999746
828.82629356,0.12940973
829.06670802,0.12289087
829.30713214,0.11572249
829.54756590,0.10469199
829.78800931,0.10253417
830.02846236,0.09271372
830.26892505,0.09709470
830.50939738,0.09644412
830.74987934,0.09906640
830.99037093,0.09809105
831.23087215,0.09151383
831.47138299,0.09283027
831.71190346,0.09470084
831.95243355,0.09287943
832.19297325,0.09355397
832.43352257,0.09770712
832.67408150,0.09324030
832.91465003,0.08909625
833.15522818,0.09574808
833.39581592,0.09000347
833.63641327,0.08826257
833.87702022,0.08747813
834.11763676,0.08625371
834.35826289,0.08257772
834.59889861,0.07990866
834.83954392,0.07960730
835.08019881,0.08169692
835.32086328,0.08000321
835.56153733,0.07879946
835.80222095,0.08210424
836.04291415,0.08450902
836.28361692,0.08668688
836.52432926,0.08358219
836.76505116,0.09008357
837.00578262,0.08995044
837.24652364,0.09214915
837.48727421,0.09756998
837.72803434,0.10079031
837.96880402,0.09505539
838.20958325,0.09351474
838.45037202,0.09824748
838.69117033,0.09710759
838.93197819,0.09990270
839.17279558,0.10057158
839.41362250,0.10250338
839.65445896,0.10457077
839.89530494,0.10538721
840.13616045,0.10398617
840.37702548,0.10266178
840.61790003,0.09806331
840.85878410,0.10231798
841.09967768,0.09854688
841.34058078,0.10657011
841.58149338,0.11102291
841.82241549,0.10542850
842.06334710,0.10394308
842.30428821,0.10900263
842.54523883,0.10781382
842.78619893,0.10443592
843.02716853,0.10416296
843.26814762,0.10913263
843.50913619,0.11621385
843.75013425,0.12373662
843.99114179,0.12379398
844.23215881,0.13558184
844.47318530,0.14287908
844.71422127,0.14707366
844.95526670,0.15647324
845.19632161,0.17113615
845.43738597,0.17465416
845.67845980,0.16794438
845.91954309,0.17641442
846.16063584,0.18394540
846.40173803,0.19497902
846.64284968,0.18948579
846.88397078,0.19459878
847.12510132,0.20710566
847.36624130,0.20771127
847.60739073,0.20743206
847.84854959,0.20499577
848.08971788,0.21972622
848.33089561,0.21894638
848.57208276,0.21505151
848.81327934,0.21385523
849.05448534,0.22607364
849.29570076,0.22839381
849.53692560,0.22209817
849.77815986,0.22201429
850.01940353,0.23566977
850.26065660,0.24394489
850.50191908,0.22923700
850.74319097,0.21711922
850.98447225,0.22155158
851.22576294,0.21510822
851.46706301,0.20857450
851.70837248,0.19659641
851.94969135,0.18732625
852.19101959,0.18996083
852.43235722,0.19372151
852.67370424,0.18140634
852.91506063,0.17586947
853.15642640,0.17153764
853.39780154,0.17306582
853.63918605,0.16501041
853.88057992,0.15300087
854.12198317,0.14463047
854.36339577,0.13775411
854.60481773,0.12037176
854.84624905,0.11541185
855.08768973,0.10898835
855.32913975,0.10500280
855.57059912,0.10539403
855.81206784,0.09549003
856.05354590,0.09138080
856.29503330,0.08901189
856.53653004,0.08535477
856.77803611,0.08558867
857.01955151,0.08473695
857.26107624,0.08396232
857.50261030,0.08789210
857.74415367,0.08826380
857.98570637,0.08104832
858.22726839,0.07721163
858.46883972,0.07814528
858.71042037,0.07712718
858.95201032,0.07563158
859.19360958,0.07545948
859.43521814,0.07361197
859.67683601,0.07689278
859.91846317,0.07681004
860.16009963,0.07340023
860.40174538,0.07251828
860.64340042,0.07241643
860.88506474,0.07336863
861.12673835,0.07310181
861.36842125,0.07582126
861.61011342,0.07605524
861.85181487,0.07225089
862.09352559,0.06961336
862.33524558,0.06993975
862.57697484,0.07214774
862.81871336,0.06448446
863.06046114,0.06086067
863.30221819,0.06075620
863.54398449,0.06104492
863.78576004,0.06161500
864.02754485,0.05762969
864.26933890,0.05282464
864.51114220,0.05302990
864.75295474,0.04983863
864.99477653,0.04565690
865.23660755,0.05061346
865.47844780,0.05262364
865.72029728,0.05245047
865.96215600,0.05042823
866.20402394,0.05103383
866.44590110,0.04726486
866.68778748,0.05008304
866.92968308,0.04886682
867.17158790,0.04742974
867.41350193,0.05614362
867.65542516,0.05159906
867.89735761,0.05051473
868.13929926,0.05155926
868.38125011,0.05473214
868.62321015,0.05332429
868.86517940,0.05727833
869.10715783,0.05687110
869.34914546,0.05957470
869.59114227,0.06004553
869.83314827,0.06850228
870.07516344,0.06681620
870.31718780,0.06811876
870.55922133,0.06474733
870.80126404,0.06862013
871.04331592,0.07039944
871.28537696,0.07233896
871.52744717,0.07228627
871.76952655,0.07105200
872.01161508,0.06822824
872.25371277,0.06901744
872.49581961,0.06810522
872.73793560,0.06932734
872.98006075,0.06514998
873.22219503,0.06616603
873.46433846,0.06193500
873.70649103,0.06207976
873.94865274,0.05868627
874.19082358,0.05733915
874.43300356,0.05612088
874.67519266,0.05728063
874.91739089,0.05530271
875.15959824,0.05126454
875.40181471,0.05531986
875.64404031,0.05516843
875.88627501,0.05595632
876.12851883,0.05446886
876.37077176,0.05349983
876.61303379,0.05917575
876.85530493,0.05762336
877.09758517,0.06316311
877.33987451,0.06413229
877.58217294,0.06222421
877.82448047,0.06746391
878.06679709,0.07018104
878.30912279,0.07234208
878.55145758,0.07937922
878.79380145,0.08342387
879.03615440,0.08824903
879.27851643,0.09379321
879.52088753,0.09373461
879.76326770,0.09458775
880.00565694,0.09610098
880.24805524,0.09485193
880.49046260,0.10504366
880.73287903,0.11188105
880.97530451,0.11426571
881.21773905,0.11735530
881.46018264,0.11782788
881.70263527,0.11648370
881.94509695,0.12614222
882.18756768,0.12983610
882.43004744,0.13014296
882.67253625,0.13779785
882.91503409,0.13321326
883.15754095,0.13419812
883.40005685,0.13431729
883.64258178,0.13708071
883.88511573,0.14278182
884.12765869,0.14117477
884.37021068,0.13878781
884.61277168,0.14439904
884.85534170,0.14830327
885.09792072,0.15205016
885.34050876,0.15507294
885.58310579,0.16541330
885.82571183,0.15640085
886.06832686,0.16076001
886.31095090,0.15457747
886.55358392,0.15899185
886.79622594,0.15037172
887.03887694,0.14832190
887.28153693,0.14811467
887.52420589,0.15620602
887.76688384,0.15012608
888.00957077,0.14546277
888.25226667,0.14027667
888.49497154,0.14325020
888.73768537,0.14433428
888.98040818,0.15347312
889.22313994,0.15423549
889.46588067,0.14868580
889.70863035,0.14787797
889.95138899,0.15465774
890.19415657,0.15263270
890.43693311,0.15835835
890.67971859,0.15496895
890.92251302,0.16235910
891.16531639,0.16585402
891.40812869,0.17633465
891.65094993,0.17584821
891.89378010,0.17124219
892.13661920,0.16485801
892.37946723,0.16936176
892.62232418,0.17030378
892.86519005,0.17049000
893.10806484,0.17043378
893.35094854,0.16827784
893.59384116,0.16870766
893.83674269,0.16916602
894.07965312,0.16749727
894.32257246,0.17325615
894.56550070,0.17820006
894.80843784,0.18831036
895.05138388,0.19113610
895.29433881,0.19886929
895.53730263,0.20468177
895.78027533,0.21378629
896.02325692,0.22014061
896.26624740,0.23085636
896.50924675,0.22622883
896.75225498,0.22312923
896.99527208,0.21651772
897.23829806,0.21794839
897.48133290,0.22746598
897.72437661,0.22605279
897.96742918,0.20941155
898.21049061,0.19999252
898.45356090,0.19164429
898.69664005,0.18567677
898.93972804,0.19100635
899.18282488,0.19183108
899.42593057,0.18279795
899.66904511,0.16792519
899.91216848,0.16190769
900.15530069,0.15981611
900.39844174,0.15722042
900.64159162,0.16326632
900.88475033,0.15730529
901.12791786,0.14429127
901.37109422,0.14905142
901.61427940,0.16744539
901.85747340,0.16782760
902.10067621,0.16835704
902.34388784,0.15333933
902.58710827,0.14450351
902.83033752,0.14569503
903.07357557,0.15394831
903.31682242,0.15135748
903.56007807,0.14415701
903.80334251,0.13845738
904.04661575,0.12928490
904.28989778,0.12308751
904.53318860,0.12972874
904.77648820,0.13017915
905.01979659,0.12935351
905.26311375,0.11863004
905.50643969,0.11619465
905.74977441,0.11421179
905.99311789,0.11359503
906.23647015,0.11464406
906.47983117,0.11592701
906.72320095,0.11376156
906.96657950,0.10894058
907.20996680,0.10786685
907.45336285,0.10794506
907.69676766,0.10523949
907.94018122,0.09988989
908.18360352,0.08929823
908.42703457,0.08390801
908.67047435,0.07951596
908.91392288,0.08465618
909.15738014,0.08811114
909.40084613,0.09581546
909.64432085,0.09537374
909.88780430,0.09344679
910.13129648,0.09070043
910.37479737,0.08911768
910.61830699,0.09810558
910.86182531,0.10669708
911.10535236,0.10684990
911.34888811,0.10319754
911.59243257,0.10462092
911.83598573,0.11154825
912.07954760,0.11050052
912.32311816,0.11925420
912.56669743,0.11149243
912.81028538,0.12086157
913.05388203,0.12203248
913.29748736,0.12332625
913.54110138,0.12848552
913.78472408,0.13405941
914.02835547,0.13538323
914.27199552,0.14176880
914.51564426,0.13138224
914.75930166,0.13115097
915.00296774,0.12823201
915.24664247,0.12991472
915.49032588,0.12838458
915.73401794,0.12180687
915.97771866,0.11471654
916.22142803,0.11382926
916.46514606,0.10891087
916.70887274,0.10913230
916.95260806,0.10725370
917.19635202,0.10560487
917.44010463,0.10510465
917.68386588,0.10219438
917.92763576,0.10205150
918.17141427,0.10236903
918.41520141,0.09711521
918.65899718,0.09132778
918.90280158,0.09084659
919.14661459,0.08463468
919.39043623,0.07983308
919.63426648,0.08201241
919.87810534,0.07357364
920.12195281,0.07168944
920.36580890,0.06648078
920.60967358,0.06603299
920.85354687,0.06510287
921.09742876,0.06659436
921.34131924,0.05932602
921.58521832,0.05654100
921.82912599,0.05763395
922.07304225,0.05511526
922.31696709,0.04923048
922.56090052,0.05174006
922.80484252,0.04874100
923.04879310,0.04884580
923.29275226,0.04584486
923.53671999,0.04578560
923.78069629,0.04992259
924.02468115,0.05032842
924.26867458,0.05080001
924.51267656,0.05825909
924.75668711,0.05364305
925.00070621,0.05517861
925.24473386,0.05271499
925.48877006,0.05420171
925.73281481,0.05655955
925.97686810,0.06336690
926.22092994,0.06036037
926.46500031,0.06426246
926.70907921,0.06760852
926.95316665,0.06957323
927.19726262,0.06636275
927.44136712,0.06570544
927.68548014,0.06757085
927.92960168,0.07860414
928.17373175,0.08628095
928.41787032,0.09113549
928.66201741,0.08779049
928.90617302,0.08941617
929.15033713,0.08517151
929.39450974,0.08973764
929.63869086,0.09416483
929.88288047,0.10257824
930.12707859,0.10428803
930.37128520,0.10510931
930.61550029,0.10006406
930.85972388,0.09931761
931.10395595,0.09266407
931.34819651,0.09554027
931.59244554,0.09261212
931.83670306,0.10118294
932.08096904,0.09652611
932.32524350,0.09338983
932.56952643,0.08663451
932.81381782,0.07986853
933.05811768,0.07071157
933.30242600,0.06722187
933.54674278,0.06586663
933.79106801,0.06586884
934.03540169,0.06887373
934.27974382,0.06589084
934.52409440,0.05489874
934.76845343,0.05235789
935.01282089,0.05536582
935.25719680,0.05304655
935.50158114,0.05562155
935.74597391,0.05413516
935.99037511,0.04813876
936.23478474,0.04886772
936.47920279,0.04287469
936.72362927,0.04006495
936.96806417,0.03506911
937.21250748,0.03629649
937.45695920,0.03157351
937.70141934,0.03297891
937.94588788,0.03556244
938.19036483,0.03527445
938.43485019,0.02855122
938.67934394,0.03153650
938.92384608,0.02961759
939.16835663,0.02838282
939.41287556,0.03119270
939.65740288,0.02359401
939.90193859,0.02564598
940.14648268,0.02849329
940.39103515,0.02536973
940.63559600,0.02399067
940.88016523,0.02751639
941.12474282,0.02436804
941.36932879,0.02218428
941.61392312,0.02069985
941.85852581,0.02238060
942.10313687,0.01937259
942.34775628,0.01952927
942.59238405,0.01708230
942.83702017,0.01534362
943.08166464,0.01666406
943.32631746,0.01534008
943.57097862,0.01020166
943.81564813,0.01536816
944.06032597,0.01184662
944.30501215,0.01077379
944.54970666,0.00737724
944.79440950,0.01233676
945.03912067,0.01047283
945.28384016,0.01359310
945.52856798,0.01423097
945.77330412,0.01246749
946.01804857,0.01298250
946.26280133,0.01663945
946.50756241,0.01565697
946.75233179,0.01734140
946.99710948,0.01534173
947.24189548,0.01470625
947.48668977,0.01531341
947.73149236,0.01546368
947.97630324,0.01832043
948.22112242,0.01954773
948.46594988,0.01935477
948.71078563,0.02199117
948.95562966,0.01942436
949.20048198,0.02488879
949.44534257,0.02378336
949.69021144,0.02816311
949.93508857,0.02280704
950.17997398,0.02380158
950.42486766,0.03004313
950.66976959,0.02860490
950.91467979,0.03238799
951.15959825,0.03256387
951.40452496,0.04067977
951.64945993,0.03887822
951.89440314,0.03628844
952.13935461,0.04135456
952.38431431,0.04815444
952.62928226,0.04731986
952.87425845,0.04523080
953.11924287,0.04895816
953.36423553,0.05281060
953.60923642,0.05895801
953.85424553,0.05095964
954.09926287,0.05329179
954.34428843,0.05515490
954.58932222,0.05393310
954.83436421,0.05278122
955.07941443,0.05694266
955.32447285,0.05672402
955.56953948,0.06102933
955.81461432,0.05718386
956.05969736,0.06146694
956.30478860,0.06207091
956.54988803,0.06233074
956.79499567,0.06592039
957.04011149,0.06422642
957.28523550,0.06939382
957.53036770,0.07084329
957.77550808,0.07278486
958.02065664,0.07657041
958.26581338,0.07729272
958.51097830,0.07949125
958.75615139,0.07970497
959.00133264,0.07957857
959.24652207,0.08481647
959.49171965,0.09021341
959.73692540,0.09432380
959.98213931,0.09742168
960.22736137,0.09236352
960.47259159,0.10152714
960.71782995,0.09165461
960.96307647,0.09834515
961.20833112,0.09266628
961.45359392,0.09926024
961.69886486,0.09272546
961.94414394,0.09397442
962.18943115,0.08962414
962.43472648,0.09377171
962.68002995,0.08429654
962.92534154,0.08261522
963.17066126,0.08032535
963.41598909,0.07656384
963.66132504,0.07593805
963.90666911,0.07766639
964.15202128,0.07894917
964.39738157,0.07728771
964.64274996,0.07165785
964.88812645,0.07704084
965.13351104,0.07539531
965.37890374,0.07451542
965.62430452,0.06676113
965.86971340,0.06768394
966.11513036,0.06084418
966.36055542,0.06340448
966.60598855,0.05784635
966.85142977,0.05657350
967.09687907,0.05444432
967.34233644,0.05188492
967.58780188,0.05070432
967.83327539,0.04961728
968.07875697,0.04376795
968.32424661,0.04319090
968.56974432,0.03954923
968.81525008,0.04611841
969.06076390,0.04224028
969.30628577,0.03626382
969.55181570,0.03228622
969.79735367,0.03244486
970.04289968,0.03622797
970.28845374,0.03803714
970.53401583,0.03574021
970.77958597,0.03294090
971.02516413,0.03421951
971.27075033,0.03713920
971.51634455,0.03532789
971.76194680,0.03486712
972.00755708,0.03268534
972.25317537,0.03135052
972.49880168,0.02836032
972.74443600,0.02786166
972.99007834,0.02310767
973.23572868,0.02667860
973.48138703,0.02616598
973.72705338,0.02416434
973.97272774,0.02005830
974.21841009,0.01771679
974.46410043,0.01983851
974.70979877,0.01977318
974.95550510,0.01774437
975.20121941,0.01759869
975.44694171,0.02032700
975.69267199,0.02376580
975.93841024,0.02244740
976.18415647,0.02250452
976.42991068,0.01831345
976.67567285,0.02291201
976.92144299,0.01784261
977.16722110,0.01964794
977.41300717,0.01553500
977.65880119,0.01879366
977.90460317,0.01860235
978.15041311,0.01521894
978.39623099,0.01303756
978.64205683,0.01668351
978.88789061,0.01502566
979.13373233,0.01342387
979.37958199,0.01407085
979.62543958,0.01768225
979.87130511,0.01637854
980.11717857,0.01448728
980.36305996,0.01502189
980.60894928,0.01634152
980.85484651,0.01734181
981.10075167,0.01547115
981.34666475,0.01539113
981.59258573,0.01684807
981.83851463,0.01598821
982.08445144,0.01434143
982.33039616,0.01543652
982.57634878,0.01620783
982.82230930,0.01574700
983.06827771,0.01226109
983.31425403,0.01106538
983.56023823,0.01144160
983.80623032,0.01319990
984.05223031,0.01809376
984.29823817,0.01056655
984.54425391,0.01159943
984.79027754,0.01354716
985.03630904,0.01337734
985.28234841,0.01125834
985.52839565,0.00989176
985.77445076,0.01216835
986.02051374,0.01116075
986.26658457,0.01003071
986.51266327,0.00706102
986.75874982,0.00745735
987.00484422,0.01026732
987.25094647,0.00684591
987.49705658,0.01113170
987.74317452,0.00938021
987.98930031,0.00885216
988.23543394,0.00929846
988.48157541,0.00903215
988.72772471,0.00708967
988.97388184,0.00846584
989.22004680,0.00653069
989.46621959,0.01127918
989.71240020,0.00945703
989.95858862,0.01150151
990.20478487,0.01522806
990.45098893,0.01071640
990.69720080,0.01015858
990.94342048,0.01017983
991.18964797,0.01276378
991.43588326,0.01190760
991.68212635,0.01255942
991.92837724,0.01244402
992.17463593,0.01012197
992.42090240,0.01086316
992.66717667,0.01204122
992.91345872,0.01369406
993.15974856,0.01260136
993.40604618,0.01303519
993.65235158,0.01127820
993.89866475,0.01448252
994.14498570,0.01162076
994.39131441,0.01053767
994.63765090,0.01269877
994.88399515,0.01170916
995.13034716,0.00952744
995.37670693,0.01238542
995.62307445,0.01052495
995.86944973,0.01158975
996.11583276,0.01063575
996.36222354,0.01328780
996.60862206,0.00998869
996.85502833,0.01147041
997.10144233,0.01032896
997.34786408,0.01088885
997.59429355,0.00988618
997.84073076,0.01155166
998.08717570,0.01175594
998.33362836,0.00918431
998.58008875,0.01126409
998.82655685,0.00911783
999.07303267,0.00939735
999.31951621,0.01049991
999.56600746,0.01342569
999.81250642,0.00934820
1000.05901309,0.00712242
1000.30552746,0.00838476
1000.55204953,0.01182069
1000.79857929,0.01235259
1001.04511676,0.01130733
1001.29166191,0.01286266
1001.53821476,0.01122502
1001.78477529,0.01081786
1002.03134351,0.00875540
1002.27791941,0.01091905
1002.52450299,0.00907605
1002.77109424,0.01176513
1003.01769317,0.00945596
1003.26429976,0.00848546
1003.51091403,0.00910166
1003.75753596,0.00738300
1004.00416555,0.01092086
1004.25080280,0.00673003
1004.49744771,0.00568707
1004.74410027,0.00967789
1004.99076048,0.01161330
1005.23742834,0.01387413
1005.48410384,0.01080374
1005.73078699,0.00898192
1005.97747778,0.01104913
1006.22417620,0.00735969
1006.47088226,0.00734229
1006.71759595,0.00887530
1006.96431727,0.00784194
1007.21104622,0.00861185
1007.45778279,0.00855342
1007.70452698,0.00844534
1007.95127879,0.00656655
1008.19803821,0.01107499
1008.44480524,0.00828685
1008.69157988,0.01018467
1008.93836213,0.01147508
1009.18515199,0.01038838
1009.43194944,0.00857525
1009.67875450,0.00882073
1009.92556715,0.01105612
1010.17238739,0.01021701
1010.41921522,0.01113268
1010.66605064,0.01063459
1010.91289364,0.01234759
1011.15974422,0.01376259
1011.40660239,0.01353295
1011.65346813,0.01301008
1011.90034144,0.01082031
1012.14722232,0.01358162
1012.39411078,0.01213782
1012.64100679,0.01257895
1012.88791037,0.01629876
1013.13482151,0.01546951
1013.38174020,0.01456180
1013.62866645,0.01082401
1013.87560025,0.01161936
1014.12254160,0.01070764
1014.36949049,0.01098462
1014.61644693,0.01337676
1014.86341091,0.01265864
1015.11038242,0.01441637
1015.35736147,0.01337545
1015.60434805,0.01322017
1015.85134216,0.01754190
1016.09834379,0.01399042
1016.34535295,0.01686292
1016.59236963,0.01479102
1016.83939383,0.01512555
1017.08642554,0.01189742
1017.33346476,0.01551432
1017.58051150,0.01409621
1017.82756574,0.01376251
1018.07462748,0.01624173
1018.32169673,0.01199624
1018.56877347,0.01542249
1018.81585771,0.01522263
1019.06294945,0.01110847
1019.31004867,0.01013757
1019.55715538,0.01219511
1019.80426957,0.00890837
1020.05139125,0.01003841
1020.29852041,0.01032189
1020.54565704,0.01092020
1020.79280114,0.01391360
1021.03995272,0.01243164
1021.28711177,0.01305767
1021.53427828,0.01270427
1021.78145225,0.01379484
1022.02863368,0.01107794
1022.27582257,0.01357341
1022.52301891,0.01277493
1022.77022270,0.01145333
1023.01743395,0.01177317
1023.26465263,0.01601233
1023.51187876,0.01308468
1023.75911234,0.01548149
1024.00635335,0.01266340
1024.25360179,0.01641801
1024.50085766,0.01185451
1024.74812097,0.01357661
1024.99539170,0.01443763
1025.24266985,0.01127647
1025.48995543,0.01121443
1025.73724842,0.01128829
1025.98454883,0.01064329
1026.23185665,0.01142494
1026.47917188,0.01110683
1026.72649452,0.01313449
1026.97382456,0.01112283
1027.22116200,0.01261441
1027.46850685,0.01007716
1027.71585908,0.00986468
1027.96321872,0.01109879
1028.21058574,0.00848695
1028.45796014,0.00298275
1028.70534194,0.00287573
1028.95273111,0.00146123
1029.20012767,0.00143406
1029.44753160,0.00323644
1029.69494290,0.00356333
