198.80933475,-0.00034866
199.01143578,0.00080352
199.21355429,0.00084154
199.41569028,0.00001502
199.61784374,0.00000108
199.82001468,-0.00165236
200.02220309,0.00001236
200.22440896,0.00136593
200.42663230,0.00171929
200.62887310,0.00092600
200.83113136,0.00110122
201.03340708,-0.00008854
201.23570025,0.00252133
201.43801087,-0.00381478
201.64033894,0.00043033
201.84268445,0.00062218
202.04504741,-0.00020439
202.24742780,-0.00033216
202.44982564,0.00040371
202.65224090,0.00141109
202.85467360,0.00012511
203.05712372,0.00097141
203.25959128,-0.00171082
203.46207625,-0.00118388
203.66457864,-0.00041679
203.86709846,-0.00025149
204.06963568,-0.00186538
204.27219032,-0.00195485
204.47476237,-0.00106401
204.67735182,0.00042120
204.87995868,0.00212544
205.08258293,0.00029033
205.28522459,0.00220483
205.48788364,0.00011211
205.69056008,0.00264706
205.89325391,0.00371405
206.09596513,0.00079990
206.29869374,0.00082144
206.50143972,-0.00002472
206.70420308,-0.00353376
206.90698382,0.00104835
207.10978194,-0.00064469
207.31259742,-0.00110912
207.51543027,0.00045328
207.71828048,0.00061498
207.92114806,-0.00056565
208.12403299,-0.00233739
208.32693528,-0.00062801
208.52985493,-0.00153988
208.73279193,0.00004528
208.93574627,-0.00068379
209.13871796,-0.00157003
209.34170699,0.00017490
209.54471336,-0.00176044
209.74773707,-0.00162005
209.95077811,-0.00079468
210.15383649,-0.00081196
210.35691219,-0.00137347
210.56000522,0.00198107
210.76311557,0.00064325
210.96624324,0.00044075
211.16938823,-0.00193421
211.37255053,0.00079684
211.57573015,-0.00058835
211.77892707,-0.00019805
211.98214130,0.00005013
212.18537284,-0.00131767
212.38862167,0.00010980
212.59188781,-0.00018824
212.79517124,0.00112841
212.99847196,0.00001287
213.20178997,0.00116384
213.40512527,-0.00024891
213.60847785,0.00088479
213.81184772,0.00132488
214.01523486,-0.00042850
214.21863928,0.00149950
214.42206097,-0.00029490
214.62549993,0.00109950
214.82895616,0.00085865
215.03242966,0.00103381
215.23592042,-0.00166074
215.43942843,-0.00007753
215.64295370,0.00122276
215.84649623,-0.00111863
216.05005601,-0.00095591
216.25363303,0.00244358
216.45722731,-0.00011772
216.66083882,0.00051263
216.86446757,0.00115793
217.06811356,-0.00008806
217.27177679,-0.00001709
217.47545724,0.00074388
217.67915493,0.00039587
217.88286984,-0.00119361
218.08660198,-0.00490385
218.29035133,0.00193821
218.49411790,0.00057175
218.69790169,0.00063134
218.90170269,-0.00036908
219.10552090,0.00023110
219.30935632,0.00058285
219.51320894,-0.00219231
219.71707876,0.00100397
219.92096578,-0.00134030
220.12486999,-0.00033727
220.32879140,0.00114608
220.53272999,-0.00036179
220.73668578,-0.00036510
220.94065875,0.00089650
221.14464890,0.00091639
221.34865623,-0.00095357
221.55268073,-0.00075841
221.75672241,0.00063916
221.96078126,-0.00010152
222.16485728,0.00038759
222.36895046,0.00152798
222.57306080,-0.00045381
222.77718831,-0.00060649
222.98133297,-0.00019979
223.18549478,0.00005943
223.38967375,0.00068290
223.59386986,0.00204764
223.79808312,-0.00018550
224.00231352,0.00170212
224.20656106,-0.00312543
224.41082574,0.00148147
224.61510756,0.00037015
224.81940650,0.00256988
225.02372258,0.00018411
225.22805578,0.00029225
225.43240610,-0.00330196
225.63677355,-0.00107548
225.84115811,-0.00131001
226.04555979,0.00055263
226.24997858,0.00024282
226.45441448,0.00104953
226.65886748,0.00198805
226.86333759,-0.00068639
227.06782480,0.00028077
227.27232911,0.00025420
227.47685052,0.00295438
227.68138902,0.00248549
227.88594461,0.00170876
228.09051728,0.00006703
228.29510704,-0.00047227
228.49971389,-0.00116863
228.70433781,-0.00077830
228.90897881,0.00204938
229.11363688,-0.00006192
229.31831202,-0.00301993
229.52300423,-0.00049099
229.72771350,-0.00033318
229.93243984,0.00137805
230.13718324,0.00100816
230.34194369,0.00002260
230.54672120,0.00021377
230.75151576,-0.00001948
230.95632737,0.00192822
231.16115602,0.00122077
231.36600172,-0.00050883
231.57086446,0.00296999
231.77574423,-0.00003471
231.98064104,0.00021549
232.18555488,-0.00205645
232.39048575,-0.00004763
232.59543365,0.00076796
232.80039857,0.00053232
233.00538051,-0.00099059
233.21037947,-0.00004473
233.41539544,-0.00140972
233.62042843,0.00157269
233.82547842,-0.00090169
234.03054543,0.00048331
234.23562943,-0.00052557
234.44073044,-0.00060439
234.64584845,-0.00010956
234.85098345,-0.00152631
235.05613545,-0.00247859
235.26130444,0.00260870
235.46649041,-0.00039737
235.67169337,0.00020684
235.87691331,0.00030011
236.08215023,-0.00197359
236.28740413,0.00041171
236.49267500,-0.00068751
236.69796284,0.00074552
236.90326765,-0.00090956
237.10858942,0.00103559
237.31392816,0.00030632
237.51928386,-0.00010515
237.72465651,-0.00014612
237.93004612,0.00343079
238.13545268,0.00155106
238.34087619,0.00005223
238.54631664,0.00132633
238.75177404,-0.00000016
238.95724838,-0.00000886
239.16273965,0.00007364
239.36824786,0.00004596
239.57377300,0.00143279
239.77931508,-0.00040524
239.98487407,-0.00013919
240.19045000,0.00160575
240.39604284,0.00042963
240.60165260,-0.00149982
240.80727928,-0.00100316
241.01292287,-0.00196199
241.21858337,0.00064300
241.42426077,-0.00074987
241.62995508,0.00118525
241.83566630,0.00078523
242.04139441,-0.00055684
242.24713941,-0.00031618
242.45290131,-0.00291257
242.65868010,-0.00005376
242.86447578,0.00123413
243.07028835,-0.00077658
243.27611779,0.00138247
243.48196412,0.00275971
243.68782732,0.00157081
243.89370739,-0.00075701
244.09960434,0.00089482
244.30551816,0.00009886
244.51144884,0.00069547
244.71739638,-0.00051477
244.92336078,-0.00068837
245.12934204,0.00142898
245.33534016,-0.00150522
245.54135512,0.00102071
245.74738694,-0.00016442
245.95343560,0.00245157
246.15950110,0.00039798
246.36558345,-0.00098459
246.57168263,0.00191656
246.77779865,-0.00068837
246.98393150,-0.00113155
247.19008118,-0.00024834
247.39624769,-0.00048863
247.60243102,-0.00099236
247.80863117,0.00114909
248.01484814,0.00033942
248.22108192,0.00067766
248.42733252,0.00076318
248.63359993,-0.00031774
248.83988415,-0.00076701
249.04618517,0.00106629
249.25250299,0.00192315
249.45883761,0.00321699
249.66518903,0.00120291
249.87155724,0.00045785
250.07794224,-0.00014894
250.28434403,0.00073776
250.49076260,0.00021715
250.69719796,-0.00114554
250.90365009,0.00066074
251.11011901,0.00043611
251.31660469,-0.00015378
251.52310715,0.00293711
251.72962638,0.00279861
251.93616237,-0.00001899
252.14271513,0.00203692
252.34928464,-0.00060665
252.55587091,-0.00071510
252.76247394,0.00031984
252.96909372,0.00096791
253.17573025,-0.00079774
253.38238352,0.00075826
253.58905354,0.00334280
253.79574030,0.00084100
254.00244380,-0.00061801
254.20916403,-0.00337752
254.41590099,-0.00090365
254.62265469,0.00086198
254.82942511,0.00075159
255.03621225,-0.00109015
255.24301612,-0.00033270
255.44983670,-0.00050383
255.65667400,-0.00024222
255.86352802,-0.00019088
256.07039874,0.00108510
256.27728617,0.00035363
256.48419031,-0.00053167
256.69111115,-0.00067731
256.89804868,-0.00085650
257.10500292,-0.00148612
257.31197384,-0.00068246
257.51896146,-0.00181155
257.72596577,0.00321194
257.93298676,-0.00106390
258.14002443,-0.00115957
258.34707878,-0.00072996
258.55414981,0.00245629
258.76123752,0.00133941
258.96834190,-0.00060910
259.17546294,0.00150507
259.38260065,-0.00018155
259.58975502,-0.00064845
259.79692606,-0.00090050
260.00411375,0.00130508
260.21131810,-0.00085996
260.41853909,0.00017769
260.62577674,-0.00160771
260.83303103,0.00122878
261.04030197,0.00017273
261.24758955,-0.00000263
261.45489377,-0.00167968
261.66221462,0.00080323
261.86955210,0.00064252
262.07690622,0.00153475
262.28427696,-0.00076330
262.49166433,0.00249780
262.69906831,-0.00164554
262.90648892,-0.00139276
263.11392614,0.00058315
263.32137998,0.00041220
263.52885042,-0.00191793
263.73633747,-0.00311958
263.94384113,-0.00137129
264.15136139,-0.00057294
264.35889825,-0.00141483
264.56645171,-0.00042622
264.77402176,-0.00031000
264.98160840,0.00055263
265.18921163,-0.00059260
265.39683144,0.00028456
265.60446784,-0.00045384
265.81212081,0.00077161
266.01979037,0.00210083
266.22747650,0.00079764
266.43517920,-0.00074654
266.64289847,0.00164388
266.85063430,0.00050191
267.05838670,-0.00021734
267.26615566,-0.00240293
267.47394117,-0.00217339
267.68174324,0.00040960
267.88956187,-0.00054846
268.09739704,0.00036201
268.30524876,-0.00074289
268.51311702,-0.00058393
268.72100183,-0.00039943
268.92890317,0.00049019
269.13682105,0.00032400
269.34475546,0.00038528
269.55270640,0.00050029
269.76067387,-0.00033211
269.96865786,0.00252668
270.17665838,0.00043074
270.38467541,0.00174086
270.59270896,0.00015246
270.80075902,-0.00092122
271.00882560,0.00082346
271.21690868,0.00249197
271.42500826,0.00112123
271.63312435,0.00057157
271.84125694,0.00165489
272.04940602,0.00245868
272.25757160,0.00098594
272.46575367,-0.00038243
272.67395223,-0.00039704
272.88216727,0.00246384
273.09039880,0.00036236
273.29864681,-0.00044019
273.50691129,0.00151006
273.71519225,-0.00139940
273.92348968,0.00075057
274.13180358,-0.00343632
274.34013395,-0.00220440
274.54848077,0.00221010
274.75684406,0.00002421
274.96522381,-0.00114278
275.17362001,0.00031654
275.38203267,0.00125207
275.59046177,0.00102930
275.79890732,-0.00102392
276.00736932,0.00216421
276.21584776,0.00156216
276.42434263,0.00261400
276.63285394,0.00075254
276.84138169,-0.00054977
277.04992586,0.00076159
277.25848646,0.00121739
277.46706349,0.00320310
277.67565694,-0.00004311
277.88426680,0.00040885
278.09289309,0.00030587
278.30153578,0.00088638
278.51019489,-0.00115968
278.71887041,-0.00232449
278.92756233,-0.00210317
279.13627065,-0.00061533
279.34499537,0.00103027
279.55373649,0.00175397
279.76249401,-0.00145717
279.97126791,-0.00193612
280.18005820,0.00020553
280.38886488,0.00147497
280.59768795,-0.00018161
280.80652739,-0.00207061
281.01538321,0.00125908
281.22425540,-0.00005671
281.43314397,-0.00378812
281.64204891,0.00003547
281.85097021,-0.00171305
282.05990788,0.00233303
282.26886190,0.00086472
282.47783229,0.00202021
282.68681903,0.00047101
282.89582212,0.00010233
283.10484156,-0.00050136
283.31387735,-0.00125978
283.52292949,-0.00172159
283.73199796,0.00310244
283.94108277,0.00086886
284.15018392,0.00080922
284.35930141,0.00104910
284.56843522,-0.00058287
284.77758536,0.00058016
284.98675183,0.00090277
285.19593461,-0.00185572
285.40513372,-0.00170215
285.61434914,0.00343387
285.82358088,-0.00200967
286.03282893,-0.00063397
286.24209328,-0.00042735
286.45137395,-0.00044782
286.66067091,0.00076142
286.86998417,-0.00100004
287.07931373,0.00105791
287.28865959,-0.00032255
287.49802174,-0.00111000
287.70740017,0.00030571
287.91679489,0.00094210
288.12620590,0.00335384
288.33563318,-0.00033990
288.54507675,-0.00043310
288.75453658,-0.00000687
288.96401269,-0.00088661
289.17350507,0.00010126
289.38301372,0.00133546
289.59253863,0.00241433
289.80207980,0.00094524
290.01163723,0.00021434
290.22121091,0.00155713
290.43080085,0.00044707
290.64040703,0.00123504
290.85002947,0.00168485
291.05966815,0.00368147
291.26932307,-0.00042429
291.47899422,0.00132327
291.68868162,-0.00126480
291.89838525,-0.00131993
292.10810511,0.00018924
292.31784119,0.00067186
292.52759350,0.00112078
292.73736204,0.00289987
292.94714679,0.00169938
293.15694776,0.00089632
293.36676494,0.00094118
293.57659834,0.00106917
293.78644794,0.00164469
293.99631375,0.00202252
294.20619576,0.00026495
294.41609397,0.00161773
294.62600838,0.00203515
294.83593898,0.00023795
295.04588578,0.00152223
295.25584876,-0.00183875
295.46582793,0.00003810
295.67582328,0.00034173
295.88583481,0.00146015
296.09586253,-0.00027588
296.30590641,-0.00022527
296.51596647,0.00176115
296.72604270,0.00543593
296.93613509,-0.00168176
297.14624365,0.00096166
297.35636837,0.00056227
297.56650925,0.00002469
297.77666629,-0.00086289
297.98683947,-0.00034801
298.19702881,-0.00154514
298.40723429,-0.00110506
298.61745592,0.00082964
298.82769369,0.00022449
299.03794760,-0.00114646
299.24821765,0.00030093
299.45850383,0.00072639
299.66880614,0.00142544
299.87912458,-0.00064149
300.08945914,0.00024169
300.29980983,-0.00225579
300.51017663,-0.00246636
300.72055955,0.00065041
300.93095859,0.00038832
301.14137374,-0.00037993
301.35180499,0.00235566
301.56225235,0.00022882
301.77271582,0.00130151
301.98319538,-0.00054613
302.19369105,0.00186711
302.40420280,-0.00021938
302.61473065,0.00170964
302.82527459,0.00128614
303.03583461,0.00089267
303.24641072,0.00058358
303.45700291,0.00092740
303.66761117,-0.00069122
303.87823552,0.00031357
304.08887593,-0.00178089
304.29953241,0.00233790
304.51020496,-0.00119266
304.72089358,-0.00203625
304.93159825,0.00131614
305.14231899,0.00043026
305.35305578,-0.00161639
305.56380862,0.00003028
305.77457752,-0.00391611
305.98536246,0.00075621
306.19616344,0.00284969
306.40698047,0.00170508
306.61781354,0.00069155
306.82866264,-0.00239772
307.03952778,-0.00012379
307.25040895,-0.00024705
307.46130614,0.00046628
307.67221937,0.00110823
307.88314861,-0.00004964
308.09409387,-0.00034294
308.30505515,0.00063322
308.51603245,0.00078719
308.72702576,0.00053640
308.93803507,-0.00107781
309.14906039,0.00146756
309.36010172,0.00090540
309.57115904,0.00065942
309.78223236,0.00016845
309.99332168,0.00169922
310.20442699,-0.00061565
310.41554829,0.00140333
310.62668557,0.00028322
310.83783884,0.00002625
311.04900809,0.00233075
311.26019332,0.00066767
311.47139452,0.00085640
311.68261169,0.00009027
311.89384484,-0.00011262
312.10509395,0.00086569
312.31635903,0.00110213
312.52764007,0.00198797
312.73893706,0.00148054
312.95025002,0.00020671
313.16157892,-0.00072413
313.37292378,-0.00251792
313.58428458,0.00069418
313.79566133,0.00062382
314.00705402,0.00021643
314.21846266,0.00163493
314.42988722,0.00149620
314.64132772,0.00054870
314.85278416,0.00026385
315.06425652,0.00021769
315.27574480,-0.00103719
315.48724901,0.00143134
315.69876914,0.00156081
315.91030518,0.00264347
316.12185715,0.00148425
316.33342502,0.00056378
316.54500880,-0.00053790
316.75660848,0.00063849
316.96822407,0.00147411
317.17985556,0.00068564
317.39150295,-0.00147174
317.60316624,-0.00284973
317.81484541,-0.00125741
318.02654048,-0.00051982
318.23825143,0.00233486
318.44997826,-0.00044008
318.66172098,-0.00089669
318.87347957,0.00012624
319.08525404,0.00157467
319.29704439,0.00192857
319.50885060,-0.00291209
319.72067268,0.00027900
319.93251063,-0.00054639
320.14436443,0.00039678
320.35623410,0.00004983
320.56811962,-0.00182890
320.78002100,0.00143530
320.99193822,0.00151949
321.20387130,-0.00034532
321.41582021,0.00117306
321.62778498,0.00138177
321.83976558,-0.00081287
322.05176201,-0.00325799
322.26377428,0.00170586
322.47580239,0.00159288
322.68784632,-0.00013597
322.89990607,0.00016893
323.11198165,0.00079044
323.32407305,-0.00051568
323.53618027,0.00155589
323.74830330,0.00219989
323.96044215,-0.00246722
324.17259680,0.00085653
324.38476726,0.00089537
324.59695352,-0.00109418
324.80915558,-0.00054601
325.02137344,-0.00015294
325.23360710,0.00158921
325.44585655,-0.00138925
325.65812178,-0.00026218
325.87040281,0.00055567
326.08269962,-0.00020122
326.29501221,-0.00011705
326.50734058,0.00164471
326.71968472,0.00179876
326.93204464,0.00232999
327.14442032,0.00001730
327.35681178,-0.00132813
327.56921900,-0.00042361
327.78164198,0.00187941
327.99408072,-0.00061884
328.20653522,0.00224379
328.41900547,0.00214702
328.63149147,0.00247588
328.84399322,0.00190625
329.05651071,-0.00055647
329.26904395,-0.00148472
329.48159293,-0.00026669
329.69415764,0.00083155
329.90673809,-0.00022290
330.11933427,0.00257493
330.33194617,0.00021820
330.54457381,0.00044202
330.75721716,0.00153333
330.96987624,-0.00216324
331.18255104,0.00000564
331.39524154,-0.00124949
331.60794777,0.00142554
331.82066970,0.00059661
332.03340733,-0.00349840
332.24616067,0.00024730
332.45892971,0.00147164
332.67171445,-0.00080857
332.88451489,0.00014946
333.09733102,0.00392466
333.31016283,-0.00069611
333.52301034,0.00159034
333.73587352,0.00131209
333.94875239,0.00185273
334.16164694,0.00342375
334.37455717,-0.00190449
334.58748306,0.00112451
334.80042463,0.00242351
335.01338187,-0.00053846
335.22635477,0.00088780
335.43934333,0.00005930
335.65234755,0.00043442
335.86536743,0.00143720
336.07840296,-0.00048457
336.29145415,0.00047152
336.50452098,0.00149214
336.71760345,-0.00207114
336.93070157,-0.00311810
337.14381533,0.00274155
337.35694473,0.00193999
337.57008976,0.00005432
337.78325042,-0.00335169
337.99642671,0.00053898
338.20961863,0.00094876
338.42282617,0.00124616
338.63604933,0.00166234
338.84928810,-0.00105168
339.06254250,0.00088990
339.27581250,0.00117537
339.48909812,-0.00064066
339.70239934,0.00244541
339.91571616,-0.00035266
340.12904859,0.00287346
340.34239661,-0.00020189
340.55576023,0.00256469
340.76913945,0.00135472
340.98253425,0.00086010
341.19594464,0.00180241
341.40937061,-0.00235304
341.62281217,0.00050330
341.83626930,-0.00189440
342.04974201,0.00121169
342.26323030,0.00233554
342.47673415,0.00176808
342.69025357,-0.00125008
342.90378856,-0.00013217
343.11733911,-0.00132361
343.33090522,-0.00056329
343.54448688,-0.00169508
343.75808410,0.00114945
343.97169687,0.00086118
344.18532519,0.00062060
344.39896906,0.00019636
344.61262847,0.00139038
344.82630341,-0.00082552
345.03999390,0.00154286
345.25369992,0.00292515
345.46742147,0.00069866
345.68115855,-0.00097304
345.89491115,-0.00248735
346.10867928,-0.00057210
346.32246293,-0.00100187
346.53626210,0.00089046
346.75007679,-0.00137065
346.96390698,0.00046542
347.17775269,0.00105485
347.39161390,-0.00067926
347.60549061,-0.00127018
347.81938283,0.00037891
348.03329055,-0.00171133
348.24721376,-0.00096162
348.46115246,0.00179389
348.67510665,0.00164678
348.88907634,0.00159109
349.10306150,0.00065966
349.31706215,-0.00072219
349.53107828,0.00067497
349.74510988,-0.00075191
349.95915696,0.00036357
350.17321950,0.00049199
350.38729752,0.00102589
350.60139100,0.00210957
350.81549994,0.00108521
351.02962435,0.00090806
351.24376421,0.00162061
351.45791952,-0.00023440
351.67209028,-0.00008930
351.88627650,-0.00023789
352.10047816,0.00276313
352.31469526,0.00024015
352.52892780,0.00011136
352.74317578,-0.00117996
352.95743919,0.00008586
353.17171804,-0.00097675
353.38601232,0.00122297
353.60032202,-0.00210346
353.81464714,0.00062701
354.02898769,0.00017423
354.24334365,0.00271036
354.45771503,-0.00217720
354.67210182,0.00110197
354.88650403,-0.00320915
355.10092164,0.00106081
355.31535465,0.00051795
355.52980306,0.00194138
355.74426687,0.00078058
355.95874608,0.00055510
356.17324069,-0.00092122
356.38775068,0.00110200
356.60227606,-0.00259355
356.81681682,0.00276617
357.03137297,-0.00045319
357.24594449,-0.00116408
357.46053139,0.00160887
357.67513367,0.00077206
357.88975132,0.00153448
358.10438433,-0.00028335
358.31903271,0.00031527
358.53369645,0.00012718
358.74837556,0.00117422
358.96307002,0.00111710
359.17777983,-0.00267588
359.39250499,0.00029354
359.60724551,-0.00179768
359.82200137,-0.00110769
360.03677257,0.00357648
360.25155911,0.00106068
360.46636100,0.00136448
360.68117821,-0.00004553
360.89601076,0.00109749
361.11085864,0.00300526
361.32572184,-0.00098349
361.54060037,-0.00023986
361.75549422,-0.00000760
361.97040338,0.00131620
362.18532786,0.00315681
362.40026766,-0.00105420
362.61522276,-0.00018244
362.83019318,-0.00148717
363.04517889,0.00192728
363.26017991,0.00016781
363.47519623,0.00081567
363.69022784,-0.00072728
363.90527474,-0.00073716
364.12033694,0.00014787
364.33541442,-0.00304953
364.55050719,-0.00124084
364.76561524,0.00008847
364.98073857,-0.00280831
365.19587718,-0.00055316
365.41103106,-0.00106814
365.62620021,0.00089465
365.84138463,-0.00031430
366.05658432,0.00098514
366.27179927,0.00118477
366.48702948,0.00257386
366.70227494,0.00090983
366.91753566,0.00166075
367.13281163,0.00049519
367.34810285,0.00201586
367.56340932,-0.00077945
367.77873103,0.00050459
367.99406798,0.00352605
368.20942017,0.00113682
368.42478759,-0.00020676
368.64017025,0.00066315
368.85556813,0.00118149
369.07098125,0.00033598
369.28640958,0.00060800
369.50185314,0.00203273
369.71731191,-0.00049653
369.93278590,0.00109024
370.14827511,0.00115423
370.36377952,0.00165917
370.57929914,0.00254820
370.79483397,0.00117131
371.01038400,-0.00257509
371.22594922,0.00078937
371.44152965,-0.00201545
371.65712526,0.00122397
371.87273607,-0.00190406
372.08836206,0.00072220
372.30400324,-0.00141017
372.51965960,-0.00026140
372.73533114,-0.00011756
372.95101786,0.00014016
373.16671976,-0.00013473
373.38243682,0.00262581
373.59816905,0.00219019
373.81391645,-0.00363966
374.02967901,0.00185007
374.24545673,-0.00057188
374.46124961,-0.00034860
374.67705764,-0.00023461
374.89288082,-0.00044723
375.10871916,0.00209116
375.32457264,0.00297219
375.54044126,0.00074730
375.75632503,0.00058365
375.97222393,-0.00104743
376.18813797,-0.00039508
376.40406713,0.00156930
376.62001143,-0.00015138
376.83597086,-0.00016428
377.05194541,-0.00006681
377.26793508,-0.00108365
377.48393987,0.00109988
377.69995978,0.00038579
377.91599480,0.00005532
378.13204493,0.00118905
378.34811016,-0.00007705
378.56419050,0.00110401
378.78028595,0.00128866
378.99639649,-0.00051109
379.21252213,0.00116361
379.42866286,-0.00138438
379.64481868,0.00115646
379.86098960,-0.00018822
380.07717559,0.00224287
380.29337667,0.00012090
380.50959283,0.00116275
380.72582407,-0.00070678
380.94207038,0.00262318
381.15833176,0.00192331
381.37460821,0.00192299
381.59089972,0.00085860
381.80720630,0.00019523
382.02352794,0.00098084
382.23986464,-0.00014440
382.45621639,0.00125779
382.67258319,-0.00029514
382.88896505,-0.00132256
383.10536195,0.00141160
383.32177389,-0.00050314
383.53820087,-0.00004320
383.75464289,0.00035192
383.97109995,-0.00289492
384.18757204,0.00174911
384.40405916,-0.00030341
384.62056131,0.00058732
384.83707848,0.00293098
385.05361067,0.00015048
385.27015788,0.00135980
385.48672011,0.00083286
385.70329735,0.00177248
385.91988960,0.00315289
386.13649686,0.00148086
386.35311912,0.00061681
386.56975639,0.00149064
386.78640865,0.00255309
387.00307592,-0.00044658
387.21975817,0.00030028
387.43645542,0.00163450
387.65316765,0.00345462
387.86989487,0.00140999
388.08663707,-0.00062672
388.30339426,0.00231880
388.52016641,0.00236533
388.73695355,0.00066119
388.95375565,0.00340338
389.17057273,0.00295094
389.38740477,0.00102331
389.60425177,0.00199775
389.82111374,0.00078233
390.03799066,0.00104579
390.25488253,0.00188065
390.47178936,0.00156253
390.68871114,0.00257735
390.90564787,0.00129439
391.12259954,0.00020542
391.33956614,0.00190657
391.55654769,0.00028634
391.77354418,0.00228618
391.99055559,0.00318019
392.20758194,0.00230641
392.42462321,0.00235525
392.64167941,0.00174607
392.85875053,-0.00057530
393.07583657,0.00091043
393.29293752,-0.00001147
393.51005339,0.00179529
393.72718417,0.00277312
393.94432986,0.00114522
394.16149045,0.00148430
394.37866594,0.00070947
394.59585634,0.00392251
394.81306163,0.00245130
395.03028181,0.00239963
395.24751689,-0.00001548
395.46476685,0.00173737
395.68203170,0.00153244
395.89931143,-0.00050086
396.11660604,0.00510035
396.33391553,0.00128630
396.55123990,0.00167421
396.76857913,0.00138761
396.98593324,0.00241513
397.20330221,0.00178023
397.42068604,0.00387818
397.63808474,0.00492941
397.85549829,0.00143919
398.07292670,0.00250782
398.29036996,0.00149644
398.50782807,0.00254801
398.72530103,0.00435735
398.94278883,0.00279104
399.16029147,0.00410454
399.37780895,0.00114939
399.59534127,0.00117298
399.81288841,0.00290664
400.03045039,0.00110498
400.24802720,0.00140952
400.46561883,0.00188430
400.68322529,0.00125103
400.90084656,0.00102194
401.11848265,0.00001590
401.33613355,0.00295336
401.55379926,0.00131950
401.77147978,0.00460618
401.98917511,0.00253783
402.20688524,0.00077188
402.42461017,0.00350308
402.64234989,0.00076486
402.86010441,0.00231160
403.07787372,0.00424669
403.29565782,0.00208281
403.51345670,0.00268274
403.73127037,0.00542480
403.94909882,0.00077929
404.16694205,0.00336760
404.38480005,0.00303697
404.60267282,0.00343965
404.82056036,0.00521345
405.03846267,0.00050612
405.25637974,0.00159664
405.47431157,0.00534076
405.69225816,0.00326852
405.91021951,0.00267175
406.12819561,0.00345526
406.34618645,0.00390126
406.56419205,0.00220902
406.78221239,0.00128270
407.00024747,0.00312280
407.21829729,0.00330420
407.43636184,0.00247611
407.65444113,0.00140114
407.87253515,0.00316492
408.09064390,0.00458391
408.30876737,0.00369804
408.52690556,0.00335048
408.74505847,0.00457311
408.96322610,0.00609311
409.18140844,0.00243853
409.39960550,-0.00035750
409.61781726,0.00204976
409.83604372,0.00511794
410.05428489,0.00418444
410.27254076,0.00354981
410.49081133,0.00326693
410.70909659,0.00401122
410.92739654,0.00054269
411.14571118,0.00565286
411.36404051,0.00280778
411.58238452,0.00156599
411.80074321,0.00291269
412.01911658,0.00348876
412.23750462,0.00215010
412.45590734,0.00536484
412.67432472,0.00310507
412.89275677,0.00356356
413.11120349,0.00365982
413.32966486,0.00068000
413.54814090,0.00292975
413.76663159,0.00578819
413.98513693,0.00282242
414.20365692,0.00314959
414.42219156,0.00375830
414.64074084,0.00365724
414.85930477,0.00484625
415.07788333,0.00352909
415.29647653,0.00174495
415.51508437,0.00281828
415.73370683,0.00364480
415.95234392,0.00432052
416.17099564,0.00162475
416.38966198,0.00212880
416.60834294,0.00633920
416.82703851,0.00058075
417.04574870,0.00378088
417.26447350,0.00180886
417.48321291,0.00543805
417.70196692,0.00177391
417.92073554,0.00441127
418.13951875,0.00175870
418.35831657,0.00126959
418.57712898,0.00443615
418.79595598,0.00228937
419.01479757,0.00235237
419.23365374,0.00373598
419.45252450,0.00601281
419.67140984,0.00335371
419.89030975,0.00106586
420.10922425,0.00363931
420.32815331,0.00312417
420.54709694,0.00217350
420.76605514,0.00537016
420.98502791,0.00189311
421.20401523,0.00405584
421.42301712,0.00115826
421.64203356,0.00469193
421.86106455,0.00408590
422.08011009,0.00303664
422.29917018,0.00301681
422.51824482,0.00249885
422.73733399,0.00242989
422.95643771,0.00330427
423.17555596,0.00507603
423.39468875,0.00559306
423.61383606,0.00352423
423.83299790,0.00263799
424.05217427,0.00149461
424.27136516,0.00262764
424.49057057,0.00203585
424.70979050,0.00218294
424.92902494,0.00247819
425.14827390,0.00266208
425.36753736,0.00264766
425.58681532,0.00493101
425.80610779,0.00292687
426.02541476,0.00261805
426.24473623,0.00230013
426.46407219,0.00433180
426.68342265,0.00590548
426.90278759,0.00317656
427.12216702,0.00279931
427.34156093,0.00358959
427.56096933,0.00331142
427.78039220,0.00497657
427.99982955,0.00631967
428.21928137,0.00356495
428.43874766,0.00575517
428.65822841,0.00413893
428.87772363,0.00563548
429.09723331,0.00401127
429.31675745,0.00403384
429.53629605,0.00489759
429.75584910,0.00566761
429.97541660,0.00368431
430.19499854,0.00607307
430.41459494,0.00402422
430.63420577,0.00173439
430.85383104,0.00575439
431.07347075,0.00770679
431.29312489,0.00507960
431.51279347,0.00690109
431.73247647,0.00414933
431.95217390,0.00794229
432.17188574,0.00431050
432.39161201,0.00519344
432.61135270,0.00582193
432.83110780,0.00517097
433.05087731,0.00583082
433.27066123,0.00403803
433.49045956,0.00386477
433.71027229,0.00656602
433.93009942,0.00246381
434.14994095,0.00405345
434.36979687,0.00565493
434.58966718,0.00612245
434.80955189,0.00629304
435.02945098,0.00472321
435.24936445,0.00332275
435.46929230,0.00526433
435.68923454,0.00457257
435.90919115,0.00619968
436.12916213,0.00379672
436.34914748,0.00669648
436.56914720,0.00589197
436.78916128,0.00453018
437.00918972,0.00624571
437.22923252,0.00454396
437.44928968,0.00669235
437.66936119,0.00715116
437.88944706,0.00799957
438.10954727,0.00635787
438.32966182,0.00644266
438.54979072,0.00786299
438.76993395,0.00758140
438.99009153,0.00723199
439.21026343,0.01086975
439.43044967,0.00765324
439.65065024,0.00844419
439.87086513,0.00630024
440.09109434,0.00771987
440.31133788,0.00797031
440.53159573,0.00885362
440.75186789,0.00794503
440.97215437,0.00765548
441.19245516,0.00968044
441.41277025,0.01141184
441.63309964,0.00802071
441.85344334,0.00838202
442.07380133,0.00967238
442.29417362,0.00968173
442.51456020,0.00964791
442.73496107,0.01074525
442.95537623,0.01047560
443.17580567,0.01177643
443.39624939,0.01155874
443.61670739,0.01265198
443.83717967,0.01115256
444.05766622,0.01356033
444.27816704,0.01248426
444.49868212,0.01047832
444.71921147,0.01492795
444.93975509,0.01169208
445.16031296,0.01161395
445.38088508,0.01433688
445.60147147,0.01205441
445.82207210,0.01237256
446.04268698,0.01534745
446.26331610,0.01291367
446.48395947,0.01385374
446.70461707,0.01288590
446.92528892,0.01318935
447.14597499,0.01478325
447.36667530,0.01402670
447.58738984,0.01514757
447.80811860,0.01456365
448.02886158,0.01561923
448.24961879,0.01444023
448.47039021,0.01146965
448.69117585,0.01562282
448.91197570,0.01428258
449.13278975,0.01475344
449.35361802,0.01351063
449.57446049,0.01484448
449.79531715,0.01437334
450.01618802,0.01361253
450.23707308,0.01241033
450.45797234,0.01380768
450.67888578,0.01395442
450.89981341,0.01365541
451.12075522,0.01377832
451.34171122,0.01501835
451.56268139,0.01739152
451.78366574,0.01582195
452.00466426,0.01558529
452.22567696,0.01777903
452.44670382,0.01535995
452.66774484,0.01632569
452.88880003,0.01854768
453.10986938,0.01869969
453.33095288,0.02062997
453.55205053,0.01858554
453.77316234,0.01794442
453.99428830,0.02238526
454.21542840,0.01626806
454.43658264,0.02192291
454.65775102,0.01966854
454.87893354,0.01816654
455.10013019,0.01666051
455.32134098,0.01718336
455.54256589,0.01961169
455.76380493,0.01780238
455.98505809,0.01732962
456.20632537,0.01698566
456.42760677,0.01789748
456.64890229,0.01763076
456.87021191,0.01891574
457.09153565,0.02015897
457.31287349,0.01788080
457.53422544,0.01851001
457.75559149,0.01967791
457.97697163,0.02002867
458.19836587,0.02186711
458.41977420,0.02004339
458.64119663,0.02001120
458.86263313,0.02202567
459.08408373,0.02212775
459.30554840,0.02153338
459.52702716,0.02467936
459.74851999,0.02057318
459.97002689,0.02163778
460.19154786,0.02387998
460.41308290,0.02129406
460.63463201,0.02494217
460.85619518,0.02302663
461.07777241,0.02503082
461.29936369,0.02223640
461.52096903,0.02133576
461.74258841,0.02508213
461.96422185,0.02411207
462.18586933,0.02318806
462.40753086,0.02784103
462.62920642,0.02290667
462.85089602,0.02780388
463.07259966,0.02759046
463.29431733,0.02651533
463.51604902,0.02686829
463.73779475,0.02944005
463.95955449,0.02673146
464.18132826,0.02877042
464.40311604,0.02931448
464.62491784,0.03077908
464.84673365,0.03028739
465.06856347,0.02832083
465.29040730,0.02799229
465.51226513,0.03090164
465.73413696,0.02717897
465.95602279,0.03076417
466.17792261,0.03099229
466.39983643,0.03231245
466.62176424,0.03103871
466.84370603,0.02996183
467.06566181,0.03128603
467.28763157,0.03165052
467.50961531,0.03195756
467.73161303,0.02857989
467.95362472,0.03110990
468.17565038,0.02924468
468.39769001,0.02894457
468.61974360,0.02976340
468.84181116,0.03113250
469.06389267,0.03217009
469.28598814,0.03227514
469.50809757,0.03180572
469.73022094,0.03371819
469.95235827,0.02833450
470.17450954,0.03069365
470.39667475,0.02991329
470.61885390,0.03193540
470.84104699,0.03114319
471.06325402,0.03340314
471.28547498,0.03073599
471.50770986,0.02970741
471.72995867,0.02936711
471.95222141,0.02786724
472.17449806,0.02927910
472.39678864,0.03032191
472.61909313,0.02953760
472.84141153,0.02734956
473.06374384,0.02782929
473.28609005,0.02907355
473.50845017,0.02844584
473.73082420,0.02711722
473.95321212,0.02631040
474.17561393,0.02773204
474.39802964,0.02838875
474.62045924,0.02753187
474.84290273,0.02703241
475.06536010,0.02896982
475.28783136,0.02716682
475.51031649,0.02781414
475.73281550,0.02747395
475.95532838,0.02495418
476.17785513,0.02889022
476.40039575,0.02728546
476.62295024,0.03025201
476.84551859,0.02789238
477.06810080,0.02699047
477.29069686,0.02432221
477.51330678,0.02475268
477.73593055,0.02531734
477.95856817,0.02599513
478.18121963,0.02523030
478.40388494,0.02583625
478.62656409,0.02591563
478.84925707,0.02612280
479.07196389,0.02820302
479.29468455,0.02696858
479.51741903,0.02421571
479.74016733,0.02814591
479.96292946,0.02586709
480.18570542,0.02696815
480.40849519,0.02139240
480.63129877,0.02497228
480.85411617,0.02345706
481.07694738,0.02365942
481.29979239,0.02281914
481.52265121,0.02336905
481.74552383,0.02432125
481.96841025,0.02238274
482.19131046,0.02263530
482.41422447,0.02277796
482.63715227,0.02457346
482.86009385,0.02265518
483.08304922,0.02120700
483.30601837,0.02282084
483.52900130,0.02405525
483.75199801,0.02416116
483.97500849,0.02196360
484.19803274,0.02408107
484.42107076,0.02448303
484.64412255,0.02499624
484.86718810,0.02716107
485.09026741,0.02675288
485.31336047,0.02649994
485.53646729,0.02646447
485.75958786,0.02986719
485.98272218,0.02945249
486.20587024,0.02898626
486.42903205,0.02621022
486.65220760,0.02391840
486.87539689,0.02668504
487.09859991,0.02673283
487.32181666,0.02618854
487.54504715,0.02961838
487.76829136,0.02555886
487.99154929,0.02833509
488.21482094,0.02937474
488.43810631,0.02516203
488.66140540,0.03167682
488.88471820,0.03007080
489.10804471,0.03101778
489.33138493,0.03200592
489.55473885,0.03195525
489.77810647,0.03602791
490.00148780,0.03464611
490.22488281,0.03510551
490.44829153,0.03687294
490.67171393,0.03679887
490.89515002,0.03886188
491.11859979,0.03980811
491.34206325,0.04196898
491.56554038,0.03947646
491.78903120,0.04125447
492.01253568,0.04024774
492.23605384,0.04295524
492.45958567,0.04241987
492.68313116,0.04428442
492.90669031,0.04427394
493.13026312,0.04061604
493.35384960,0.04082688
493.57744972,0.04049057
493.80106350,0.03824889
494.02469092,0.03842405
494.24833200,0.03696116
494.47198671,0.03547440
494.69565507,0.03707228
494.91933706,0.03610065
495.14303269,0.03635123
495.36674195,0.03591564
495.59046484,0.03082010
495.81420136,0.03356326
496.03795150,0.03124396
496.26171526,0.03538491
496.48549264,0.03640021
496.70928364,0.03368618
496.93308825,0.03191684
497.15690647,0.03548861
497.38073830,0.03083811
497.60458373,0.03381349
497.82844276,0.03296184
498.05231539,0.02997088
498.27620162,0.02982637
498.50010144,0.02972076
498.72401485,0.03166742
498.94794185,0.02867158
499.17188244,0.02801945
499.39583661,0.03204848
499.61980435,0.03051757
499.84378568,0.02956231
500.06778058,0.03013723
500.29178904,0.03422636
500.51581108,0.02820859
500.73984668,0.03325958
500.96389585,0.03201390
501.18795858,0.03074929
501.41203486,0.03004070
501.63612470,0.03154473
501.86022809,0.03026592
502.08434503,0.02843197
502.30847551,0.03067976
502.53261954,0.03109655
502.75677711,0.02903580
502.98094822,0.02898226
503.20513286,0.02943588
503.42933104,0.03353605
503.65354274,0.03296765
503.87776797,0.03463730
504.10200673,0.03639672
504.32625901,0.03725561
504.55052480,0.03649322
504.77480411,0.03602345
504.99909694,0.03948027
505.22340327,0.03742911
505.44772312,0.04094430
505.67205646,0.04246637
505.89640331,0.04510180
506.12076366,0.04513044
506.34513750,0.04857321
506.56952484,0.04632797
506.79392567,0.04559393
507.01833999,0.04776200
507.24276779,0.04435558
507.46720907,0.04732444
507.69166384,0.04851526
507.91613208,0.04591005
508.14061380,0.04436834
508.36510898,0.04870033
508.58961764,0.04777027
508.81413976,0.04455525
509.03867534,0.04785640
509.26322439,0.04655937
509.48778689,0.04362162
509.71236285,0.04448034
509.93695226,0.04526214
510.16155512,0.04150399
510.38617142,0.03944980
510.61080117,0.03991049
510.83544436,0.03812949
511.06010099,0.03890411
511.28477105,0.04163872
511.50945454,0.04083711
511.73415147,0.04485276
511.95886182,0.04319244
512.18358560,0.04608183
512.40832280,0.04524124
512.63307341,0.04409638
512.85783745,0.04768017
513.08261489,0.04459216
513.30740575,0.04513914
513.53221001,0.04348726
513.75702768,0.04235735
513.98185875,0.03930508
514.20670322,0.03781664
514.43156109,0.03507063
514.65643235,0.03256110
514.88131700,0.03427862
515.10621504,0.03611385
515.33112647,0.03271657
515.55605128,0.03207102
515.78098946,0.03138457
516.00594103,0.03143511
516.23090597,0.03246667
516.45588428,0.03326159
516.68087596,0.03765258
516.90588100,0.04075633
517.13089941,0.03478820
517.35593118,0.03814500
517.58097631,0.03709794
517.80603479,0.04276748
518.03110663,0.04247704
518.25619181,0.04358175
518.48129034,0.04306567
518.70640222,0.04435953
518.93152743,0.04775776
519.15666598,0.04958727
519.38181787,0.04944666
519.60698310,0.04825071
519.83216165,0.05232350
520.05735353,0.05086447
520.28255873,0.05437378
520.50777726,0.05622401
520.73300910,0.06154250
520.95825426,0.06116756
521.18351273,0.06152748
521.40878452,0.05798410
521.63406961,0.06002341
521.85936801,0.06599592
522.08467971,0.06120864
522.31000471,0.05880006
522.53534300,0.06249789
522.76069459,0.06352211
522.98605947,0.05857143
523.21143764,0.06329254
523.43682910,0.06290071
523.66223383,0.06333128
523.88765185,0.06719186
524.11308315,0.06560233
524.33852772,0.06101281
524.56398556,0.06681626
524.78945667,0.06911866
525.01494104,0.07075139
525.24043868,0.06909311
525.46594959,0.06772060
525.69147374,0.07118770
525.91701116,0.06887386
526.14256182,0.06875955
526.36812574,0.07106574
526.59370290,0.07310841
526.81929331,0.07353947
527.04489696,0.07631855
527.27051384,0.07781192
527.49614396,0.08450039
527.72178732,0.08433044
527.94744390,0.08859253
528.17311372,0.09249056
528.39879675,0.09655142
528.62449301,0.10023361
528.85020249,0.10276966
529.07592518,0.10191706
529.30166109,0.10913995
529.52741021,0.11197007
529.75317254,0.10997796
529.97894807,0.11395184
530.20473680,0.11288430
530.43053874,0.10855589
530.65635387,0.10844866
530.88218219,0.11029245
531.10802371,0.11029156
531.33387841,0.11152724
531.55974630,0.11309181
531.78562738,0.11142222
532.01152163,0.11192735
532.23742906,0.10901964
532.46334967,0.10982967
532.68928344,0.11444995
532.91523039,0.11277117
533.14119051,0.10899417
533.36716378,0.11134413
533.59315022,0.10836603
533.81914982,0.10319920
534.04516257,0.10353033
534.27118847,0.10189998
534.49722752,0.09756057
534.72327973,0.10012328
534.94934507,0.09454266
535.17542356,0.09568852
535.40151518,0.09767039
535.62761994,0.09719947
535.85373784,0.09782893
536.07986886,0.09558455
536.30601301,0.09263155
536.53217029,0.09218555
536.75834069,0.08910805
536.98452420,0.09039257
537.21072084,0.08580901
537.43693059,0.08543349
537.66315345,0.08622017
537.88938941,0.08141529
538.11563848,0.08064916
538.34190066,0.08226494
538.56817593,0.08435631
538.79446431,0.08086283
539.02076577,0.08264452
539.24708033,0.08333061
539.47340798,0.08043365
539.69974871,0.08514584
539.92610252,0.08740599
540.15246942,0.08893423
540.37884939,0.09508373
540.60524244,0.09232015
540.83164856,0.09703586
541.05806775,0.09663169
541.28450001,0.10195424
541.51094533,0.09945596
541.73740371,0.09884469
541.96387515,0.10063506
542.19035965,0.10150341
542.41685719,0.10000224
542.64336779,0.10917110
542.86989144,0.10890887
543.09642813,0.10592599
543.32297786,0.11208672
543.54954063,0.11118963
543.77611643,0.11557029
544.00270527,0.11930023
544.22930714,0.12505603
544.45592204,0.12520444
544.68254996,0.12789663
544.90919091,0.13289699
545.13584487,0.13424152
545.36251185,0.13028686
545.58919184,0.13771395
545.81588485,0.13789774
546.04259086,0.13668315
546.26930988,0.13610874
546.49604191,0.13169792
546.72278693,0.13109630
546.94954495,0.12811895
547.17631596,0.12977448
547.40309997,0.13272056
547.62989696,0.13281634
547.85670694,0.13784978
548.08352991,0.13584751
548.31036585,0.14357790
548.53721477,0.14780860
548.76407667,0.15350847
548.99095154,0.15168828
549.21783938,0.15192636
549.44474018,0.15884394
549.67165395,0.15798497
549.89858069,0.15815986
550.12552038,0.16089411
550.35247302,0.16289898
550.57943862,0.16231030
550.80641717,0.16377313
551.03340866,0.16415677
551.26041310,0.16365884
551.48743048,0.15992856
551.71446081,0.16354856
551.94150406,0.15919661
552.16856025,0.15617381
552.39562937,0.16279081
552.62271142,0.16520216
552.84980640,0.16543506
553.07691429,0.17126832
553.30403511,0.17202180
553.53116884,0.17652242
553.75831549,0.17698257
553.98547505,0.17512554
554.21264752,0.18320901
554.43983289,0.18364050
554.66703116,0.18899956
554.89424234,0.19699611
555.12146641,0.19657937
555.34870338,0.19806254
555.57595324,0.20191723
555.80321599,0.21018441
556.03049162,0.20906183
556.25778014,0.21160928
556.48508154,0.21626580
556.71239582,0.22968903
556.93972297,0.23452551
557.16706300,0.23475897
557.39441589,0.23474460
557.62178165,0.24568983
557.84916028,0.25792637
558.07655177,0.25665046
558.30395611,0.26099030
558.53137331,0.27433184
558.75880337,0.27443852
558.98624627,0.28835087
559.21370202,0.29236749
559.44117062,0.29631417
559.66865206,0.30518109
559.89614634,0.31135979
560.12365345,0.31380265
560.35117340,0.31771244
560.57870618,0.31738065
560.80625179,0.33612276
561.03381022,0.33050550
561.26138148,0.33677795
561.48896555,0.35173752
561.71656244,0.35846511
561.94417215,0.36456308
562.17179467,0.37584608
562.39942999,0.38427267
562.62707812,0.38893422
562.85473906,0.38201379
563.08241279,0.38439257
563.31009933,0.39776243
563.53779866,0.40612806
563.76551078,0.39687299
563.99323568,0.40164310
564.22097338,0.40655605
564.44872386,0.40222232
564.67648712,0.40407185
564.90426316,0.40040210
565.13205197,0.40024948
565.35985356,0.41397186
565.58766792,0.41890093
565.81549504,0.41994493
566.04333493,0.42368625
566.27118758,0.42781649
566.49905298,0.42742132
566.72693115,0.42656052
566.95482207,0.42973750
567.18272573,0.42647498
567.41064215,0.41432047
567.63857131,0.40130433
567.86651321,0.37951370
568.09446785,0.37320176
568.32243523,0.36899936
568.55041534,0.34791459
568.77840819,0.34730694
569.00641376,0.33914052
569.23443206,0.31592135
569.46246308,0.31659820
569.69050682,0.32496711
569.91856327,0.31645363
570.14663244,0.31225793
570.37471433,0.31220377
570.60280892,0.29799818
570.83091622,0.28085770
571.05903622,0.28996974
571.28716892,0.29118326
571.51531432,0.27629899
571.74347241,0.27062845
571.97164320,0.26237477
572.19982667,0.26278250
572.42802284,0.26898769
572.65623168,0.26825563
572.88445321,0.26791736
573.11268742,0.25534720
573.34093430,0.25714123
573.56919385,0.26049697
573.79746608,0.25098283
574.02575097,0.25735655
574.25404853,0.26939505
574.48235874,0.27019000
574.71068162,0.27082419
574.93901715,0.28076120
575.16736534,0.28005519
575.39572618,0.28013660
575.62409966,0.27767055
575.85248579,0.27986012
576.08088456,0.27746238
576.30929597,0.27115990
576.53772002,0.27359277
576.76615671,0.27207667
576.99460602,0.26341024
577.22306796,0.24741681
577.45154253,0.23536591
577.68002972,0.23456011
577.90852953,0.23089275
578.13704196,0.22276141
578.36556700,0.22321186
578.59410465,0.22035122
578.82265492,0.21985061
579.05121779,0.21309870
579.27979326,0.21197930
579.50838133,0.21661121
579.73698201,0.20835591
579.96559527,0.21531398
580.19422113,0.21655681
580.42285958,0.21218546
580.65151062,0.21629906
580.88017424,0.21864491
581.10885044,0.21668276
581.33753922,0.21662526
581.56624057,0.22453244
581.79495450,0.22524566
582.02368100,0.22587827
582.25242007,0.23346233
582.48117170,0.22711462
582.70993589,0.22747980
582.93871264,0.23377923
583.16750195,0.22843235
583.39630381,0.22173361
583.62511822,0.22136061
583.85394518,0.21374098
584.08278469,0.21005997
584.31163674,0.20660936
584.54050133,0.19801940
584.76937845,0.20068273
584.99826811,0.19748455
585.22717030,0.19587909
585.45608502,0.18630924
585.68501226,0.17430762
585.91395203,0.17323163
586.14290432,0.17445723
586.37186912,0.17114796
586.60084644,0.16623154
586.82983628,0.16494739
587.05883862,0.15961705
587.28785347,0.15956752
587.51688082,0.15964991
587.74592067,0.15290088
587.97497302,0.15090539
588.20403787,0.16026237
588.43311520,0.16088960
588.66220503,0.16895888
588.89130735,0.17371110
589.12042215,0.17764000
589.34954943,0.18734877
589.57868919,0.19259414
589.80784142,0.19206553
590.03700613,0.19890891
590.26618331,0.20683040
590.49537296,0.21188916
590.72457507,0.21377870
590.95378964,0.21520118
591.18301667,0.22933339
591.41225616,0.22981603
591.64150811,0.22603455
591.87077250,0.23276485
592.10004934,0.24076779
592.32933863,0.23645961
592.55864036,0.22350244
592.78795453,0.22659499
593.01728114,0.22622964
593.24662018,0.23773650
593.47597165,0.23753553
593.70533555,0.23768342
593.93471188,0.23469111
594.16410063,0.23376478
594.39350180,0.23961881
594.62291539,0.24287949
594.85234140,0.24686308
595.08177981,0.24595088
595.31123064,0.25051865
595.54069387,0.24874098
595.77016951,0.25916164
595.99965755,0.26618588
596.22915798,0.26598530
596.45867081,0.25781670
596.68819604,0.25268492
596.91773365,0.24827197
597.14728365,0.24362057
597.37684603,0.25087126
597.60642080,0.24803300
597.83600795,0.24207462
598.06560747,0.24104110
598.29521936,0.23411030
598.52484363,0.22544455
598.75448026,0.22332934
598.98412926,0.22412524
599.21379062,0.22744039
599.44346434,0.22469648
599.67315042,0.22171306
599.90284885,0.22967515
600.13255963,0.22080140
600.36228276,0.21720795
600.59201824,0.21259352
600.82176606,0.21278886
601.05152622,0.21931362
601.28129871,0.21329971
601.51108354,0.21471942
601.74088070,0.21570727
601.97069019,0.21448443
602.20051201,0.20771437
602.43034615,0.20971147
602.66019261,0.20949120
602.89005139,0.20777497
603.11992249,0.20725985
603.34980589,0.19883439
603.57970161,0.19679204
603.80960963,0.20194281
604.03952996,0.19790113
604.26946259,0.19714639
604.49940751,0.18854260
604.72936474,0.19132101
604.95933425,0.18669890
605.18931606,0.18961824
605.41931015,0.19364909
605.64931653,0.19312417
605.87933519,0.19491868
606.10936612,0.19864786
606.33940934,0.19918893
606.56946483,0.20684031
606.79953259,0.21294898
607.02961261,0.21341392
607.25970490,0.21377915
607.48980946,0.21467187
607.71992627,0.21300102
607.95005534,0.21163098
608.18019667,0.21901600
608.41035024,0.20621473
608.64051607,0.20498120
608.87069414,0.21039081
609.10088445,0.20464584
609.33108700,0.19824893
609.56130179,0.19691267
609.79152882,0.19153668
610.02176808,0.18335467
610.25201956,0.17597979
610.48228328,0.17100503
610.71255921,0.17191583
610.94284737,0.16013744
611.17314775,0.15896873
611.40346034,0.15764042
611.63378514,0.15678069
611.86412215,0.14964161
612.09447137,0.15289285
612.32483280,0.16002873
612.55520642,0.15748008
612.78559225,0.16549894
613.01599027,0.16169427
613.24640048,0.16517091
613.47682288,0.16500204
613.70725747,0.16178247
613.93770425,0.16628487
614.16816321,0.17030172
614.39863434,0.16933064
614.62911766,0.17250634
614.85961314,0.17717350
615.09012080,0.18232580
615.32064063,0.18479383
615.55117262,0.19197822
615.78171677,0.19509503
616.01227308,0.19846332
616.24284156,0.20892576
616.47342218,0.21328297
616.70401496,0.21292233
616.93461988,0.21407798
617.16523695,0.22142482
617.39586617,0.22342977
617.62650752,0.21980093
617.85716101,0.22795651
618.08782664,0.23042236
618.31850440,0.23475650
618.54919429,0.23787908
618.77989630,0.24217974
619.01061044,0.24830074
619.24133670,0.25904217
619.47207508,0.26833056
619.70282557,0.26979145
619.93358818,0.27549226
620.16436289,0.28407471
620.39514972,0.28747468
620.62594864,0.29555600
620.85675967,0.30440564
621.08758280,0.31738887
621.31841802,0.31777270
621.54926534,0.32464921
621.78012475,0.33601452
622.01099624,0.33321989
622.24187982,0.34682847
622.47277549,0.35122933
622.70368323,0.35584881
622.93460305,0.34745986
623.16553494,0.35953568
623.39647890,0.35753782
623.62743493,0.36041880
623.85840303,0.35093285
624.08938319,0.35493536
624.32037541,0.35943136
624.55137968,0.34729482
624.78239602,0.33216877
625.01342440,0.31869231
625.24446483,0.31053359
625.47551731,0.29291447
625.70658183,0.28047134
625.93765839,0.26987651
626.16874699,0.26036492
626.39984763,0.25305076
626.63096029,0.24721204
626.86208499,0.24225314
627.09322171,0.22618185
627.32437046,0.20940813
627.55553123,0.20103669
627.78670401,0.20193596
628.01788882,0.20051826
628.24908563,0.19373680
628.48029446,0.18474419
628.71151529,0.18969884
628.94274813,0.18701776
629.17399296,0.17670623
629.40524980,0.17132538
629.63651863,0.17100904
629.86779946,0.16851202
630.09909228,0.16320234
630.33039709,0.16357782
630.56171388,0.16523966
630.79304265,0.16743141
631.02438340,0.17107621
631.25573613,0.16516514
631.48710084,0.16818295
631.71847751,0.17227997
631.94986615,0.17555786
632.18126676,0.17049502
632.41267933,0.17183792
632.64410387,0.17242120
632.87554035,0.17020915
633.10698880,0.16781317
633.33844919,0.17041615
633.56992154,0.17768768
633.80140583,0.17855216
634.03290207,0.17359439
634.26441024,0.16745755
634.49593035,0.16601946
634.72746240,0.16598435
634.95900638,0.16408845
635.19056229,0.16303314
635.42213013,0.15956636
635.65370989,0.16007178
635.88530158,0.16629779
636.11690518,0.17794769
636.34852069,0.17893046
636.58014812,0.17528765
636.81178746,0.18052758
637.04343871,0.18508374
637.27510187,0.19014669
637.50677692,0.19736951
637.73846387,0.19522344
637.97016272,0.20381397
638.20187347,0.20059784
638.43359610,0.20036632
638.66533062,0.20562686
638.89707703,0.20286712
639.12883532,0.19801537
639.36060549,0.20642976
639.59238754,0.20676991
639.82418146,0.22572163
640.05598725,0.22557152
640.28780491,0.22809152
640.51963444,0.22775942
640.75147583,0.22860228
640.98332908,0.24543530
641.21519419,0.25209232
641.44707115,0.25785238
641.67895997,0.26477113
641.91086063,0.28167725
642.14277314,0.29302532
642.37469750,0.30784198
642.60663369,0.31572048
642.83858172,0.33603025
643.07054159,0.35274247
643.30251329,0.35657651
643.53449683,0.37119037
643.76649218,0.37231978
643.99849937,0.37362927
644.23051837,0.38322534
644.46254919,0.38541221
644.69459183,0.39135549
644.92664628,0.38221897
645.15871254,0.37232926
645.39079061,0.35464278
645.62288049,0.35022649
645.85498217,0.33570423
646.08709564,0.34457559
646.31922091,0.33847649
646.55135798,0.34386213
646.78350684,0.33494956
647.01566748,0.33537996
647.24783991,0.33090431
647.48002413,0.32100261
647.71222012,0.32623956
647.94442789,0.32893760
648.17664744,0.32779626
648.40887875,0.32959908
648.64112184,0.33815535
648.87337669,0.34838828
649.10564331,0.35647053
649.33792168,0.34876145
649.57021181,0.34217838
649.80251370,0.34308048
650.03482734,0.34641258
650.26715273,0.33082745
650.49948987,0.32604499
650.73183875,0.33080879
650.96419937,0.32717672
651.19657173,0.31112989
651.42895582,0.30316214
651.66135165,0.30729712
651.89375921,0.30105984
652.12617849,0.29320110
652.35860950,0.27798296
652.59105224,0.28340322
652.82350669,0.27649167
653.05597285,0.27817092
653.28845073,0.26332882
653.52094032,0.27113645
653.75344162,0.27677341
653.98595462,0.27920538
654.21847933,0.29980741
654.45101573,0.32010623
654.68356383,0.32846855
654.91612363,0.34121730
655.14869511,0.35906029
655.38127829,0.37363377
655.61387315,0.39205097
655.84647969,0.40504353
656.07909792,0.41447785
656.31172782,0.44293734
656.54436939,0.44727611
656.77702264,0.44697457
657.00968756,0.45050141
657.24236414,0.46003487
657.47505238,0.44623068
657.70775229,0.47308734
657.94046385,0.46713404
658.17318707,0.45515367
658.40592195,0.42855773
658.63866847,0.40242024
658.87142663,0.38577126
659.10419645,0.37435631
659.33697790,0.35497980
659.56977099,0.34110670
659.80257572,0.34440327
660.03539208,0.33523132
660.26822007,0.30826794
660.50105969,0.31194863
660.73391093,0.34314567
660.96677380,0.32595362
661.19964828,0.32978599
661.43253438,0.34893696
661.66543209,0.34046197
661.89834142,0.35252780
662.13126235,0.37495633
662.36419489,0.37704404
662.59713903,0.38897741
662.83009477,0.41967267
663.06306210,0.41424841
663.29604103,0.45533926
663.52903155,0.47491172
663.76203367,0.47958295
663.99504736,0.51697437
664.22807264,0.52513834
664.46110950,0.55547633
664.69415794,0.54159004
664.92721795,0.54320329
665.16028953,0.53959493
665.39337269,0.54066778
665.62646740,0.56781969
665.85957369,0.57184951
666.09269153,0.58577145
666.32582093,0.58100256
666.55896189,0.58557528
666.79211440,0.59167899
667.02527846,0.58168170
667.25845406,0.58875288
667.49164121,0.58752008
667.72483991,0.56519203
667.95805014,0.55569047
668.19127190,0.53955102
668.42450520,0.53376912
668.65775003,0.53257673
668.89100639,0.54359635
669.12427427,0.54076606
669.35755368,0.52828621
669.59084460,0.53775127
669.82414704,0.51253663
670.05746099,0.51393523
670.29078646,0.53510966
670.52412343,0.49566580
670.75747191,0.51301960
670.99083189,0.48787124
671.22420337,0.49083967
671.45758635,0.50384617
671.69098082,0.49988363
671.92438678,0.50250611
672.15780424,0.49353520
672.39123317,0.50043564
672.62467360,0.49796772
672.85812550,0.50549311
673.09158888,0.49733130
673.32506373,0.50777880
673.55855006,0.49820768
673.79204785,0.50257908
674.02555712,0.52169636
674.25907784,0.49826147
674.49261003,0.48997962
674.72615367,0.48433012
674.95970878,0.47491356
675.19327533,0.46591130
675.42685333,0.47805296
675.66044278,0.46305366
675.89404368,0.47470181
676.12765601,0.46622492
676.36127979,0.48612754
676.59491500,0.48738250
676.82856165,0.50422626
677.06221972,0.49885549
677.29588922,0.48929797
677.52957015,0.46098162
677.76326250,0.46833749
677.99696627,0.46631065
678.23068146,0.45540272
678.46440806,0.45032258
678.69814607,0.45333660
678.93189549,0.45386067
679.16565631,0.49137077
679.39942854,0.49770127
679.63321217,0.52611429
679.86700720,0.52532622
680.10081361,0.54167487
680.33463143,0.52437494
680.56846063,0.52230409
680.80230121,0.49784814
681.03615318,0.50869763
681.27001653,0.48798607
681.50389126,0.49919150
681.73777736,0.47925962
681.97167484,0.48769474
682.20558368,0.46829682
682.43950390,0.45908846
682.67343547,0.44318549
682.90737841,0.45618838
683.14133270,0.44105736
683.37529836,0.43989803
683.60927536,0.42393594
683.84326371,0.41966432
684.07726341,0.40275643
684.31127446,0.39229628
684.54529685,0.37872410
684.77933057,0.38035925
685.01337564,0.38710524
685.24743203,0.38916502
685.48149976,0.38220778
685.71557881,0.37555891
685.94966919,0.37618299
686.18377090,0.38497292
686.41788392,0.37808704
686.65200826,0.37120296
686.88614391,0.37136340
687.12029088,0.37103322
687.35444915,0.36612099
687.58861873,0.36480751
687.82279961,0.35591754
688.05699179,0.35378922
688.29119527,0.34186522
688.52541004,0.34060143
688.75963611,0.33481207
688.99387346,0.33496227
689.22812210,0.33153265
689.46238203,0.32483367
689.69665323,0.31004263
689.93093571,0.30269589
690.16522947,0.29142883
690.39953450,0.28780677
690.63385080,0.28491238
690.86817837,0.28046710
691.10251720,0.27508883
691.33686730,0.27259267
691.57122865,0.26605658
691.80560125,0.26236972
692.03998511,0.26222907
692.27438023,0.25367736
692.50878658,0.23550489
692.74320419,0.23093864
692.97763303,0.22435652
693.21207312,0.22289570
693.44652444,0.21697554
693.68098699,0.21499073
693.91546077,0.21146737
694.14994579,0.21330380
694.38444203,0.20779265
694.61894949,0.20541048
694.85346817,0.20296934
695.08799806,0.20848422
695.32253918,0.21005667
695.55709150,0.21111834
695.79165503,0.21466317
696.02622977,0.21520483
696.26081571,0.21930110
696.49541285,0.22311606
696.73002119,0.23095191
696.96464072,0.23422902
697.19927145,0.24079332
697.43391336,0.24403024
697.66856647,0.24748461
697.90323075,0.25224430
698.13790622,0.26228366
698.37259286,0.26974769
698.60729068,0.26920729
698.84199967,0.26422693
699.07671984,0.26127508
699.31145117,0.26433422
699.54619366,0.26830474
699.78094731,0.26617068
700.01571213,0.27185693
700.25048810,0.26437934
700.48527522,0.26446804
700.72007349,0.26178004
700.95488292,0.25971338
701.18970348,0.25482737
701.42453519,0.25535563
701.65937804,0.25817939
701.89423202,0.25887037
702.12909714,0.25300086
702.36397339,0.24980013
702.59886077,0.24680443
702.83375927,0.25052880
703.06866889,0.25138353
703.30358964,0.25314978
703.53852150,0.25664595
703.77346448,0.25697216
704.00841857,0.26115657
704.24338376,0.26586583
704.47836007,0.26237396
704.71334748,0.28047959
704.94834598,0.28012032
705.18335559,0.28825700
705.41837629,0.29208489
705.65340808,0.30122751
705.88845096,0.30818592
706.12350493,0.32567136
706.35856998,0.32911993
706.59364612,0.33531628
706.82873333,0.34079108
707.06383161,0.35705413
707.29894097,0.36376802
707.53406141,0.38770162
707.76919290,0.38616048
708.00433546,0.39585021
708.23948909,0.40256658
708.47465377,0.42748037
708.70982951,0.43240322
708.94501630,0.44907957
709.18021414,0.46095627
709.41542303,0.46512947
709.65064297,0.47280340
709.88587395,0.49348896
710.12111597,0.50249781
710.35636902,0.53031822
710.59163311,0.54867588
710.82690823,0.57035683
711.06219437,0.56549293
711.29749155,0.58080086
711.53279974,0.58383670
711.76811896,0.59614541
712.00344920,0.58370667
712.23879044,0.60228553
712.47414270,0.60398389
712.70950597,0.63383622
712.94488025,0.63312356
713.18026553,0.65309459
713.41566181,0.65069806
713.65106908,0.65514200
713.88648736,0.66655509
714.12191662,0.66433807
714.35735688,0.66338784
714.59280812,0.67258319
714.82827034,0.68275596
715.06374355,0.66454637
715.29922774,0.66514971
715.53472290,0.65000431
715.77022903,0.64598058
716.00574614,0.63559172
716.24127421,0.62322019
716.47681324,0.62777133
716.71236324,0.63719842
716.94792420,0.63342537
717.18349611,0.62063406
717.41907898,0.61396052
717.65467280,0.61892246
717.89027757,0.60787953
718.12589328,0.58450177
718.36151993,0.56632157
718.59715752,0.54967240
718.83280605,0.51276196
719.06846552,0.49502841
719.30413591,0.45507994
719.53981724,0.42851238
719.77550949,0.40890365
720.01121266,0.39250272
720.24692676,0.38636359
720.48265177,0.38024953
720.71838769,0.36918342
720.95413453,0.36353851
721.18989228,0.35658130
721.42566093,0.35153305
721.66144049,0.34883223
721.89723095,0.34275689
722.13303231,0.34547629
722.36884456,0.33374258
722.60466770,0.33061011
722.84050173,0.32417748
723.07634666,0.33302452
723.31220246,0.32597709
723.54806915,0.33233622
723.78394671,0.33988783
724.01983515,0.34674303
724.25573447,0.34721689
724.49164465,0.35103539
724.72756571,0.35103002
724.96349762,0.35775068
725.19944040,0.34964561
725.43539404,0.34774315
725.67135854,0.34022789
725.90733388,0.32903563
726.14332008,0.31787796
726.37931713,0.31914056
726.61532503,0.31238264
726.85134376,0.30675861
727.08737334,0.31371412
727.32341375,0.32157952
727.55946500,0.32588693
727.79552708,0.33827249
728.03159998,0.34123888
728.26768372,0.34729521
728.50377827,0.33940140
728.73988365,0.33392215
728.97599985,0.31893969
729.21212686,0.31974641
729.44826468,0.31297427
729.68441331,0.31666179
729.92057275,0.31480189
730.15674299,0.31678258
730.39292403,0.30942496
730.62911587,0.30166219
730.86531851,0.29733522
731.10153194,0.30799843
731.33775616,0.29331662
731.57399117,0.29796339
731.81023696,0.29006283
732.04649353,0.28755012
732.28276088,0.28927835
732.51903901,0.30259399
732.75532791,0.30389654
732.99162758,0.31003964
733.22793802,0.32149893
733.46425923,0.33615997
733.70059119,0.35326185
733.93693392,0.36301026
734.17328740,0.36796356
734.40965164,0.37325103
734.64602662,0.36705849
734.88241236,0.37931751
735.11880884,0.37153208
735.35521607,0.36736094
735.59163403,0.37048409
735.82806273,0.36692150
736.06450217,0.34319678
736.30095234,0.34485815
736.53741323,0.32899598
736.77388486,0.33661756
737.01036720,0.33202453
737.24686027,0.33886122
737.48336406,0.33362050
737.71987856,0.33341165
737.95640377,0.32464032
738.19293969,0.32787566
738.42948632,0.33529444
738.66604365,0.33559109
738.90261169,0.33051901
739.13919042,0.34750601
739.37577985,0.33660798
739.61237997,0.33035159
739.84899078,0.32962323
740.08561228,0.34369320
740.32224446,0.33334287
740.55888732,0.33940503
740.79554087,0.33032439
741.03220509,0.34068542
741.26887998,0.33540838
741.50556555,0.32691371
741.74226178,0.34052742
741.97896868,0.34299580
742.21568624,0.33548908
742.45241446,0.32493845
742.68915333,0.32437032
742.92590286,0.33098134
743.16266304,0.33440162
743.39943387,0.33822445
743.63621535,0.34441099
743.87300747,0.34222269
744.10981023,0.33656494
744.34662363,0.34210537
744.58344766,0.34411160
744.82028232,0.36536851
745.05712761,0.36116478
745.29398353,0.35787982
745.53085007,0.34646903
745.76772724,0.35241956
746.00461502,0.35488047
746.24151341,0.35565044
746.47842242,0.34930713
746.71534204,0.36090615
746.95227227,0.36504427
747.18921310,0.37047315
747.42616453,0.36887963
747.66312656,0.36210150
747.90009918,0.35040521
748.13708240,0.34960840
748.37407621,0.33713830
748.61108061,0.32566774
748.84809559,0.31727349
749.08512115,0.33267427
749.32215730,0.33120465
749.55920401,0.31152499
749.79626131,0.29759007
750.03332917,0.28989156
750.27040760,0.28173916
750.50749660,0.28753161
750.74459616,0.28515108
750.98170628,0.28064675
751.21882695,0.28641752
751.45595818,0.28702227
751.69309997,0.28743438
751.93025230,0.27983524
752.16741517,0.28100416
752.40458859,0.28550178
752.64177256,0.29557811
752.87896705,0.30916286
753.11617209,0.30136318
753.35338765,0.31566163
753.59061374,0.32300327
753.82785037,0.33474515
754.06509751,0.34416853
754.30235518,0.35084927
754.53962336,0.34970649
754.77690206,0.35825538
755.01419127,0.35550088
755.25149099,0.36621948
755.48880122,0.35298382
755.72612195,0.34027040
755.96345319,0.34315460
756.20079492,0.34588847
756.43814715,0.34390289
756.67550987,0.33380579
756.91288309,0.32410115
757.15026679,0.32334951
757.38766097,0.31595028
757.62506564,0.32259625
757.86248079,0.31330349
758.09990641,0.28385522
758.33734251,0.28271201
758.57478908,0.27662100
758.81224612,0.26505871
759.04971362,0.25006908
759.28719159,0.24490869
759.52468001,0.24815347
759.76217889,0.25078913
759.99968823,0.24586709
760.23720802,0.25689454
760.47473826,0.25840820
760.71227894,0.26821662
760.94983007,0.28070644
761.18739164,0.30746324
761.42496364,0.32325897
761.66254608,0.33384964
761.90013895,0.32906590
762.13774226,0.34781792
762.37535598,0.35432108
762.61298014,0.36291843
762.85061471,0.38013242
763.08825970,0.39526500
763.32591511,0.39228814
763.56358093,0.38920521
763.80125716,0.38483586
764.03894380,0.38868496
764.27664084,0.38474311
764.51434829,0.36136302
764.75206613,0.33570567
764.98979437,0.33087084
765.22753300,0.31607107
765.46528203,0.30792732
765.70304144,0.29640086
765.94081124,0.27939030
766.17859142,0.26344829
766.41638197,0.25138488
766.65418291,0.23112932
766.89199422,0.20761045
767.12981590,0.18578673
767.36764795,0.17380876
767.60549036,0.16157851
767.84334314,0.14890358
768.08120628,0.13978327
768.31907977,0.13331228
768.55696362,0.13009663
768.79485782,0.11870072
769.03276238,0.11323047
769.27067727,0.10581573
769.50860251,0.09772010
769.74653809,0.09345285
769.98448401,0.09054044
770.22244027,0.08905032
770.46040685,0.09273737
770.69838377,0.09502989
770.93637101,0.09810460
771.17436858,0.10061556
771.41237647,0.10851629
771.65039468,0.11983246
771.88842320,0.12932774
772.12646204,0.14399866
772.36451118,0.15576929
772.60257064,0.17472506
772.84064039,0.18916709
773.07872045,0.21412086
773.31681081,0.23479285
773.55491147,0.26174343
773.79302242,0.28226899
774.03114366,0.31224538
774.26927519,0.32383792
774.50741700,0.34240272
774.74556910,0.36454157
774.98373147,0.39383420
775.22190413,0.39623888
775.46008705,0.39913593
775.69828025,0.42704090
775.93648372,0.42127709
776.17469745,0.40602372
776.41292145,0.41553205
776.65115570,0.43292954
776.88940022,0.43190730
777.12765499,0.43013404
777.36592001,0.41586016
777.60419528,0.39811211
777.84248079,0.40104287
778.08077655,0.39818311
778.31908256,0.40110863
778.55739879,0.39420527
778.79572527,0.39901272
779.03406198,0.39073284
779.27240891,0.38443405
779.51076608,0.34073407
779.74913346,0.31741945
779.98751107,0.31956514
780.22589890,0.29228486
780.46429695,0.26848531
780.70270520,0.26161723
780.94112367,0.25827527
781.17955235,0.27093678
781.41799123,0.26165466
781.65644031,0.25458139
781.89489959,0.25547362
782.13336907,0.26116087
782.37184874,0.25594998
782.61033861,0.26273372
782.84883866,0.25491766
783.08734890,0.26015325
783.32586931,0.25843343
783.56439991,0.25327546
783.80294069,0.25099672
784.04149164,0.24421086
784.28005276,0.23778559
784.51862406,0.23949219
784.75720551,0.23040321
784.99579713,0.23119262
785.23439891,0.23495608
785.47301085,0.22554739
785.71163295,0.22065537
785.95026519,0.21983543
786.18890759,0.20501247
786.42756013,0.20566103
786.66622282,0.20426773
786.90489564,0.18595681
787.14357861,0.18007576
787.38227171,0.17505421
787.62097494,0.16669103
787.85968831,0.16642852
788.09841180,0.16248084
788.33714541,0.16183610
788.57588915,0.16516326
788.81464301,0.16214567
789.05340698,0.15445446
789.29218106,0.16009223
789.53096526,0.15350020
789.76975956,0.15658732
790.00856397,0.16215784
790.24737848,0.16012454
790.48620309,0.16416470
790.72503780,0.16704962
790.96388260,0.16721748
791.20273749,0.16701604
791.44160247,0.16500765
791.68047754,0.16749468
791.91936269,0.17066237
792.15825792,0.17773013
792.39716323,0.17498667
792.63607861,0.18272444
792.87500406,0.18406771
793.11393958,0.18737588
793.35288517,0.18578262
793.59184082,0.19195850
793.83080653,0.19722573
794.06978230,0.20818521
794.30876813,0.21234821
794.54776401,0.21942909
794.78676993,0.22968681
795.02578591,0.22662722
795.26481193,0.22329901
795.50384798,0.23779964
795.74289408,0.23565338
795.98195022,0.23744947
796.22101638,0.24172921
796.46009258,0.23743142
796.69917880,0.22629237
796.93827505,0.23860571
797.17738132,0.23156259
797.41649761,0.22792352
797.65562392,0.22778306
797.89476024,0.22961244
798.13390657,0.22324657
798.37306290,0.22028738
798.61222925,0.22489325
798.85140559,0.23126841
799.09059194,0.23173800
799.32978828,0.23720558
799.56899462,0.24416571
799.80821094,0.25202970
800.04743726,0.25067638
800.28667356,0.24896786
800.52591985,0.25594998
800.76517611,0.25927862
801.00444236,0.26068715
801.24371857,0.27182472
801.48300476,0.26662656
801.72230092,0.25749740
801.96160705,0.24477931
802.20092314,0.23880664
802.44024919,0.22735278
802.67958519,0.22947588
802.91893116,0.24329302
803.15828707,0.24392109
803.39765294,0.23244985
803.63702875,0.22242628
803.87641450,0.21603500
804.11581020,0.21064462
804.35521584,0.20936119
804.59463141,0.20887791
804.83405692,0.20377292
805.07349235,0.19687774
805.31293772,0.19251558
805.55239300,0.19034455
805.79185821,0.17488303
806.03133334,0.17555800
806.27081839,0.16700341
806.51031335,0.15705467
806.74981822,0.16016565
806.98933300,0.15754301
807.22885768,0.14528818
807.46839227,0.14481701
807.70793675,0.14126364
807.94749114,0.14001644
808.18705542,0.13946510
808.42662959,0.14143451
808.66621364,0.12875292
808.90580759,0.12617369
809.14541141,0.12146682
809.38502512,0.10742592
809.62464871,0.11212062
809.86428217,0.10829859
810.10392550,0.10302341
810.34357870,0.10008097
810.58324177,0.09922605
810.82291470,0.09775729
811.06259749,0.09356642
811.30229015,0.09093324
811.54199265,0.09016924
811.78170501,0.08628204
812.02142722,0.08640170
812.26115928,0.08645873
812.50090118,0.08462210
812.74065292,0.08432099
812.98041450,0.09046893
813.22018592,0.09195692
813.45996717,0.09453261
813.69975825,0.08923851
813.93955916,0.09876670
814.17936989,0.09981967
814.41919045,0.10423102
814.65902083,0.10549759
814.89886102,0.11043857
815.13871102,0.11527480
815.37857084,0.12116150
815.61844047,0.12229390
815.85831990,0.12697600
816.09820913,0.13083051
816.33810817,0.13522658
816.57801700,0.13741816
816.81793562,0.14870841
817.05786404,0.16237177
817.29780225,0.15694856
817.53775024,0.15519622
817.77770801,0.16620137
818.01767557,0.17569058
818.25765290,0.17999866
818.49764001,0.19447844
818.73763689,0.20724532
818.97764354,0.21298998
819.21765996,0.22895096
819.45768614,0.22638132
819.69772209,0.22536430
819.93776779,0.22660799
820.17782324,0.23004318
820.41788845,0.22271764
820.65796341,0.21650319
820.89804812,0.21534827
821.13814257,0.21909268
821.37824677,0.22471157
821.61836070,0.23453177
821.85848437,0.23109298
822.09861777,0.22705952
822.33876090,0.22987062
822.57891376,0.23311031
822.81907635,0.23883388
823.05924866,0.24778621
823.29943069,0.25208185
823.53962243,0.25242272
823.77982389,0.24542370
824.02003506,0.25037436
824.26025594,0.24616893
824.50048652,0.23118421
824.74072681,0.22442315
824.98097680,0.21802915
825.22123648,0.20738848
825.46150586,0.20137309
825.70178493,0.20060869
825.94207369,0.20559037
826.18237214,0.18937382
826.42268027,0.18999876
826.66299808,0.19068263
826.90332557,0.18719787
827.14366273,0.17290760
827.38400957,0.18438889
827.62436608,0.18608070
827.86473225,0.17495000
828.10510809,0.16753334
828.34549359,0.17435262
828.58588874,0.16623920
828.82629356,0.15685151
829.06670802,0.15746341
829.30713214,0.15300612
829.54756590,0.13612483
829.78800931,0.14163643
830.02846236,0.14004934
830.26892505,0.13248003
830.50939738,0.13139182
830.74987934,0.13091942
830.99037093,0.13334309
831.23087215,0.13028670
831.47138299,0.13069065
831.71190346,0.13073627
831.95243355,0.13179047
832.19297325,0.12851240
832.43352257,0.12498430
832.67408150,0.11890329
832.91465003,0.11554963
833.15522818,0.11596906
833.39581592,0.11173115
833.63641327,0.10447837
833.87702022,0.10180860
834.11763676,0.10191725
834.35826289,0.09811679
834.59889861,0.10278892
834.83954392,0.09951566
835.08019881,0.10330278
835.32086328,0.10118699
835.56153733,0.09511236
835.80222095,0.09281807
836.04291415,0.09629620
836.28361692,0.09847188
836.52432926,0.10370912
836.76505116,0.10088561
837.00578262,0.09749810
837.24652364,0.09384812
837.48727421,0.09473617
837.72803434,0.09733138
837.96880402,0.09726989
838.20958325,0.09817082
838.45037202,0.10290499
838.69117033,0.10254394
838.93197819,0.10642448
839.17279558,0.10594071
839.41362250,0.10711288
839.65445896,0.09870408
839.89530494,0.09659628
840.13616045,0.10577560
840.37702548,0.10138397
840.61790003,0.09406931
840.85878410,0.09838292
841.09967768,0.10113756
841.34058078,0.10048878
841.58149338,0.09701853
841.82241549,0.10109403
842.06334710,0.10075448
842.30428821,0.10236042
842.54523883,0.10112286
842.78619893,0.09669620
843.02716853,0.09960034
843.26814762,0.11095248
843.50913619,0.11390887
843.75013425,0.11751955
843.99114179,0.13185364
844.23215881,0.14115591
844.47318530,0.14663885
844.71422127,0.15525846
844.95526670,0.17027661
845.19632161,0.18197195
845.43738597,0.17605200
845.67845980,0.16650973
845.91954309,0.17568195
846.16063584,0.18514123
846.40173803,0.18165430
846.64284968,0.18544435
846.88397078,0.19013430
847.12510132,0.20368187
847.36624130,0.19751247
847.60739073,0.19893097
847.84854959,0.21002867
848.08971788,0.22077655
848.33089561,0.21115874
848.57208276,0.21117752
848.81327934,0.22055440
849.05448534,0.22870109
849.29570076,0.22408096
849.53692560,0.22100297
849.77815986,0.22770389
850.01940353,0.24135502
850.26065660,0.23662097
850.50191908,0.23568419
850.74319097,0.23469576
850.98447225,0.24502405
851.22576294,0.23308654
851.46706301,0.22409840
851.70837248,0.21232197
851.94969135,0.21490487
852.19101959,0.20130333
852.43235722,0.18407794
852.67370424,0.17365401
852.91506063,0.17852380
853.15642640,0.17441489
853.39780154,0.16457015
853.63918605,0.15074876
853.88057992,0.15257559
854.12198317,0.15212124
854.36339577,0.14303416
854.60481773,0.13774449
854.84624905,0.12992458
855.08768973,0.12793317
855.32913975,0.11675969
855.57059912,0.10778256
855.81206784,0.10350989
856.05354590,0.09635039
856.29503330,0.09445706
856.53653004,0.08751793
856.77803611,0.08561921
857.01955151,0.07940030
857.26107624,0.07963119
857.50261030,0.08240953
857.74415367,0.07856480
857.98570637,0.07471322
858.22726839,0.07195789
858.46883972,0.07010073
858.71042037,0.07116127
858.95201032,0.07083571
859.19360958,0.07378402
859.43521814,0.07096733
859.67683601,0.07721475
859.91846317,0.07546445
860.16009963,0.07424267
860.40174538,0.07470113
860.64340042,0.07067836
860.88506474,0.07202562
861.12673835,0.07237957
861.36842125,0.07398901
861.61011342,0.07276899
861.85181487,0.06690080
862.09352559,0.06702019
862.33524558,0.06319881
862.57697484,0.06459942
862.81871336,0.06441891
863.06046114,0.06308745
863.30221819,0.05906641
863.54398449,0.06285885
863.78576004,0.06070032
864.02754485,0.05984981
864.26933890,0.05947895
864.51114220,0.06195693
864.75295474,0.05887375
864.99477653,0.05576191
865.23660755,0.05812974
865.47844780,0.05659220
865.72029728,0.05388971
865.96215600,0.05189653
866.20402394,0.05441367
866.44590110,0.05385806
866.68778748,0.05964020
866.92968308,0.06070762
867.17158790,0.05703491
867.41350193,0.05848990
867.65542516,0.06011921
867.89735761,0.06519707
868.13929926,0.06488089
868.38125011,0.06068170
868.62321015,0.06673182
868.86517940,0.06975763
869.10715783,0.06956979
869.34914546,0.07030835
869.59114227,0.06946737
869.83314827,0.07393469
870.07516344,0.07168067
870.31718780,0.07780814
870.55922133,0.07568422
870.80126404,0.07342851
871.04331592,0.07801873
871.28537696,0.07409456
871.52744717,0.07245152
871.76952655,0.07336393
872.01161508,0.07512531
872.25371277,0.07517655
872.49581961,0.07643219
872.73793560,0.07193981
872.98006075,0.07400870
873.22219503,0.07771241
873.46433846,0.07962129
873.70649103,0.07455805
873.94865274,0.07137322
874.19082358,0.07104600
874.43300356,0.07126183
874.67519266,0.07395986
874.91739089,0.06706251
875.15959824,0.06062342
875.40181471,0.06290316
875.64404031,0.06728465
875.88627501,0.06698005
876.12851883,0.06522240
876.37077176,0.06558570
876.61303379,0.07255530
876.85530493,0.07561773
877.09758517,0.07979033
877.33987451,0.07664996
877.58217294,0.08349734
877.82448047,0.09268267
878.06679709,0.10139183
878.30912279,0.10527176
878.55145758,0.11276813
878.79380145,0.11566333
879.03615440,0.12111964
879.27851643,0.11548972
879.52088753,0.11901212
879.76326770,0.11946110
880.00565694,0.12705483
880.24805524,0.12703272
880.49046260,0.12774745
880.73287903,0.12538393
880.97530451,0.12903573
881.21773905,0.13946827
881.46018264,0.14015155
881.70263527,0.13689855
881.94509695,0.13425775
882.18756768,0.13490551
882.43004744,0.14411308
882.67253625,0.15283141
882.91503409,0.14960650
883.15754095,0.14102887
883.40005685,0.14673984
883.64258178,0.16056560
883.88511573,0.17503656
884.12765869,0.17296058
884.37021068,0.17171588
884.61277168,0.18851275
884.85534170,0.20933030
885.09792072,0.22433597
885.34050876,0.22173415
885.58310579,0.22285941
885.82571183,0.22099653
886.06832686,0.22191192
886.31095090,0.21917749
886.55358392,0.21346002
886.79622594,0.19620616
887.03887694,0.19170688
887.28153693,0.18935609
887.52420589,0.19123514
887.76688384,0.18046671
888.00957077,0.17145401
888.25226667,0.16575124
888.49497154,0.16573515
888.73768537,0.16008360
888.98040818,0.15393784
889.22313994,0.14925107
889.46588067,0.14202160
889.70863035,0.14735498
889.95138899,0.15587055
890.19415657,0.15724996
890.43693311,0.15915029
890.67971859,0.15280081
890.92251302,0.15687172
891.16531639,0.15970168
891.40812869,0.16655242
891.65094993,0.17014491
891.89378010,0.17706099
892.13661920,0.17791104
892.37946723,0.18807933
892.62232418,0.18948988
892.86519005,0.19567314
893.10806484,0.19652927
893.35094854,0.20420709
893.59384116,0.20167451
893.83674269,0.20011466
894.07965312,0.19607317
894.32257246,0.20290981
894.56550070,0.20154378
894.80843784,0.20209567
895.05138388,0.19800400
895.29433881,0.21251669
895.53730263,0.22390596
895.78027533,0.23202210
896.02325692,0.22663953
896.26624740,0.22200197
896.50924675,0.21632928
896.75225498,0.22748012
896.99527208,0.23317573
897.23829806,0.23227855
897.48133290,0.21570874
897.72437661,0.20828561
897.96742918,0.19828112
898.21049061,0.20417480
898.45356090,0.20355907
898.69664005,0.20460443
898.93972804,0.19457335
899.18282488,0.18913764
899.42593057,0.17875596
899.66904511,0.17617505
899.91216848,0.16199291
900.15530069,0.15676665
900.39844174,0.15177264
900.64159162,0.14750666
900.88475033,0.14500182
901.12791786,0.15277539
901.37109422,0.15625367
901.61427940,0.15843814
901.85747340,0.15467046
902.10067621,0.14994409
902.34388784,0.15231325
902.58710827,0.15600415
902.83033752,0.16375903
903.07357557,0.15907389
903.31682242,0.15086015
903.56007807,0.14440328
903.80334251,0.13691835
904.04661575,0.13839454
904.28989778,0.13715324
904.53318860,0.13732679
904.77648820,0.13033885
905.01979659,0.13276005
905.26311375,0.12335206
905.50643969,0.12064302
905.74977441,0.12284040
905.99311789,0.12302360
906.23647015,0.11772440
906.47983117,0.11486343
906.72320095,0.11016914
906.96657950,0.11253636
907.20996680,0.10846648
907.45336285,0.10808485
907.69676766,0.09440169
907.94018122,0.09357090
908.18360352,0.08623572
908.42703457,0.08729261
908.67047435,0.08635152
908.91392288,0.09172865
909.15738014,0.09126331
909.40084613,0.08933241
909.64432085,0.08859328
909.88780430,0.09127129
910.13129648,0.09483474
910.37479737,0.10110733
910.61830699,0.10237780
910.86182531,0.11020221
911.10535236,0.10512739
911.34888811,0.11044493
911.59243257,0.10497950
911.83598573,0.11193399
912.07954760,0.10673400
912.32311816,0.10035660
912.56669743,0.10517235
912.81028538,0.11239882
913.05388203,0.11303961
913.29748736,0.11848673
913.54110138,0.11904653
913.78472408,0.11268378
914.02835547,0.10927782
914.27199552,0.11117549
914.51564426,0.10732553
914.75930166,0.11679703
915.00296774,0.12107768
915.24664247,0.12023488
915.49032588,0.11470845
915.73401794,0.11453425
915.97771866,0.10807352
916.22142803,0.10828368
916.46514606,0.10214874
916.70887274,0.10210563
916.95260806,0.09662463
917.19635202,0.09633848
917.44010463,0.09386989
917.68386588,0.08905231
917.92763576,0.09205808
918.17141427,0.09008891
918.41520141,0.08443779
918.65899718,0.08186658
918.90280158,0.08183939
919.14661459,0.07701337
919.39043623,0.06900281
919.63426648,0.06639363
919.87810534,0.06474712
920.12195281,0.06296892
920.36580890,0.05807193
920.60967358,0.05854008
920.85354687,0.05252669
921.09742876,0.05577143
921.34131924,0.04671629
921.58521832,0.04447938
921.82912599,0.04565585
922.07304225,0.04582129
922.31696709,0.04220277
922.56090052,0.04269374
922.80484252,0.04020870
923.04879310,0.03771147
923.29275226,0.03674570
923.53671999,0.03728909
923.78069629,0.03680766
924.02468115,0.04217163
924.26867458,0.03912075
924.51267656,0.03919356
924.75668711,0.04018562
925.00070621,0.04390405
925.24473386,0.04671811
925.48877006,0.05317621
925.73281481,0.05588144
925.97686810,0.06064417
926.22092994,0.05917115
926.46500031,0.06260968
926.70907921,0.06417634
926.95316665,0.07115262
927.19726262,0.06706124
927.44136712,0.07718182
927.68548014,0.07891671
927.92960168,0.08161235
928.17373175,0.08016838
928.41787032,0.07800895
928.66201741,0.07826702
928.90617302,0.08461114
929.15033713,0.08336065
929.39450974,0.09032614
929.63869086,0.09100610
929.88288047,0.09286539
930.12707859,0.08787140
930.37128520,0.08387837
930.61550029,0.08043868
930.85972388,0.08506573
931.10395595,0.08580980
931.34819651,0.08423652
931.59244554,0.08527098
931.83670306,0.08361875
932.08096904,0.08237880
932.32524350,0.08095814
932.56952643,0.07877677
932.81381782,0.08060994
933.05811768,0.07559253
933.30242600,0.07923421
933.54674278,0.07359755
933.79106801,0.07482670
934.03540169,0.06694282
934.27974382,0.06009028
934.52409440,0.05513522
934.76845343,0.05614080
935.01282089,0.05427676
935.25719680,0.05637112
935.50158114,0.05140489
935.74597391,0.04875898
935.99037511,0.04515894
936.23478474,0.04491493
936.47920279,0.04177429
936.72362927,0.04252566
936.96806417,0.03773073
937.21250748,0.04549573
937.45695920,0.04231415
937.70141934,0.04132964
937.94588788,0.04185510
938.19036483,0.04040482
938.43485019,0.03731283
938.67934394,0.04139522
938.92384608,0.03831156
939.16835663,0.03451699
939.41287556,0.03617742
939.65740288,0.03430966
939.90193859,0.03364701
940.14648268,0.03614950
940.39103515,0.03140537
940.63559600,0.02930193
940.88016523,0.02666376
941.12474282,0.02720233
941.36932879,0.02656954
941.61392312,0.02648846
941.85852581,0.02499020
942.10313687,0.02393148
942.34775628,0.02234346
942.59238405,0.01736229
942.83702017,0.01678033
943.08166464,0.01626475
943.32631746,0.01377488
943.57097862,0.01173270
943.81564813,0.01470070
944.06032597,0.01206964
944.30501215,0.01099226
944.54970666,0.01169006
944.79440950,0.01189480
945.03912067,0.01097724
945.28384016,0.01328227
945.52856798,0.01420465
945.77330412,0.01633194
946.01804857,0.01150381
946.26280133,0.01451941
946.50756241,0.01224779
946.75233179,0.01164200
946.99710948,0.01052893
947.24189548,0.01324222
947.48668977,0.01059677
947.73149236,0.01497182
947.97630324,0.01426523
948.22112242,0.01579864
948.46594988,0.01824968
948.71078563,0.01829259
948.95562966,0.01827235
949.20048198,0.01995017
949.44534257,0.02158714
949.69021144,0.02244606
949.93508857,0.01876596
950.17997398,0.01841324
950.42486766,0.02464665
950.66976959,0.02574391
950.91467979,0.02738134
951.15959825,0.02623501
951.40452496,0.02809801
951.64945993,0.02739770
951.89440314,0.02753307
952.13935461,0.02758939
952.38431431,0.03379743
952.62928226,0.03676371
952.87425845,0.03453518
953.11924287,0.03404794
953.36423553,0.03651286
953.60923642,0.03532567
953.85424553,0.03763570
954.09926287,0.04192509
954.34428843,0.04301105
954.58932222,0.04325751
954.83436421,0.04535186
955.07941443,0.04620359
955.32447285,0.04988943
955.56953948,0.04709794
955.81461432,0.04523693
956.05969736,0.04895180
956.30478860,0.05042825
956.54988803,0.05514917
956.79499567,0.05848262
957.04011149,0.06263326
957.28523550,0.06982539
957.53036770,0.07360854
957.77550808,0.07310309
958.02065664,0.07210149
958.26581338,0.06869354
958.51097830,0.07319099
958.75615139,0.07505495
959.00133264,0.08151093
959.24652207,0.08544564
959.49171965,0.08811811
959.73692540,0.09022123
959.98213931,0.09457721
960.22736137,0.09364177
960.47259159,0.10294249
960.71782995,0.10277221
960.96307647,0.10388179
961.20833112,0.10128572
961.45359392,0.09900803
961.69886486,0.09216076
961.94414394,0.08880482
962.18943115,0.08244298
962.43472648,0.08908116
962.68002995,0.08794799
962.92534154,0.08204733
963.17066126,0.08400390
963.41598909,0.08466035
963.66132504,0.08957041
963.90666911,0.09087253
964.15202128,0.08687864
964.39738157,0.08837059
964.64274996,0.08311236
964.88812645,0.08574569
965.13351104,0.07683482
965.37890374,0.07687963
965.62430452,0.07438245
965.86971340,0.07475648
966.11513036,0.07206490
966.36055542,0.07136132
966.60598855,0.06983817
966.85142977,0.07362307
967.09687907,0.07077140
967.34233644,0.07288752
967.58780188,0.07172118
967.83327539,0.07374478
968.07875697,0.06990585
968.32424661,0.07507671
968.56974432,0.06737946
968.81525008,0.06325163
969.06076390,0.06157355
969.30628577,0.06036605
969.55181570,0.06222348
969.79735367,0.05861990
970.04289968,0.05373927
970.28845374,0.04991611
970.53401583,0.04784142
970.77958597,0.04735536
971.02516413,0.04417621
971.27075033,0.04176247
971.51634455,0.03991455
971.76194680,0.03589371
972.00755708,0.03363038
972.25317537,0.03074894
972.49880168,0.02869872
972.74443600,0.02994292
972.99007834,0.03191592
973.23572868,0.02949891
973.48138703,0.02761859
973.72705338,0.02458381
973.97272774,0.02172249
974.21841009,0.02082467
974.46410043,0.02397498
974.70979877,0.02247344
974.95550510,0.01820485
975.20121941,0.02147054
975.44694171,0.02044409
975.69267199,0.01950778
975.93841024,0.02175618
976.18415647,0.02068231
976.42991068,0.01615084
976.67567285,0.02105985
976.92144299,0.01732753
977.16722110,0.01568271
977.41300717,0.01724577
977.65880119,0.01613671
977.90460317,0.01858038
978.15041311,0.01783547
978.39623099,0.01841808
978.64205683,0.01855270
978.88789061,0.01551751
979.13373233,0.01463407
979.37958199,0.01569002
979.62543958,0.01542132
979.87130511,0.01775034
980.11717857,0.01368972
980.36305996,0.01422644
980.60894928,0.01178839
980.85484651,0.01567027
981.10075167,0.01595309
981.34666475,0.01706293
981.59258573,0.01987602
981.83851463,0.01965594
982.08445144,0.02017310
982.33039616,0.02182342
982.57634878,0.02143210
982.82230930,0.02048936
983.06827771,0.01962477
983.31425403,0.01851762
983.56023823,0.02030778
983.80623032,0.01619689
984.05223031,0.02016679
984.29823817,0.01245285
984.54425391,0.01643196
984.79027754,0.01641241
985.03630904,0.01537894
985.28234841,0.01600362
985.52839565,0.01604582
985.77445076,0.01300792
986.02051374,0.01252257
986.26658457,0.00935083
986.51266327,0.00919551
986.75874982,0.00888796
987.00484422,0.01009406
987.25094647,0.00794094
987.49705658,0.01205269
987.74317452,0.00716416
987.98930031,0.00786841
988.23543394,0.00949208
988.48157541,0.00678968
988.72772471,0.00663794
988.97388184,0.00979867
989.22004680,0.00605526
989.46621959,0.01079275
989.71240020,0.01007131
989.95858862,0.00987411
990.20478487,0.01243083
990.45098893,0.01287622
990.69720080,0.01202736
990.94342048,0.01074719
991.18964797,0.01463684
991.43588326,0.01095862
991.68212635,0.01112282
991.92837724,0.01161271
992.17463593,0.01069482
992.42090240,0.01123278
992.66717667,0.01206508
992.91345872,0.01306829
993.15974856,0.01117196
993.40604618,0.01230023
993.65235158,0.01394803
993.89866475,0.01422472
994.14498570,0.01605397
994.39131441,0.01416500
994.63765090,0.01740074
994.88399515,0.01156054
995.13034716,0.01400343
995.37670693,0.01536591
995.62307445,0.01481012
995.86944973,0.01699851
996.11583276,0.01461698
996.36222354,0.01271826
996.60862206,0.01160976
996.85502833,0.00959441
997.10144233,0.01200401
997.34786408,0.01333515
997.59429355,0.01240595
997.84073076,0.01156812
998.08717570,0.01225696
998.33362836,0.01128939
998.58008875,0.01176150
998.82655685,0.01160670
999.07303267,0.00994250
999.31951621,0.01018948
999.56600746,0.01231122
999.81250642,0.01049395
1000.05901309,0.00604266
1000.30552746,0.00871344
1000.55204953,0.00815668
1000.79857929,0.00926800
1001.04511676,0.00996233
1001.29166191,0.01099577
1001.53821476,0.01039595
1001.78477529,0.01014408
1002.03134351,0.00701691
1002.27791941,0.00737645
1002.52450299,0.00801149
1002.77109424,0.01038985
1003.01769317,0.00799479
1003.26429976,0.00852691
1003.51091403,0.00837241
1003.75753596,0.00728742
1004.00416555,0.01021517
1004.25080280,0.00965545
1004.49744771,0.01037660
1004.74410027,0.01272791
1004.99076048,0.01065284
1005.23742834,0.01024800
1005.48410384,0.00994350
1005.73078699,0.00746669
1005.97747778,0.00989101
1006.22417620,0.00584127
1006.47088226,0.00571312
1006.71759595,0.00616003
1006.96431727,0.00646157
1007.21104622,0.00678455
1007.45778279,0.00759282
1007.70452698,0.00450468
1007.95127879,0.00445710
1008.19803821,0.00518777
1008.44480524,0.00643591
1008.69157988,0.00700189
1008.93836213,0.00750680
1009.18515199,0.00708262
1009.43194944,0.00671827
1009.67875450,0.00911328
1009.92556715,0.00899155
1010.17238739,0.01022559
1010.41921522,0.01060429
1010.66605064,0.00787518
1010.91289364,0.00764201
1011.15974422,0.01004296
1011.40660239,0.00911997
1011.65346813,0.01029609
1011.90034144,0.00923291
1012.14722232,0.01311563
1012.39411078,0.01176268
1012.64100679,0.01043128
1012.88791037,0.01206186
1013.13482151,0.01012850
1013.38174020,0.01204528
1013.62866645,0.01328001
1013.87560025,0.01193507
1014.12254160,0.01237943
1014.36949049,0.01136104
1014.61644693,0.01318252
1014.86341091,0.01444125
1015.11038242,0.01580073
1015.35736147,0.01455454
1015.60434805,0.01374971
1015.85134216,0.01565477
1016.09834379,0.01625460
1016.34535295,0.01413821
1016.59236963,0.01092595
1016.83939383,0.01292593
1017.08642554,0.01102823
1017.33346476,0.01202849
1017.58051150,0.01303600
1017.82756574,0.01323228
1018.07462748,0.01384173
1018.32169673,0.01302506
1018.56877347,0.01615383
1018.81585771,0.01311210
1019.06294945,0.01272567
1019.31004867,0.01249641
1019.55715538,0.01460603
1019.80426957,0.01338347
1020.05139125,0.01484203
1020.29852041,0.01483386
1020.54565704,0.01225085
1020.79280114,0.01234032
1021.03995272,0.00936945
1021.28711177,0.01304717
1021.53427828,0.01143825
1021.78145225,0.01490963
1022.02863368,0.01120766
1022.27582257,0.00996006
1022.52301891,0.01227852
1022.77022270,0.01025603
1023.01743395,0.00909735
1023.26465263,0.01047732
1023.51187876,0.00707795
1023.75911234,0.01166599
1024.00635335,0.01210914
1024.25360179,0.01319870
1024.50085766,0.00956763
1024.74812097,0.01202784
1024.99539170,0.01009336
1025.24266985,0.01085747
1025.48995543,0.01172475
1025.73724842,0.01066090
1025.98454883,0.01149203
1026.23185665,0.01218501
1026.47917188,0.01059392
1026.72649452,0.01257622
1026.97382456,0.01451339
1027.22116200,0.01197438
1027.46850685,0.01158545
1027.71585908,0.01051800
1027.96321872,0.01082999
1028.21058574,0.00761007
1028.45796014,-0.00283005
1028.70534194,-0.00138047
1028.95273111,-0.00056416
1029.20012767,-0.00215465
1029.44753160,-0.00279040
1029.69494290,-0.00144320
