195.95165235,-0.00011086
196.15151677,0.01096619
196.35139989,0.00396158
196.55130171,0.00890282
196.75122222,0.00184391
196.95116143,0.00178961
197.15111932,0.00254980
197.35109589,0.00385298
197.55109115,0.01319246
197.75110507,0.00629645
197.95113767,0.00939151
198.15118894,0.00640505
198.35125887,0.00651365
198.55134747,0.00537336
198.75145472,0.00890282
198.95158062,-0.00011086
199.15172517,0.00428738
199.35188837,0.00868562
199.55207021,0.01107479
199.75227069,0.00700234
199.95248980,0.00314709
200.15272755,0.00238690
200.35298392,0.00890282
200.55325891,0.01259517
200.75355253,0.01292096
200.95386476,0.00607925
201.15419561,0.00477607
201.35454506,0.00700234
201.55491312,0.00580776
201.75529978,0.01042319
201.95570504,0.00249550
202.15612889,0.01292096
202.35657133,0.00005204
202.55703236,0.00412448
202.75751198,0.00882137
202.95801017,0.00835982
203.15852694,0.00852272
203.35906228,0.01150918
203.55961619,0.01031460
203.76018866,0.00434168
203.96077969,0.01058609
204.16138928,0.00488467
204.36201743,0.00466747
204.56266412,0.00841412
204.76332936,0.00265840
204.96401315,0.00358149
205.16471547,0.00401588
205.36543633,0.00200681
205.56617572,0.00586206
205.76693363,-0.00076245
205.96771007,0.00369009
206.16850503,-0.00152264
206.36931851,0.00553626
206.57015050,0.00510187
206.77100100,0.00216971
206.97187001,0.00412448
207.17275752,0.00531906
207.37366352,0.01237797
207.57458802,0.00808833
207.77553101,0.00781683
207.97649249,0.00037783
208.17747245,0.00420593
208.37847089,0.00808833
208.57948781,0.00119232
208.78052320,0.00721954
208.98157706,0.00488467
209.18264938,0.00835982
209.38374017,0.00132807
209.58484941,0.00032353
209.78597710,0.00835982
209.98712325,0.00683944
210.18828784,0.00759963
210.38947088,0.01275806
210.59067235,0.00455888
210.79189226,0.01270376
210.99313061,0.01373545
211.19438738,0.00879422
211.39566257,0.00154527
211.59695619,0.00830552
211.79826822,0.00341859
211.99959866,0.00059503
212.20094752,0.00971730
212.40231478,0.00597066
212.60370044,0.00330999
212.80510450,0.00390728
213.00652696,0.01824229
213.20796781,0.00901141
213.40942704,0.00901141
213.61090466,0.00151812
213.81240066,0.00064933
214.01391504,0.00466747
214.21544779,0.00314709
214.41699890,0.01096619
214.61856839,0.00993450
214.82015623,0.01292096
215.02176243,0.00352719
215.22338699,0.00651365
215.42502990,0.00434168
215.62669115,0.00825122
215.82837075,0.00309280
216.03006868,0.00222401
216.23178496,0.00624215
216.43351956,0.00607925
216.63527249,0.00673085
216.83704375,-0.00236428
217.03883333,0.00005204
217.24064123,0.00656795
217.44246744,0.00939151
217.64431195,0.00526477
217.84617478,0.00664940
218.04805591,0.00445028
218.24995534,0.00561771
218.45187306,0.00472177
218.65380907,-0.00179414
218.85576337,0.00119232
219.05773596,0.00863132
219.25972683,0.01064039
219.46173597,0.00922861
219.66376339,0.00314709
219.86580907,0.00021493
220.06787302,0.00124662
220.26995524,0.00230546
220.47205571,0.00434168
220.67417443,0.00317424
220.87631141,0.01226937
221.07846663,0.00138237
221.28064010,0.00081223
221.48283181,0.00111087
221.68504175,0.00629645
221.88726993,0.00781683
222.08951633,0.00629645
222.29178096,0.00580776
222.49406382,0.00917431
222.69636488,0.00415163
222.89868417,0.00816978
223.10102166,0.00271270
223.30337736,0.00868562
223.50575126,0.00064933
223.70814337,0.00716524
223.91055366,0.00694804
224.11298215,0.00043213
224.31542883,0.00914716
224.51789369,0.00673085
224.72037673,0.00303850
224.92287795,0.00162672
225.12539735,0.01118338
225.32793491,-0.00011086
225.53049064,0.01270376
225.73306453,0.00564486
225.93565658,0.00219686
226.13826679,0.00640505
226.34089514,-0.00190274
226.54354164,0.00206111
226.74620629,0.00265840
226.94888908,0.01118338
227.15159000,0.00037783
227.35430906,0.00542766
227.55704625,0.00276700
227.75980156,-0.00011086
227.96257499,0.00521047
228.16536654,-0.00201133
228.36817621,0.00070363
228.57100398,0.00450458
228.77384987,0.00135522
228.97671385,0.00379869
229.17959594,0.01047749
229.38249612,0.00445028
229.58541439,0.00526477
229.78835076,0.00407018
229.99130520,0.00906571
230.19427773,0.00846842
230.39726834,0.00423308
230.60027702,0.00553626
230.80330377,0.01047749
231.00634858,0.01232367
231.20941146,0.00369009
231.41249240,0.00673085
231.61559139,0.00032353
231.81870844,0.00347289
232.02184353,0.00434168
232.22499666,0.00412448
232.42816784,0.00249550
232.63135705,0.00852272
232.83456430,0.00189821
233.03778958,0.00542766
233.24103288,0.00135522
233.44429420,0.00759963
233.64757355,0.00455888
233.85087090,0.00814263
234.05418627,0.00616070
234.25751965,0.00445028
234.46087103,0.00336429
234.66424040,0.00043213
234.86762778,0.00254980
235.07103315,0.00282130
235.27445650,0.00912001
235.47789784,0.00781683
235.68135717,0.00553626
235.88483447,-0.00005656
236.08832974,0.00879422
236.29184299,-0.00135974
236.49537420,0.00819693
236.69892338,-0.00076245
236.90249051,0.00203396
237.10607560,0.00309280
237.30967864,0.01378975
237.51329963,0.00928291
237.71693857,0.00352719
237.92059544,0.00081223
238.12427025,0.00488467
238.32796300,0.00950011
238.53167367,-0.00000226
238.73540228,0.00586206
238.93914880,-0.00279867
239.14291324,0.01091189
239.34669560,-0.00087105
239.55049587,0.00048643
239.75431405,0.00002489
239.95815013,0.01096619
240.16200411,0.00966301
240.36587599,0.01085759
240.56976576,0.00849557
240.77367342,0.00458602
240.97759896,0.01202502
241.18154239,0.00890282
241.38550369,0.00738244
241.58948287,0.00450458
241.79347992,0.00602496
241.99749484,0.00303850
242.20152762,0.00401588
242.40557826,0.00292990
242.60964676,0.00673085
242.81373311,0.00651365
243.01783730,0.00846842
243.22195934,0.00559056
243.42609923,0.00113802
243.63025695,0.00493897
243.83443250,0.00559056
244.03862589,0.01313816
244.24283710,0.00238690
244.44706613,0.00683944
244.65131298,0.00825122
244.85557765,0.00694804
245.05986013,0.00162672
245.26416042,0.00407018
245.46847851,0.00721954
245.67281440,0.00195251
245.87716809,0.00249550
246.08153957,0.01254087
246.28592885,0.00806118
246.49033590,0.00759963
246.69476074,0.00195251
246.89920336,0.00776253
247.10366375,0.00496612
247.30814192,0.00950011
247.51263785,0.00548196
247.71715155,0.00694804
247.92168300,0.00624215
248.12623221,0.00428738
248.33079918,0.00271270
248.53538389,0.00988020
248.73998635,0.00580776
248.94460655,0.00705664
249.14924448,0.00754533
249.35390016,0.00238690
249.55857356,0.01726490
249.76326469,0.00140952
249.96797354,0.00287560
250.17270011,0.00390728
250.37744440,0.00341859
250.58220640,0.00369009
250.78698610,0.00833267
250.99178352,0.00390728
251.19659863,0.00602496
251.40143144,0.00510187
251.60628194,0.01034175
251.81115014,0.00292990
252.01603602,0.00808833
252.22093958,0.00689374
252.42586082,0.00480322
252.63079974,-0.00005656
252.83575632,0.01558162
253.04073058,0.00575346
253.24572250,0.00043213
253.45073208,-0.00119685
253.65575931,0.00189821
253.86080420,0.00227831
254.06586674,0.00553626
254.27094692,0.00488467
254.47604475,0.01118338
254.68116021,0.00662225
254.88629331,0.00238690
255.09144404,0.00211541
255.29661240,0.00716524
255.50179838,-0.00173984
255.70700198,0.00379869
255.91222319,0.00624215
256.11746202,0.00521047
256.32271846,0.00178961
256.52799250,-0.00173984
256.73328414,0.00445028
256.93859338,0.00602496
257.14392021,0.00835982
257.34926464,0.00254980
257.55462665,0.00140952
257.76000624,0.00597066
257.96540341,0.00130092
258.17081816,0.00151812
258.37625048,0.00146382
258.58170037,0.00819693
258.78716782,0.00662225
258.99265284,-0.00021946
259.19815541,0.00138237
259.40367553,-0.00019231
259.60921320,0.00385298
259.81476842,0.00602496
260.02034118,0.00197966
260.22593148,0.00249550
260.43153931,0.00906571
260.63716468,0.00683944
260.84280757,0.01237797
261.04846799,0.00417878
261.25414593,0.00151812
261.45984138,0.00765393
261.66555434,0.00211541
261.87128482,0.00662225
262.07703280,0.00037783
262.28279828,0.00265840
262.48858126,-0.00054526
262.69438173,0.00635075
262.90019970,0.00358149
263.10603515,0.00841412
263.31188808,0.00130092
263.51775850,0.00569916
263.72364639,0.00651365
263.92955175,0.00662225
264.13547458,0.00716524
264.34141487,0.00700234
264.54737263,0.00483037
264.75334784,0.00309280
264.95934051,0.01167208
265.16535062,0.00412448
265.37137818,0.00260410
265.57742319,0.00825122
265.78348563,0.00233261
265.98956551,0.00556341
266.19566282,0.00146382
266.40177756,0.00287560
266.60790972,0.00412448
266.81405931,0.01091189
267.02022631,0.00656795
267.22641072,0.00841412
267.43261254,0.00113802
267.63883177,0.01145488
267.84506840,0.00024208
268.05132243,0.00244120
268.25759385,0.00238690
268.46388266,0.01053179
268.67018886,0.00461317
268.87651245,0.00580776
269.08285341,0.00662225
269.28921175,0.00912001
269.49558746,0.00727384
269.70198054,-0.00011086
269.90839099,0.00325569
270.11481880,0.00412448
270.32126396,0.01129198
270.52772648,0.00529192
270.73420635,0.00108372
270.94070356,-0.00106110
271.14721812,0.00545481
271.35375002,0.00135522
271.56029925,0.00369009
271.76686582,0.00423308
271.97344971,0.01275806
272.18005093,0.00303850
272.38666947,0.02698447
272.59330532,0.00602496
272.79995849,0.00879422
273.00662897,0.00521047
273.21331676,-0.00021946
273.42002184,0.00265840
273.62674423,0.00700234
273.83348391,0.00130092
274.04024088,0.00884852
274.24701514,0.00124662
274.45380668,0.00542766
274.66061550,0.00379869
274.86744160,0.00081223
275.07428498,0.00792543
275.28114562,0.00466747
275.48802352,0.00075793
275.69491869,0.00814263
275.90183112,0.00434168
276.10876080,0.01362685
276.31570773,0.00857702
276.52267191,0.00119232
276.72965333,0.00140952
276.93665199,0.00998880
277.14366789,0.01026030
277.35070102,0.00477607
277.55775137,0.00906571
277.76481895,0.00586206
277.97190376,0.00013349
278.17900578,0.00412448
278.38612501,0.00450458
278.59326146,0.00455888
278.80041511,0.00369009
279.00758596,0.00667655
279.21477401,0.00341859
279.42197926,0.00151812
279.62920170,0.01074899
279.83644133,0.00037783
280.04369814,0.00556341
280.25097213,0.00700234
280.45826330,0.00618785
280.66557164,0.00483037
280.87289715,0.00043213
281.08023982,0.00227831
281.28759966,0.00292990
281.49497666,0.01091189
281.70237081,0.00483037
281.90978211,0.00222401
282.11721056,0.00738244
282.32465616,0.00784398
282.53211889,0.00341859
282.73959876,-0.00119685
282.94709576,0.00097512
283.15460989,0.00320139
283.36214115,0.00977160
283.56968952,0.00423308
283.77725502,0.00906571
283.98483763,0.00379869
284.19243735,0.00260410
284.40005417,0.00491182
284.60768810,0.00130092
284.81533913,0.00151812
285.02300725,0.00369009
285.23069247,0.00064933
285.43839477,0.00825122
285.64611416,0.05136483
285.85385063,0.00656795
286.06160417,0.00303850
286.26937479,0.00749103
286.47716248,0.00683944
286.68496724,0.00499327
286.89278906,0.00157242
287.10062793,0.00450458
287.30848386,0.00483037
287.51635685,0.00401588
287.72424688,0.00472177
287.93215395,-0.00206563
288.14007806,0.00265840
288.34801921,0.00244120
288.55597740,0.00130092
288.76395261,0.00515617
288.97194485,-0.00228283
289.17995411,0.00254980
289.38798039,0.00852272
289.59602368,0.00640505
289.80408398,0.00450458
290.01216129,0.00081223
290.22025561,0.00295705
290.42836692,-0.00168554
290.63649523,0.00998880
290.84464053,0.00716524
291.05280282,0.00472177
291.26098209,0.00407018
291.46917835,0.00054073
291.67739158,0.00227831
291.88562179,0.00673085
292.09386897,0.00092082
292.30213311,0.00564486
292.51041422,0.00461317
292.71871228,0.00542766
292.92702730,0.00325569
293.13535928,0.00309280
293.34370820,0.00998880
293.55207406,0.00901141
293.76045686,0.01229652
293.96885661,0.00542766
294.17727328,0.00407018
294.38570689,0.00667655
294.59415742,0.00393443
294.80262487,0.00119232
295.01110924,0.00070363
295.21961052,0.01175353
295.42812872,0.00314709
295.63666382,0.00618785
295.84521583,0.00542766
296.05378474,0.00740959
296.26237054,0.00292990
296.47097324,0.00113802
296.67959282,0.00645935
296.88822929,0.00428738
297.09688264,0.00206111
297.30555287,0.00396158
297.51423998,0.00678514
297.72294395,0.00835982
297.93166479,0.00599781
298.14040250,0.00738244
298.34915706,0.00863132
298.55792848,0.00086653
298.76671675,0.00401588
298.97552187,0.00423308
299.18434383,0.00287560
299.39318264,0.00770823
299.60203828,-0.00203848
299.81091075,0.00667655
300.01980006,0.01422414
300.22870619,0.00244120
300.43762914,0.00537336
300.64656892,0.00781683
300.85552550,0.00358149
301.06449890,0.00276700
301.27348911,-0.00326022
301.48249612,0.00694804
301.69151993,0.01080329
301.90056054,0.00846842
302.10961794,0.00108372
302.31869213,0.00358149
302.52778310,0.00303850
302.73689086,0.01009740
302.94601539,0.01262231
303.15515670,0.00352719
303.36431478,0.00743674
303.57348963,0.00835982
303.78268124,0.00162672
303.99188961,0.00759963
304.20111474,0.00689374
304.41035662,-0.00005656
304.61961524,0.00512902
304.82889062,0.00960871
305.03818273,0.00244120
305.24749158,0.00521047
305.45681716,0.01118338
305.66615948,0.01134628
305.87551852,0.00797973
306.08489429,0.00358149
306.29428677,0.00320139
306.50369597,0.00499327
306.71312188,0.00797973
306.92256450,0.00461317
307.13202382,0.01031460
307.34149984,0.00369009
307.55099256,0.00662225
307.76050198,0.00575346
307.97002808,0.00502042
308.17957087,0.00762678
308.38913034,0.00005204
308.59870649,0.00928291
308.80829931,0.00369009
309.01790881,0.00591636
309.22753497,0.00178961
309.43717780,0.00591636
309.64683728,-0.00021946
309.85651343,0.00705664
310.06620622,0.00835982
310.27591567,0.00173531
310.48564176,0.00325569
310.69538449,0.00233261
310.90514386,0.00466747
311.11491986,0.00439598
311.32471250,0.00545481
311.53452176,0.00792543
311.74434764,0.00613355
311.95419014,0.00675799
312.16404926,0.00564486
312.37392499,-0.00087105
312.58381733,-0.00141404
312.79372628,0.00227831
313.00365182,0.00260410
313.21359397,0.00390728
313.42355270,0.01118338
313.63352803,0.00879422
313.84351994,0.00249550
314.05352843,0.00689374
314.26355351,0.00447743
314.47359516,0.00762678
314.68365338,0.00303850
314.89372816,0.00455888
315.10381952,0.00455888
315.31392743,0.00656795
315.52405190,0.00216971
315.73419292,0.00173531
315.94435049,0.01058609
316.15452461,0.00488467
316.36471526,0.00640505
316.57492246,0.00643220
316.78514619,0.00586206
316.99538646,0.01357255
317.20564324,-0.00247288
317.41591656,0.00477607
317.62620639,0.00559056
317.83651274,0.00656795
318.04683560,0.00461317
318.25717497,-0.00000226
318.46753084,0.00187106
318.67790322,0.00716524
318.88829209,0.00119232
319.09869746,0.00787113
319.30911932,0.01020600
319.51955766,0.00260410
319.73001249,0.00216971
319.94048380,0.00292990
320.15097158,0.00445028
320.36147583,0.00195251
320.57199655,0.00347289
320.78253374,-0.00065385
320.99308739,0.00694804
321.20365749,-0.00135974
321.41424405,0.01275806
321.62484706,0.00054073
321.83546651,0.00276700
322.04610240,0.00727384
322.25675474,0.00135522
322.46742351,0.00597066
322.67810870,0.00569916
322.88881033,0.00130092
323.09952838,0.00477607
323.31026285,0.00569916
323.52101374,0.00510187
323.73178104,0.00635075
323.94256475,0.00607925
324.15336487,0.00770823
324.36418138,0.00428738
324.57501430,0.00113802
324.78586360,0.00222401
324.99672930,0.00233261
325.20761139,0.00184391
325.41850986,0.00613355
325.62942471,0.00922861
325.84035593,0.00303850
326.05130353,0.00390728
326.26226749,0.00521047
326.47324782,0.00675799
326.68424451,0.00054073
326.89525756,0.00265840
327.10628696,0.00613355
327.31733271,0.00119232
327.52839481,0.01346395
327.73947325,0.00108372
327.95056803,0.00445028
328.16167915,0.00830552
328.37280659,-0.00062670
328.58395037,0.00645935
328.79511046,0.00781683
329.00628688,0.00569916
329.21747962,0.00602496
329.42868867,0.00814263
329.63991403,0.00341859
329.85115569,0.00369009
330.06241365,0.00776253
330.27368792,0.00825122
330.48497848,0.00803403
330.69628533,0.01650471
330.90760846,0.00868562
331.11894788,0.00683944
331.33030358,0.00651365
331.54167556,0.01232367
331.75306381,0.00390728
331.96446832,0.00950011
332.17588911,0.00336429
332.38732615,0.00306565
332.59877945,0.00282130
332.81024901,0.00819693
333.02173481,0.00455888
333.23323686,0.00206111
333.44475516,0.00548196
333.65628969,0.00662225
333.86784046,0.00716524
334.07940747,0.00358149
334.29099070,0.00586206
334.50259015,0.00119232
334.71420583,0.00721954
334.92583772,0.00602496
335.13748582,0.00797973
335.34915014,0.00483037
335.56083066,0.00303850
335.77252739,-0.00070815
335.98424031,0.00521047
336.19596943,0.00249550
336.40771473,0.00950011
336.61947623,0.00390728
336.83125391,0.00559056
337.04304777,0.00195251
337.25485781,0.00493897
337.46668402,0.00906571
337.67852640,0.00510187
337.89038494,0.00249550
338.10225965,0.01036890
338.31415051,0.00749103
338.52605753,0.00265840
338.73798070,0.00124662
338.94992001,0.00705664
339.16187547,0.00705664
339.37384707,0.00369009
339.58583481,0.01069469
339.79783867,0.00966301
340.00985867,0.00075793
340.22189479,0.00135522
340.43394703,0.00140952
340.64601539,0.00271270
340.85809986,0.00719239
341.07020044,0.00396158
341.28231713,0.00244120
341.49444992,0.00738244
341.70659882,-0.00043666
341.91876380,0.00521047
342.13094488,0.01053179
342.34314204,0.00407018
342.55535529,0.00434168
342.76758462,0.00358149
342.97983003,0.00504757
343.19209151,0.00716524
343.40436906,0.00206111
343.61666268,0.00390728
343.82897235,-0.00119685
344.04129809,0.00477607
344.25363988,0.00086653
344.46599772,0.00700234
344.67837161,0.00434168
344.89076154,0.00939151
345.10316751,0.00455888
345.31558952,0.00499327
345.52802756,0.00521047
345.74048163,0.00846842
345.95295173,0.00678514
346.16543784,0.00154527
346.37793998,0.00407018
346.59045813,0.00662225
346.80299228,0.00211541
347.01554245,0.00108372
347.22810862,0.01384405
347.44069079,0.00912001
347.65328895,0.01283951
347.86590310,0.00222401
348.07853325,0.01064039
348.29117938,0.00944581
348.50384148,0.00488467
348.71651957,0.00140952
348.92921363,0.00233261
349.14192366,0.01064039
349.35464966,0.00303850
349.56739161,0.00944581
349.78014953,0.00379869
349.99292340,0.00135522
350.20571322,0.00434168
350.41851899,0.00097512
350.63134071,0.00569916
350.84417836,0.01004310
351.05703196,0.00108372
351.26990148,0.00483037
351.48278693,0.00776253
351.69568831,0.00317424
351.90860561,-0.00217423
352.12153883,0.00656795
352.33448796,0.00814263
352.54745301,0.00890282
352.76043396,0.04354574
352.97343081,0.00868562
353.18644357,0.00178961
353.39947222,0.00168101
353.61251676,0.00502042
353.82557719,0.00493897
354.03865351,0.00447743
354.25174570,0.00645935
354.46485378,0.00108372
354.67797773,0.00466747
354.89111754,0.00341859
355.10427323,0.01501148
355.31744478,0.01178068
355.53063218,0.00683944
355.74383545,0.00064933
355.95705456,0.00662225
356.17028952,0.00010634
356.38354033,0.01422414
356.59680697,0.01655901
356.81008946,0.00168101
357.02338777,0.00692089
357.23670192,0.00439598
357.45003189,0.00320139
357.66337769,0.00162672
357.87673930,0.00724669
358.09011673,0.00249550
358.30350996,0.00154527
358.51691901,0.01107479
358.73034386,0.00292990
358.94378451,0.00222401
359.15724095,0.00428738
359.37071319,0.01194357
359.58420122,0.00846842
359.79770503,0.00195251
360.01122463,0.00580776
360.22476000,0.00510187
360.43831115,-0.00157694
360.65187806,0.00852272
360.86546075,0.01259517
361.07905919,0.00895711
361.29267340,0.00493897
361.50630336,0.01427844
361.71994907,0.00564486
361.93361053,0.00347289
362.14728774,0.00542766
362.36098069,0.00249550
362.57468937,0.00178961
362.78841379,0.00282130
363.00215394,0.00521047
363.21590981,0.01129198
363.42968141,0.00415163
363.64346873,0.00586206
363.85727176,0.00586206
364.07109050,0.00759963
364.28492495,0.00067648
364.49877510,0.00575346
364.71264096,0.00510187
364.92652251,0.00754533
365.14041975,0.00738244
365.35433268,0.00841412
365.56826130,0.01091189
365.78220560,0.01824229
365.99616558,0.00545481
366.21014124,0.00624215
366.42413256,0.00032353
366.63813955,0.00154527
366.85216221,0.00770823
367.06620052,-0.00043666
367.28025449,0.00162672
367.49432411,0.00719239
367.70840938,0.00146382
367.92251030,0.00624215
368.13662686,0.00458602
368.35075905,0.00521047
368.56490688,0.00884852
368.77907034,0.01156348
368.99324943,0.00480322
369.20744414,-0.00065385
369.42165446,0.00719239
369.63588041,0.00694804
369.85012196,0.00295705
370.06437912,0.00531906
370.27865189,0.00265840
370.49294026,0.00797973
370.70724422,-0.00027376
370.92156378,0.00770823
371.13589893,0.00184391
371.35024966,0.00651365
371.56461598,0.00407018
371.77899788,0.00417878
371.99339534,0.00727384
372.20780838,0.00292990
372.42223699,-0.00125115
372.63668116,0.00548196
372.85114090,0.00303850
373.06561618,0.01091189
373.28010703,0.00341859
373.49461342,0.00412448
373.70913535,0.00567201
373.92367283,0.00711094
374.13822584,0.00591636
374.35279439,0.00749103
374.56737847,0.00618785
374.78197808,0.00195251
374.99659321,-0.00027376
375.21122386,0.00542766
375.42587002,0.00445028
375.64053170,0.00727384
375.85520888,0.00857702
376.06990157,0.00292990
376.28460976,0.00754533
376.49933345,0.00298420
376.71407263,0.00374439
376.92882731,0.00575346
377.14359746,0.00341859
377.35838311,0.00727384
377.57318422,0.00917431
377.78800082,0.00602496
378.00283289,0.01042319
378.21768042,0.00189821
378.43254342,0.00797973
378.64742188,0.00238690
378.86231579,0.00749103
379.07722516,0.00474892
379.29214998,0.00102942
379.50709024,0.01007025
379.72204595,0.00912001
379.93701709,0.00607925
380.15200367,0.00347289
380.36700568,0.00521047
380.58202311,0.00265840
380.79705597,0.00743674
381.01210425,0.00298420
381.22716795,0.00814263
381.44224706,0.00396158
381.65734157,0.01112909
381.87245150,0.00765393
382.08757682,0.00455888
382.30271754,0.01275806
382.51787365,0.00434168
382.73304516,0.00254980
382.94823205,0.00428738
383.16343433,0.00415163
383.37865198,0.01194357
383.59388501,0.00654080
383.80913341,0.00586206
384.02439718,-0.00125115
384.23967631,0.00466747
384.45497081,0.00922861
384.67028066,0.01009740
384.88560586,0.00526477
385.10094642,0.00656795
385.31630232,0.00097512
385.53167356,0.00542766
385.74706014,0.01123768
385.96246206,0.01156348
386.17787931,0.00770823
386.39331188,0.00434168
386.60875978,0.00499327
386.82422300,0.01118338
387.03970154,0.00643220
387.25519539,0.00776253
387.47070454,0.00705664
387.68622901,0.00833267
387.90176877,0.00738244
388.11732383,0.00491182
388.33289419,0.01172638
388.54847984,0.00890282
388.76408077,0.00770823
388.97969699,0.00466747
389.19532849,0.00835982
389.41097526,0.01340965
389.62663730,0.00360864
389.84231462,0.00667655
390.05800720,0.00841412
390.27371504,0.00618785
390.48943813,0.00488467
390.70517648,0.00352719
390.92093008,0.00776253
391.13669893,0.00613355
391.35248302,0.00811548
391.56828235,0.00982590
391.78409691,0.00727384
391.99992671,0.01069469
392.21577173,0.00944581
392.43163198,0.01400695
392.64750745,0.01164493
392.86339813,0.00982590
393.07930403,0.00738244
393.29522514,0.01237797
393.51116145,0.00917431
393.72711297,0.00890282
393.94307968,0.00776253
394.15906159,0.00282130
394.37505869,0.01457709
394.59107097,0.00727384
394.80709844,0.00542766
395.02314109,0.00415163
395.23919892,0.01150918
395.45527192,0.00873992
395.67136009,0.00447743
395.88746342,0.00678514
396.10358191,0.00716524
396.31971556,0.00694804
396.53586437,0.00580776
396.75202832,0.01042319
396.96820743,0.00966301
397.18440167,0.01064039
397.40061106,0.00711094
397.61683558,0.01074899
397.83307523,0.00922861
398.04933001,0.01072184
398.26559992,0.00450458
398.48188494,0.01216077
398.69818509,0.01140058
398.91450034,0.01009740
399.13083071,0.00607925
399.34717618,0.01240512
399.56353676,0.00852272
399.77991243,0.00825122
399.99630320,0.00499327
400.21270906,0.01454994
400.42913001,0.00781683
400.64556604,0.01080329
400.86201715,0.00770823
401.07848334,0.01123768
401.29496460,0.01058609
401.51146093,0.00950011
401.72797232,0.00784398
401.94449878,0.00597066
402.16104030,0.00759963
402.37759687,0.01210647
402.59416849,0.00586206
402.81075515,0.01498433
403.02735686,0.01389835
403.24397361,0.00890282
403.46060540,0.01292096
403.67725222,0.01199787
403.89391407,0.01683051
404.11059094,0.01047749
404.32728283,0.00488467
404.54398974,0.01292096
404.76071167,0.00917431
404.97744860,0.00586206
405.19420054,0.00803403
405.41096749,0.01302956
405.62774943,0.00988020
405.84454637,0.01585312
406.06135830,0.01281236
406.27818521,0.01259517
406.49502712,0.00985305
406.71188400,0.00472177
406.92875586,0.00580776
407.14564269,0.01655901
407.36254449,0.00950011
407.57946126,0.00990735
407.79639299,0.01438704
408.01333968,0.00873992
408.23030132,0.01129198
408.44727792,0.01218792
408.66426946,0.01023315
408.88127594,0.01607032
409.09829737,0.01498433
409.31533373,0.01074899
409.53238502,0.01607032
409.74945125,0.01023315
409.96653239,0.00917431
410.18362846,0.01096619
410.40073945,0.00458602
410.61786535,0.01036890
410.83500616,0.00868562
411.05216188,0.01677621
411.26933250,0.00988020
411.48651803,0.01178068
411.70371844,0.01335535
411.92093375,0.01172638
412.13816395,0.01569022
412.35540903,0.01856808
412.57266899,0.01541873
412.78994383,0.01742780
413.00723355,0.02209754
413.22453813,0.01531013
413.44185758,0.01525583
413.65919189,0.01273091
413.87654106,0.02150024
414.09390509,0.01672191
414.31128396,0.01362685
414.52867769,0.01607032
414.74608626,0.01791649
414.96350966,0.02052286
415.18094791,0.01251372
415.39840099,0.01612462
415.61586890,0.01973552
415.83335163,0.01340965
416.05084918,0.01748210
416.26836156,0.01683051
416.48588875,0.01889388
416.70343074,0.01943687
416.92098755,0.01444134
417.13855916,0.01742780
417.35614557,0.01427844
417.57374677,0.02019706
417.79136277,0.01634181
418.00899355,0.01416984
418.22663913,0.01482143
418.44429948,0.01167208
418.66197461,0.01617892
418.87966451,0.01490288
419.09736918,0.01368115
419.31508862,0.01514723
419.53282283,0.01704770
419.75057179,0.00846842
419.96833550,0.00982590
420.18611397,0.01357255
420.40390719,0.01729205
420.62171515,0.01479429
420.83953785,0.01411554
421.05737529,0.01346395
421.27522746,0.02649577
421.49309437,0.01324676
421.71097599,0.01818799
421.92887234,0.01148203
422.14678341,0.02141879
422.36470920,0.01704770
422.58264969,0.01292096
422.80060489,0.01351825
423.01857480,0.01715630
423.23655940,0.01704770
423.45455870,0.01710200
423.67257270,0.01017885
423.89060138,0.01085759
424.10864475,0.01064039
424.32670280,0.01330106
424.54477553,0.01400695
424.76286293,0.01737350
424.98096500,0.01598887
425.19908174,0.01666761
425.41721315,0.01406125
425.63535921,0.01509293
425.85351993,0.01797079
426.07169530,0.01444134
426.28988531,0.01737350
426.50808998,0.02367221
426.72630928,0.01655901
426.94454322,0.01226937
427.16279180,0.01292096
427.38105500,0.01769930
427.59933283,0.02584418
427.81762529,0.01232367
428.03593236,0.01927397
428.25425405,0.02079435
428.47259035,0.02014276
428.69094125,0.01487573
428.90930676,0.01541873
429.12768688,0.01607032
429.34608158,0.01226937
429.56449089,0.01750925
429.78291478,0.01897533
430.00135325,0.01150918
430.21980631,0.01281236
430.43827395,0.02258623
430.65675616,0.00868562
430.87525294,0.01259517
431.09376429,0.01368115
431.31229020,0.01433274
431.53083067,0.01112909
431.74938570,0.01188927
431.96795528,0.01308386
432.18653941,0.01243227
432.40513808,0.01623322
432.62375130,0.02980803
432.84237905,0.00914716
433.06102134,0.01292096
433.27967815,0.01498433
433.49834950,0.02011561
433.71703536,0.01873098
433.93573575,0.01596172
434.15445065,0.02074005
434.37318007,0.01607032
434.59192399,0.01357255
434.81068241,0.01471284
435.02945534,0.01609747
435.24824276,0.01829659
435.46704468,0.00841412
435.68586109,0.01677621
435.90469198,0.01482143
436.12353735,0.01498433
436.34239721,0.01715630
436.56127153,0.01620607
436.78016033,0.01449564
436.99906360,0.02035996
437.21798133,0.01254087
437.43691352,0.01921967
437.65586017,0.02296632
437.87482127,0.01932827
438.09379682,0.01384405
438.31278681,0.01281236
438.53179125,0.01416984
438.75081012,0.01628751
438.96984343,0.01197072
439.18889117,0.01794364
439.40795333,0.01731920
439.62702992,0.01729205
439.84612093,0.01411554
440.06522636,0.01226937
440.28434619,0.01889388
440.50348044,0.01020600
440.72262909,0.01389835
440.94179214,0.01748210
441.16096958,0.01829659
441.38016143,0.02101155
441.59936766,0.02150024
441.81858828,0.01997986
442.03782328,0.01520153
442.25707266,0.01585312
442.47633641,0.01601602
442.69561454,0.01362685
442.91490703,0.01617892
443.13421389,0.01862238
443.35353511,0.02242333
443.57287068,0.02736456
443.79222061,0.01672191
444.01158489,0.01813369
444.23096351,0.02540979
444.45035648,0.01607032
444.66976378,0.01205217
444.88918542,0.01704770
445.10862139,0.01718345
445.32807169,0.01938257
445.54753631,0.01889388
445.76701525,0.02291202
445.98650851,0.01832374
446.20601607,0.01677621
446.42553795,0.01533728
446.64507413,0.02258623
446.86462462,0.02280343
447.08418940,0.01840519
447.30376848,0.01438704
447.52336184,0.02188034
447.74296949,0.01454994
447.96259143,0.01927397
448.18222765,0.01672191
448.40187814,0.01748210
448.62154290,0.01531013
448.84122193,0.02035996
449.06091522,0.01566307
449.28062278,0.02074005
449.50034459,0.01807939
449.72008066,0.01759070
449.93983098,0.02291202
450.15959554,0.01759070
450.37937434,0.01384405
450.59916739,0.01873098
450.81897466,0.01911108
451.03879617,0.06504825
451.25863191,0.01501148
451.47848187,0.01650471
451.69834605,0.01520153
451.91822445,0.01845948
452.13811706,0.01454994
452.35802388,0.01943687
452.57794490,0.01406125
452.79788013,0.02019706
453.01782956,0.01313816
453.23779317,0.02106585
453.45777098,0.01607032
453.67776298,0.01889388
453.89776916,0.02052286
454.11778952,0.01851378
454.33782406,0.01493003
454.55787276,0.02845055
454.77793564,0.01840519
454.99801268,0.02258623
455.21810388,0.01465854
455.43820924,0.02307492
455.65832876,0.02554554
455.87846242,0.02877634
456.09861023,0.01992556
456.31877218,0.02578988
456.53894827,0.01889388
456.75913850,0.02247763
456.97934286,0.01881243
457.19956135,0.01851378
457.41979396,0.02003416
457.64004069,0.02291202
457.86030154,0.01959977
458.08057650,0.01797079
458.30086557,0.01710200
458.52116874,0.02410661
458.74148602,0.02231473
458.96181740,0.02087580
459.18216287,0.02426951
459.40252243,0.02095725
459.62289608,0.02095725
459.84328382,0.02253193
460.06368563,0.02426951
460.28410152,0.02671297
460.50453148,0.02717452
460.72497551,0.02589848
460.94543361,0.02454100
461.16590577,0.03219720
461.38639198,0.02334642
461.60689225,0.02391656
461.82740657,0.02725596
462.04793494,0.02948223
462.26847735,0.02008846
462.48903380,0.02084865
462.70960428,0.02644148
462.93018880,0.01970837
463.15078734,0.02584418
463.37139991,0.02551839
463.59202650,0.02665867
463.81266711,0.02084865
464.03332173,0.02448670
464.25399036,0.02600708
464.47467300,0.03132841
464.69536964,0.02356361
464.91608028,0.02155454
465.13680491,0.02652292
465.35754354,0.02302062
465.57829615,0.02226043
465.79906274,0.02562699
466.01984332,0.02258623
466.24063787,0.02747316
466.46144640,0.03458636
466.68226889,0.02565414
466.90310535,0.02231473
467.12395578,0.02508399
467.34482016,0.02508399
467.56569849,0.02399801
467.78659078,0.02139164
468.00749701,0.02231473
468.22841719,0.02481250
468.44935130,0.02589848
468.67029935,0.02131020
468.89126134,0.01916538
469.11223725,0.02345502
469.33322709,0.01965407
469.55423085,0.02247763
469.77524852,0.02150024
469.99628011,0.02475820
470.21732561,0.02475820
470.43838502,0.02595278
470.65945833,0.02578988
470.88054554,0.02128305
471.10164664,0.02329212
471.32276164,0.02166314
471.54389052,0.02152739
471.76503329,0.02671297
471.98618994,0.02128305
472.20736046,0.02796185
472.42854486,0.01824229
472.64974313,0.02226043
472.87095527,0.02144594
473.09218126,0.01954547
473.31342112,0.01921967
473.53467483,0.01992556
473.75594239,0.01791649
473.97722379,0.02467675
474.19851905,0.02106585
474.41982814,0.01552732
474.64115107,0.01688481
474.86248783,0.02481250
475.08383842,0.01921967
475.30520283,0.01688481
475.52658107,0.02226043
475.74797312,0.02150024
475.96937899,0.01900248
476.19079867,0.01677621
476.41223216,0.01574452
476.63367944,0.01661331
476.85514053,0.01558162
477.07661542,0.01696626
477.29810409,0.01856808
477.51960656,0.01873098
477.74112281,0.01965407
477.96265284,0.01840519
478.18419664,0.02019706
478.40575422,0.02057716
478.62732557,0.02508399
478.84891069,0.02709307
479.07050957,0.02573559
479.29212221,0.01805224
479.51374860,0.02220613
479.73538875,0.02318352
479.95704264,0.02334642
480.17871027,0.01672191
480.40039165,0.01911108
480.62208676,0.01902963
480.84379561,0.02562699
481.06551819,0.01335535
481.28725449,0.01900248
481.50900451,0.02182604
481.73076825,0.01965407
481.95254571,0.02340072
482.17433688,0.01449564
482.39614175,0.02334642
482.61796033,0.02307492
482.83979260,0.01493003
483.06163858,0.01346395
483.28349824,0.01454994
483.50537160,0.01737350
483.72725864,0.01609747
483.94915936,0.01378975
484.17107375,0.02274913
484.39300183,0.01416984
484.61494357,0.01218792
484.83689898,0.01465854
485.05886805,0.01769930
485.28085078,0.01688481
485.50284716,0.01683051
485.72485720,0.01422414
485.94688089,0.01493003
486.16891822,0.01351825
486.39096919,0.01598887
486.61303380,0.01531013
486.83511204,0.01639611
487.05720391,0.01422414
487.27930941,0.01292096
487.50142853,0.00575346
487.72356126,0.01454994
487.94570762,0.01520153
488.16786758,0.01438704
488.39004115,0.01520153
488.61222833,0.01319246
488.83442910,0.01981697
489.05664347,0.02231473
489.27887144,0.01802509
489.50111299,0.01579882
489.72336813,0.01848663
489.94563685,0.02872204
490.16791915,0.02079435
490.39021502,0.02470390
490.61252446,0.01900248
490.83484747,0.03056822
491.05718404,0.02388941
491.27953418,0.02964513
491.50189786,0.02942793
491.72427510,0.03002523
491.94666589,0.03398907
492.16907023,0.03412482
492.39148810,0.03439632
492.61391951,0.02948223
492.83636446,0.02714737
493.05882293,0.02671297
493.28129494,0.02796185
493.50378046,0.02584418
493.72627950,0.02521974
493.94879206,0.01905678
494.17131813,0.02893924
494.39385771,0.02367221
494.61641079,0.02074005
494.83897737,0.02883064
495.06155745,0.02046856
495.28415102,0.02174459
495.50675808,0.01742780
495.72937863,0.01905678
495.95201266,0.02426951
496.17466017,0.01965407
496.39732115,0.01867668
496.61999560,0.02052286
496.84268352,0.02622428
497.06538491,0.02323782
497.28809975,0.02519259
497.51082805,0.02475820
497.73356980,0.03078542
497.95632500,0.02041426
498.17909365,0.03214290
498.40187573,0.02739171
498.62467126,0.03225150
498.84748022,0.03792577
499.07030261,0.03279449
499.29313842,0.02991663
499.51598766,0.03236009
499.73885032,0.03230580
499.96172639,0.04007059
500.18461588,0.03713843
500.40751877,0.04571771
500.63043507,0.04544622
500.85336476,0.04398014
501.07630786,0.04490322
501.29926435,0.05255942
501.52223423,0.04300275
501.74521749,0.04854127
501.96821414,0.04202536
502.19122417,0.04930146
502.41424757,0.04778108
502.63728434,0.04387154
502.86033448,0.04430593
503.08339798,0.04647790
503.30647484,0.03985339
503.52956506,0.04235116
503.75266864,0.04321995
503.97578556,0.04902997
504.19891582,0.03931040
504.42205943,0.04224256
504.64521638,0.03409767
504.86838666,0.03648684
505.09157027,0.03203430
505.31476721,0.03485786
505.53797747,0.03730133
505.76120105,0.03442347
505.98443795,0.03018812
506.20768816,0.02578988
506.43095168,0.03344608
506.65422850,0.02660437
506.87751863,0.03398907
507.10082205,0.02665867
507.32413876,0.03409767
507.54746877,0.04093938
507.77081206,0.02923789
507.99416863,0.03108406
508.21753849,0.02798900
508.44092162,0.03979909
508.66431802,0.03409767
508.88772768,0.03067682
509.11115062,0.02698447
509.33458681,0.03301169
509.55803626,0.03822441
509.78149896,0.03094831
510.00497491,0.03208860
510.22846411,0.03442347
510.45196655,0.03339178
510.67548223,0.03833301
510.89901114,0.03784432
511.12255328,0.04224256
511.34610865,0.03637824
511.56967725,0.03594385
511.79325906,0.03789862
512.01685409,0.04186246
512.24046234,0.03784432
512.46408379,0.03664974
512.68771845,0.03355468
512.91136631,0.03556375
513.13502736,0.02714737
513.35870161,0.02959083
513.58238905,0.04256835
513.80608968,0.03469496
514.02980349,0.03018812
514.25353048,0.03035102
514.47727065,0.03436917
514.70102398,0.03409767
514.92479049,0.03295739
515.14857016,0.02948223
515.37236299,0.03692123
515.59616898,0.02644148
515.81998812,0.03018812
516.04382041,0.02994378
516.26766585,0.03322888
516.49152443,0.03404337
516.71539615,0.03241439
516.93928100,0.03151846
517.16317899,0.03702983
517.38709010,0.03328318
517.61101433,0.03518366
517.83495169,0.02714737
518.05890216,0.03398907
518.28286575,0.02839625
518.50684245,0.03181710
518.73083225,0.03268589
518.95483515,0.03116551
519.17885115,0.03018812
519.40288024,0.02997093
519.62692243,0.02587133
519.85097770,0.02307492
520.07504606,0.02486680
520.29912749,0.02714737
520.52322201,0.03062252
520.74732959,0.02915644
520.97145024,0.03333748
521.19558396,0.02807045
521.41973074,0.02888494
521.64389057,0.02736456
521.86806346,0.02323782
522.09224940,0.02600708
522.31644839,0.02285772
522.54066042,0.02608853
522.76488549,0.02655007
522.98912359,0.02807045
523.21337473,0.02497540
523.43763889,0.03100261
523.66191608,0.02421521
523.88620629,0.02967228
524.11050951,0.03208860
524.33482575,0.02454100
524.55915500,0.02193464
524.78349725,0.02584418
525.00785250,0.02861345
525.23222076,0.02877634
525.45660201,0.02769036
525.68099625,0.02964513
525.90540347,0.02747316
526.12982368,0.02790756
526.35425688,0.02866775
526.57870304,0.02649577
526.80316218,0.02540979
527.02763429,0.02804330
527.25211936,0.02823335
527.47661740,0.02551839
527.70112839,0.02196179
527.92565234,0.02443240
528.15018924,0.02513829
528.37473908,0.02074005
528.59930187,0.01680336
528.82387760,0.02340072
529.04846626,0.02671297
529.27306785,0.02074005
529.49768238,0.02562699
529.72230982,0.02693017
529.94695019,0.02500255
530.17160348,0.02160884
530.39626968,0.03083972
530.62094879,0.02714737
530.84564080,0.03192570
531.07034572,0.03203430
531.29506354,0.03293024
531.51979425,0.02910214
531.74453785,0.02720167
531.96929434,0.02991663
532.19406372,0.04110227
532.41884597,0.03121981
532.64364110,0.02899354
532.86844911,0.03591670
533.09326998,0.03094831
533.31810372,0.03529225
533.54295032,0.02687587
533.76780978,0.03295739
533.99268209,0.03523796
534.21756726,0.03572665
534.44246527,0.03789862
534.66737613,0.04039638
534.89229982,0.03583525
535.11723635,0.04506612
535.34218572,0.03499361
535.56714791,0.03925610
535.79212292,0.04343714
536.01711076,0.03844161
536.24211142,0.04658650
536.46712489,0.04615211
536.69215117,0.03846876
536.91719025,0.03833301
537.14224214,0.04305705
537.36730683,0.04207966
537.59238431,0.04061358
537.81747459,0.04197106
538.04257765,0.03941900
538.26769350,0.03838731
538.49282213,0.04034209
538.71796353,0.03855021
538.94311771,0.04294845
539.16828466,0.03903890
539.39346438,0.04316565
539.61865685,0.03860451
539.84386209,0.04593491
540.06908008,0.03705698
540.29431082,0.04061358
540.51955431,0.04121087
540.74481054,0.04050498
540.97007951,0.04153667
541.19536122,0.04316565
541.42065566,0.04734669
541.64596283,0.04555481
541.87128272,0.04924716
542.09661534,0.04680370
542.32196068,0.05055035
542.54731873,0.05310241
542.77268948,0.04924716
542.99807295,0.04647790
543.22346912,0.04729239
543.44887799,0.04946436
543.67429955,0.05060464
543.89973381,0.05027885
544.12518076,0.05125624
544.35064039,0.05063179
544.57611270,0.04957296
544.80159769,0.05041460
545.02709535,0.05255942
545.25260568,0.05462279
545.47812868,0.04930146
545.70366434,0.05587167
545.92921266,0.05500288
546.15477363,0.04628785
546.38034726,0.04398014
546.60593353,0.04816118
546.83153245,0.04398014
547.05714401,0.03903890
547.28276820,0.05033315
547.50840503,0.04408873
547.73405449,0.04745529
547.95971657,0.04799828
548.18539128,0.05407980
548.41107860,0.05277662
548.63677854,0.05386260
548.86249109,0.05570877
549.08821624,0.06227899
549.31395400,0.05923823
549.53970436,0.05771785
549.76546732,0.06054141
549.99124286,0.05714771
550.21703100,0.06722022
550.44283172,0.05690336
550.66864502,0.06105725
550.89447090,0.05652326
551.12030936,0.06575414
551.34616038,0.06007987
551.57202397,0.06651433
551.79790013,0.06716592
552.02378884,0.06901209
552.24969011,0.06189889
552.47560393,0.06434236
552.70153030,0.06233328
552.92746921,0.06884920
553.15342067,0.06298488
553.37938466,0.06331067
553.60536118,0.07699408
553.83135024,0.07145556
554.05735182,0.07194425
554.28336592,0.07140126
554.50939254,0.07493071
554.73543167,0.07205285
554.96148332,0.07026098
555.18754748,0.06974513
555.41362413,0.07265014
555.63971329,0.06602563
555.86581495,0.07232435
556.09192909,0.06906639
556.31805573,0.07227005
556.54419485,0.07867736
556.77034646,0.08074073
556.99651054,0.07031528
557.22268709,0.07585380
557.44887612,0.07753708
557.67507761,0.07699408
557.90129157,0.07582665
558.12751799,0.06830620
558.35375686,0.07721128
558.58000818,0.07213430
558.80627196,0.07232435
559.03254817,0.07889456
559.25883683,0.07474066
559.48513793,0.07927465
559.71145146,0.08405299
559.93777742,0.07601670
560.16411580,0.07998054
560.39046661,0.08361859
560.61682984,0.07612530
560.84320548,0.08720234
561.06959353,0.08769104
561.29599400,0.08334710
561.52240686,0.08698515
561.74883213,0.09431555
561.97526979,0.08687655
562.20171985,0.08932001
562.42818230,0.09222503
562.65465713,0.09203498
562.88114434,0.09447844
563.10764393,0.09798075
563.33415590,0.09827939
563.56068024,0.10142875
563.78721694,0.09024310
564.01376601,0.09741060
564.24032744,0.09903958
564.46690122,0.10121155
564.69348736,0.09355536
564.92008585,0.09599882
565.14669668,0.09230647
565.37331985,0.10408941
565.59995536,0.10015272
565.82660320,0.10126585
566.05326338,0.10256903
566.27993588,0.09958257
566.50662070,0.09203498
566.73331785,0.09198068
566.96002731,0.09005305
567.18674908,0.09757350
567.41348316,0.08674080
567.64022954,0.09925678
567.86698822,0.09765495
568.09375920,0.09187208
568.32054248,0.09100329
568.54733804,0.09219788
568.77414589,0.09084039
569.00096603,0.10020702
569.22779844,0.09507574
569.45464313,0.08926572
569.68150008,0.08584486
569.90836931,0.08769104
570.13525080,0.08831548
570.36214455,0.08972726
570.58905055,0.08921142
570.81596881,0.09393545
571.04289932,0.09211643
571.26984207,0.09132909
571.49679707,0.08321135
571.72376430,0.08839693
571.95074377,0.08731094
572.17773547,0.08060498
572.40473940,0.07949185
572.63175554,0.08057783
572.85878391,0.08321135
573.08582450,0.08948291
573.31287729,0.08160952
573.53994230,0.08535617
573.76701951,0.08209821
573.99410892,0.08008914
574.22121053,0.07427912
574.44832433,0.07074967
574.67545032,0.07683119
574.90258850,0.07579950
575.12973886,0.07357323
575.35690140,0.08231541
575.58407612,0.07775427
575.81126301,0.07590810
576.03846206,0.08017059
576.26567328,0.07330173
576.49289666,0.06950079
576.72013220,0.07829727
576.94737989,0.07590810
577.17463973,0.08220681
577.40191171,0.07672259
577.62919584,0.07588095
577.85649211,0.08204391
578.08380051,0.07867736
578.31112104,0.08644215
578.53845370,0.08535617
578.76579848,0.07949185
578.99315538,0.07862306
579.22052440,0.07517506
579.44790553,0.07987194
579.67529877,0.07558230
579.90270412,0.08014344
580.13012157,0.07653254
580.35755111,0.06499395
580.58499275,0.07596240
580.81244648,0.07699408
581.03991229,0.07156416
581.26739019,0.07243295
581.49488017,0.07612530
581.72238223,0.07351893
581.94989635,0.07074967
582.17742255,0.07015238
582.40496080,0.07004378
582.63251112,0.07278589
582.86007350,0.06898494
583.08764793,0.08057783
583.31523441,0.06998948
583.54283294,0.06656863
583.77044351,0.07080397
583.99806611,0.06722022
584.22570076,0.06822475
584.45334743,0.06485820
584.68100613,0.07140126
584.90867686,0.07107546
585.13635960,0.06542834
585.36405437,0.06884920
585.59176114,0.06928359
585.81947993,0.06580844
586.04721072,0.06863200
586.27495351,0.06719307
586.50270830,0.06792611
586.73047508,0.06868630
586.95825386,0.07137411
587.18604462,0.07645109
587.41384737,0.07389903
587.64166209,0.08074073
587.86948879,0.07960045
588.09732747,0.08834263
588.32517811,0.09643322
588.55304072,0.08057783
588.78091529,0.08834263
589.00880181,0.08991731
589.23670029,0.08926572
589.46461072,0.08853268
589.69253310,0.09263227
589.92046742,0.09350106
590.14841368,0.08600776
590.37637187,0.09485854
590.60434200,0.08573626
590.83232405,0.08980871
591.06031803,0.07998054
591.28832393,0.08103938
591.51634174,0.08606206
591.74437147,0.08334710
591.97241311,0.08448738
592.20046665,0.09005305
592.42853210,0.08904852
592.65660944,0.08535617
592.88469868,0.08220681
593.11279981,0.08179957
593.34091283,0.08432448
593.56903773,0.08644215
593.79717452,0.08579056
594.02532317,0.08036064
594.25348370,0.08133802
594.48165610,0.08299415
594.70984037,0.08427018
594.93803650,0.08524757
595.16624448,0.08103938
595.39446432,0.07669544
595.62269601,0.07351893
595.85093954,0.07666829
596.07919492,0.07970905
596.30746214,0.07756423
596.53574120,0.08405299
596.76403208,0.07854161
596.99233480,0.08277695
597.22064934,0.08899422
597.44897570,0.07786287
597.67731387,0.09222503
597.90566386,0.08231541
598.13402567,0.07938325
598.36239927,0.08470458
598.59078468,0.09084039
598.81918189,0.09154628
599.04759090,0.08986301
599.27601169,0.09518433
599.50444427,0.09713911
599.73288864,0.09233362
599.96134479,0.09931108
600.18981271,0.10778176
600.41829241,0.10854195
600.64678387,0.10430661
600.87528711,0.11340174
601.10380210,0.11391758
601.33232885,0.11310309
601.56086736,0.11353748
601.78941762,0.11391758
602.01797962,0.12092218
602.24655337,0.12521182
602.47513886,0.13020736
602.70373608,0.13465989
602.93234504,0.12754669
603.16096572,0.14432516
603.38959813,0.13783640
603.61824226,0.13607168
603.84689811,0.13509429
604.07556567,0.14394507
604.30424495,0.14098576
604.53293593,0.14074141
604.76163861,0.14562834
604.99035299,0.15132977
605.21907907,0.15990905
605.44781683,0.16555617
605.67656629,0.17462415
605.90532743,0.17332097
606.13410025,0.17804500
606.36288475,0.18863336
606.59168093,0.19981900
606.82048877,0.20161088
607.04930828,0.19829862
607.27813945,0.20780099
607.50698227,0.20709510
607.73583676,0.21287797
607.96470289,0.20535753
608.19358067,0.22045272
608.42247010,0.22343918
608.65137117,0.22284189
608.88028387,0.22525820
609.10920820,0.22734873
609.33814417,0.22132151
609.56709176,0.22105001
609.79605097,0.22637134
610.02502180,0.22677858
610.25400424,0.21795495
610.48299830,0.23076958
610.71200396,0.22047987
610.94102122,0.22143011
611.17005008,0.23218136
611.39909054,0.21958393
611.62814260,0.21855225
611.85720624,0.21624453
612.08628146,0.21127615
612.31536827,0.20133938
612.54446665,0.20155658
612.77357661,0.19373749
613.00269813,0.18233464
613.23183122,0.16669646
613.46097588,0.16506748
613.69013210,0.15627100
613.91929986,0.15051528
614.14847919,0.14600844
614.37767005,0.14008982
614.60687247,0.14285908
614.83608642,0.13292232
615.06531191,0.13569158
615.29454894,0.14356497
615.52379749,0.13612597
615.75305757,0.13205353
615.98232917,0.13976402
616.21161229,0.14524825
616.44090692,0.14074141
616.67021306,0.14948359
616.89953072,0.14872340
617.12885987,0.14807181
617.35820053,0.13965543
617.58755268,0.13927533
617.81691632,0.13552868
618.04629145,0.13525719
618.27567807,0.14505820
618.50507617,0.14044277
618.73448574,0.13992692
618.96390679,0.14410797
619.19333932,0.13775495
619.42278330,0.13916673
619.65223875,0.12673220
619.88170566,0.12200817
620.11118403,0.11272299
620.34067384,0.10609849
620.57017511,0.10305773
620.79968782,0.09469564
621.02921197,0.09551013
621.25874756,0.08638786
621.48829458,0.08774534
621.71785303,0.08285840
621.94742290,0.08264121
622.17700420,0.07688549
622.40659692,0.08986301
622.63620105,0.07655969
622.86581660,0.08101223
623.09544355,0.07275874
623.32508190,0.07102117
623.55473166,0.08383579
623.78439281,0.07563660
624.01406536,0.07300309
624.24374929,0.07417052
624.47344461,0.07091257
624.70315131,0.07205285
624.93286939,0.06917499
625.16259884,0.06624283
625.39233967,0.06580844
625.62209186,0.06822475
625.85185541,0.05994412
626.08163032,0.06379936
626.31141659,0.05942827
626.54121422,0.06135590
626.77102319,0.05744635
627.00084350,0.05940112
627.23067516,0.06760031
627.46051815,0.06021561
627.69037248,0.06062286
627.92023814,0.06021561
628.15011512,0.05511148
628.38000343,0.05478569
628.60990305,0.05690336
628.83981399,0.06113870
629.06973624,0.06309347
629.29966980,0.06113870
629.52961467,0.07148271
629.75957083,0.06998948
629.98953830,0.07104832
630.21951705,0.07107546
630.44950710,0.07867736
630.67950843,0.07623389
630.90952104,0.08068643
631.13954493,0.09187208
631.36958009,0.09561873
631.59962653,0.09008020
631.82968423,0.10463241
632.05975320,0.11120262
632.28983343,0.11228860
632.51992491,0.11500356
632.75002765,0.11405333
632.98014163,0.10740167
633.21026686,0.11380898
633.44040333,0.11883166
633.67055104,0.12287696
633.90070999,0.12238826
634.13088016,0.11760993
634.36106156,0.13085895
634.59125418,0.13064175
634.82145802,0.12827973
635.05167308,0.12662360
635.28189935,0.13903098
635.51213683,0.14780031
635.74238551,0.14725732
635.97264540,0.15914886
636.20291648,0.15958325
636.43319875,0.15518501
636.66349222,0.15219855
636.89379687,0.15670539
637.12411270,0.16088644
637.35443971,0.15795428
637.58477790,0.16702225
637.81512726,0.16808109
638.04548778,0.15920316
638.27585947,0.15599950
638.50624232,0.16702225
638.73663633,0.17641602
638.96704149,0.17147479
639.19745779,0.18152015
639.42788525,0.17824497
639.65832384,0.18025551
639.88877358,0.17820921
640.11923445,0.18205394
640.34970644,0.18507514
640.58018957,0.18400928
640.81068382,0.17028827
641.04118919,0.17914020
641.27170567,0.17533004
641.50223327,0.17714147
641.73277198,0.17381986
641.96332179,0.17545503
642.19388270,0.16537265
642.42445471,0.15790917
642.65503781,0.15965067
642.88563200,0.15648104
643.11623728,0.15832237
643.34685365,0.15750416
643.57748109,0.15567082
643.80811960,0.15265023
644.03876919,0.15440147
644.26942985,0.16360765
644.50010157,0.16793332
644.73078435,0.15901885
644.96147819,0.15376920
645.19218308,0.14660660
645.42289902,0.14864532
645.65362601,0.14700060
645.88436404,0.13669694
646.11511310,0.13798316
646.34587321,0.14559290
646.57664434,0.14129434
646.80742650,0.14495194
647.03821969,0.13687091
647.26902389,0.13950370
647.49983911,0.13162523
647.73066534,0.13200164
647.96150259,0.13233092
648.19235083,0.13763130
648.42321008,0.13201579
648.65408033,0.13302457
648.88496157,0.13515953
649.11585380,0.13360592
649.34675702,0.12970404
649.57767122,0.13157078
649.80859640,0.13827217
650.03953256,0.14029927
650.27047969,0.13128083
650.50143778,0.13143723
650.73240684,0.13214629
650.96338687,0.13587962
651.19437785,0.13467323
651.42537978,0.13755633
651.65639266,0.13229876
651.88741649,0.13484221
652.11845126,0.13788156
652.34949697,0.13782353
652.58055362,0.13492787
652.81162119,0.14151127
653.04269970,0.15040236
653.27378913,0.15360957
653.50488948,0.16123189
653.73600074,0.17167346
653.96712292,0.15915271
654.19825601,0.14733604
654.42940000,0.15713942
654.66055490,0.14984868
654.89172069,0.15383965
655.12289738,0.15460937
655.35408496,0.16050205
655.58528342,0.15381263
655.81649277,0.14422830
656.04771300,0.15282106
656.27894411,0.15044878
656.51018608,0.15306834
656.74143893,0.15355586
656.97270264,0.15561190
657.20397721,0.15572799
657.43526264,0.15718624
657.66655893,0.15768064
657.89786606,0.15505815
658.12918404,0.16608438
658.36051286,0.17228928
658.59185253,0.17375536
658.82320303,0.16973721
659.05456435,0.17033451
659.28593651,0.16865123
659.51731949,0.16935712
659.74871330,0.17408115
659.98011792,0.17530289
660.21153335,0.17207208
660.44295959,0.17261507
660.67439664,0.17310377
660.90584449,0.16550187
661.13730314,0.16468738
661.36877259,0.16463308
661.60025282,0.15849727
661.83174384,0.16267831
662.06324565,0.15681399
662.29475824,0.16723945
662.52628160,0.16816254
662.75781573,0.16979151
662.98936064,0.17467845
663.22091631,0.17516714
663.45248274,0.17685042
663.68405993,0.17543864
663.91564787,0.17451555
664.14724657,0.17304947
664.37885601,0.16256971
664.61047619,0.16289551
664.84210712,0.16588197
665.07374878,0.17171914
665.30540117,0.17125759
665.53706429,0.17076890
665.76873813,0.16984581
666.00042270,0.16620776
666.23211798,0.17093180
666.46382398,0.16202672
666.69554069,0.15692259
666.92726810,0.15844297
667.15900621,0.16723945
667.39075503,0.15594520
667.62251454,0.15578231
667.85428474,0.15931176
668.08606563,0.14904920
668.31785720,0.14112151
668.54965945,0.14228894
668.78147238,0.14693153
669.01329599,0.13922103
669.24513026,0.13444270
669.47697520,0.14182740
669.70883080,0.13607168
669.94069705,0.14437946
670.17257397,0.13400830
670.40446153,0.14128440
670.63635974,0.14576409
670.86826860,0.14171880
671.10018809,0.14850620
671.33211822,0.15458772
671.56405898,0.15675969
671.79601037,0.17014446
672.02797239,0.16517608
672.25994503,0.16270546
672.49192828,0.17733911
672.72392215,0.17766491
672.95592663,0.18320343
673.18794172,0.18700438
673.41996741,0.18342063
673.65200370,0.19791853
673.88405058,0.20465164
674.11610806,0.21909524
674.34817612,0.21388251
674.58025477,0.22159300
674.81234400,0.22414507
675.04444381,0.23144832
675.27655419,0.23592801
675.50867513,0.23761129
675.74080665,0.24219957
675.97294873,0.23793708
676.20510136,0.24524033
676.43726455,0.25178339
676.66943830,0.27143972
676.90162259,0.25838075
677.13381742,0.25371101
677.36602279,0.25422686
677.59823870,0.26538536
677.83046515,0.25650743
678.06270212,0.24733085
678.29494962,0.24613627
678.52720764,0.24385570
678.75947617,0.22900485
678.99175522,0.22892340
679.22404479,0.22240749
679.45634486,0.22284189
679.68865543,0.20571047
679.92097650,0.19938461
680.15330807,0.19618095
680.38565013,0.19297730
680.61800268,0.18580979
680.85036571,0.18171020
681.08273922,0.19276010
681.31512321,0.19107682
681.54751768,0.19778278
681.77992262,0.20052489
682.01233802,0.20242537
682.24476388,0.19840722
682.47720020,0.19276010
682.70964698,0.20079639
682.94210421,0.19221711
683.17457189,0.19308589
683.40705001,0.19047953
683.63953858,0.18893200
683.87203758,0.18211744
684.10454701,0.17142049
684.33706687,0.16376430
684.56959716,0.15836152
684.80213787,0.15789998
685.03468900,0.16227107
685.26725054,0.16056064
685.49982249,0.17530289
685.73240485,0.17245218
685.96499762,0.16870553
686.19760078,0.16865123
686.43021434,0.17234358
686.66283829,0.17728481
686.89547264,0.17766491
687.12811736,0.18692293
687.36077247,0.18412652
687.59343796,0.18114006
687.82611382,0.19487777
688.05880005,0.18434371
688.29149665,0.17782780
688.52420361,0.17657892
688.75692093,0.18401792
688.98964860,0.18787317
689.22238663,0.19398183
689.45513500,0.20372855
689.68789372,0.21255218
689.92066278,0.21051596
690.15344218,0.20340275
690.38623191,0.20209957
690.61903197,0.20310411
690.85184236,0.20918562
691.08466307,0.21154764
691.31749410,0.21160194
691.55033544,0.21830790
691.78318709,0.22069707
692.01604906,0.22045272
692.24892132,0.22072422
692.48180389,0.22794602
692.71469675,0.22428082
692.94759991,0.22284189
693.18051335,0.23169267
693.41343708,0.22463376
693.64637109,0.22599124
693.87931538,0.23576511
694.11226995,0.22680573
694.34523478,0.22186450
694.57820988,0.22555685
694.81119525,0.22045272
695.04419087,0.23163837
695.27719676,0.22544825
695.51021289,0.23079673
695.74323927,0.22066992
695.97627590,0.23473342
696.20932276,0.24879693
696.44237987,0.25634453
696.67544721,0.25726762
696.90852478,0.26139436
697.14161257,0.27431758
697.37471059,0.27377459
697.60781883,0.27790133
697.84093728,0.28794670
698.07406595,0.27594656
698.30720482,0.28433580
698.54035389,0.28018190
698.77351317,0.28816389
699.00668264,0.28267967
699.23986231,0.29310513
699.47305217,0.29945814
699.70625221,0.30744013
699.93946243,0.30684284
700.17268284,0.30741298
700.40591342,0.31080668
700.63915416,0.31368454
700.87240508,0.32465299
701.10566616,0.33638163
701.33893740,0.33806491
701.57221879,0.34580255
701.80551034,0.34805597
702.03881204,0.35462618
702.27212388,0.35918732
702.50544587,0.35348590
702.73877799,0.36119639
702.97212024,0.36858109
703.20547263,0.35592937
703.43883514,0.35326870
703.67220778,0.34580255
703.90559054,0.36630052
704.13898341,0.35880723
704.37238639,0.37922375
704.60579948,0.38248170
704.83922268,0.38066268
705.07265598,0.37930520
705.30609937,0.36760371
705.53955286,0.36467155
705.77301643,0.38025543
706.00649010,0.35804704
706.23997384,0.36173939
706.47346767,0.35739545
706.70697157,0.37327798
706.94048554,0.37531420
707.17400958,0.38628265
707.40754368,0.38823742
707.64108785,0.41639159
707.87464207,0.42673560
708.10820634,0.45532416
708.34178066,0.46067263
708.57536503,0.49173181
708.80895944,0.48024751
709.04256389,0.47511623
709.27617837,0.50240161
709.50980288,0.52914399
709.74343742,0.50172287
709.97708198,0.50498083
710.21073657,0.51030215
710.44440117,0.49651014
710.67807578,0.49026573
710.91176040,0.48239233
711.14545502,0.46577676
711.37915965,0.46230161
711.61287427,0.45182185
711.84659889,0.46170432
712.08033350,0.42722429
712.31407809,0.41240059
712.54783267,0.40550459
712.78159723,0.41669023
713.01537176,0.39882578
713.24915626,0.42228306
713.48295073,0.41430107
713.71675517,0.41918800
713.95056956,0.43232842
714.18439392,0.44921549
714.41822822,0.43536918
714.65207248,0.43352300
714.88592668,0.42689849
715.11979083,0.44052761
715.35366491,0.44601183
715.58754893,0.45795767
715.82144288,0.46040114
716.05534675,0.45127886
716.28926055,0.42624690
716.52318427,0.42505232
716.75711791,0.41891650
716.99106146,0.42972206
717.22501491,0.41196620
717.45897828,0.41069017
717.69295154,0.40121495
717.92693470,0.40821955
718.16092776,0.40642767
718.39493071,0.39703390
718.62894354,0.37672598
718.86296626,0.38964920
719.09699886,0.38394778
719.33104133,0.36426430
719.56509367,0.36282537
719.79915588,0.37699748
720.03322796,0.37335943
720.26730990,0.37281643
720.50140170,0.37064446
720.73550335,0.37270784
720.96961484,0.36396566
721.20373619,0.36760371
721.43786738,0.33611014
721.67200841,0.32101494
721.90615927,0.30961210
722.14031996,0.30749443
722.37449048,0.30548536
722.60867083,0.29223634
722.84286099,0.29212774
723.07706098,0.29576579
723.31127077,0.29538569
723.54549038,0.29413681
723.77971979,0.29397391
724.01395900,0.30233600
724.24820801,0.29305083
724.48246681,0.29736762
724.71673541,0.29180194
724.95101379,0.30467087
725.18530196,0.30331339
725.41959990,0.30483377
725.65390763,0.30201020
725.88822512,0.29896945
726.12255238,0.29712327
726.35688941,0.30277039
726.59123620,0.29907804
726.82559275,0.28257107
727.05995905,0.26763877
727.29433510,0.27996471
727.52872090,0.27024514
727.76311644,0.27141257
727.99752172,0.25308657
728.23193674,0.25216349
728.46636149,0.25987398
728.70079596,0.25808211
728.93524016,0.25987398
729.16969408,0.26628129
729.40415772,0.26894196
729.63863107,0.27181982
729.87311413,0.24901413
730.10760690,0.25102320
730.34210937,0.25493275
730.57662153,0.24619057
730.81114340,0.24521318
731.04567495,0.25599158
731.28021619,0.24684216
731.51476712,0.23848007
731.74932772,0.22506816
731.98389800,0.21798210
732.21847796,0.20397290
732.45306758,0.20302266
732.68766687,0.19536646
732.92227582,0.20242537
733.15689443,0.19047953
733.39152269,0.18836186
733.62616060,0.18075996
733.86080816,0.17245218
734.09546537,0.16501318
734.33013221,0.17060600
734.56480869,0.16696795
734.79949480,0.15860587
735.03419054,0.17353816
735.26889590,0.16772814
735.50361089,0.16387289
735.73833549,0.15502212
735.97306970,0.15105827
736.20781353,0.15950180
736.44256696,0.15974615
736.67733000,0.16971006
736.91210263,0.16734805
737.14688486,0.17185489
737.38167668,0.16816254
737.61647809,0.17207208
737.85128908,0.17554723
738.08610965,0.17809930
738.32093980,0.18689578
738.55577953,0.18086856
738.79062882,0.19037093
739.02548768,0.20361995
739.26035610,0.18738447
739.49523407,0.20492313
739.73012161,0.20112218
739.96501869,0.21122185
740.19992532,0.21583728
740.43484150,0.21040736
740.66976721,0.19846152
740.90470246,0.19460627
741.13964724,0.18380072
741.37460156,0.17983688
741.60956539,0.16452449
741.84453875,0.15833437
742.07952163,0.15203566
742.31451402,0.14638853
742.54951592,0.13683186
742.78452733,0.14177310
743.01954823,0.13362821
743.25457864,0.12684080
743.48961855,0.12187242
743.72466795,0.11733843
743.95972683,0.11831582
744.19479520,0.12176382
744.42987305,0.11522076
744.66496038,0.10829761
744.90005718,0.11169131
745.13516345,0.10989943
745.37027918,0.11535651
745.60540438,0.11196281
745.84053904,0.11679544
746.07568315,0.11234290
746.31083672,0.12977296
746.54599973,0.11902171
746.78117218,0.11022523
747.01635408,0.11663254
747.25154541,0.11820722
747.48674617,0.11646964
747.72195637,0.11440627
747.95717599,0.11598095
748.19240503,0.11511216
748.42764349,0.12966436
748.66289136,0.11896741
748.89814864,0.12586341
749.13341533,0.12537472
749.36869143,0.12874128
749.60397692,0.13433410
749.83927181,0.12855123
750.07457609,0.12363715
750.30988976,0.13064175
750.54521282,0.12404439
750.78054526,0.12882272
751.01588707,0.12879557
751.25123826,0.12434304
751.48659882,0.12711230
751.72196874,0.12808968
751.95734803,0.12361000
752.19273667,0.12195387
752.42813467,0.13232503
752.66354203,0.13161914
752.89895873,0.12757384
753.13438477,0.11793572
753.36982016,0.11961900
753.60526488,0.12895847
753.84071893,0.13677757
754.07618232,0.12852408
754.31165503,0.13183633
754.54713706,0.13816220
754.78262841,0.14551975
755.01812908,0.13802645
755.25363905,0.15046098
755.48915834,0.15589090
755.72468693,0.16848833
755.96022481,0.16148373
756.19577200,0.15762848
756.43132847,0.16474168
756.66689424,0.15002658
756.90246929,0.15225285
757.13805362,0.17136619
757.37364723,0.16357425
757.60925011,0.16126653
757.84486227,0.15523931
758.08048369,0.15532076
758.31611437,0.14437946
758.55175432,0.14475956
758.78740352,0.13427980
759.02306197,0.13346531
759.25872967,0.12238826
759.49440661,0.12445163
759.73009279,0.12298555
759.96578822,0.11361893
760.20149287,0.10897635
760.43720676,0.10055996
760.67292987,0.10316633
760.90866220,0.09230647
761.14440375,0.08470458
761.38015452,0.08025204
761.61591450,0.07992624
761.85168368,0.07951900
762.08746207,0.07503931
762.32324967,0.07449632
762.55904645,0.07525651
762.79485243,0.07981764
763.03066760,0.08133802
763.26649196,0.07946470
763.50232549,0.07829727
763.73816821,0.08698515
763.97402010,0.09100329
764.20988116,0.09523863
764.44575138,0.09621602
764.68163077,0.10349212
764.91751932,0.10642428
765.15341703,0.11315739
765.38932389,0.11527506
765.62523989,0.11994480
765.86116505,0.13243362
766.09709934,0.14204459
766.33304277,0.14856050
766.56899533,0.15377323
766.80495703,0.14731162
767.04092785,0.15336599
767.27690779,0.15073247
767.51289685,0.15594520
767.74889503,0.14617134
767.98490232,0.13987262
768.22091872,0.14858765
768.45694422,0.14421656
768.69297882,0.13873234
768.92902252,0.14340207
769.16507532,0.13856944
769.40113720,0.13414405
769.63720817,0.13284087
769.87328822,0.13846084
770.10937735,0.14351067
770.34547555,0.15879591
770.58158282,0.15496782
770.81769917,0.16028914
771.05382457,0.15377323
771.28995904,0.16495888
771.52610256,0.17657892
771.76225513,0.17087750
771.99841676,0.17288657
772.23458743,0.17036166
772.47076714,0.17766491
772.70695589,0.16783674
772.94315367,0.15876876
773.17936048,0.16278691
773.41557632,0.16107648
773.65180118,0.15779138
773.88803507,0.14942929
774.12427796,0.15366463
774.36052987,0.14345637
774.59679079,0.14171880
774.83306072,0.13601738
775.06933964,0.13292232
775.30562756,0.13392685
775.54192448,0.14652428
775.77823038,0.14204459
776.01454527,0.12933857
776.25086914,0.12564622
776.48720200,0.12988156
776.72354382,0.12857838
776.95989462,0.13656037
777.19625439,0.14834331
777.43262312,0.14253329
777.66900081,0.13563728
777.90538746,0.13873234
778.14178306,0.13129334
778.37818761,0.13389970
778.61460110,0.12521182
778.85102354,0.11989050
779.08745492,0.11652394
779.32389523,0.11310309
779.56034447,0.11188136
779.79680263,0.11027953
780.03326972,0.10729307
780.26974574,0.10208034
780.50623066,0.08855983
780.74272450,0.08907567
780.97922725,0.08655075
781.21573890,0.09773640
781.45225946,0.09447844
781.68878891,0.09257797
781.92532726,0.09646037
782.16187449,0.09806220
782.39843061,0.09439700
782.63499562,0.08606206
782.87156950,0.08668650
783.10815226,0.08899422
783.34474390,0.08169097
783.58134440,0.08541047
783.81795376,0.08285840
784.05457199,0.07856876
784.29119907,0.08312990
784.52783500,0.08899422
784.76447979,0.08834263
785.00113342,0.09241507
785.23779589,0.08644215
785.47446720,0.09238792
785.71114735,0.09827939
785.94783633,0.10028846
786.18453413,0.10387222
786.42124076,0.10430661
786.65795621,0.10370932
786.89468048,0.11046958
787.13141355,0.11424337
787.36815544,0.11098542
787.60490613,0.11022523
787.84166563,0.11003518
788.07843392,0.10246044
788.31521101,0.10153735
788.55199688,0.10322062
788.78879155,0.10881345
789.02559499,0.11076822
789.26240722,0.11668684
789.49922822,0.10517540
789.73605800,0.11136551
789.97289654,0.11283159
790.20974385,0.11402618
790.44659991,0.11532936
790.68346474,0.11131121
790.92033832,0.11630675
791.15722065,0.12263261
791.39411172,0.11978190
791.63101154,0.11348318
791.86792010,0.10479530
792.10483739,0.11136551
792.34176341,0.11386328
792.57869817,0.10680438
792.81564164,0.10132015
793.05259384,0.09768210
793.28955475,0.10229754
793.52652438,0.09436985
793.76350271,0.09111189
794.00048975,0.08427018
794.23748550,0.08546477
794.47448994,0.08557337
794.71150307,0.08741954
794.94852490,0.08579056
795.18555541,0.08340140
795.42259461,0.09621602
795.65964249,0.07867736
795.89669904,0.09143769
796.13376427,0.09798075
796.37083816,0.09366396
796.60792072,0.09187208
796.84501194,0.09719341
797.08211182,0.10202604
797.31922035,0.11223430
797.55633753,0.10680438
797.79346336,0.11169131
798.03059784,0.12119368
798.26774095,0.11888596
798.50489270,0.11484067
798.74205307,0.12341995
798.97922208,0.12151947
799.21639971,0.12298555
799.45358597,0.12586341
799.69078084,0.12013484
799.92798432,0.12238826
800.16519641,0.11940180
800.40241711,0.12906707
800.63964641,0.12602631
800.87688431,0.12999016
801.11413080,0.12684080
801.35138589,0.14117581
801.58864956,0.13251507
801.82592182,0.13324811
802.06320266,0.13677757
802.30049207,0.14709442
802.53779006,0.15323024
802.77509661,0.15904026
803.01241173,0.16156518
803.24973542,0.16707655
803.48706766,0.16563762
803.72440845,0.17106755
803.96175780,0.16599057
804.19911569,0.17598163
804.43648213,0.18124866
804.67385710,0.18108576
804.91124061,0.17831650
805.14863266,0.17902239
805.38603323,0.18162875
805.62344232,0.17571013
805.86085994,0.17475990
806.09828608,0.17161054
806.33572073,0.16468738
806.57316388,0.16034344
806.81061555,0.14589984
807.04807572,0.15393613
807.28554438,0.15203566
807.52302155,0.14052421
807.76050720,0.13259652
807.99800134,0.11923891
808.23550397,0.13064175
808.47301507,0.12999016
808.71053466,0.12010769
808.94806271,0.11299449
809.18559924,0.11630675
809.42314423,0.10729307
809.66069769,0.10164595
809.89825960,0.10593559
810.13582996,0.11011663
810.37340878,0.10058711
810.61099605,0.09920248
810.84859175,0.09122049
811.08619590,0.09241507
811.32380849,0.08247831
811.56142950,0.07362753
811.79905895,0.08060498
812.03669682,0.07748278
812.27434311,0.06993518
812.51199782,0.07373613
812.74966095,0.06472245
812.98733248,0.06629713
813.22501242,0.06168169
813.46270077,0.05782645
813.70039751,0.06271338
813.93810265,0.05473139
814.17581618,0.06037851
814.41353810,0.05217932
814.65126841,0.04946436
814.88900709,0.05671331
815.12675415,0.05793504
815.36450959,0.04799828
815.60227339,0.04691230
815.84004556,0.05228792
816.07782610,0.04642360
816.31561499,0.04816118
816.55341224,0.05114764
816.79121784,0.04745529
817.02903178,0.04365434
817.26685407,0.04305705
817.50468470,0.04023349
817.74252367,0.03925610
817.98037097,0.03751852
818.21822660,0.03138271
818.45609055,0.03762712
818.69396283,0.03626964
818.93184342,0.04034209
819.16973233,0.03578095
819.40762955,0.03958190
819.64553508,0.03518366
819.88344891,0.03203430
820.12137104,0.03420627
820.35930146,0.02777181
820.59724018,0.02703877
820.83518719,0.02839625
821.07314248,0.02899354
821.31110605,0.02540979
821.54907790,0.01588027
821.78705802,0.02008846
822.02504642,0.02215183
822.26304308,0.02223328
822.50104800,0.01894818
822.73906118,0.02144594
822.97708262,0.02041426
823.21511231,0.02231473
823.45315024,0.02785326
823.69119643,0.02747316
823.92925085,0.03865881
824.16731351,0.04555481
824.40538440,0.04794398
824.64346352,0.05975407
824.88155087,0.05853234
825.11964643,0.07960045
825.35775022,0.09056890
825.59586222,0.10170025
825.83398244,0.11158271
826.07211086,0.12257831
826.31024748,0.13346531
826.54839231,0.13965543
826.78654533,0.13759205
827.02470654,0.15426193
827.26287594,0.14964649
827.50105353,0.15648820
827.73923930,0.15507641
827.97743325,0.17060600
828.21563537,0.16113078
828.45384566,0.15279585
828.69206412,0.15409903
828.93029074,0.16430729
829.16852552,0.16419869
829.40676846,0.16718515
829.64501954,0.16783674
829.88327878,0.16517608
830.12154616,0.16946572
830.35982168,0.17462415
830.59810534,0.16952002
830.83639714,0.17910384
831.07469706,0.17451555
831.31300511,0.18032557
831.55132128,0.18646139
831.78964557,0.18179165
832.02797798,0.18255184
832.26631849,0.18190025
832.50466712,0.17617168
832.74302384,0.17891379
832.98138867,0.17630742
833.21976160,0.16783674
833.45814262,0.16376430
833.69653172,0.16827113
833.93492892,0.16990011
834.17333419,0.16588197
834.41174755,0.15773708
834.65016897,0.15219855
834.88859847,0.15051528
835.12703604,0.14644283
835.36548167,0.14334778
835.60393535,0.13531149
835.84239710,0.12331135
836.08086690,0.11956470
836.31934474,0.11413478
836.55783063,0.11332029
836.79632456,0.10376362
837.03482653,0.09613457
837.27333654,0.09686761
837.51185457,0.10137445
837.75038063,0.09559158
837.98891471,0.09431555
838.22745681,0.08644215
838.46600693,0.09013450
838.70456506,0.08340140
838.94313120,0.08644215
839.18170534,0.07965475
839.42028748,0.08839693
839.65887762,0.08095793
839.89747575,0.08231541
840.13608187,0.08535617
840.37469598,0.08052354
840.61331807,0.08736524
840.85194814,0.08904852
841.09058618,0.08801683
841.32923220,0.09540153
841.56788618,0.09100329
841.80654812,0.10072286
842.04521803,0.10468670
842.28389589,0.10560979
842.52258171,0.10588129
842.76127547,0.10045136
842.99997718,0.09013450
843.23868683,0.09632462
843.47740442,0.09697621
843.71612994,0.09447844
843.95486339,0.10251473
844.19360477,0.09534723
844.43235408,0.09420695
844.67111130,0.09458704
844.90987644,0.09969117
845.14864949,0.09382685
845.38743045,0.09513004
845.62621931,0.08861412
845.86501608,0.08948291
846.10382074,0.09523863
846.34263329,0.09795360
846.58145374,0.09143769
846.82028207,0.09703051
847.05911828,0.09086754
847.29796238,0.08883132
847.53681435,0.08611636
847.77567419,0.08763674
848.01454189,0.08329280
848.25341746,0.07112976
848.49230090,0.07607100
848.73119218,0.06798041
848.97009133,0.07265014
849.20899832,0.08264121
849.44791315,0.08568196
849.68683583,0.09149199
849.92576635,0.09263227
850.16470470,0.09844229
850.40365088,0.10946504
850.64260489,0.12021629
850.88156673,0.12608061
851.12053638,0.14185455
851.35951385,0.15214426
851.59849913,0.16202672
851.83749222,0.16618061
852.07649311,0.17136619
852.31550181,0.18037987
852.55451830,0.18526680
852.79354259,0.19466057
853.03257467,0.20568332
853.27161453,0.20234392
853.51066218,0.21342097
853.74971761,0.21638028
853.98878081,0.21388251
854.22785178,0.22327628
854.46693053,0.23125827
854.70601703,0.23022659
854.94511130,0.23706829
855.18421332,0.25390106
855.42332310,0.25232638
855.66244063,0.26383783
855.90156590,0.25308657
856.14069892,0.25531284
856.37983967,0.25466125
856.61898816,0.24684216
856.85814438,0.24771095
857.09730833,0.26486951
857.33648000,0.25759341
857.57565939,0.26438082
857.81484650,0.25504135
858.05404132,0.25566579
858.29324385,0.24111359
858.53245409,0.23535787
858.77167203,0.23647100
859.01089766,0.22816321
859.25013099,0.23321305
859.48937201,0.23359314
859.72862072,0.21160194
859.96787711,0.20245252
860.20714118,0.18743877
860.44641292,0.18499531
860.68569234,0.17837080
860.92497943,0.17052455
861.16427418,0.16316700
861.40357659,0.15236145
861.64288666,0.14790891
861.88220438,0.15420763
862.12152976,0.15208996
862.36086277,0.14736592
862.60020344,0.15225285
862.83955174,0.14413511
863.07890767,0.14568264
863.31827124,0.15271440
863.55764244,0.14877770
863.79702126,0.15187276
864.03640770,0.14247899
864.27580175,0.14291338
864.51520342,0.13894954
864.75461270,0.12928427
864.99402959,0.12700370
865.23345408,0.12418014
865.47288616,0.12037919
865.71232584,0.11994480
865.95177311,0.12119368
866.19122797,0.11500356
866.43069041,0.12260546
866.67016043,0.12358285
866.90963803,0.12521182
867.14912320,0.12227966
867.38861594,0.12111223
867.62811625,0.12418014
867.86762411,0.12434304
868.10713954,0.12179097
868.34666251,0.12466883
868.58619304,0.12879557
868.82573112,0.12711230
869.06527673,0.11999910
869.30482989,0.12488603
869.54439058,0.12238826
869.78395881,0.12575482
870.02353456,0.12836118
870.26311784,0.14242469
870.50270863,0.13531149
870.74230695,0.13512144
870.98191278,0.13156484
871.22152611,0.13123904
871.46114696,0.13330241
871.70077530,0.13134764
871.94041115,0.14008982
872.18005449,0.13335671
872.41970532,0.12933857
872.65936364,0.11437912
872.89902944,0.10865055
873.13870273,0.11239720
873.37838349,0.10153735
873.61807172,0.09931108
873.85776742,0.09545583
874.09747059,0.09246937
874.33718122,0.08758244
874.57689930,0.08459598
874.81662484,0.08030634
875.05635784,0.07275874
875.29609827,0.07408907
875.53584616,0.06341927
875.77560148,0.06464100
876.01536424,0.05766355
876.25513443,0.05342821
876.49491204,0.04897567
876.73469709,0.04989875
876.97448955,0.04539192
877.21428943,0.04121087
877.45409673,0.04609781
877.69391143,0.04452313
877.93373355,0.04816118
878.17356306,0.04702089
878.41339998,0.04552766
878.65324428,0.05150058
878.89309599,0.06485820
879.13295507,0.05169063
879.37282155,0.06168169
879.61269540,0.05809794
879.85257663,0.06065001
880.09246523,0.06542834
880.33236121,0.06515685
880.57226455,0.07357323
880.81217525,0.07748278
881.05209331,0.07894886
881.29201872,0.07987194
881.53195149,0.07970905
881.77189160,0.08655075
882.01183905,0.07661399
882.25179385,0.07756423
882.49175598,0.07341033
882.73172545,0.08144662
882.97170224,0.07623389
883.21168636,0.07506646
883.45167780,0.08378149
883.69167656,0.07829727
883.93168263,0.08473173
884.17169601,0.08625211
884.41171670,0.08090363
884.65174469,0.07908461
884.89177999,0.07188995
885.13182257,0.08885847
885.37187245,0.07818867
885.61192962,0.07308454
885.85199407,0.07710268
886.09206581,0.08117513
886.33214482,0.07574520
886.57223110,0.07422482
886.81232465,0.06659578
887.05242547,0.06705732
887.29253356,0.07085827
887.53264890,0.07911175
887.77277149,0.06928359
888.01290134,0.07188995
888.25303843,0.06825190
888.49318277,0.06830620
888.73333435,0.06618853
888.97349317,0.06607993
889.21365922,0.05473139
889.45383250,0.05929253
889.69401300,0.05516578
889.93420072,0.06396226
890.17439567,0.06092150
890.41459783,0.05017025
890.65480719,0.05114764
890.89502377,0.04441453
891.13524755,0.04582631
891.37547853,0.04474033
891.61571670,0.04289415
891.85596207,0.03952760
892.09621463,0.03594385
892.33647437,0.04245976
892.57674129,0.03094831
892.81701539,0.03293024
893.05729666,0.03100261
893.29758510,0.03350038
893.53788071,0.03083972
893.77818349,0.03594385
894.01849342,0.03515651
894.25881051,0.04430593
894.49913474,0.04061358
894.73946613,0.04854127
894.97980466,0.04968156
895.22015033,0.05573592
895.46050314,0.05543728
895.70086308,0.05307526
895.94123016,0.06103010
896.18160435,0.05809794
896.42198567,0.06103010
896.66237411,0.06466815
896.90276966,0.06227899
897.14317233,0.06841480
897.38358210,0.06396226
897.62399897,0.06732882
897.86442295,0.07256869
898.10485402,0.07216145
898.34529218,0.06998948
898.58573744,0.07376328
898.82618978,0.06607993
899.06664920,0.06635143
899.30711569,0.06952794
899.54758927,0.06912069
899.78806991,0.07091257
900.02855762,0.07408907
900.26905239,0.07661399
900.50955422,0.06993518
900.75006311,0.06974513
900.99057905,0.07069537
901.23110204,0.06537404
901.47163207,0.06863200
901.71216914,0.07036957
901.95271325,0.06727452
902.19326440,0.07476781
902.43382257,0.07395333
902.67438777,0.07188995
902.91495999,0.07319314
903.15553924,0.07547370
903.39612549,0.08041494
903.63671876,0.09122049
903.87731904,0.08970011
904.11792632,0.09116619
904.35854060,0.10957364
904.59916188,0.10471385
904.83979015,0.10126585
905.08042541,0.10772746
905.32106765,0.11017093
905.56171688,0.10968224
905.80237308,0.10832475
906.04303626,0.10772746
906.28370641,0.11739273
906.52438353,0.11462347
906.76506761,0.11815292
907.00575865,0.11837012
907.24645665,0.11880451
907.48716160,0.12961006
907.72787350,0.13379111
907.96859234,0.12043349
908.20931812,0.12260546
908.45005085,0.11549226
908.69079050,0.11494926
908.93153709,0.10772746
909.17229060,0.11408048
909.41305104,0.11405333
909.65381839,0.11006233
909.89459266,0.11011663
910.13537384,0.10664148
910.37616193,0.10175454
910.61695693,0.10490390
910.85775882,0.10620708
911.09856761,0.10284053
911.33938330,0.10115725
911.58020588,0.10631568
911.82103534,0.09436985
912.06187168,0.09561873
912.30271490,0.08676795
912.54356500,0.08315705
912.78442197,0.08486748
913.02528580,0.07650539
913.26615650,0.07894886
913.50703406,0.07862306
913.74791848,0.07395333
913.98880974,0.07050532
914.22970786,0.07769997
914.47061282,0.07438772
914.71152463,0.07145556
914.95244327,0.07769997
915.19336875,0.08139232
915.43430105,0.07813437
915.67524019,0.07558230
915.91618615,0.09046030
916.15713892,0.08839693
916.39809852,0.08579056
916.63906492,0.09295807
916.88003813,0.09274087
917.12101815,0.09637892
917.36200497,0.09971832
917.60299859,0.10164595
917.84399900,0.11128406
918.08500620,0.11109402
918.32602018,0.11733843
918.56704095,0.11513931
918.80806850,0.11907601
919.04910282,0.12081358
919.29014392,0.12874128
919.53119178,0.13566443
919.77224640,0.14142015
920.01330779,0.14780031
920.25437593,0.15670539
920.49545083,0.14888630
920.73653248,0.16691365
920.97762087,0.16403579
921.21871600,0.16658786
921.45981787,0.17549294
921.70092648,0.17554723
921.94204182,0.17565583
922.18316388,0.17674182
922.42429267,0.18722157
922.66542818,0.18836186
922.90657040,0.18021697
923.14771934,0.18037987
923.38887498,0.18184595
923.63003734,0.16729375
923.87120639,0.17125759
924.11238214,0.16387289
924.35356458,0.15578231
924.59475371,0.15146551
924.83594953,0.13862374
925.07715204,0.13585448
925.31836122,0.12738379
925.55957708,0.12684080
925.80079961,0.11408048
926.04202881,0.11131121
926.28326467,0.10555549
926.52450719,0.10474100
926.76575637,0.10072286
927.00701221,0.08980871
927.24827469,0.08397154
927.48954382,0.08247831
927.73081959,0.07634249
927.97210200,0.07286734
928.21339105,0.06646003
928.45468673,0.05853234
928.69598903,0.05315671
928.93729796,0.04897567
929.17861351,0.05038745
929.41993567,0.05212502
929.66126445,0.04430593
929.90259984,0.04083078
930.14394183,0.05288521
930.38529042,0.04479462
930.62664561,0.05006165
930.86800740,0.04112942
931.10937578,0.04973586
931.35075074,0.04441453
931.59213229,0.04343714
931.83352042,0.04370864
932.07491512,0.04436023
932.31631639,0.05060464
932.55772424,0.05019740
932.79913864,0.05207072
933.04055961,0.05603457
933.28198714,0.05321101
933.52342122,0.06108440
933.76486185,0.06597133
934.00630903,0.06379936
934.24776275,0.07856876
934.48922301,0.08093078
934.73068980,0.08437878
934.97216313,0.08970011
935.21364298,0.08321135
935.45512936,0.08937431
935.69662225,0.08975441
935.93812167,0.10080431
936.17962760,0.09779070
936.42114004,0.09388115
936.66265898,0.10512110
936.90418442,0.10284053
937.14571637,0.09567303
937.38725481,0.10110295
937.62879973,0.09485854
937.87035115,0.09371825
938.11190905,0.09447844
938.35347343,0.09464134
938.59504429,0.10381792
938.83662162,0.09773640
939.07820541,0.09035170
939.31979568,0.09187208
939.56139240,0.09252367
939.80299558,0.09518433
940.04460522,0.08758244
940.28622131,0.08796253
940.52784384,0.09246937
940.76947282,0.09958257
941.01110823,0.09317526
941.25275008,0.09871379
941.49439837,0.09067750
941.73605308,0.09659612
941.97771421,0.09198068
942.21938177,0.09143769
942.46105574,0.09398975
942.70273613,0.08807113
942.94442293,0.09116619
943.18611613,0.08334710
943.42781574,0.09013450
943.66952174,0.08663220
943.91123414,0.08679510
944.15295293,0.08068643
944.39467811,0.08655075
944.63640967,0.08361859
944.87814762,0.08139232
945.11989194,0.07916605
945.36164263,0.08646930
945.60339969,0.07498501
945.84516312,0.08046924
946.08693290,0.07607100
946.32870905,0.07862306
946.57049155,0.07012523
946.81228040,0.07894886
947.05407560,0.07476781
947.29587714,0.07731988
947.53768503,0.07647824
947.77949924,0.07148271
948.02131979,0.07987194
948.26314667,0.07503931
948.50497988,0.07520221
948.74681940,0.06770891
948.98866524,0.06711162
949.23051740,0.07009808
949.47237587,0.06493965
949.71424064,0.06580844
949.95611171,0.06192604
950.19798909,0.06238758
950.43987276,0.06537404
950.68176272,0.06613423
950.92365897,0.06200749
951.16556150,0.06787181
951.40747032,0.06388081
951.64938541,0.06409801
951.89130677,0.06141020
952.13323441,0.06298488
952.37516831,0.06037851
952.61710847,0.06054141
952.85905489,0.05755495
953.10100756,0.05831514
953.34296649,0.05636037
953.58493166,0.05608887
953.82690308,0.04712949
954.06888074,0.05011595
954.31086463,0.05158203
954.55285476,0.04897567
954.79485111,0.04669510
955.03685369,0.04821548
955.27886249,0.04495752
955.52087751,0.03702983
955.76289875,0.07558230
956.00492619,0.03692123
956.24695984,0.03208860
956.48899970,0.03887601
956.73104575,0.03024242
956.97309800,0.04104798
957.21515644,0.03241439
957.45722107,0.03409767
957.69929189,0.02682157
957.94136888,0.03192570
958.18345205,0.03105691
958.42554140,0.02861345
958.66763692,0.02296632
958.90973860,0.03469496
959.15184644,0.02486680
959.39396044,0.03290309
959.63608060,0.02481250
959.87820691,0.02671297
960.12033937,0.02790756
960.36247797,0.03588955
960.60462271,0.03176280
960.84677359,0.02866775
961.08893060,0.03388047
961.33109374,0.03333748
961.57326301,0.03529225
961.81543840,0.03838731
962.05761991,0.04099368
962.29980753,0.05103904
962.54200126,0.04908427
962.78420110,0.04935576
963.02640704,0.05777215
963.26861908,0.05179923
963.51083722,0.06244188
963.75306145,0.06597133
963.99529177,0.06906639
964.23752817,0.06450525
964.47977066,0.06950079
964.72201922,0.07281304
964.96427386,0.07235150
965.20653456,0.08448738
965.44880134,0.07753708
965.69107417,0.08399869
965.93335307,0.08296700
966.17563802,0.09002591
966.41792902,0.09697621
966.66022607,0.08904852
966.90252917,0.09279517
967.14483830,0.09157343
967.38715347,0.09312096
967.62947468,0.09111189
967.87180192,0.10175454
968.11413518,0.10577269
968.35647446,0.09697621
968.59881976,0.10251473
968.84117108,0.10275908
969.08352841,0.10446951
969.32589174,0.10479530
969.56826108,0.11223430
969.81063642,0.11033383
970.05301776,0.11141981
970.29540509,0.10968224
970.53779840,0.11093112
970.78019771,0.10664148
971.02260299,0.10620708
971.26501425,0.10615278
971.50743149,0.10132015
971.74985470,0.10354642
971.99228387,0.09936538
972.23471901,0.09523863
972.47716011,0.10202604
972.71960716,0.09567303
972.96206016,0.10387222
973.20451911,0.10197174
973.44698401,0.10066856
973.68945485,0.10343782
973.93193163,0.10664148
974.17441434,0.09436985
974.41690298,0.10246044
974.65939754,0.10403511
974.90189803,0.10251473
975.14440444,0.10284053
975.38691676,0.10349212
975.62943499,0.10745597
975.87195913,0.10827046
976.11448918,0.11294019
976.35702513,0.11033383
976.59956697,0.11093112
976.84211470,0.11679544
977.08466833,0.12027059
977.32722784,0.11565515
977.56979323,0.11875021
977.81236450,0.11818007
978.05494165,0.11809862
978.29752467,0.11983620
978.54011355,0.11565515
978.78270830,0.12184527
979.02530890,0.11169131
979.26791537,0.11967330
979.51052768,0.11522076
979.75314585,0.11136551
979.99576986,0.10609849
980.23839971,0.11207140
980.48103540,0.10055996
980.72367692,0.09827939
980.96632427,0.10251473
981.20897745,0.09513004
981.45163645,0.08622496
981.69430127,0.08807113
981.93697191,0.07856876
982.17964836,0.08513897
982.42233061,0.09103044
982.66501868,0.08106653
982.90771254,0.08769104
983.15041220,0.07829727
983.39311765,0.07210715
983.63582889,0.07351893
983.87854592,0.07503931
984.12126873,0.06624283
984.36399732,0.06341927
984.60673168,0.06694872
984.84947182,0.06738312
985.09221772,0.06255048
985.33496939,0.06684012
985.57772681,0.06385366
985.82049000,0.06249618
986.06325893,0.06214324
986.30603362,0.06279483
986.54881405,0.06407086
986.79160022,0.06493965
987.03439213,0.07058677
987.27718977,0.07118406
987.51999315,0.07449632
987.76280225,0.07623389
988.00561707,0.08112083
988.24843762,0.08198962
988.49126388,0.09458704
988.73409585,0.09306666
988.97693353,0.08828833
989.21977692,0.09369111
989.46262601,0.10273193
989.70548079,0.10789036
989.94834127,0.10490390
990.19120744,0.10569124
990.43407929,0.10197174
990.67695683,0.10501250
990.91984004,0.10248758
991.16272893,0.10094006
991.40562350,0.10406226
991.64852373,0.10495820
991.89142962,0.10294913
992.13434118,0.10604419
992.37725839,0.10696727
992.62018126,0.09996267
992.86310977,0.09377255
993.10604393,0.09578163
993.34898373,0.09181778
993.59192917,0.09208928
993.83488025,0.08970011
994.07783696,0.08779964
994.32079929,0.08752814
994.56376725,0.09350106
994.80674082,0.08253261
995.04972002,0.07837871
995.29270482,0.07865021
995.53569524,0.07199855
995.77869126,0.07243295
996.02169288,0.06105725
996.26470010,0.06282198
996.50771291,0.05975407
996.75073131,0.05701196
996.99375530,0.05712056
997.23678488,0.06398941
997.47982003,0.05380830
997.72286076,0.05038745
997.96590706,0.04669510
998.20895892,0.04419733
998.45201636,0.04430593
998.69507935,0.04680370
998.93814790,0.03882171
999.18122200,0.03203430
999.42430166,0.03724703
999.66738686,0.03116551
999.91047760,0.03339178
1000.15357388,0.03007953
1000.39667569,0.02834195
1000.63978304,0.02497540
1000.88289592,0.02969943
1001.12601431,0.02693017
1001.36913823,0.02562699
1001.61226767,0.02345502
1001.85540262,0.03306598
1002.09854307,0.02274913
1002.34168904,0.02703877
1002.58484050,0.02633288
1002.82799746,0.02997093
1003.07115992,0.03149131
1003.31432787,0.03018812
1003.55750130,0.02736456
1003.80068022,0.02687587
1004.04386462,0.03165420
1004.28705449,0.03366328
1004.53024984,0.02655007
1004.77345065,0.03453206
1005.01665693,0.02508399
1005.25986867,0.03420627
1005.50308587,0.02845055
1005.74630852,0.02486680
1005.98953662,0.03388047
1006.23277017,0.03958190
1006.47600916,0.03442347
1006.71925359,0.03388047
1006.96250346,0.03702983
1007.20575875,0.04104798
1007.44901948,0.04294845
1007.69228563,0.04115657
1007.93555720,0.03876741
1008.17883418,0.04213396
1008.42211658,0.05049605
1008.66540439,0.04664080
1008.90869761,0.05310241
1009.15199622,0.04267695
1009.39530024,0.04913856
1009.63860965,0.05087614
1009.88192445,0.05038745
1010.12524464,0.05019740
1010.36857021,0.05280376
1010.61190116,0.05516578
1010.85523749,0.05608887
1011.09857919,0.06331067
1011.34192626,0.05994412
1011.58527870,0.06010701
1011.82863649,0.05369970
1012.07199965,0.05929253
1012.31536816,0.05712056
1012.55874202,0.05755495
1012.80212122,0.05505718
1013.04550577,0.05234222
1013.28889566,0.05388975
1013.53229088,0.05885813
1013.77569144,0.05798934
1014.01909732,0.05777215
1014.26250853,0.06048711
1014.50592506,0.05397120
1014.74934691,0.05543728
1014.99277407,0.05747350
1015.23620654,0.05904818
1015.47964432,0.05359110
1015.72308739,0.05280376
1015.96653577,0.05418840
1016.20998944,0.04875847
1016.45344841,0.04712949
1016.69691266,0.04653220
1016.94038220,0.04582631
1017.18385701,0.04745529
1017.42733710,0.04191676
1017.67082247,0.03784432
1017.91431310,0.03572665
1018.15780900,-0.01094356
1018.40131017,-0.01086211
1018.64481659,-0.01249109
1018.88832826,-0.01357708
1019.13184519,-0.01211100
1019.37536736,-0.01216530
