198.80933475,0.00691355
199.01143578,0.00884003
199.21355429,0.00227345
199.41569028,-0.00079234
199.61784374,0.00219059
199.82001468,0.00227345
200.02220309,0.00573281
200.22440896,0.00156914
200.42663230,0.00268774
200.62887310,0.00154843
200.83113136,0.00364062
201.03340708,0.00045055
201.23570025,0.00312275
201.43801087,0.00550495
201.64033894,0.00490422
201.84268445,0.00353705
202.04504741,0.00376491
202.24742780,0.00154843
202.44982564,0.00339204
202.65224090,-0.00091663
202.85467360,0.00422063
203.05712372,0.00277060
203.25959128,-0.00029519
203.46207625,0.00376491
203.66457864,0.00132057
203.86709846,0.00612639
204.06963568,0.00523566
204.27219032,0.00376491
204.47476237,0.00341276
204.67735182,0.00283274
204.87995868,0.01283797
205.08258293,0.00685141
205.28522459,0.00488351
205.48788364,0.00229416
205.69056008,0.00173486
205.89325391,0.00643711
206.09596513,0.00241845
206.29869374,0.00778357
206.50143972,0.00442778
206.70420308,0.00204558
206.90698382,0.00204558
207.10978194,0.00248059
207.31259742,0.00687212
207.51543027,0.00022268
207.71828048,0.00229416
207.92114806,0.00241845
208.12403299,0.00894360
208.32693528,0.00235630
208.52985493,0.00473850
208.73279193,-0.00255309
208.93574627,0.00865359
209.13871796,0.00517351
209.34170699,0.00318489
209.54471336,0.00067841
209.74773707,0.00366133
209.95077811,0.00032626
210.15383649,0.00258417
210.35691219,0.00378562
210.56000522,0.00407563
210.76311557,-0.00120663
210.96624324,0.00674783
211.16938823,0.00086484
211.37255053,0.00409634
211.57573015,0.00030554
211.77892707,0.00419992
211.98214130,0.00042983
212.18537284,0.00310204
212.38862167,0.00216987
212.59188781,0.00146557
212.79517124,0.00076127
212.99847196,-0.00029519
213.20178997,0.00190058
213.40512527,0.00519423
213.60847785,0.00100984
213.81184772,0.00279131
214.01523486,-0.00027447
214.21863928,0.00378562
214.42206097,0.00424135
214.62549993,0.00208701
214.82895616,-0.00023304
215.03242966,0.00399277
215.23592042,0.00055412
215.43942843,0.00229416
215.64295370,0.00469707
215.84649623,0.00581567
216.05005601,0.00695498
216.25363303,0.00237702
216.45722731,0.00297775
216.66083882,-0.00097877
216.86446757,0.00382705
217.06811356,0.00185915
217.27177679,0.00633354
217.47545724,0.00281203
217.67915493,0.00045055
217.88286984,0.00233559
218.08660198,0.00622996
218.29035133,0.00946147
218.49411790,0.00892288
218.69790169,0.00243916
218.90170269,0.00264631
219.10552090,0.00668569
219.30935632,0.00540137
219.51320894,0.00303989
219.71707876,0.00134128
219.92096578,0.00490422
220.12486999,0.00179701
220.32879140,0.00351633
220.53272999,-0.00081305
220.73668578,0.00469707
220.94065875,0.00337133
221.14464890,0.00161057
221.34865623,0.00515280
221.55268073,0.00053341
221.75672241,-0.00019161
221.96078126,0.00177629
222.16485728,-0.00044019
222.36895046,0.00171415
222.57306080,0.00390991
222.77718831,0.00279131
222.98133297,-0.00240809
223.18549478,0.00506994
223.38967375,0.00003625
223.59386986,0.00096842
223.79808312,0.00076127
224.00231352,0.00308132
224.20656106,0.00494565
224.41082574,0.00374419
224.61510756,0.00900574
224.81940650,-0.00002589
225.02372258,-0.00025376
225.22805578,0.00115485
225.43240610,-0.00242881
225.63677355,0.00511137
225.84115811,-0.00157950
226.04555979,0.00107199
226.24997858,-0.00006732
226.45441448,0.00339204
226.65886748,0.00504922
226.86333759,0.00281203
227.06782480,0.00268774
227.27232911,0.00156914
227.47685052,0.00086484
227.68138902,0.00602282
227.88594461,0.00003625
228.09051728,0.00279131
228.29510704,0.00312275
228.49971389,0.00678926
228.70433781,0.00486279
228.90897881,0.00422063
229.11363688,0.00076127
229.31831202,0.00575353
229.52300423,0.00320561
229.72771350,0.00198344
229.93243984,0.00040912
230.13718324,0.00196272
230.34194369,0.00100984
230.54672120,0.00865359
230.75151576,0.00138271
230.95632737,0.00660283
231.16115602,0.00169343
231.36600172,-0.00021233
231.57086446,0.00154843
231.77574423,0.00316418
231.98064104,-0.00249095
232.18555488,0.00053341
232.39048575,0.00494565
232.59543365,0.00005697
232.80039857,-0.00044019
233.00538051,0.00386848
233.21037947,0.00382705
233.41539544,0.01894883
233.62042843,0.00082341
233.82547842,0.00413777
234.03054543,0.00575353
234.23562943,0.00103056
234.44073044,0.00198344
234.64584845,0.00453135
234.85098345,0.00256345
235.05613545,0.00332990
235.26130444,0.00372348
235.46649041,0.00229416
235.67169337,0.00484208
235.87691331,0.00722427
236.08215023,0.00086484
236.28740413,0.00480065
236.49267500,0.00134128
236.69796284,-0.00182808
236.90326765,0.00446921
237.10858942,0.00272917
237.31392816,0.00409634
237.51928386,0.00606425
237.72465651,0.00136200
237.93004612,0.00210773
238.13545268,-0.00033661
238.34087619,0.00411706
238.54631664,0.00121699
238.75177404,0.00239773
238.95724838,-0.00122735
239.16273965,0.00229416
239.36824786,0.00558781
239.57377300,0.00256345
239.77931508,0.00610568
239.98487407,0.00314347
240.19045000,0.00364062
240.39604284,0.00303989
240.60165260,-0.00108235
240.80727928,0.00401349
241.01292287,0.00424135
241.21858337,0.00475922
241.42426077,0.00076127
241.62995508,0.00274988
241.83566630,-0.00012947
242.04139441,0.00332990
242.24713941,0.00299846
242.45290131,0.00262560
242.65868010,0.00312275
242.86447578,0.00125842
243.07028835,0.00680998
243.27611779,0.00697570
243.48196412,0.00562924
243.68782732,0.00152771
243.89370739,0.00258417
244.09960434,-0.00070948
244.30551816,0.00666497
244.51144884,0.00345419
244.71739638,0.00248059
244.92336078,0.00154843
245.12934204,0.00297775
245.33534016,0.00448992
245.54135512,0.00069912
245.74738694,0.00129985
245.95343560,0.00308132
246.15950110,0.00757642
246.36558345,0.00018125
246.57168263,0.00241845
246.77779865,0.00140343
246.98393150,0.00405491
247.19008118,0.00237702
247.39624769,0.00484208
247.60243102,0.00409634
247.80863117,0.00633354
248.01484814,0.00287417
248.22108192,0.00337133
248.42733252,-0.00211808
248.63359993,0.00030554
248.83988415,-0.00131021
249.04618517,0.00627139
249.25250299,-0.00033661
249.45883761,-0.00133092
249.66518903,0.00138271
249.87155724,-0.00015018
250.07794224,0.00395134
250.28434403,0.00337133
250.49076260,0.00823930
250.69719796,-0.00099949
250.90365009,-0.00097877
251.11011901,0.00113413
251.31660469,0.00401349
251.52310715,0.00134128
251.72962638,0.00498708
251.93616237,0.00194201
252.14271513,0.00262560
252.34928464,0.00129985
252.55587091,0.00219059
252.76247394,0.00308132
252.96909372,0.00216987
253.17573025,0.00179701
253.38238352,0.00134128
253.58905354,0.00314347
253.79574030,0.00202487
254.00244380,0.00426206
254.20916403,0.00865359
254.41590099,0.00453135
254.62265469,0.00049198
254.82942511,0.00256345
255.03621225,0.00210773
255.24301612,0.00132057
255.44983670,0.00156914
255.65667400,0.00498708
255.86352802,0.00071984
256.07039874,-0.00099949
256.27728617,0.00074055
256.48419031,0.00562924
256.69111115,0.00405491
256.89804868,0.00105127
257.10500292,0.00202487
257.31197384,0.00341276
257.51896146,0.00797001
257.72596577,-0.00201451
257.93298676,0.00150700
258.14002443,0.00368205
258.34707878,0.00177629
258.55414981,0.00229416
258.76123752,0.00266703
258.96834190,0.00678926
259.17546294,-0.00046090
259.38260065,-0.00137235
259.58975502,0.00036769
259.79692606,0.00314347
260.00411375,0.00237702
260.21131810,-0.00126878
260.41853909,0.00368205
260.62577674,0.00198344
260.83303103,0.00248059
261.04030197,-0.00211808
261.24758955,-0.00044019
261.45489377,0.00202487
261.66221462,0.00216987
261.86955210,0.00558781
262.07690622,0.00179701
262.28427696,0.00022268
262.49166433,-0.00331954
262.69906831,0.00419992
262.90648892,-0.00091663
263.11392614,-0.00091663
263.32137998,0.00386848
263.52885042,0.00233559
263.73633747,0.00540137
263.94384113,0.00055412
264.15136139,0.00475922
264.35889825,0.00871574
264.56645171,0.00471779
264.77402176,0.00227345
264.98160840,0.00337133
265.18921163,0.00055412
265.39683144,-0.00027447
265.60446784,0.00751428
265.81212081,0.00094770
266.01979037,0.00219059
266.22747650,0.00105127
266.43517920,0.00279131
266.64289847,-0.00089591
266.85063430,0.00088556
267.05838670,-0.00075091
267.26615566,0.00426206
267.47394117,-0.00102020
267.68174324,0.00051269
267.88956187,0.00471779
268.09739704,0.00281203
268.30524876,0.00419992
268.51311702,0.00608496
268.72100183,-0.00367169
268.92890317,-0.00157950
269.13682105,-0.00075091
269.34475546,-0.00087520
269.55270640,0.00034697
269.76067387,0.00204558
269.96865786,-0.00189022
270.17665838,0.00059555
270.38467541,0.00227345
270.59270896,0.00177629
270.80075902,0.00055412
271.00882560,0.00096842
271.21690868,0.00140343
271.42500826,0.00453135
271.63312435,0.00235630
271.84125694,0.00156914
272.04940602,0.00776286
272.25757160,0.00185915
272.46575367,0.00451064
272.67395223,0.00225273
272.88216727,0.00005697
273.09039880,0.00705856
273.29864681,0.00121699
273.50691129,0.00287417
273.71519225,0.00239773
273.92348968,0.00096842
274.13180358,0.00291560
274.34013395,0.00094770
274.54848077,0.00337133
274.75684406,0.00216987
274.96522381,0.00337133
275.17362001,-0.00213880
275.38203267,0.00612639
275.59046177,0.00183844
275.79890732,0.00117556
276.00736932,0.00359919
276.21584776,-0.00073020
276.42434263,-0.00037804
276.63285394,-0.00360955
276.84138169,0.00055412
277.04992586,0.00219059
277.25848646,0.00202487
277.46706349,-0.00048162
277.67565694,-0.00290525
277.88426680,-0.00079234
278.09289309,0.00005697
278.30153578,-0.00087520
278.51019489,0.00500779
278.71887041,0.00105127
278.92756233,0.00451064
279.13627065,0.00192129
279.34499537,0.00245988
279.55373649,0.00546352
279.76249401,0.00884003
279.97126791,0.00378562
280.18005820,0.00165200
280.38886488,0.00359919
280.59768795,-0.00118592
280.80652739,0.00241845
281.01538321,0.00086484
281.22425540,0.00335061
281.43314397,0.00113413
281.64204891,-0.00104092
281.85097021,0.00349562
282.05990788,0.00436564
282.26886190,0.00231487
282.47783229,-0.00056448
282.68681903,0.00506994
282.89582212,-0.00135164
283.10484156,0.00235630
283.31387735,0.00013982
283.52292949,0.00088556
283.73199796,0.00210773
283.94108277,0.00248059
284.15018392,-0.00093734
284.35930141,0.00183844
284.56843522,0.00252202
284.77758536,0.00643711
284.98675183,0.00146557
285.19593461,0.00855002
285.40513372,0.00461421
285.61434914,0.00303989
285.82358088,-0.00462457
286.03282893,-0.00035733
286.24209328,0.00521494
286.45137395,0.00121699
286.66067091,0.00103056
286.86998417,0.00119628
287.07931373,0.00419992
287.28865959,0.00277060
287.49802174,0.00107199
287.70740017,-0.00052305
287.91679489,0.00103056
288.12620590,0.00204558
288.33563318,-0.00021233
288.54507675,0.00368205
288.75453658,-0.00083377
288.96401269,0.00171415
289.17350507,0.00092699
289.38301372,0.00297775
289.59253863,0.00177629
289.80207980,0.00649926
290.01163723,0.00225273
290.22121091,0.00324704
290.43080085,0.00386848
290.64040703,-0.00023304
290.85002947,0.00444850
291.05966815,0.00440707
291.26932307,0.00393063
291.47899422,0.00018125
291.68868162,0.00475922
291.89838525,0.00206630
292.10810511,0.00552566
292.31784119,0.00216987
292.52759350,-0.00164164
292.73736204,0.00285346
292.94714679,0.00107199
293.15694776,0.00198344
293.36676494,0.00096842
293.57659834,0.00227345
293.78644794,-0.00131021
293.99631375,-0.00091663
294.20619576,0.00382705
294.41609397,0.00714141
294.62600838,0.00252202
294.83593898,0.00256345
295.04588578,0.00094770
295.25584876,-0.00116521
295.46582793,0.00028483
295.67582328,0.00136200
295.88583481,0.00076127
296.09586253,-0.00108235
296.30590641,0.00295703
296.51596647,0.00121699
296.72604270,-0.00075091
296.93613509,0.00548423
297.14624365,-0.00305025
297.35636837,0.00179701
297.56650925,0.00171415
297.77666629,0.00103056
297.98683947,-0.00064734
298.19702881,0.00368205
298.40723429,0.00225273
298.61745592,0.00223202
298.82769369,0.00480065
299.03794760,0.00809429
299.24821765,-0.00201451
299.45850383,0.00521494
299.66880614,0.00134128
299.87912458,-0.00033661
300.08945914,-0.00068877
300.29980983,0.00324704
300.51017663,0.00270846
300.72055955,0.00803215
300.93095859,0.00192129
301.14137374,0.00183844
301.35180499,-0.00099949
301.56225235,0.00158986
301.77271582,-0.00186951
301.98319538,0.01000005
302.19369105,-0.00311239
302.40420280,0.00067841
302.61473065,0.00641640
302.82527459,0.00216987
303.03583461,-0.00015018
303.24641072,-0.00035733
303.45700291,0.00310204
303.66761117,0.00221130
303.87823552,0.00527709
304.08887593,0.00324704
304.29953241,-0.00029519
304.51020496,-0.00164164
304.72089358,0.00589853
304.93159825,0.00378562
305.14231899,-0.00089591
305.35305578,0.00390991
305.56380862,0.00351633
305.77457752,0.00206630
305.98536246,0.00241845
306.19616344,0.00196272
306.40698047,0.00250131
306.61781354,0.00080270
306.82866264,0.00268774
307.03952778,0.00295703
307.25040895,0.00368205
307.46130614,0.00281203
307.67221937,-0.00023304
307.88314861,-0.00015018
308.09409387,0.00322632
308.30505515,0.00187986
308.51603245,0.00465564
308.72702576,-0.00021233
308.93803507,-0.00021233
309.14906039,0.00057483
309.36010172,0.00071984
309.57115904,0.00417920
309.78223236,0.00125842
309.99332168,0.00146557
310.20442699,0.00459350
310.41554829,0.00042983
310.62668557,0.00063698
310.83783884,0.00297775
311.04900809,-0.00213880
311.26019332,-0.00015018
311.47139452,0.00264631
311.68261169,0.00451064
311.89384484,0.00403420
312.10509395,0.00221130
312.31635903,0.00308132
312.52764007,0.00119628
312.73893706,-0.00033661
312.95025002,0.00206630
313.16157892,-0.00172450
313.37292378,0.00610568
313.58428458,0.00202487
313.79566133,0.00069912
314.00705402,0.00274988
314.21846266,0.00003625
314.42988722,-0.00151736
314.64132772,0.00221130
314.85278416,-0.00023304
315.06425652,0.00890217
315.27574480,-0.00133092
315.48724901,0.00337133
315.69876914,-0.00052305
315.91030518,0.00202487
316.12185715,-0.00004661
316.33342502,0.00163129
316.54500880,0.00322632
316.75660848,0.00419992
316.96822407,0.00084413
317.17985556,0.00227345
317.39150295,0.00190058
317.60316624,0.00376491
317.81484541,-0.00064734
318.02654048,0.00221130
318.23825143,0.00250131
318.44997826,0.00152771
318.66172098,0.00123771
318.87347957,0.00519423
319.08525404,0.00364062
319.29704439,0.00235630
319.50885060,0.00119628
319.72067268,0.00320561
319.93251063,0.00339204
320.14436443,0.00171415
320.35623410,0.00765928
320.56811962,0.00622996
320.78002100,-0.00060591
320.99193822,-0.00110306
321.20387130,-0.00112378
321.41582021,0.00165200
321.62778498,0.00538066
321.83976558,0.00301918
322.05176201,0.00500779
322.26377428,0.00038840
322.47580239,0.00556709
322.68784632,0.00446921
322.89990607,0.00210773
323.11198165,-0.00006732
323.32407305,0.00337133
323.53618027,0.00289489
323.74830330,0.00034697
323.96044215,0.00297775
324.17259680,0.00620925
324.38476726,0.00434492
324.59695352,-0.00044019
324.80915558,0.00080270
325.02137344,-0.00039876
325.23360710,-0.00050233
325.44585655,0.00488351
325.65812178,0.00235630
325.87040281,-0.00029519
326.08269962,0.00471779
326.29501221,-0.00145521
326.50734058,0.00463493
326.71968472,0.00129985
326.93204464,0.00738999
327.14442032,0.00567067
327.35681178,0.00337133
327.56921900,0.00071984
327.78164198,0.00045055
327.99408072,-0.00172450
328.20653522,0.00181772
328.41900547,-0.00068877
328.63149147,0.00221130
328.84399322,0.00125842
329.05651071,0.00293632
329.26904395,0.00016054
329.48159293,0.00438635
329.69415764,-0.00050233
329.90673809,0.00345419
330.11933427,0.00156914
330.33194617,0.00328847
330.54457381,0.00121699
330.75721716,-0.00257381
330.96987624,-0.00021233
331.18255104,0.00345419
331.39524154,0.00743142
331.60794777,0.00179701
331.82066970,-0.00002589
332.03340733,0.00289489
332.24616067,0.00591924
332.45892971,0.00121699
332.67171445,0.00192129
332.88451489,0.00138271
333.09733102,0.00243916
333.31016283,0.00107199
333.52301034,-0.00079234
333.73587352,-0.00046090
333.94875239,-0.00106163
334.16164694,0.00055412
334.37455717,-0.00336097
334.58748306,0.00289489
334.80042463,0.00353705
335.01338187,-0.00056448
335.22635477,0.00239773
335.43934333,0.00132057
335.65234755,0.00482136
335.86536743,0.00444850
336.07840296,0.00190058
336.29145415,-0.00077162
336.50452098,0.00299846
336.71760345,0.00136200
336.93070157,0.00169343
337.14381533,0.00233559
337.35694473,0.00082341
337.57008976,0.00550495
337.78325042,0.00045055
337.99642671,0.00144485
338.20961863,0.00318489
338.42282617,0.00509065
338.63604933,-0.00157950
338.84928810,0.00036769
339.06254250,0.00210773
339.27581250,0.00200415
339.48909812,0.00206630
339.70239934,0.00446921
339.91571616,0.00134128
340.12904859,0.00134128
340.34239661,-0.00271881
340.55576023,0.00426206
340.76913945,0.00397206
340.98253425,0.00295703
341.19594464,0.00419992
341.40937061,0.00216987
341.62281217,0.00200415
341.83626930,0.00819787
342.04974201,0.00080270
342.26323030,-0.00102020
342.47673415,0.00187986
342.69025357,0.00573281
342.90378856,0.00065769
343.11733911,0.00577424
343.33090522,-0.00035733
343.54448688,0.00123771
343.75808410,0.00038840
343.97169687,0.00053341
344.18532519,-0.00124806
344.39896906,0.00287417
344.61262847,-0.00064734
344.82630341,0.00442778
345.03999390,0.00248059
345.25369992,0.00666497
345.46742147,0.00803215
345.68115855,0.00417920
345.89491115,0.00283274
346.10867928,0.00034697
346.32246293,0.00250131
346.53626210,-0.00261524
346.75007679,-0.00114449
346.96390698,0.00260488
347.17775269,0.00129985
347.39161390,-0.00102020
347.60549061,0.00413777
347.81938283,0.00163129
348.03329055,0.00486279
348.24721376,0.00152771
348.46115246,0.00179701
348.67510665,-0.00015018
348.88907634,0.00154843
349.10306150,-0.00131021
349.31706215,-0.00120663
349.53107828,0.00177629
349.74510988,0.00117556
349.95915696,0.00399277
350.17321950,0.00353705
350.38729752,0.00606425
350.60139100,0.00074055
350.81549994,0.00142414
351.02962435,-0.00238738
351.24376421,0.00287417
351.45791952,0.00059555
351.67209028,0.00076127
351.88627650,0.00030554
352.10047816,0.00115485
352.31469526,0.00202487
352.52892780,0.00351633
352.74317578,0.00291560
352.95743919,0.00281203
353.17171804,0.00254274
353.38601232,0.00567067
353.60032202,-0.00228380
353.81464714,0.00544280
354.02898769,-0.00222166
354.24334365,-0.00106163
354.45771503,-0.00309168
354.67210182,0.00376491
354.88650403,0.00405491
355.10092164,0.00419992
355.31535465,0.00134128
355.52980306,0.00985505
355.74426687,0.00216987
355.95874608,0.00231487
356.17324069,0.00225273
356.38775068,-0.00102020
356.60227606,0.00239773
356.81681682,-0.00276024
357.03137297,-0.00050233
357.24594449,0.00206630
357.46053139,0.00577424
357.67513367,0.00645783
357.88975132,0.00318489
358.10438433,0.00036769
358.31903271,0.00279131
358.53369645,0.00100984
358.74837556,-0.00317454
358.96307002,0.00486279
359.17777983,0.00042983
359.39250499,0.00359919
359.60724551,0.00214916
359.82200137,0.00287417
360.03677257,0.00071984
360.25155911,0.00007768
360.46636100,0.00196272
360.68117821,-0.00296739
360.89601076,-0.00178665
361.11085864,0.00523566
361.32572184,-0.00352669
361.54060037,0.00316418
361.75549422,0.00546352
361.97040338,0.00504922
362.18532786,0.00337133
362.40026766,-0.00083377
362.61522276,0.00268774
362.83019318,0.00604353
363.04517889,0.00127914
363.26017991,0.00098913
363.47519623,0.00125842
363.69022784,0.00368205
363.90527474,0.00187986
364.12033694,0.00666497
364.33541442,-0.00112378
364.55050719,0.00049198
364.76561524,-0.00089591
364.98073857,0.00042983
365.19587718,-0.00000518
365.41103106,0.00252202
365.62620021,0.00055412
365.84138463,0.00065769
366.05658432,0.00109270
366.27179927,0.00351633
366.48702948,0.00047126
366.70227494,0.00069912
366.91753566,0.00154843
367.13281163,0.00059555
367.34810285,-0.00213880
367.56340932,0.00158986
367.77873103,-0.00008804
367.99406798,0.00382705
368.20942017,-0.00178665
368.42478759,0.00167272
368.64017025,0.00100984
368.85556813,0.00519423
369.07098125,0.00138271
369.28640958,0.00214916
369.50185314,0.00009840
369.71731191,0.00378562
369.93278590,-0.00230452
370.14827511,0.00351633
370.36377952,-0.00317454
370.57929914,-0.00035733
370.79483397,0.00571210
371.01038400,0.00142414
371.22594922,-0.00087520
371.44152965,0.00127914
371.65712526,0.00281203
371.87273607,-0.00269810
372.08836206,0.00560852
372.30400324,0.00399277
372.51965960,-0.00373384
372.73533114,0.00347490
372.95101786,0.00109270
373.16671976,0.00515280
373.38243682,0.00471779
373.59816905,0.00264631
373.81391645,-0.00157950
374.02967901,0.00268774
374.24545673,0.00096842
374.46124961,-0.00064734
374.67705764,0.00125842
374.89288082,0.00032626
375.10871916,0.00001554
375.32457264,0.00167272
375.54044126,0.00036769
375.75632503,0.00618854
375.97222393,0.00119628
376.18813797,-0.00317454
376.40406713,-0.00062662
376.62001143,0.00121699
376.83597086,-0.00193165
377.05194541,0.00161057
377.26793508,0.00372348
377.48393987,0.00382705
377.69995978,0.00492493
377.91599480,0.00057483
378.13204493,0.00328847
378.34811016,0.00473850
378.56419050,0.00600210
378.78028595,0.00295703
378.99639649,0.00036769
379.21252213,0.00030554
379.42866286,0.00401349
379.64481868,-0.00062662
379.86098960,0.00730713
380.07717559,0.00241845
380.29337667,0.00283274
380.50959283,0.00125842
380.72582407,0.00335061
380.94207038,0.00413777
381.15833176,0.00057483
381.37460821,0.00125842
381.59089972,0.00067841
381.80720630,0.00376491
382.02352794,0.00038840
382.23986464,0.00264631
382.45621639,0.00330918
382.67258319,0.00154843
382.88896505,0.00256345
383.10536195,0.00324704
383.32177389,0.00245988
383.53820087,0.00129985
383.75464289,0.00144485
383.97109995,0.00175558
384.18757204,-0.00189022
384.40405916,0.00134128
384.62056131,-0.00162093
384.83707848,0.00055412
385.05361067,0.00156914
385.27015788,0.00187986
385.48672011,0.00627139
385.70329735,0.00272917
385.91988960,0.00477993
386.13649686,0.00042983
386.35311912,0.00451064
386.56975639,0.00295703
386.78640865,0.00306061
387.00307592,0.00179701
387.21975817,0.00138271
387.43645542,0.00442778
387.65316765,0.00382705
387.86989487,0.00461421
388.08663707,0.00248059
388.30339426,0.00032626
388.52016641,0.00279131
388.73695355,0.00562924
388.95375565,0.00415849
389.17057273,-0.00021233
389.38740477,0.00488351
389.60425177,0.00538066
389.82111374,-0.00135164
390.03799066,0.00664426
390.25488253,0.00192129
390.47178936,0.00146557
390.68871114,0.00287417
390.90564787,0.00109270
391.12259954,0.00150700
391.33956614,0.00243916
391.55654769,0.00080270
391.77354418,0.00320561
391.99055559,0.00229416
392.20758194,0.00084413
392.42462321,0.00529780
392.64167941,0.00465564
392.85875053,0.00562924
393.07583657,0.00132057
393.29293752,0.00457278
393.51005339,0.00573281
393.72718417,0.00380634
393.94432986,0.00538066
394.16149045,0.00204558
394.37866594,0.00152771
394.59585634,0.00475922
394.81306163,0.00419992
395.03028181,0.00546352
395.24751689,0.00929575
395.46476685,0.00430349
395.68203170,0.00407563
395.89931143,0.00908860
396.11660604,0.00459350
396.33391553,0.00741071
396.55123990,0.00399277
396.76857913,0.00378562
396.98593324,0.00564995
397.20330221,-0.00085448
397.42068604,0.00428278
397.63808474,0.00233559
397.85549829,0.00560852
398.07292670,0.00674783
398.29036996,0.00662355
398.50782807,0.00678926
398.72530103,0.00807358
398.94278883,0.00419992
399.16029147,0.00770071
399.37780895,0.00277060
399.59534127,0.00780429
399.81288841,0.00683069
400.03045039,0.00714141
400.24802720,0.00939932
400.46561883,0.00388920
400.68322529,0.00405491
400.90084656,0.00368205
401.11848265,0.00709998
401.33613355,0.00252202
401.55379926,0.00482136
401.77147978,0.00830144
401.98917511,0.00763857
402.20688524,0.00395134
402.42461017,0.00480065
402.64234989,0.00562924
402.86010441,0.00272917
403.07787372,0.00614711
403.29565782,0.00589853
403.51345670,0.00409634
403.73127037,0.00680998
403.94909882,0.00287417
404.16694205,0.00819787
404.38480005,0.00494565
404.60267282,0.00658212
404.82056036,0.00475922
405.03846267,0.00931646
405.25637974,0.00908860
405.47431157,0.00757642
405.69225816,0.00390991
405.91021951,0.00401349
406.12819561,0.00194201
406.34618645,0.00351633
406.56419205,0.00374419
406.78221239,0.00521494
407.00024747,0.00809429
407.21829729,0.00067841
407.43636184,0.01014506
407.65444113,0.00685141
407.87253515,0.00784572
408.09064390,0.00757642
408.30876737,0.00738999
408.52690556,0.00884003
408.74505847,0.00602282
408.96322610,0.00985505
409.18140844,0.00506994
409.39960550,0.00581567
409.61781726,0.00761785
409.83604372,0.00714141
410.05428489,0.01089079
410.27254076,0.00345419
410.49081133,0.01116008
410.70909659,0.00863288
410.92739654,0.00567067
411.14571118,0.00987576
411.36404051,0.00722427
411.58238452,0.01140866
411.80074321,0.00676855
412.01911658,0.00873645
412.23750462,0.01093222
412.45590734,0.01029006
412.67432472,0.00763857
412.89275677,0.00987576
413.11120349,0.00782500
413.32966486,0.00633354
413.54814090,0.00732785
413.76663159,0.01020720
413.98513693,0.00600210
414.20365692,0.00322632
414.42219156,0.00670640
414.64074084,0.00393063
414.85930477,0.00838430
415.07788333,0.00380634
415.29647653,0.00577424
415.51508437,0.00357848
415.73370683,0.00772143
415.95234392,0.00689284
416.17099564,0.00720356
416.38966198,0.00867431
416.60834294,0.00765928
416.82703851,0.00923361
417.04574870,0.00293632
417.26447350,0.00618854
417.48321291,0.00716213
417.70196692,0.00438635
417.92073554,0.00734856
418.13951875,0.00954433
418.35831657,0.00225273
418.57712898,0.00347490
418.79595598,0.01182295
419.01479757,0.01211296
419.23365374,0.00894360
419.45252450,0.00535994
419.67140984,0.01174009
419.89030975,0.01008291
420.10922425,0.01412229
420.32815331,0.00691355
420.54709694,0.01002077
420.76605514,0.00689284
420.98502791,0.00898503
421.20401523,0.00622996
421.42301712,0.00622996
421.64203356,0.00910932
421.86106455,0.00654069
422.08011009,0.00596067
422.29917018,0.01132580
422.51824482,0.00577424
422.73733399,0.00627139
422.95643771,0.00991719
423.17555596,0.00846716
423.39468875,0.00585710
423.61383606,0.00801143
423.83299790,0.00637497
424.05217427,0.00799072
424.27136516,0.00948218
424.49057057,0.00790786
424.70979050,0.00792858
424.92902494,0.00805286
425.14827390,0.00842573
425.36753736,0.00765928
425.58681532,0.01343870
425.80610779,0.01072507
426.02541476,0.01221653
426.24473623,0.00724499
426.46407219,0.01031077
426.68342265,0.00345419
426.90278759,0.01022791
427.12216702,0.00780429
427.34156093,0.00680998
427.56096933,0.01190581
427.78039220,0.01269297
427.99982955,0.00844644
428.21928137,0.00811501
428.43874766,0.00538066
428.65822841,0.00983433
428.87772363,0.00881931
429.09723331,0.00730713
429.31675745,0.00332990
429.53629605,0.00384777
429.75584910,0.00826001
429.97541660,0.00923361
430.19499854,0.00610568
430.41459494,0.00875717
430.63420577,0.01124294
430.85383104,0.00944075
431.07347075,0.00913003
431.29312489,0.01248582
431.51279347,0.00776286
431.73247647,0.00823930
431.95217390,0.00718284
432.17188574,0.01095293
432.39161201,0.00606425
432.61135270,0.00542209
432.83110780,0.00815644
433.05087731,0.01192652
433.27066123,0.00645783
433.49045956,0.00828073
433.71027229,0.00886074
433.93009942,0.01000005
434.14994095,0.00950290
434.36979687,0.00935789
434.58966718,0.00892288
434.80955189,0.00826001
435.02945098,0.01020720
435.24936445,0.01702236
435.46929230,0.00817715
435.68923454,0.01053864
435.90919115,0.01113936
436.12916213,0.01026934
436.34914748,0.01176081
436.56914720,0.01178152
436.78916128,0.00983433
437.00918972,0.00973076
437.22923252,0.01074578
437.44928968,0.01151223
437.66936119,0.00863288
437.88944706,0.01323155
438.10954727,0.01068364
438.32966182,0.01238225
438.54979072,0.00960647
438.76993395,0.01557232
438.99009153,0.01418443
439.21026343,0.01267226
439.43044967,0.01408086
439.65065024,0.01749880
439.87086513,0.01105650
440.09109434,0.01089079
440.31133788,0.00933718
440.53159573,0.01702236
440.75186789,0.01093222
440.97215437,0.01033149
441.19245516,0.01497159
441.41277025,0.01002077
441.63309964,0.01157437
441.85344334,0.01586233
442.07380133,0.01426729
442.29417362,0.01517874
442.51456020,0.01072507
442.73496107,0.01321084
442.95537623,0.01302441
443.17580567,0.01466087
443.39624939,0.01754023
443.61670739,0.01360442
443.83717967,0.01391514
444.05766622,0.01555161
444.27816704,0.01899026
444.49868212,0.01265154
444.71921147,0.01412229
444.93975509,0.01397729
445.16031296,0.01538589
445.38088508,0.01596590
445.60147147,0.01584161
445.82207210,0.01151223
446.04268698,0.01468159
446.26331610,0.01876240
446.48395947,0.00997934
446.70461707,0.01381157
446.92528892,0.01279654
447.14597499,0.01671163
447.36667530,0.01196795
447.58738984,0.01793381
447.80811860,0.01555161
448.02886158,0.01130508
448.24961879,0.01424658
448.47039021,0.01464016
448.69117585,0.02265677
448.91197570,0.01577947
449.13278975,0.01118079
449.35361802,0.01321084
449.57446049,0.01366656
449.79531715,0.00813572
450.01618802,0.01147080
450.23707308,0.00917146
450.45797234,0.01718807
450.67888578,0.01132580
450.89981341,0.01122222
451.12075522,0.01671163
451.34171122,0.01453658
451.56268139,0.01809952
451.78366574,0.01679449
452.00466426,0.01716736
452.22567696,0.01244439
452.44670382,0.01542732
452.66774484,0.01000005
452.88880003,0.01944598
453.10986938,0.01252725
453.33095288,0.01374942
453.55205053,0.01211296
453.77316234,0.01254797
453.99428830,0.01298298
454.21542840,0.01292083
454.43658264,0.01613162
454.65775102,0.01300369
454.87893354,0.01600733
455.10013019,0.01625591
455.32134098,0.01946670
455.54256589,0.02077173
455.76380493,0.01182295
455.98505809,0.01439158
456.20632537,0.01789238
456.42760677,0.01627662
456.64890229,0.01437087
456.87021191,0.01867954
457.09153565,0.01652520
457.31287349,0.01733308
457.53422544,0.02234605
457.75559149,0.02044029
457.97697163,0.01507517
458.19836587,0.01919741
458.41977420,0.02054387
458.64119663,0.02247034
458.86263313,0.01691878
459.08408373,0.02039886
459.30554840,0.02070958
459.52702716,0.02613685
459.74851999,0.01590376
459.97002689,0.02360965
460.19154786,0.01894883
460.41308290,0.02238748
460.63463201,0.01946670
460.85619518,0.01567590
461.07777241,0.02019172
461.29936369,0.01907312
461.52096903,0.02180747
461.74258841,0.02505968
461.96422185,0.02095816
462.18586933,0.01948741
462.40753086,0.02416895
462.62920642,0.02346465
462.85089602,0.02081316
463.07259966,0.01923884
463.29431733,0.01735379
463.51604902,0.01996385
463.73779475,0.02012957
463.95955449,0.02207676
464.18132826,0.02578470
464.40311604,0.02195247
464.62491784,0.02110316
464.84673365,0.02137246
465.06856347,0.02421038
465.29040730,0.01853453
465.51226513,0.02398252
465.73413696,0.01901097
465.95602279,0.02344393
466.17792261,0.02325750
466.39983643,0.02684115
466.62176424,0.02383751
466.84370603,0.02804261
467.06566181,0.02149675
467.28763157,0.02655115
467.50961531,0.02286392
467.73161303,0.02456253
467.95362472,0.02466610
468.17565038,0.02690330
468.39769001,0.02584685
468.61974360,0.02508040
468.84181116,0.02675829
469.06389267,0.03034195
469.28598814,0.02659258
469.50809757,0.03288986
469.73022094,0.02924407
469.95235827,0.02959622
470.17450954,0.02491468
470.39667475,0.02224248
470.61885390,0.02431395
470.84104699,0.02756617
471.06325402,0.02984479
471.28547498,0.02352679
471.50770986,0.02725545
471.72995867,0.02120674
471.95222141,0.01735379
472.17449806,0.02147603
472.39678864,0.01994314
472.61909313,0.02325750
472.84141153,0.02093745
473.06374384,0.02856048
473.28609005,0.02530826
473.50845017,0.02153817
473.73082420,0.02282249
473.95321212,0.02060601
474.17561393,0.02261534
474.39802964,0.02153817
474.62045924,0.02106174
474.84290273,0.01824453
475.06536010,0.02508040
475.28783136,0.02568113
475.51031649,0.02491468
475.73281550,0.01762308
475.95532838,0.01801667
476.17785513,0.01965313
476.40039575,0.02557755
476.62295024,0.02056458
476.84551859,0.02379608
477.06810080,0.02539112
477.29069686,0.02367180
477.51330678,0.02035743
477.73593055,0.02851905
477.95856817,0.02224248
478.18121963,0.02549469
478.40388494,0.02621971
478.62656409,0.02661329
478.84925707,0.02247034
479.07196389,0.02534969
479.29468455,0.02557755
479.51741903,0.02812547
479.74016733,0.01963242
479.96292946,0.02168318
480.18570542,0.02667544
480.40849519,0.02031600
480.63129877,0.02508040
480.85411617,0.02278106
481.07694738,0.02157960
481.29979239,0.02323679
481.52265121,0.02191104
481.74552383,0.02309178
481.96841025,0.02265677
482.19131046,0.02255320
482.41422447,0.02170389
482.63715227,0.02336107
482.86009385,0.01957027
483.08304922,0.01718807
483.30601837,0.02027457
483.52900130,0.02240819
483.75199801,0.01965313
483.97500849,0.02242891
484.19803274,0.02336107
484.42107076,0.01793381
484.64412255,0.02487325
484.86718810,0.02110316
485.09026741,0.01300369
485.31336047,0.01629734
485.53646729,0.01776809
485.75958786,0.01546875
485.98272218,0.01764380
486.20587024,0.01345942
486.42903205,0.01919741
486.65220760,0.01787166
486.87539689,0.02182818
487.09859991,0.01886597
487.32181666,0.01923884
487.54504715,0.02218033
487.76829136,0.02027457
487.99154929,0.02514254
488.21482094,0.02284320
488.43810631,0.02102031
488.66140540,0.02646829
488.88471820,0.02545326
489.10804471,0.02586756
489.33138493,0.02758689
489.55473885,0.02667544
489.77810647,0.02938907
490.00148780,0.03065267
490.22488281,0.03170912
490.44829153,0.03630780
490.67171393,0.03177127
490.89515002,0.03755069
491.11859979,0.03781998
491.34206325,0.03763355
491.56554038,0.03293129
491.78903120,0.03844142
492.01253568,0.03110840
492.23605384,0.03680495
492.45958567,0.03881429
492.68313116,0.03591422
492.90669031,0.03249628
493.13026312,0.02911978
493.35384960,0.02682044
493.57744972,0.02499754
493.80106350,0.02588827
494.02469092,0.02737974
494.24833200,0.02876763
494.47198671,0.03156412
494.69565507,0.02630257
494.91933706,0.03274486
495.14303269,0.02822904
495.36674195,0.02704830
495.59046484,0.03034195
495.81420136,0.02491468
496.03795150,0.02402395
496.26171526,0.02172461
496.48549264,0.02719330
496.70928364,0.02613685
496.93308825,0.03063196
497.15690647,0.03328345
497.38073830,0.03253771
497.60458373,0.03740568
497.82844276,0.04428298
498.05231539,0.03779926
498.27620162,0.03591422
498.50010144,0.03632852
498.72401485,0.03643209
498.94794185,0.04496657
499.17188244,0.03860714
499.39583661,0.04142435
499.61980435,0.03920787
499.84378568,0.04463514
500.06778058,0.04467656
500.29178904,0.04716234
500.51581108,0.04121720
500.73984668,0.04272938
500.96389585,0.04397226
501.18795858,0.04138292
501.41203486,0.04892309
501.63612470,0.04169364
501.86022809,0.04575373
502.08434503,0.04407584
502.30847551,0.04525658
502.53261954,0.04260509
502.75677711,0.03869000
502.98094822,0.04107220
503.20513286,0.04270866
503.42933104,0.04330939
503.65354274,0.03893858
503.87776797,0.03883500
504.10200673,0.03707425
504.32625901,0.03815141
504.55052480,0.03595565
504.77480411,0.03340773
504.99909694,0.03340773
505.22340327,0.03649423
505.44772312,0.03400846
505.67205646,0.03166769
505.89640331,0.03199913
506.12076366,0.03059053
506.34513750,0.03168841
506.56952484,0.03220628
506.79392567,0.03272415
507.01833999,0.03467133
507.24276779,0.03585208
507.46720907,0.03369774
507.69166384,0.03284844
507.91613208,0.03270343
508.14061380,0.03429847
508.36510898,0.03220628
508.58961764,0.03479562
508.81413976,0.03549992
509.03867534,0.03844142
509.26322439,0.03249628
509.48778689,0.03593493
509.71236285,0.04001574
509.93695226,0.03885572
510.16155512,0.03873143
510.38617142,0.03879357
510.61080117,0.03744711
510.83544436,0.04076147
511.06010099,0.04018146
511.28477105,0.04776306
511.50945454,0.04500800
511.73415147,0.04096862
511.95886182,0.03978788
512.18358560,0.03887643
512.40832280,0.03218556
512.63307341,0.03583136
512.85783745,0.03562421
513.08261489,0.03409132
513.30740575,0.03547921
513.53221001,0.03572779
513.75702768,0.03535492
513.98185875,0.03320059
514.20670322,0.03344916
514.43156109,0.03197842
514.65643235,0.03185413
514.88131700,0.03090125
515.10621504,0.03578993
515.33112647,0.03278629
515.55605128,0.03332487
515.78098946,0.03715711
516.00594103,0.03079767
516.23090597,0.03170912
516.45588428,0.03674281
516.68087596,0.02804261
516.90588100,0.03473348
517.13089941,0.02818761
517.35593118,0.03077696
517.58097631,0.03189556
517.80603479,0.03313844
518.03110663,0.02638543
518.25619181,0.03143983
518.48129034,0.02673758
518.70640222,0.02990694
518.93152743,0.02990694
519.15666598,0.02868477
519.38181787,0.02785618
519.60698310,0.03075624
519.83216165,0.02690330
520.05735353,0.02387894
520.28255873,0.02472825
520.50777726,0.02576399
520.73300910,0.02746260
520.95825426,0.02547398
521.18351273,0.02911978
521.40878452,0.02856048
521.63406961,0.02414823
521.85936801,0.02545326
522.08467971,0.02236677
522.31000471,0.02408609
522.53534300,0.02358894
522.76069459,0.02727616
522.98605947,0.02965836
523.21143764,0.03052838
523.43682910,0.03193699
523.66223383,0.03201984
523.88765185,0.02994837
524.11308315,0.03286915
524.33852772,0.03525135
524.56398556,0.03054910
524.78945667,0.03324202
525.01494104,0.03313844
525.24043868,0.03500277
525.46594959,0.03916644
525.69147374,0.04310224
525.91701116,0.03541707
526.14256182,0.03454705
526.36812574,0.03077696
526.59370290,0.03363560
526.81929331,0.02982408
527.04489696,0.03158483
527.27051384,0.03092196
527.49614396,0.02748331
527.72178732,0.02897477
527.94744390,0.02876763
528.17311372,0.02682044
528.39879675,0.03013480
528.62449301,0.02945121
528.85020249,0.03554135
529.07592518,0.03299344
529.30166109,0.03249628
529.52741021,0.03982931
529.75317254,0.03893858
529.97894807,0.03378060
530.20473680,0.04268795
530.43053874,0.04069933
530.65635387,0.05271389
530.88218219,0.04262580
531.10802371,0.04587802
531.33387841,0.04805307
531.55974630,0.04881952
531.78562738,0.04983454
532.01152163,0.05236174
532.23742906,0.05022812
532.46334967,0.04809450
532.68928344,0.04782521
532.91523039,0.04809450
533.14119051,0.05099457
533.36716378,0.04925453
533.59315022,0.04910952
533.81914982,0.04811522
534.04516257,0.05903190
534.27118847,0.05101528
534.49722752,0.04995883
534.72327973,0.05232031
534.94934507,0.05464037
535.17542356,0.05845188
535.40151518,0.05838974
535.62761994,0.05134672
535.85373784,0.04993811
536.07986886,0.05832759
536.30601301,0.05401892
536.53217029,0.05441250
536.75834069,0.04807379
536.98452420,0.04991740
537.21072084,0.05582111
537.43693059,0.05621469
537.66315345,0.05227888
537.88938941,0.05157458
538.11563848,0.05281747
538.34190066,0.05540681
538.56817593,0.05240317
538.79446431,0.05097385
539.02076577,0.05142958
539.24708033,0.05393606
539.47340798,0.05455751
539.69974871,0.05325248
539.92610252,0.05716757
540.15246942,0.05389463
540.37884939,0.05439179
540.60524244,0.05921833
540.83164856,0.05710542
541.05806775,0.06112409
541.28450001,0.05905261
541.51094533,0.06582634
541.73740371,0.06414844
541.96387515,0.06607491
542.19035965,0.06133123
542.41685719,0.06938928
542.64336779,0.07021787
542.86989144,0.07726089
543.09642813,0.06350628
543.32297786,0.07059073
543.54954063,0.06485274
543.77611643,0.07518941
544.00270527,0.06675850
544.22930714,0.07278650
544.45592204,0.06578491
544.68254996,0.06624063
544.90919091,0.06168339
545.13584487,0.06435559
545.36251185,0.06363057
545.58919184,0.05841045
545.81588485,0.05849331
546.04259086,0.05737471
546.26930988,0.05741614
546.49604191,0.05992263
546.72278693,0.05544824
546.94954495,0.05824473
547.17631596,0.05867974
547.40309997,0.06518418
547.62989696,0.06276055
547.85670694,0.06789781
548.08352991,0.07661873
548.31036585,0.06858140
548.53721477,0.07318008
548.76407667,0.08007809
548.99095154,0.07616300
549.21783938,0.07471297
549.44474018,0.07380152
549.67165395,0.07562442
549.89858069,0.07858663
550.12552038,0.07564514
550.35247302,0.07148147
550.57943862,0.07537584
550.80641717,0.07301436
551.03340866,0.07645301
551.26041310,0.07788233
551.48743048,0.08165242
551.71446081,0.08241886
551.94150406,0.08587823
552.16856025,0.09126407
552.39562937,0.09124335
552.62271142,0.08761827
552.84980640,0.08884044
553.07691429,0.09186479
553.30403511,0.08879901
553.53116884,0.08765970
553.75831549,0.09339769
553.98547505,0.09530345
554.21264752,0.09669133
554.43983289,0.09662919
554.66703116,0.10520510
554.89424234,0.10694514
555.12146641,0.10986592
555.34870338,0.10634441
555.57595324,0.11448532
555.80321599,0.11446460
556.03049162,0.11040451
556.25778014,0.10901662
556.48508154,0.11245527
556.71239582,0.11521033
556.93972297,0.11373958
557.16706300,0.10984521
557.39441589,0.10999021
557.62178165,0.11585249
557.84916028,0.11123310
558.07655177,0.11496176
558.30395611,0.12049260
558.53137331,0.12376553
558.75880337,0.12507056
558.98624627,0.12368267
559.21370202,0.12652059
559.44117062,0.12163191
559.66865206,0.12881993
559.89614634,0.13111927
560.12365345,0.12873707
560.35117340,0.13047711
560.57870618,0.13022854
560.80625179,0.12364124
561.03381022,0.12509127
561.26138148,0.13302503
561.48896555,0.13625653
561.71656244,0.13990233
561.94417215,0.13969518
562.17179467,0.13849373
562.39942999,0.13352218
562.62707812,0.13196858
562.85473906,0.13259002
563.08241279,0.13426791
563.31009933,0.12250193
563.53779866,0.13300431
563.76551078,0.12904779
563.99323568,0.12956566
564.22097338,0.12888208
564.44872386,0.12668631
564.67648712,0.12562986
564.90426316,0.12318552
565.13205197,0.12417982
565.35985356,0.13033211
565.58766792,0.13211358
565.81549504,0.13298360
566.04333493,0.13633939
566.27118758,0.12413840
566.49905298,0.12753562
566.72693115,0.12778419
566.95482207,0.12958638
567.18272573,0.12701775
567.41064215,0.12685203
567.63857131,0.12683131
567.86651321,0.12929637
568.09446785,0.12268836
568.32243523,0.12910994
568.55041534,0.12533985
568.77840819,0.12898565
569.00641376,0.12243978
569.23443206,0.12581629
569.46246308,0.12666560
569.69050682,0.13010425
569.91856327,0.12596129
570.14663244,0.12647916
570.37471433,0.12362053
570.60280892,0.12500842
570.83091622,0.12181834
571.05903622,0.12542271
571.28716892,0.12212906
571.51531432,0.12625130
571.74347241,0.12732847
571.97164320,0.12279194
572.19982667,0.12196335
572.42802284,0.12159048
572.65623168,0.11885613
572.88445321,0.11856612
573.11268742,0.11444389
573.34093430,0.11458889
573.56919385,0.12078260
573.79746608,0.11599749
574.02575097,0.11974687
574.25404853,0.11763396
574.48235874,0.11349101
574.71068162,0.11717823
574.93901715,0.10866447
575.16736534,0.12034759
575.39572618,0.11574892
575.62409966,0.11713681
575.85248579,0.11711609
576.08088456,0.11421602
576.30929597,0.11999544
576.53772002,0.11431960
576.76615671,0.11746824
576.99460602,0.12606487
577.22306796,0.12301980
577.45154253,0.12782562
577.68002972,0.12799134
577.90852953,0.12293694
578.13704196,0.12264693
578.36556700,0.12523628
578.59410465,0.11949829
578.82265492,0.12440769
579.05121779,0.12594058
579.27979326,0.12026473
579.50838133,0.11574892
579.73698201,0.12043045
579.96559527,0.11630821
580.19422113,0.11993330
580.42285958,0.11318029
580.65151062,0.11597678
580.88017424,0.10967949
581.10885044,0.11063237
581.33753922,0.11212383
581.56624057,0.10350649
581.79495450,0.10228432
582.02368100,0.09965355
582.25242007,0.09936354
582.48117170,0.10139359
582.70993589,0.10570226
582.93871264,0.10539153
583.16750195,0.09712634
583.39630381,0.09548988
583.62511822,0.09729206
583.85394518,0.09838995
584.08278469,0.09917711
584.31163674,0.10010927
584.54050133,0.10104143
584.76937845,0.10663442
584.99826811,0.11013522
585.22717030,0.11228955
585.45608502,0.10876804
585.68501226,0.12036831
585.91395203,0.12285408
586.14290432,0.12884065
586.37186912,0.12285408
586.60084644,0.12786705
586.82983628,0.13037354
587.05883862,0.13161642
587.28785347,0.13505508
587.51688082,0.14002662
587.74592067,0.13888731
587.97497302,0.14524674
588.20403787,0.14137308
588.43311520,0.15121259
588.66220503,0.15197904
588.89130735,0.15040471
589.12042215,0.14920326
589.34954943,0.15856633
589.57868919,0.15032186
589.80784142,0.15724059
590.03700613,0.15365693
590.26618331,0.15589413
590.49537296,0.15373979
590.72457507,0.14468744
590.95378964,0.13766514
591.18301667,0.14593033
591.41225616,0.13915660
591.64150811,0.13433006
591.87077250,0.14124879
592.10004934,0.14495673
592.32933863,0.14029591
592.55864036,0.13698155
592.78795453,0.13594581
593.01728114,0.14046163
593.24662018,0.14151808
593.47597165,0.13681583
593.70533555,0.14458387
593.93471188,0.15392622
594.16410063,0.15175117
594.39350180,0.15311835
594.62291539,0.15224833
594.85234140,0.15110902
595.08177981,0.15697129
595.31123064,0.15019757
595.54069387,0.15278691
595.77016951,0.15504482
595.99965755,0.15690915
596.22915798,0.15189618
596.45867081,0.15367765
596.68819604,0.14520531
596.91773365,0.14097950
597.14728365,0.14321669
597.37684603,0.15475481
597.60642080,0.14994899
597.83600795,0.15993351
598.06560747,0.16534006
598.29521936,0.16681081
598.52484363,0.17254880
598.75448026,0.18191187
598.98412926,0.18472908
599.21379062,0.18392120
599.44346434,0.18862345
599.67315042,0.19440287
599.90284885,0.19510717
600.13255963,0.20036872
600.36228276,0.19315999
600.59201824,0.19133709
600.82176606,0.19525218
601.05152622,0.19106779
601.28129871,0.19519003
601.51108354,0.20384880
601.74088070,0.20921393
601.97069019,0.22197422
602.20051201,0.22329997
602.43034615,0.23160659
602.66019261,0.23755172
602.89005139,0.25085060
603.11992249,0.24623121
603.34980589,0.25362638
603.57970161,0.24602406
603.80960963,0.25803862
604.03952996,0.27142036
604.26946259,0.28165345
604.49940751,0.29594664
604.72936474,0.30373539
604.95933425,0.30336252
605.18931606,0.30928695
605.41931015,0.31722070
605.64931653,0.31916789
605.87933519,0.31877431
606.10936612,0.32927669
606.33940934,0.32544446
606.56946483,0.33677544
606.79953259,0.33625757
607.02961261,0.34723639
607.25970490,0.35568801
607.48980946,0.35367868
607.71992627,0.34707067
607.95005534,0.35827736
608.18019667,0.35332653
608.41035024,0.35800807
608.64051607,0.35543944
608.87069414,0.36277246
609.10088445,0.35742806
609.33108700,0.36314533
609.56130179,0.36629397
609.79152882,0.37789424
610.02176808,0.37232197
610.25201956,0.37917856
610.48228328,0.38499940
610.71255921,0.38640801
610.94284737,0.38961880
611.17314775,0.38584871
611.40346034,0.37573991
611.63378514,0.34959787
611.86412215,0.33008457
612.09447137,0.31778000
612.32483280,0.30750548
612.55520642,0.28875862
612.78559225,0.27537688
613.01599027,0.26062797
613.24640048,0.25343995
613.47682288,0.24270970
613.70725747,0.23280804
613.93770425,0.22017204
614.16816321,0.22039990
614.39863434,0.21493120
614.62911766,0.21818342
614.85961314,0.22294781
615.09012080,0.23187588
615.32064063,0.23247661
615.55117262,0.23276661
615.78171677,0.23840103
616.01227308,0.23450665
616.24284156,0.22976297
616.47342218,0.22620003
616.70401496,0.22029632
616.93461988,0.21772769
617.16523695,0.21795556
617.39586617,0.20958679
617.62650752,0.21358474
617.85716101,0.20335165
618.08782664,0.20279235
618.31850440,0.20007872
618.54919429,0.19864940
618.77989630,0.19724079
619.01061044,0.19487931
619.24133670,0.18555767
619.47207508,0.18149757
619.70282557,0.17745820
619.93358818,0.18218116
620.16436289,0.17296309
620.39514972,0.17364668
620.62594864,0.16712153
620.85675967,0.16558864
621.08758280,0.16440789
621.31841802,0.15773774
621.54926534,0.15067401
621.78012475,0.14213952
622.01099624,0.13515865
622.24187982,0.12931709
622.47277549,0.13176143
622.70368323,0.13256930
622.93460305,0.12324766
623.16553494,0.12355838
623.39647890,0.11964329
623.62743493,0.11649465
623.85840303,0.11394673
624.08938319,0.10574369
624.32037541,0.10454223
624.55137968,0.10468723
624.78239602,0.10313363
625.01342440,0.09990212
625.24446483,0.10448009
625.47551731,0.10941020
625.70658183,0.11450603
625.93765839,0.11398816
626.16874699,0.12121761
626.39984763,0.10831232
626.63096029,0.11400888
626.86208499,0.10953449
627.09322171,0.11133667
627.32437046,0.11013522
627.55553123,0.11355315
627.78670401,0.11224812
628.01788882,0.11775825
628.24908563,0.12805349
628.48029446,0.12001616
628.71151529,0.12581629
628.94274813,0.12664488
629.17399296,0.13294217
629.40524980,0.13169928
629.63651863,0.13511722
629.86779946,0.13227930
630.09909228,0.13495150
630.33039709,0.14236739
630.56171388,0.15827632
630.79304265,0.16072067
631.02438340,0.16886157
631.25573613,0.17961253
631.48710084,0.18503980
631.71847751,0.19137852
631.94986615,0.20573385
632.18126676,0.21346045
632.41267933,0.20884106
632.64410387,0.21022895
632.87554035,0.21855628
633.10698880,0.23338805
633.33844919,0.24161182
633.56992154,0.25273564
633.80140583,0.26348661
634.03290207,0.26185014
634.26441024,0.25360566
634.49593035,0.24877912
634.72746240,0.24076251
634.95900638,0.24171539
635.19056229,0.24525761
635.42213013,0.25358495
635.65370989,0.25673359
635.88530158,0.25752075
636.11690518,0.27075749
636.34852069,0.26926602
636.58014812,0.27784194
636.81178746,0.28865504
637.04343871,0.28293777
637.27510187,0.28401494
637.50677692,0.29963387
637.73846387,0.30265822
637.97016272,0.30994982
638.20187347,0.30997053
638.43359610,0.30808549
638.66533062,0.32128079
638.89707703,0.32527874
639.12883532,0.31477636
639.36060549,0.31110985
639.59238754,0.30546585
639.82418146,0.31781200
640.05598725,0.30992289
640.28780491,0.31397799
640.51963444,0.31908606
640.75147583,0.31512489
640.98332908,0.30568482
641.21519419,0.30704327
641.44707115,0.30735556
641.67895997,0.30794043
641.91086063,0.29303540
642.14277314,0.28842330
642.37469750,0.27924639
642.60663369,0.28241405
642.83858172,0.28516612
643.07054159,0.28099282
643.30251329,0.27658463
643.53449683,0.28368739
643.76649218,0.28698692
643.99849937,0.27201144
644.23051837,0.27258309
644.46254919,0.26709477
644.69459183,0.26814982
644.92664628,0.26505656
645.15871254,0.26027514
645.39079061,0.24283781
645.62288049,0.24198437
645.85498217,0.24166748
646.08709564,0.23965531
646.31922091,0.23019677
646.55135798,0.22663903
646.78350684,0.23018627
647.01566748,0.23474331
647.24783991,0.22874247
647.48002413,0.23204666
647.71222012,0.22925426
647.94442789,0.22297795
648.17664744,0.22677778
648.40887875,0.22869626
648.64112184,0.21523557
648.87337669,0.21843127
649.10564331,0.20691844
649.33792168,0.22128865
649.57021181,0.21627486
649.80251370,0.21998840
650.03482734,0.21646249
650.26715273,0.22446780
650.49948987,0.21990269
650.73183875,0.22566124
650.96419937,0.22493330
651.19657173,0.22185202
651.42895582,0.23323157
651.66135165,0.24163618
651.89375921,0.23195374
652.12617849,0.23154394
652.35860950,0.24149645
652.59105224,0.24426424
652.82350669,0.24080090
653.05597285,0.25141194
653.28845073,0.24105891
653.52094032,0.24608298
653.75344162,0.25917984
653.98595462,0.26165561
654.21847933,0.25603627
654.45101573,0.26292057
654.68356383,0.27150489
654.91612363,0.27552825
655.14869511,0.27055598
655.38127829,0.29017301
655.61387315,0.28619624
655.84647969,0.29157793
656.07909792,0.29852808
656.31172782,0.29676978
656.54436939,0.28366409
656.77702264,0.28039123
657.00968756,0.28411754
657.24236414,0.28805600
657.47505238,0.29253597
657.70775229,0.29866884
657.94046385,0.30036087
658.17318707,0.31659520
658.40592195,0.31562011
658.63866847,0.32407596
658.87142663,0.33182924
659.10419645,0.33189647
659.33697790,0.33839100
659.56977099,0.34435574
659.80257572,0.33953647
660.03539208,0.33718555
660.26822007,0.33385114
660.50105969,0.32420833
660.73391093,0.32887292
660.96677380,0.32528360
661.19964828,0.33235560
661.43253438,0.33529734
661.66543209,0.34058070
661.89834142,0.34125880
662.13126235,0.34006411
662.36419489,0.33423188
662.59713903,0.34365073
662.83009477,0.33454788
663.06306210,0.32129309
663.29604103,0.32252289
663.52903155,0.32074425
663.76203367,0.30879361
663.99504736,0.31577962
664.22807264,0.30962619
664.46110950,0.30861881
664.69415794,0.30734030
664.92721795,0.30059647
665.16028953,0.29344553
665.39337269,0.29770212
665.62646740,0.28597272
665.85957369,0.28388062
666.09269153,0.28934562
666.32582093,0.29183776
666.55896189,0.28880892
666.79211440,0.28737073
667.02527846,0.29501447
667.25845406,0.27972698
667.49164121,0.27827695
667.72483991,0.28326920
667.95805014,0.28206775
668.19127190,0.28043128
668.42450520,0.27804908
668.65775003,0.27030176
668.89100639,0.27202109
669.12427427,0.27241467
669.35755368,0.26530950
669.59084460,0.26675954
669.82414704,0.27113035
670.05746099,0.27316040
670.29078646,0.27767622
670.52412343,0.27214538
670.75747191,0.27183465
670.99083189,0.27840123
671.22420337,0.26849958
671.45758635,0.27208323
671.69098082,0.28730858
671.92438678,0.27717906
672.15780424,0.28415994
672.39123317,0.28998079
672.62467360,0.31127556
672.85812550,0.33031243
673.09158888,0.34756783
673.32506373,0.36036955
673.55855006,0.37472488
673.79204785,0.37503560
674.02555712,0.38009001
674.25907784,0.38232720
674.49261003,0.38922522
674.72615367,0.38553799
674.95970878,0.39978975
675.19327533,0.40940140
675.42685333,0.41719015
675.66044278,0.42006950
675.89404368,0.44782728
676.12765601,0.44165428
676.36127979,0.44447149
676.59491500,0.44965018
676.82856165,0.44606653
677.06221972,0.43705560
677.29588922,0.44169571
677.52957015,0.42257598
677.76326250,0.40836566
677.99696627,0.39676539
678.23068146,0.39152455
678.46440806,0.38195433
678.69814607,0.36132243
678.93189549,0.34081482
679.16565631,0.35510800
679.39942854,0.32900740
679.63321217,0.32573447
679.86700720,0.32242011
680.10081361,0.30653188
680.33463143,0.30709118
680.56846063,0.29472447
680.80230121,0.30330038
681.03615318,0.30156034
681.27001653,0.30004816
681.50389126,0.30779548
681.73777736,0.30835478
681.97167484,0.29897099
682.20558368,0.29986173
682.43950390,0.30100104
682.67343547,0.29147225
682.90737841,0.27827695
683.14133270,0.27775908
683.37529836,0.27558403
683.60927536,0.26634524
683.84326371,0.25779005
684.07726341,0.25145133
684.31127446,0.25064345
684.54529685,0.25327423
684.77933057,0.24766053
685.01337564,0.25520070
685.24743203,0.26058654
685.48149976,0.27564617
685.71557881,0.28488496
685.94966919,0.29180369
686.18377090,0.29433089
686.41788392,0.29905385
686.65200826,0.29621593
686.88614391,0.30359039
687.12029088,0.30243036
687.35444915,0.30572401
687.58861873,0.29273585
687.82279961,0.29174154
688.05699179,0.28728787
688.29119527,0.28397351
688.52541004,0.29060223
688.75963611,0.29563592
688.99387346,0.29754168
689.22812210,0.30191249
689.46238203,0.30961838
689.69665323,0.31021911
689.93093571,0.32683235
690.16522947,0.34261700
690.39953450,0.36337319
690.63385080,0.35862951
690.86817837,0.37677564
691.10251720,0.37493203
691.33686730,0.39239457
691.57122865,0.38839663
691.80560125,0.39585394
692.03998511,0.37538775
692.27438023,0.39682753
692.50878658,0.38404653
692.74320419,0.40565202
692.97763303,0.39189742
693.21207312,0.40844852
693.44652444,0.39483892
693.68098699,0.39653753
693.91546077,0.39664110
694.14994579,0.41002284
694.38444203,0.40345626
694.61894949,0.41236361
694.85346817,0.42930828
695.08799806,0.43705560
695.32253918,0.42386030
695.55709150,0.43643416
695.79165503,0.45578175
696.02622977,0.45760465
696.26081571,0.46313549
696.49541285,0.47243642
696.73002119,0.47587507
696.96464072,0.47765654
697.19927145,0.46947421
697.43391336,0.46147831
697.66856647,0.45039591
697.90323075,0.46371550
698.13790622,0.46267977
698.37259286,0.48646031
698.60729068,0.49547123
698.84199967,0.50860439
699.07671984,0.52610837
699.31145117,0.54539381
699.54619366,0.57182585
699.78094731,0.58939197
700.01571213,0.61406325
700.25048810,0.61922123
700.48527522,0.65835142
700.72007349,0.66628517
700.95488292,0.67527538
701.18970348,0.68637849
701.42453519,0.70649252
701.65937804,0.71579345
701.89423202,0.71890067
702.12909714,0.70087882
702.36397339,0.70361317
702.59886077,0.70071311
702.83375927,0.68776638
703.06866889,0.67635254
703.30358964,0.66102362
703.53852150,0.65190912
703.77346448,0.67262389
704.00841857,0.66309510
704.24338376,0.68223554
704.47836007,0.67970834
704.71334748,0.67660112
704.94834598,0.67378391
705.18335559,0.66771449
705.41837629,0.64617114
705.65340808,0.64666829
705.88845096,0.64080601
706.12350493,0.64277391
706.35856998,0.64735188
706.59364612,0.65886928
706.82873333,0.68206982
707.06383161,0.69924236
707.29894097,0.70425533
707.53406141,0.72215289
707.76919290,0.73978115
708.00433546,0.75521365
708.23948909,0.77487196
708.47465377,0.77849704
708.70982951,0.77377407
708.94501630,0.77596984
709.18021414,0.77211689
709.41542303,0.77588698
709.65064297,0.75788585
709.88587395,0.74276407
710.12111597,0.72453508
710.35636902,0.69524441
710.59163311,0.68447273
710.82690823,0.65853785
711.06219437,0.62868788
711.29749155,0.62319846
711.53279974,0.61669403
711.76811896,0.62193486
712.00344920,0.62218344
712.23879044,0.64103387
712.47414270,0.64320892
712.70950597,0.66023646
712.94488025,0.67399106
713.18026553,0.69762661
713.41566181,0.70440033
713.65106908,0.71502701
713.88648736,0.72051642
714.12191662,0.72474223
714.35735688,0.71788564
714.59280812,0.72457651
714.82827034,0.71678776
715.06374355,0.69754375
715.29922774,0.67871403
715.53472290,0.68652349
715.77022903,0.65812355
716.00574614,0.66241151
716.24127421,0.66545658
716.47681324,0.65427061
716.71236324,0.64610899
716.94792420,0.64956836
717.18349611,0.63452944
717.41907898,0.62189343
717.65467280,0.60362301
717.89027757,0.59585498
718.12589328,0.57250944
718.36151993,0.56260778
718.59715752,0.54833531
718.83280605,0.53723220
719.06846552,0.53994583
719.30413591,0.52952631
719.53981724,0.52886343
719.77550949,0.54686456
720.01121266,0.54642955
720.24692676,0.55900341
720.48265177,0.55943842
720.71838769,0.57178442
720.95413453,0.57866172
721.18989228,0.58375755
721.42566093,0.55641407
721.66144049,0.54564239
721.89723095,0.53524358
722.13303231,0.52090896
722.36884456,0.52911201
722.60466770,0.54626383
722.84050173,0.54645027
723.07634666,0.55005464
723.31220246,0.55243683
723.54806915,0.53433213
723.78394671,0.53826794
724.01983515,0.52345688
724.25573447,0.50460645
724.49164465,0.49178401
724.72756571,0.47606150
724.96349762,0.47247785
725.19944040,0.45043734
725.43539404,0.42827254
725.67135854,0.41770802
725.90733388,0.40581774
726.14332008,0.40842780
726.37931713,0.39003309
726.61532503,0.37157624
726.85134376,0.35693090
727.08737334,0.34547564
727.32341375,0.33876405
727.55946500,0.32971170
727.79552708,0.33609185
728.03159998,0.34392203
728.26768372,0.34394274
728.50377827,0.36505109
728.73988365,0.36772329
728.97599985,0.36602468
729.21212686,0.38002786
729.44826468,0.38013144
729.68441331,0.38009001
729.92057275,0.37640278
730.15674299,0.37406201
730.39292403,0.36929761
730.62911587,0.34961859
730.86531851,0.33103745
731.10153194,0.32722593
731.33775616,0.31612282
731.57399117,0.30075246
731.81023696,0.28509210
732.04649353,0.28339349
732.28276088,0.26949389
732.51903901,0.26220229
732.75532791,0.25646430
732.99162758,0.24616906
733.22793802,0.23369878
733.46425923,0.22949368
733.70059119,0.22245066
733.93693392,0.22419070
734.17328740,0.21824556
734.40965164,0.22348640
734.64602662,0.22137349
734.88241236,0.22771221
735.11880884,0.23266304
735.35521607,0.22980440
735.59163403,0.23258018
735.82806273,0.23705457
736.06450217,0.23655741
736.30095234,0.24142538
736.53741323,0.24128038
736.77388486,0.25111989
737.01036720,0.24797125
737.24686027,0.25290136
737.48336406,0.26390090
737.71987856,0.27574974
737.95640377,0.29265299
738.19293969,0.29263228
738.42948632,0.30497828
738.66604365,0.32302083
738.90261169,0.31765571
739.13919042,0.31699284
739.37577985,0.32034863
739.61237997,0.32577590
739.84899078,0.32368371
740.08561228,0.31545995
740.32224446,0.30916266
740.55888732,0.29503519
740.79554087,0.28751573
741.03220509,0.26738098
741.26887998,0.26027582
741.50556555,0.24639693
741.74226178,0.23287019
741.97896868,0.22874795
742.21568624,0.22427356
742.45241446,0.20322736
742.68915333,0.19958156
742.92590286,0.19991300
743.16266304,0.19964371
743.39943387,0.19647435
743.63621535,0.19274569
743.87300747,0.19284926
744.10981023,0.18356905
744.34662363,0.17984039
744.58344766,0.18448050
744.82028232,0.18354834
745.05712761,0.18184972
745.29398353,0.18483265
745.53085007,0.17965396
745.76772724,0.17839036
746.00461502,0.18025469
746.24151341,0.16859228
746.47842242,0.17254880
746.71534204,0.17250737
746.95227227,0.16882014
747.18921310,0.17503457
747.42616453,0.17236236
747.66312656,0.17700247
747.90009918,0.17089162
748.13708240,0.18075184
748.37407621,0.18481194
748.61108061,0.18394192
748.84809559,0.18781558
749.08512115,0.18851988
749.32215730,0.18319618
749.55920401,0.18605482
749.79626131,0.19396786
750.03332917,0.19419572
750.27040760,0.19411286
750.50749660,0.20318593
750.74459616,0.20770175
750.98170628,0.19794510
751.21882695,0.20500883
751.45595818,0.19947799
751.69309997,0.21203113
751.93025230,0.20264735
752.16741517,0.19251783
752.40458859,0.19191710
752.64177256,0.18607554
752.87896705,0.18773272
753.11617209,0.18309261
753.35338765,0.18938990
753.59061374,0.18338262
753.82785037,0.18994920
754.06509751,0.19228997
754.30235518,0.20223305
754.53962336,0.21571836
754.77690206,0.21762412
755.01419127,0.22257495
755.25149099,0.23104729
755.48880122,0.23500381
755.72612195,0.23701314
755.96345319,0.23958177
756.20079492,0.23233160
756.43814715,0.22284424
756.67550987,0.22758792
756.91288309,0.22180850
757.15026679,0.21820413
757.38766097,0.22052419
757.62506564,0.21051896
757.86248079,0.20115588
758.09990641,0.20094874
758.33734251,0.20016158
758.57478908,0.20115588
758.81224612,0.20049301
759.04971362,0.19798653
759.28719159,0.19212425
759.52468001,0.18406620
759.76217889,0.18537123
759.99968823,0.17466170
760.23720802,0.16817798
760.47473826,0.15800703
760.71227894,0.15753059
760.94983007,0.15800703
761.18739164,0.15239333
761.42496364,0.14448029
761.66254608,0.14880968
761.90013895,0.15297335
762.13774226,0.15605984
762.37535598,0.15545912
762.61298014,0.15842133
762.85061471,0.16144568
763.08825970,0.16598222
763.32591511,0.16940015
763.56358093,0.16908943
763.80125716,0.17217593
764.03894380,0.18497765
764.27664084,0.19313927
764.51434829,0.19485860
764.75206613,0.20260592
764.98979437,0.20415952
765.22753300,0.19709579
765.46528203,0.20658315
765.70304144,0.21198970
765.94081124,0.21629838
766.17859142,0.21660910
766.41638197,0.22746363
766.65418291,0.22035847
766.89199422,0.22356926
767.12981590,0.20983537
767.36764795,0.21321188
767.60549036,0.20579599
767.84334314,0.21192756
768.08120628,0.20409738
768.31907977,0.19833868
768.55696362,0.19537646
768.79485782,0.19137852
769.03276238,0.18232616
769.27067727,0.19139923
769.50860251,0.18131114
769.74653809,0.19218639
769.98448401,0.19730294
770.22244027,0.19189638
770.46040685,0.20447025
770.69838377,0.19765509
770.93637101,0.19626720
771.17436858,0.19510717
771.41237647,0.20322736
771.65039468,0.20223305
771.88842320,0.20741174
772.12646204,0.20701816
772.36451118,0.20355880
772.60257064,0.20210876
772.84064039,0.19338785
773.07872045,0.18814701
773.31681081,0.18508123
773.55491147,0.18578553
773.79302242,0.19245568
774.03114366,0.18688341
774.26927519,0.17917752
774.50741700,0.17358453
774.74556910,0.17319095
774.98373147,0.17861822
775.22190413,0.18474979
775.46008705,0.18155972
775.69828025,0.17961253
775.93648372,0.18738057
776.17469745,0.18808487
776.41292145,0.18564053
776.65115570,0.18184972
776.88940022,0.18630340
777.12765499,0.17694033
777.36592001,0.17843179
777.60419528,0.17188592
777.84248079,0.16753582
778.08077655,0.15978850
778.31908256,0.16016137
778.55739879,0.14626176
778.79572527,0.14829181
779.03406198,0.14160094
779.27240891,0.13675369
779.51076608,0.13621510
779.74913346,0.13772728
779.98751107,0.13404005
780.22589890,0.14580604
780.46429695,0.12898565
780.70270520,0.12971067
780.94112367,0.12057546
781.17955235,0.12832278
781.41799123,0.11514819
781.65644031,0.11862827
781.89489959,0.11117095
782.13336907,0.11365673
782.37184874,0.11135739
782.61033861,0.11701252
782.84883866,0.11997473
783.08734890,0.11574892
783.32586931,0.11340815
783.56439991,0.11647393
783.80294069,0.11562463
784.04149164,0.12140405
784.28005276,0.12606487
784.51862406,0.14180809
784.75720551,0.13975733
784.99579713,0.14659320
785.23439891,0.15873205
785.47301085,0.15937421
785.71163295,0.16312358
785.95026519,0.17149234
786.18890759,0.17080876
786.42756013,0.17225879
786.66622282,0.16618936
786.90489564,0.17478599
787.14357861,0.16291643
787.38227171,0.16179783
787.62097494,0.15831775
787.85968831,0.15953993
788.09841180,0.14802252
788.33714541,0.14466673
788.57588915,0.13696083
788.81464301,0.14000590
789.05340698,0.13578009
789.29218106,0.13217572
789.53096526,0.13540723
789.76975956,0.12846778
790.00856397,0.13294217
790.24737848,0.13859730
790.48620309,0.13060140
790.72503780,0.13965375
790.96388260,0.14095878
791.20273749,0.14021305
791.44160247,0.13296288
791.68047754,0.13246573
791.91936269,0.13107784
792.15825792,0.13024925
792.39716323,0.13031139
792.63607861,0.12438697
792.87500406,0.11782039
793.11393958,0.12855064
793.35288517,0.12192192
793.59184082,0.11968472
793.83080653,0.11585249
794.06978230,0.11796540
794.30876813,0.12529842
794.54776401,0.11949829
794.78676993,0.11492033
795.02578591,0.12270908
795.26481193,0.12349624
795.50384798,0.11993330
795.74289408,0.13014568
795.98195022,0.12780491
796.22101638,0.12502913
796.46009258,0.12198406
796.69917880,0.13004210
796.93827505,0.12488413
797.17738132,0.12714204
797.41649761,0.12656202
797.65562392,0.13410220
797.89476024,0.14000590
798.13390657,0.13834872
798.37306290,0.14439743
798.61222925,0.13426791
798.85140559,0.14288526
799.09059194,0.13973661
799.32978828,0.15168903
799.56899462,0.13955018
799.80821094,0.15239333
800.04743726,0.15218618
800.28667356,0.15168903
800.52591985,0.15274548
800.76517611,0.15823490
801.00444236,0.15889777
801.24371857,0.16662437
801.48300476,0.17596673
801.72230092,0.17675389
801.96160705,0.17464099
802.20092314,0.18858202
802.44024919,0.18740128
802.67958519,0.19286998
802.91893116,0.19659864
803.15828707,0.20142518
803.39765294,0.20210876
803.63702875,0.21277687
803.87641450,0.20685244
804.11581020,0.21074682
804.35521584,0.20855105
804.59463141,0.20656244
804.83405692,0.20094874
805.07349235,0.20173590
805.31293772,0.19506574
805.55239300,0.19525218
805.79185821,0.19117137
806.03133334,0.19202067
806.27081839,0.18580624
806.51031335,0.18075184
806.74981822,0.17818321
806.98933300,0.17256951
807.22885768,0.16571292
807.46839227,0.15829704
807.70793675,0.14909968
807.94749114,0.14818824
808.18705542,0.14199452
808.42662959,0.14021305
808.66621364,0.13130570
808.90580759,0.13462007
809.14541141,0.13443363
809.38502512,0.12840564
809.62464871,0.12741133
809.86428217,0.12629273
810.10392550,0.12065832
810.34357870,0.10899590
810.58324177,0.11330457
810.82291470,0.10240861
811.06259749,0.09876281
811.30229015,0.09983998
811.54199265,0.09186479
811.78170501,0.08490463
812.02142722,0.07649444
812.26115928,0.06965857
812.50090118,0.06957571
812.74065292,0.06607491
812.98041450,0.06338200
813.22018592,0.07038359
813.45996717,0.05954976
813.69975825,0.05832759
813.93955916,0.05615254
814.17936989,0.05737471
814.41919045,0.05248603
814.65902083,0.05979834
814.89886102,0.04966882
815.13871102,0.05439179
815.37857084,0.05101528
815.61844047,0.05337677
815.85831990,0.05544824
816.09820913,0.05480608
816.33810817,0.05157458
816.57801700,0.05093242
816.81793562,0.05051813
817.05786404,0.05045598
817.29780225,0.04210793
817.53775024,0.04047147
817.77770801,0.04105148
818.01767557,0.03583136
818.25765290,0.03475419
818.49764001,0.03357345
818.73763689,0.03527206
818.97764354,0.03023838
819.21765996,0.03270343
819.45768614,0.02742117
819.69772209,0.02421038
819.93776779,0.02644757
820.17782324,0.02358894
820.41788845,0.02408609
820.65796341,0.01950813
820.89804812,0.01594519
821.13814257,0.01851382
821.37824677,0.02168318
821.61836070,0.01925955
821.85848437,0.01981885
822.09861777,0.02255320
822.33876090,0.02566041
822.57891376,0.02849834
822.81907635,0.03168841
823.05924866,0.03839999
823.29943069,0.04813593
823.53962243,0.06079265
823.77982389,0.07396724
824.02003506,0.08202528
824.26025594,0.09669133
824.50048652,0.11400888
824.74072681,0.12022331
824.98097680,0.13814158
825.22123648,0.15295263
825.46150586,0.17476528
825.70178493,0.17350168
825.94207369,0.17665032
826.18237214,0.18375548
826.42268027,0.19255926
826.66299808,0.19860797
826.90332557,0.20428381
827.14366273,0.19966442
827.38400957,0.20157018
827.62436608,0.19514860
827.86473225,0.19647435
828.10510809,0.20024443
828.34549359,0.19918798
828.58588874,0.20065873
828.82629356,0.20575456
829.06670802,0.20850962
829.30713214,0.21317045
829.54756590,0.21569765
829.78800931,0.21596694
830.02846236,0.22141492
830.26892505,0.23200017
830.50939738,0.22746363
830.74987934,0.22725649
830.99037093,0.23106800
831.23087215,0.23562525
831.47138299,0.23641241
831.71190346,0.23591526
831.95243355,0.22961797
832.19297325,0.23166873
832.43352257,0.22512286
832.67408150,0.22557859
832.91465003,0.21996489
833.15522818,0.21364689
833.39581592,0.21482763
833.63641327,0.21271472
833.87702022,0.20270949
834.11763676,0.19318070
834.35826289,0.18590982
834.59889861,0.17979896
834.83954392,0.16144568
835.08019881,0.15467196
835.32086328,0.14785680
835.56153733,0.14574389
835.80222095,0.13223787
836.04291415,0.12194263
836.28361692,0.11485818
836.52432926,0.11152310
836.76505116,0.10408650
837.00578262,0.10934805
837.24652364,0.09722992
837.48727421,0.09221695
837.72803434,0.08558822
837.96880402,0.08335103
838.20958325,0.08024381
838.45037202,0.08314388
838.69117033,0.08252244
838.93197819,0.08409676
839.17279558,0.08159027
839.41362250,0.08991761
839.65445896,0.08939974
839.89530494,0.09555202
840.13616045,0.09225838
840.37702548,0.09602846
840.61790003,0.09741635
840.85878410,0.10584726
841.09967768,0.10160073
841.34058078,0.10387936
841.58149338,0.10580583
841.82241549,0.10955520
842.06334710,0.10895447
842.30428821,0.10648942
842.54523883,0.10686228
842.78619893,0.10419008
843.02716853,0.09783065
843.26814762,0.09623561
843.50913619,0.09084977
843.75013425,0.09269339
843.99114179,0.08805328
844.23215881,0.08855043
844.47318530,0.07937379
844.71422127,0.09327340
844.95526670,0.08604395
845.19632161,0.08515321
845.43738597,0.07784090
845.67845980,0.08270887
845.91954309,0.08038882
846.16063584,0.07958094
846.40173803,0.07937379
846.64284968,0.08235672
846.88397078,0.07411224
847.12510132,0.07620443
847.36624130,0.07516870
847.60739073,0.07390510
847.84854959,0.07336651
848.08971788,0.07736446
848.33089561,0.07494083
848.57208276,0.08038882
848.81327934,0.08544322
849.05448534,0.08631324
849.29570076,0.09120192
849.53692560,0.10499795
849.77815986,0.10835375
850.01940353,0.11802754
850.26065660,0.12051331
850.50191908,0.13147142
850.74319097,0.13244502
850.98447225,0.14168380
851.22576294,0.14284383
851.46706301,0.14953469
851.70837248,0.15092258
851.94969135,0.16014065
852.19101959,0.16413860
852.43235722,0.17874251
852.67370424,0.17839036
852.91506063,0.18066898
853.15642640,0.18553695
853.39780154,0.19121280
853.63918605,0.19409215
853.88057992,0.19974728
854.12198317,0.20152875
854.36339577,0.20973180
854.60481773,0.21190685
854.84624905,0.21321188
855.08768973,0.21033252
855.32913975,0.21281830
855.57059912,0.21441333
855.81206784,0.22311353
856.05354590,0.21532478
856.29503330,0.21497263
856.53653004,0.20739103
856.77803611,0.20596171
857.01955151,0.19815224
857.26107624,0.23369878
857.50261030,0.19514860
857.74415367,0.19614291
857.98570637,0.18433550
858.22726839,0.18999063
858.46883972,0.18332047
858.71042037,0.18613768
858.95201032,0.18087613
859.19360958,0.17994397
859.43521814,0.18158043
859.67683601,0.17762391
859.91846317,0.18970062
860.16009963,0.16623079
860.40174538,0.16434575
860.64340042,0.15951921
860.88506474,0.15475481
861.12673835,0.14744250
861.36842125,0.14174594
861.61011342,0.14860253
861.85181487,0.14019234
862.09352559,0.13147142
862.33524558,0.13205143
862.57697484,0.12906851
862.81871336,0.13192715
863.06046114,0.13209286
863.30221819,0.12780491
863.54398449,0.12743204
863.78576004,0.12250193
864.02754485,0.12084475
864.26933890,0.11388459
864.51114220,0.11937400
864.75295474,0.11777896
864.99477653,0.12351695
865.23660755,0.11771682
865.47844780,0.11898042
865.72029728,0.11477532
865.96215600,0.11291099
866.20402394,0.11104667
866.44590110,0.10510153
866.68778748,0.10798088
866.92968308,0.10837446
867.17158790,0.10512224
867.41350193,0.10197360
867.65542516,0.10226361
867.89735761,0.10827089
868.13929926,0.10487367
868.38125011,0.10582654
868.62321015,0.10578512
868.86517940,0.10887162
869.10715783,0.10711086
869.34914546,0.11005236
869.59114227,0.11355315
869.83314827,0.11052880
870.07516344,0.11222741
870.31718780,0.11154382
870.55922133,0.11912542
870.80126404,0.12165262
871.04331592,0.11164739
871.28537696,0.11135739
871.52744717,0.10702800
871.76952655,0.10677942
872.01161508,0.11067380
872.25371277,0.09992284
872.49581961,0.09082906
872.73793560,0.09617347
872.98006075,0.09341840
873.22219503,0.08693468
873.46433846,0.08401390
873.70649103,0.08333031
873.94865274,0.07228934
874.19082358,0.07953951
874.43300356,0.07726089
874.67519266,0.07908379
874.91739089,0.06634421
875.15959824,0.06624063
875.40181471,0.05973620
875.64404031,0.06379629
875.88627501,0.06077194
876.12851883,0.05675327
876.37077176,0.05242389
876.61303379,0.04983454
876.85530493,0.05140886
877.09758517,0.04471799
877.33987451,0.04417941
877.58217294,0.04877809
877.82448047,0.04714162
878.06679709,0.05596611
878.30912279,0.05225817
878.55145758,0.05501323
878.79380145,0.05928047
879.03615440,0.05770615
879.27851643,0.06313342
879.52088753,0.06377558
879.76326770,0.06288484
880.00565694,0.07067359
880.24805524,0.06951357
880.49046260,0.07255864
880.73287903,0.06740066
880.97530451,0.07458868
881.21773905,0.06982429
881.46018264,0.06777353
881.70263527,0.07204077
881.94509695,0.06978286
882.18756768,0.07226863
882.43004744,0.07668087
882.67253625,0.07881449
882.91503409,0.07784090
883.15754095,0.07608015
883.40005685,0.07338723
883.64258178,0.07866949
883.88511573,0.07442296
884.12765869,0.07792376
884.37021068,0.07471297
884.61277168,0.07850377
884.85534170,0.07013501
885.09792072,0.06474917
885.34050876,0.06097908
885.58310579,0.06636492
885.82571183,0.06255341
886.06832686,0.05942548
886.31095090,0.06102051
886.55358392,0.05830688
886.79622594,0.05650469
887.03887694,0.05314890
887.28153693,0.05428821
887.52420589,0.05615254
887.76688384,0.05269318
888.00957077,0.05105671
888.25226667,0.04666518
888.49497154,0.04956525
888.73768537,0.05190602
888.98040818,0.04341296
889.22313994,0.04393083
889.46588067,0.04716234
889.70863035,0.04034718
889.95138899,0.03956002
890.19415657,0.04152792
890.43693311,0.03951859
890.67971859,0.03491991
890.92251302,0.02740045
891.16531639,0.03098411
891.40812869,0.02592970
891.65094993,0.02816690
891.89378010,0.02839476
892.13661920,0.02302964
892.37946723,0.02851905
892.62232418,0.02452110
892.86519005,0.02972051
893.10806484,0.02885049
893.35094854,0.03251700
893.59384116,0.02779403
893.83674269,0.03278629
894.07965312,0.03088053
894.32257246,0.03599708
894.56550070,0.03384274
894.80843784,0.04449013
895.05138388,0.04409655
895.29433881,0.04635446
895.53730263,0.04403441
895.78027533,0.04645803
896.02325692,0.04819807
896.26624740,0.04908881
896.50924675,0.05256889
896.75225498,0.05716757
896.99527208,0.05333534
897.23829806,0.05536538
897.48133290,0.05577968
897.72437661,0.05615254
897.96742918,0.05451608
898.21049061,0.05395678
898.45356090,0.05273461
898.69664005,0.05965334
898.93972804,0.05192673
899.18282488,0.05809973
899.42593057,0.05903190
899.66904511,0.05292104
899.91216848,0.05828616
900.15530069,0.05580039
900.39844174,0.06205625
900.64159162,0.05650469
900.88475033,0.05625612
901.12791786,0.06319556
901.37109422,0.06735923
901.61427940,0.06294699
901.85747340,0.06392058
902.10067621,0.06814639
902.34388784,0.07626658
902.58710827,0.07357366
902.83033752,0.07092217
903.07357557,0.07357366
903.31682242,0.07268292
903.56007807,0.07481654
903.80334251,0.07620443
904.04661575,0.07243435
904.28989778,0.08163170
904.53318860,0.08602323
904.77648820,0.08291602
905.01979659,0.08602323
905.26311375,0.08388961
905.50643969,0.08962760
905.74977441,0.09397770
905.99311789,0.09457843
906.23647015,0.09988141
906.47983117,0.09290053
906.72320095,0.08753541
906.96657950,0.09511701
907.20996680,0.09244481
907.45336285,0.09714706
907.69676766,0.09457843
907.94018122,0.10041999
908.18360352,0.09679491
908.42703457,0.09961212
908.67047435,0.08919259
908.91392288,0.08763898
909.15738014,0.08794970
909.40084613,0.08388961
909.64432085,0.08631324
909.88780430,0.08465606
910.13129648,0.08123812
910.37479737,0.08028524
910.61830699,0.07297293
910.86182531,0.07297293
911.10535236,0.06779424
911.34888811,0.07518941
911.59243257,0.06418987
911.83598573,0.06599206
912.07954760,0.06605420
912.32311816,0.06887141
912.56669743,0.06947214
912.81028538,0.06377558
913.05388203,0.06638564
913.29748736,0.07139861
913.54110138,0.07065288
913.78472408,0.07052859
914.02835547,0.06684136
914.27199552,0.07212363
914.51564426,0.06750423
914.75930166,0.06849854
915.00296774,0.06775281
915.24664247,0.07067359
915.49032588,0.06785638
915.73401794,0.07158504
915.97771866,0.07079788
916.22142803,0.07837948
916.46514606,0.08217029
916.70887274,0.08511178
916.95260806,0.08007809
917.19635202,0.09161622
917.44010463,0.09323197
917.68386588,0.09774779
917.92763576,0.09343912
918.17141427,0.11040451
918.41520141,0.11908399
918.65899718,0.11579035
918.90280158,0.12521556
919.14661459,0.13598724
919.39043623,0.13602867
919.63426648,0.14659320
919.87810534,0.15467196
920.12195281,0.15908420
920.36580890,0.14999042
920.60967358,0.16318572
920.85354687,0.15922920
921.09742876,0.15924992
921.34131924,0.15790346
921.58521832,0.16391074
921.82912599,0.15748916
922.07304225,0.15779989
922.31696709,0.15434052
922.56090052,0.14829181
922.80484252,0.14189095
923.04879310,0.13462007
923.29275226,0.12415911
923.53671999,0.11883542
923.78069629,0.10984521
924.02468115,0.11272456
924.26867458,0.09689848
924.51267656,0.08826043
924.75668711,0.08372389
925.00070621,0.08165242
925.24473386,0.07581085
925.48877006,0.07170933
925.73281481,0.06829139
925.97686810,0.06369272
926.22092994,0.06236697
926.46500031,0.05783044
926.70907921,0.04886095
926.95316665,0.04983454
927.19726262,0.04345439
927.44136712,0.04376512
927.68548014,0.04003646
927.92960168,0.04538087
928.17373175,0.03738497
928.41787032,0.03653566
928.66201741,0.03307630
928.90617302,0.03583136
929.15033713,0.03235128
929.39450974,0.03156412
929.63869086,0.03164698
929.88288047,0.03568636
930.12707859,0.03409132
930.37128520,0.03943573
930.61550029,0.03208199
930.85972388,0.03473348
931.10395595,0.03270343
931.34819651,0.03208199
931.59244554,0.03371846
931.83670306,0.03452633
932.08096904,0.03916644
932.32524350,0.04337153
932.56952643,0.04589874
932.81381782,0.04801164
933.05811768,0.04192150
933.30242600,0.05234103
933.54674278,0.04749377
933.79106801,0.05509609
934.03540169,0.05192673
934.27974382,0.05323176
934.52409440,0.06106194
934.76845343,0.06178696
935.01282089,0.05677399
935.25719680,0.05878332
935.50158114,0.06008835
935.74597391,0.05544824
935.99037511,0.05743686
936.23478474,0.05503395
936.47920279,0.05567610
936.72362927,0.07079788
936.96806417,0.06425202
937.21250748,0.06466631
937.45695920,0.06849854
937.70141934,0.06296770
937.94588788,0.06342343
938.19036483,0.06597134
938.43485019,0.07021787
938.67934394,0.06396201
938.92384608,0.06180767
939.16835663,0.06207697
939.41287556,0.06205625
939.65740288,0.06450059
939.90193859,0.05532395
940.14648268,0.05580039
940.39103515,0.05321105
940.63559600,0.05584182
940.88016523,0.04842594
941.12474282,0.05169887
941.36932879,0.05024884
941.61392312,0.05091171
941.85852581,0.05229960
942.10313687,0.05155387
942.34775628,0.04948239
942.59238405,0.04855023
942.83702017,0.04562944
943.08166464,0.05087028
943.32631746,0.05640112
943.57097862,0.05308676
943.81564813,0.05116029
944.06032597,0.05138815
944.30501215,0.05008312
944.54970666,0.05364606
944.79440950,0.05192673
945.03912067,0.04962739
945.28384016,0.05722971
945.52856798,0.04432441
945.77330412,0.04811522
946.01804857,0.04179721
946.26280133,0.04096862
946.50756241,0.04314367
946.75233179,0.04347511
946.99710948,0.04291581
947.24189548,0.04511157
947.48668977,0.04065790
947.73149236,0.04415870
947.97630324,0.03875214
948.22112242,0.03682567
948.46594988,0.04254294
948.71078563,0.03769569
948.95562966,0.04496657
949.20048198,0.03833785
949.44534257,0.04144506
949.69021144,0.04043004
949.93508857,0.04159007
950.17997398,0.04382726
950.42486766,0.03964288
950.66976959,0.04656161
950.91467979,0.04515300
951.15959825,0.04552587
951.40452496,0.04395155
951.64945993,0.03906286
951.89440314,0.04629232
952.13935461,0.03862785
952.38431431,0.03808927
952.62928226,0.03576922
952.87425845,0.03794427
953.11924287,0.03980860
953.36423553,0.03846214
953.60923642,0.03518920
953.85424553,0.03529278
954.09926287,0.03228914
954.34428843,0.02963765
954.58932222,0.02938907
954.83436421,0.03253771
955.07941443,0.02868477
955.32447285,0.02302964
955.56953948,0.02702759
955.81461432,0.02677901
956.05969736,0.02578470
956.30478860,0.01965313
956.54988803,0.02182818
956.79499567,0.02046101
957.04011149,0.02408609
957.28523550,0.01762308
957.53036770,0.01812024
957.77550808,0.02006743
958.02065664,0.01870025
958.26581338,0.01600733
958.51097830,0.02066815
958.75615139,0.01555161
959.00133264,0.02174532
959.24652207,0.01443301
959.49171965,0.01787166
959.73692540,0.01754023
959.98213931,0.01662878
960.22736137,0.01727093
960.47259159,0.02079244
960.71782995,0.05358391
960.96307647,0.02267749
961.20833112,0.02450039
961.45359392,0.02887120
961.69886486,0.02619900
961.94414394,0.02822904
962.18943115,0.02808404
962.43472648,0.02812547
962.68002995,0.03146055
962.92534154,0.03112911
963.17066126,0.02773189
963.41598909,0.03015552
963.66132504,0.03146055
963.90666911,0.03191627
964.15202128,0.03054910
964.39738157,0.03802713
964.64274996,0.03541707
964.88812645,0.04281224
965.13351104,0.03680495
965.37890374,0.03906286
965.62430452,0.03966359
965.86971340,0.04022289
966.11513036,0.04328868
966.36055542,0.04560873
966.60598855,0.04486300
966.85142977,0.04258437
967.09687907,0.04231508
967.34233644,0.04183864
967.58780188,0.04730734
967.83327539,0.04654089
968.07875697,0.05018669
968.32424661,0.05648398
968.56974432,0.05155387
968.81525008,0.05209245
969.06076390,0.05190602
969.30628577,0.05310747
969.55181570,0.05211316
969.79735367,0.05511681
970.04289968,0.04792878
970.28845374,0.05116029
970.53401583,0.05093242
970.77958597,0.05787187
971.02516413,0.05269318
971.27075033,0.05374963
971.51634455,0.05345962
971.76194680,0.06064765
972.00755708,0.05772687
972.25317537,0.06135195
972.49880168,0.05901118
972.74443600,0.05778901
972.99007834,0.05764401
973.23572868,0.05838974
973.48138703,0.05975691
973.72705338,0.06116552
973.97272774,0.06257412
974.21841009,0.06706922
974.46410043,0.06845711
974.70979877,0.06845711
974.95550510,0.06439702
975.20121941,0.06731780
975.44694171,0.06758709
975.69267199,0.06329914
975.93841024,0.06454202
976.18415647,0.06903713
976.42991068,0.06418987
976.67567285,0.06686208
976.92144299,0.05706399
977.16722110,0.05981906
977.41300717,0.06170410
977.65880119,0.05805830
977.90460317,0.05194745
978.15041311,0.06292627
978.39623099,0.05841045
978.64205683,0.05749900
978.88789061,0.06073051
979.13373233,0.05967405
979.37958199,0.05582111
979.62543958,0.05234103
979.87130511,0.05652541
980.11717857,0.05557253
980.36305996,0.05242389
980.60894928,0.04946168
980.85484651,0.05012455
981.10075167,0.05091171
981.34666475,0.04840522
981.59258573,0.04583659
981.83851463,0.04378583
982.08445144,0.04335082
982.33039616,0.03906286
982.57634878,0.03734354
982.82230930,0.03976717
983.06827771,0.04243937
983.31425403,0.03881429
983.56023823,0.03632852
983.80623032,0.03879357
984.05223031,0.03473348
984.29823817,0.03494063
984.54425391,0.03529278
984.79027754,0.03011409
985.03630904,0.03533421
985.28234841,0.03204056
985.52839565,0.04047147
985.77445076,0.03525135
986.02051374,0.04113434
986.26658457,0.03332487
986.51266327,0.04177650
986.75874982,0.04223222
987.00484422,0.04177650
987.25094647,0.04637518
987.49705658,0.04420013
987.74317452,0.04194222
987.98930031,0.04072005
988.23543394,0.04436584
988.48157541,0.04455228
988.72772471,0.04633375
988.97388184,0.05374963
989.22004680,0.04239794
989.46621959,0.04910952
989.71240020,0.04579516
989.95858862,0.05190602
990.20478487,0.04475942
990.45098893,0.05729186
990.69720080,0.04871594
990.94342048,0.04971025
991.18964797,0.04710019
991.43588326,0.04774235
991.68212635,0.04594017
991.92837724,0.04803236
992.17463593,0.04786664
992.42090240,0.04415870
992.66717667,0.04098934
992.91345872,0.04080290
993.15974856,0.03705353
993.40604618,0.03914572
993.65235158,0.03531349
993.89866475,0.03607994
994.14498570,0.03394632
994.39131441,0.03226842
994.63765090,0.03359417
994.88399515,0.03054910
995.13034716,0.03127411
995.37670693,0.03255843
995.62307445,0.02934764
995.86944973,0.02543255
996.11583276,0.02404466
996.36222354,0.02972051
996.60862206,0.02696544
996.85502833,0.02769046
997.10144233,0.02483182
997.34786408,0.02319536
997.59429355,0.02296749
997.84073076,0.02133103
998.08717570,0.01590376
998.33362836,0.01923884
998.58008875,0.01464016
998.82655685,0.02058530
999.07303267,0.02458324
999.31951621,0.01888669
999.56600746,0.01455730
999.81250642,0.01650449
1000.05901309,0.01403943
1000.30552746,0.01660806
1000.55204953,0.01333513
1000.79857929,0.01754023
1001.04511676,0.01838953
1001.29166191,0.02162103
1001.53821476,0.01140866
1001.78477529,0.01772666
1002.03134351,0.01644234
1002.27791941,0.01683592
1002.52450299,0.01946670
1002.77109424,0.01536518
1003.01769317,0.01414300
1003.26429976,0.01857596
1003.51091403,0.01559304
1003.75753596,0.01820310
1004.00416555,0.01497159
1004.25080280,0.02557755
1004.49744771,0.01812024
1004.74410027,0.01772666
1004.99076048,0.01609019
1005.23742834,0.01720879
1005.48410384,0.02377537
1005.73078699,0.01654592
1005.97747778,0.02143460
1006.22417620,0.01722950
1006.47088226,0.02017100
1006.71759595,0.01878311
1006.96431727,0.02128960
1007.21104622,0.02114459
1007.45778279,0.02267749
1007.70452698,0.01656663
1007.95127879,0.01961170
1008.19803821,0.01754023
1008.44480524,0.02255320
1008.69157988,0.02139317
1008.93836213,0.02323679
1009.18515199,0.01801667
1009.43194944,0.01884526
1009.67875450,0.01950813
1009.92556715,0.01760237
1010.17238739,0.02077173
1010.41921522,0.01954956
1010.66605064,0.01986028
1010.91289364,0.01979813
1011.15974422,0.01762308
1011.40660239,0.01946670
1011.65346813,0.01772666
1011.90034144,0.02731759
1012.14722232,0.02093745
1012.39411078,0.01843096
1012.64100679,0.02197318
1012.88791037,0.02300892
1013.13482151,0.02068887
1013.38174020,0.02141389
1013.62866645,0.02514254
1013.87560025,0.02671687
1014.12254160,0.02365108
1014.36949049,0.02582613
1014.61644693,0.03117054
1014.86341091,0.02497683
1015.11038242,0.02249105
1015.35736147,0.02731759
1015.60434805,0.02460396
1015.85134216,0.02176604
1016.09834379,0.02089602
1016.34535295,0.02294678
1016.59236963,0.02244962
1016.83939383,0.02155889
1017.08642554,0.02170389
1017.33346476,0.02108245
1017.58051150,0.01975671
1017.82756574,0.01586233
1018.07462748,0.01428801
1018.32169673,0.01936312
1018.56877347,0.01685664
1018.81585771,0.01888669
1019.06294945,0.01635948
1019.31004867,0.01174009
1019.55715538,0.00867431
1019.80426957,0.01691878
1020.05139125,0.01832739
1020.29852041,0.01845168
1020.54565704,0.01290012
1020.79280114,0.01526160
1021.03995272,0.00913003
1021.28711177,0.01749880
1021.53427828,0.01252725
1021.78145225,0.01441230
1022.02863368,0.01215439
1022.27582257,0.00973076
1022.52301891,0.01474373
1022.77022270,0.01387371
1023.01743395,0.01014506
1023.26465263,0.01128437
1023.51187876,0.00440707
1023.75911234,0.00842573
1024.00635335,0.00577424
1024.25360179,0.00807358
1024.50085766,0.00755571
1024.74812097,0.00782500
1024.99539170,0.00828073
1025.24266985,0.00817715
1025.48995543,0.00577424
1025.73724842,0.00743142
1025.98454883,0.00790786
1026.23185665,0.00312275
1026.47917188,0.00538066
1026.72649452,0.00894360
1026.97382456,0.00826001
1027.22116200,0.00432421
1027.46850685,0.00395134
1027.71585908,0.00658212
1027.96321872,0.00602282
1028.21058574,0.00349562
1028.45796014,-0.01065257
1028.70534194,-0.01046613
1028.95273111,-0.01114972
1029.20012767,-0.01083900
1029.44753160,-0.01119115
1029.69494290,-0.01054899
