198.80933475,0.00659945
199.01143578,0.00728162
199.21355429,0.00093540
199.41569028,0.00101808
199.61784374,0.00300257
199.82001468,0.00105943
200.02220309,0.00362272
200.22440896,0.00054263
200.42663230,0.00260981
200.62887310,0.00083204
200.83113136,0.00432556
201.03340708,0.00066666
201.23570025,0.00267182
201.43801087,0.00531780
201.64033894,0.00339533
201.84268445,0.00416019
202.04504741,0.00229973
202.24742780,0.00155555
202.44982564,0.00182428
202.65224090,0.00027390
202.85467360,0.00688885
203.05712372,0.00333332
203.25959128,-0.00160723
203.46207625,0.00248578
203.66457864,0.00198965
203.86709846,0.00523512
204.06963568,0.00467698
204.27219032,0.00339533
204.47476237,0.00320929
204.67735182,0.00167958
204.87995868,0.00972088
205.08258293,0.00473899
205.28522459,0.00418086
205.48788364,0.00238242
205.69056008,0.00349869
205.89325391,0.00579325
206.09596513,0.00244443
206.29869374,0.00568989
206.50143972,0.00426354
206.70420308,0.00385011
206.90698382,0.00265115
207.10978194,0.00074935
207.31259742,0.00773639
207.51543027,0.00068733
207.71828048,0.00188630
207.92114806,0.00188630
208.12403299,0.00817050
208.32693528,0.00213436
208.52985493,0.00339533
208.73279193,-0.00067700
208.93574627,0.00810849
209.13871796,0.00192764
209.34170699,0.00467698
209.54471336,-0.00018088
209.74773707,0.00405683
209.95077811,0.00308526
210.15383649,0.00279585
210.35691219,0.00296123
210.56000522,0.00370541
210.76311557,-0.00059431
210.96624324,0.00664079
211.16938823,-0.00009819
211.37255053,0.00281652
211.57573015,0.00122480
211.77892707,0.00418086
211.98214130,0.00153488
212.18537284,0.00217570
212.38862167,0.00165891
212.59188781,0.00110077
212.79517124,0.00052196
212.99847196,0.00002584
213.20178997,0.00337466
213.40512527,0.00500773
213.60847785,0.00114211
213.81184772,0.00294055
214.01523486,-0.00078036
214.21863928,0.00502840
214.42206097,0.00403615
214.62549993,0.00227906
214.82895616,0.00070801
215.03242966,0.00360205
215.23592042,-0.00059431
215.43942843,0.00232040
215.64295370,0.00141085
215.84649623,0.00351936
216.05005601,0.00525579
216.25363303,0.00300257
216.45722731,0.00289921
216.66083882,-0.00001550
216.86446757,0.00178294
217.06811356,0.00079069
217.27177679,0.00664079
217.47545724,0.00205167
217.67915493,0.00089405
217.88286984,0.00234107
218.08660198,0.00467698
218.29035133,0.00771572
218.49411790,0.00575191
218.69790169,0.00345735
218.90170269,0.00163823
219.10552090,0.00411884
219.30935632,0.00294055
219.51320894,0.00227906
219.71707876,-0.00028424
219.92096578,0.00391212
220.12486999,0.00132816
220.32879140,0.00482168
220.53272999,-0.00040827
220.73668578,0.00484235
220.94065875,0.00606198
221.14464890,0.00014987
221.34865623,0.00329197
221.55268073,0.00048062
221.75672241,-0.00237208
221.96078126,0.00178294
222.16485728,-0.00020155
222.36895046,0.00203100
222.57306080,0.00432556
222.77718831,0.00110077
222.98133297,-0.00125581
223.18549478,0.00327130
223.38967375,0.00091472
223.59386986,-0.00059431
223.79808312,0.00134883
224.00231352,0.00289921
224.20656106,0.00271316
224.41082574,0.00426354
224.61510756,0.00922476
224.81940650,0.00039793
225.02372258,-0.00047028
225.22805578,0.00178294
225.43240610,-0.00253745
225.63677355,0.00281652
225.84115811,-0.00063566
226.04555979,0.00122480
226.24997858,0.00010853
226.45441448,0.00244443
226.65886748,0.00488370
226.86333759,0.00281652
227.06782480,0.00298190
227.27232911,0.00085271
227.47685052,0.00116278
227.68138902,0.00378809
227.88594461,0.00012920
228.09051728,0.00153488
228.29510704,0.00265115
228.49971389,0.00715759
228.70433781,0.00449093
228.90897881,0.00432556
229.11363688,0.00097674
229.31831202,0.00391212
229.52300423,0.00232040
229.72771350,0.00097674
229.93243984,0.00186562
230.13718324,0.00095607
230.34194369,0.00139017
230.54672120,0.00709557
230.75151576,0.00246510
230.95632737,0.00680617
231.16115602,0.00163823
231.36600172,0.00176226
231.57086446,0.00008785
231.77574423,0.00457362
231.98064104,-0.00199999
232.18555488,-0.00020155
232.39048575,0.00378809
232.59543365,-0.00011886
232.80039857,-0.00199999
233.00538051,0.00358138
233.21037947,0.00527646
233.41539544,0.01834099
233.62042843,0.00165891
233.82547842,0.00263048
234.03054543,0.00608266
234.23562943,0.00232040
234.44073044,0.00145219
234.64584845,0.00469765
234.85098345,0.00378809
235.05613545,0.00325063
235.26130444,0.00393280
235.46649041,-0.00026356
235.67169337,0.00486302
235.87691331,0.00798445
236.08215023,0.00083204
236.28740413,0.00343667
236.49267500,0.00225839
236.69796284,-0.00102842
236.90326765,0.00320929
237.10858942,0.00393280
237.31392816,0.00411884
237.51928386,0.00659945
237.72465651,0.00240309
237.93004612,0.00068733
238.13545268,0.00207234
238.34087619,0.00473899
238.54631664,0.00077002
238.75177404,0.00023256
238.95724838,0.00120413
239.16273965,0.00312660
239.36824786,0.00659945
239.57377300,0.00302324
239.77931508,0.00463563
239.98487407,0.00271316
240.19045000,0.00523512
240.39604284,0.00221704
240.60165260,-0.00063566
240.80727928,0.00225839
241.01292287,0.00409817
241.21858337,0.00432556
241.42426077,0.00271316
241.62995508,0.00285787
241.83566630,0.00006718
242.04139441,0.00403615
242.24713941,0.00219637
242.45290131,0.00095607
242.65868010,0.00471832
242.86447578,0.00145219
243.07028835,0.00721960
243.27611779,0.00759169
243.48196412,0.00347802
243.68782732,0.00182428
243.89370739,0.00054263
244.09960434,0.00012920
244.30551816,0.00494571
244.51144884,0.00318861
244.71739638,0.00225839
244.92336078,0.00079069
245.12934204,0.00250645
245.33534016,0.00201033
245.54135512,-0.00131782
245.74738694,0.00120413
245.95343560,-0.00069767
246.15950110,0.00655811
246.36558345,0.00017054
246.57168263,0.00236174
246.77779865,0.00155555
246.98393150,0.00467698
247.19008118,0.00147286
247.39624769,0.00347802
247.60243102,0.00300257
247.80863117,0.00488370
248.01484814,0.00186562
248.22108192,0.00368474
248.42733252,0.00006718
248.63359993,-0.00092506
248.83988415,-0.00080103
249.04618517,0.00473899
249.25250299,0.00101808
249.45883761,-0.00131782
249.66518903,0.00283719
249.87155724,-0.00003618
250.07794224,0.00453228
250.28434403,0.00229973
250.49076260,0.00748833
250.69719796,-0.00210335
250.90365009,-0.00160723
251.11011901,0.00068733
251.31660469,0.00329197
251.52310715,0.00180361
251.72962638,0.00385011
251.93616237,0.00064599
252.14271513,0.00312660
252.34928464,0.00128682
252.55587091,0.00070801
252.76247394,0.00281652
252.96909372,0.00223771
253.17573025,0.00124547
253.38238352,0.00234107
253.58905354,0.00234107
253.79574030,0.00155555
254.00244380,0.00426354
254.20916403,0.00686818
254.41590099,0.00500773
254.62265469,0.00066666
254.82942511,0.00130749
255.03621225,0.00153488
255.24301612,0.00077002
255.44983670,0.00118346
255.65667400,0.00184495
255.86352802,0.00114211
256.07039874,0.00110077
256.27728617,0.00114211
256.48419031,0.00306458
256.69111115,0.00432556
256.89804868,0.00263048
257.10500292,-0.00117312
257.31197384,0.00108010
257.51896146,0.00442892
257.72596577,-0.00164857
257.93298676,0.00209301
258.14002443,0.00279585
258.34707878,0.00176226
258.55414981,0.00194831
258.76123752,0.00192764
258.96834190,0.00635139
259.17546294,-0.00129715
259.38260065,-0.00109043
259.58975502,0.00114211
259.79692606,0.00017054
260.00411375,0.00277518
260.21131810,-0.00197932
260.41853909,0.00308526
260.62577674,0.00194831
260.83303103,0.00283719
261.04030197,-0.00164857
261.24758955,0.00095607
261.45489377,0.00132816
261.66221462,0.00287854
261.86955210,0.00482168
262.07690622,0.00207234
262.28427696,-0.00001550
262.49166433,-0.00262014
262.69906831,0.00457362
262.90648892,-0.00057364
263.11392614,0.00207234
263.32137998,0.00393280
263.52885042,0.00211368
263.73633747,0.00566922
263.94384113,0.00074935
264.15136139,0.00172092
264.35889825,0.00711624
264.56645171,0.00376742
264.77402176,0.00240309
264.98160840,0.00263048
265.18921163,0.00060465
265.39683144,0.00041860
265.60446784,0.00461496
265.81212081,0.00130749
266.01979037,0.00370541
266.22747650,0.00099741
266.43517920,0.00341600
266.64289847,-0.00051163
266.85063430,0.00085271
267.05838670,-0.00028424
267.26615566,0.00327130
267.47394117,-0.00148320
267.68174324,0.00048062
267.88956187,0.00314727
268.09739704,0.00132816
268.30524876,0.00354003
268.51311702,0.00546250
268.72100183,-0.00241342
268.92890317,-0.00096640
269.13682105,-0.00073901
269.34475546,-0.00204133
269.55270640,-0.00096640
269.76067387,0.00287854
269.96865786,0.00170025
270.17665838,-0.00028424
270.38467541,0.00291988
270.59270896,0.00252712
270.80075902,0.00112144
271.00882560,0.00269249
271.21690868,0.00066666
271.42500826,0.00341600
271.63312435,0.00269249
271.84125694,0.00045995
272.04940602,0.00794311
272.25757160,0.00128682
272.46575367,0.00387078
272.67395223,0.00074935
272.88216727,0.00004651
273.09039880,0.00645475
273.29864681,-0.00007752
273.50691129,0.00213436
273.71519225,0.00244443
273.92348968,0.00186562
274.13180358,0.00035659
274.34013395,0.00155555
274.54848077,0.00229973
274.75684406,0.00124547
274.96522381,0.00304391
275.17362001,-0.00183462
275.38203267,0.00382944
275.59046177,0.00285787
275.79890732,0.00054263
276.00736932,0.00081137
276.21584776,-0.00057364
276.42434263,0.00054263
276.63285394,-0.00253745
276.84138169,-0.00044961
277.04992586,0.00108010
277.25848646,0.00248578
277.46706349,0.00114211
277.67565694,-0.00284753
277.88426680,-0.00100775
278.09289309,-0.00049095
278.30153578,-0.00102842
278.51019489,0.00391212
278.71887041,0.00188630
278.92756233,0.00521444
279.13627065,0.00358138
279.34499537,0.00217570
279.55373649,0.00488370
279.76249401,0.01011364
279.97126791,0.00302324
280.18005820,0.00277518
280.38886488,0.00265115
280.59768795,0.00050129
280.80652739,0.00227906
281.01538321,0.00083204
281.22425540,0.00178294
281.43314397,0.00254779
281.64204891,0.00039793
281.85097021,0.00236174
282.05990788,0.00318861
282.26886190,0.00279585
282.47783229,-0.00075969
282.68681903,0.00213436
282.89582212,0.00054263
283.10484156,0.00170025
283.31387735,0.00139017
283.52292949,-0.00057364
283.73199796,0.00219637
283.94108277,0.00345735
284.15018392,-0.00051163
284.35930141,0.00130749
284.56843522,0.00221704
284.77758536,0.00471832
284.98675183,0.00223771
285.19593461,0.00587594
285.40513372,0.00469765
285.61434914,0.00401548
285.82358088,-0.00179327
286.03282893,0.00172092
286.24209328,0.00238242
286.45137395,0.00072868
286.66067091,0.00126614
286.86998417,0.00209301
287.07931373,0.00178294
287.28865959,0.00298190
287.49802174,0.00132816
287.70740017,-0.00001550
287.91679489,0.00184495
288.12620590,0.00151420
288.33563318,-0.00009819
288.54507675,0.00205167
288.75453658,-0.00003618
288.96401269,-0.00069767
289.17350507,0.00238242
289.38301372,0.00351936
289.59253863,0.00167958
289.80207980,0.00478034
290.01163723,0.00074935
290.22121091,0.00337466
290.43080085,0.00217570
290.64040703,0.00093540
290.85002947,0.00312660
291.05966815,0.00354003
291.26932307,0.00349869
291.47899422,0.00108010
291.68868162,0.00347802
291.89838525,0.00178294
292.10810511,0.00540049
292.31784119,0.00254779
292.52759350,-0.00117312
292.73736204,0.00337466
292.94714679,0.00118346
293.15694776,-0.00129715
293.36676494,0.00155555
293.57659834,0.00165891
293.78644794,-0.00144185
293.99631375,0.00083204
294.20619576,0.00327130
294.41609397,0.00686818
294.62600838,0.00041860
294.83593898,0.00263048
295.04588578,-0.00086304
295.25584876,-0.00100775
295.46582793,-0.00042894
295.67582328,0.00232040
295.88583481,0.00085271
296.09586253,0.00008785
296.30590641,0.00163823
296.51596647,0.00167958
296.72604270,-0.00094573
296.93613509,0.00374675
297.14624365,-0.00342634
297.35636837,0.00010853
297.56650925,0.00240309
297.77666629,0.00174159
297.98683947,-0.00148320
298.19702881,0.00163823
298.40723429,0.00174159
298.61745592,0.00217570
298.82769369,0.00312660
299.03794760,0.00783975
299.24821765,-0.00148320
299.45850383,0.00250645
299.66880614,0.00240309
299.87912458,-0.00148320
300.08945914,-0.00115245
300.29980983,0.00258913
300.51017663,0.00246510
300.72055955,0.00637206
300.93095859,0.00232040
301.14137374,0.00277518
301.35180499,-0.00069767
301.56225235,0.00170025
301.77271582,-0.00208268
301.98319538,0.00730229
302.19369105,-0.00342634
302.40420280,-0.00018088
302.61473065,0.00659945
302.82527459,0.00368474
303.03583461,-0.00181394
303.24641072,0.00035659
303.45700291,0.00124547
303.66761117,0.00077002
303.87823552,0.00364339
304.08887593,0.00143152
304.29953241,-0.00069767
304.51020496,-0.00237208
304.72089358,0.00478034
304.93159825,0.00194831
305.14231899,0.00023256
305.35305578,0.00329197
305.56380862,0.00260981
305.77457752,0.00132816
305.98536246,0.00240309
306.19616344,0.00178294
306.40698047,0.00174159
306.61781354,0.00182428
306.82866264,0.00422220
307.03952778,0.00391212
307.25040895,0.00345735
307.46130614,0.00345735
307.67221937,0.00136950
307.88314861,0.00165891
308.09409387,0.00488370
308.30505515,0.00141085
308.51603245,0.00298190
308.72702576,0.00110077
308.93803507,-0.00005685
309.14906039,0.00325063
309.36010172,0.00238242
309.57115904,0.00442892
309.78223236,0.00182428
309.99332168,0.00184495
310.20442699,0.00434623
310.41554829,0.00130749
310.62668557,-0.00005685
310.83783884,0.00370541
311.04900809,-0.00396380
311.26019332,0.00116278
311.47139452,0.00275451
311.68261169,0.00242376
311.89384484,0.00248578
312.10509395,0.00074935
312.31635903,0.00285787
312.52764007,0.00081137
312.73893706,0.00029457
312.95025002,-0.00018088
313.16157892,-0.00055297
313.37292378,0.00287854
313.58428458,0.00147286
313.79566133,-0.00030491
314.00705402,0.00215503
314.21846266,0.00310593
314.42988722,-0.00222738
314.64132772,0.00327130
314.85278416,-0.00018088
315.06425652,0.00885267
315.27574480,-0.00156588
315.48724901,0.00298190
315.69876914,-0.00082170
315.91030518,0.00234107
316.12185715,-0.00042894
316.33342502,0.00165891
316.54500880,0.00225839
316.75660848,0.00385011
316.96822407,0.00205167
317.17985556,0.00161756
317.39150295,0.00050129
317.60316624,0.00213436
317.81484541,0.00045995
318.02654048,0.00267182
318.23825143,0.00178294
318.44997826,0.00163823
318.66172098,0.00246510
318.87347957,0.00577258
319.08525404,0.00192764
319.29704439,0.00335399
319.50885060,0.00062532
319.72067268,0.00380877
319.93251063,0.00017054
320.14436443,0.00014987
320.35623410,0.00455295
320.56811962,0.00461496
320.78002100,-0.00044961
320.99193822,-0.00158656
321.20387130,-0.00104909
321.41582021,0.00112144
321.62778498,0.00478034
321.83976558,0.00391212
322.05176201,0.00333332
322.26377428,0.00143152
322.47580239,0.00595863
322.68784632,0.00380877
322.89990607,0.00155555
323.11198165,-0.00073901
323.32407305,0.00285787
323.53618027,0.00120413
323.74830330,-0.00005685
323.96044215,0.00407750
324.17259680,0.00620669
324.38476726,0.00335399
324.59695352,0.00017054
324.80915558,0.00124547
325.02137344,-0.00100775
325.23360710,0.00068733
325.44585655,0.00428422
325.65812178,0.00341600
325.87040281,-0.00187596
326.08269962,0.00322996
326.29501221,-0.00127648
326.50734058,0.00453228
326.71968472,0.00134883
326.93204464,0.00593795
327.14442032,0.00397414
327.35681178,0.00358138
327.56921900,0.00064599
327.78164198,0.00064599
327.99408072,0.00029457
328.20653522,0.00070801
328.41900547,0.00031524
328.63149147,0.00155555
328.84399322,0.00130749
329.05651071,0.00172092
329.26904395,0.00066666
329.48159293,0.00393280
329.69415764,-0.00055297
329.90673809,0.00407750
330.11933427,-0.00009819
330.33194617,0.00382944
330.54457381,0.00114211
330.75721716,-0.00140051
330.96987624,0.00043927
331.18255104,0.00378809
331.39524154,0.00494571
331.60794777,0.00136950
331.82066970,-0.00069767
332.03340733,0.00066666
332.24616067,0.00496638
332.45892971,0.00203100
332.67171445,0.00184495
332.88451489,0.00201033
333.09733102,0.00329197
333.31016283,0.00145219
333.52301034,0.00000517
333.73587352,-0.00084237
333.94875239,-0.00164857
334.16164694,0.00002584
334.37455717,-0.00245477
334.58748306,0.00523512
334.80042463,0.00331264
335.01338187,-0.00088372
335.22635477,0.00341600
335.43934333,0.00186562
335.65234755,0.00428422
335.86536743,0.00506974
336.07840296,0.00089405
336.29145415,-0.00055297
336.50452098,0.00188630
336.71760345,0.00232040
336.93070157,0.00260981
337.14381533,0.00155555
337.35694473,0.00039793
337.57008976,0.00409817
337.78325042,0.00068733
337.99642671,0.00240309
338.20961863,0.00333332
338.42282617,0.00118346
338.63604933,-0.00243410
338.84928810,0.00074935
339.06254250,0.00298190
339.27581250,0.00267182
339.48909812,0.00190697
339.70239934,0.00577258
339.91571616,0.00126614
340.12904859,0.00275451
340.34239661,-0.00272350
340.55576023,0.00294055
340.76913945,0.00426354
340.98253425,0.00176226
341.19594464,0.00298190
341.40937061,0.00128682
341.62281217,0.00056330
341.83626930,0.00783975
342.04974201,0.00095607
342.26323030,-0.00022222
342.47673415,0.00422220
342.69025357,0.00738497
342.90378856,0.00035659
343.11733911,0.00242376
343.33090522,0.00217570
343.54448688,0.00132816
343.75808410,0.00118346
343.97169687,0.00234107
344.18532519,0.00105943
344.39896906,0.00252712
344.61262847,-0.00061498
344.82630341,0.00250645
345.03999390,0.00376742
345.25369992,0.00537982
345.46742147,0.00610333
345.68115855,0.00296123
345.89491115,0.00112144
346.10867928,0.00048062
346.32246293,0.00256846
346.53626210,-0.00067700
346.75007679,-0.00075969
346.96390698,0.00260981
347.17775269,0.00161756
347.39161390,0.00002584
347.60549061,0.00372608
347.81938283,0.00064599
348.03329055,0.00229973
348.24721376,0.00306458
348.46115246,0.00380877
348.67510665,-0.00040827
348.88907634,0.00002584
349.10306150,-0.00082170
349.31706215,-0.00204133
349.53107828,0.00354003
349.74510988,0.00246510
349.95915696,0.00329197
350.17321950,0.00248578
350.38729752,0.00544183
350.60139100,0.00132816
350.81549994,0.00072868
351.02962435,-0.00044961
351.24376421,0.00203100
351.45791952,0.00079069
351.67209028,0.00091472
351.88627650,0.00124547
352.10047816,0.00017054
352.31469526,0.00475967
352.52892780,0.00252712
352.74317578,0.00351936
352.95743919,0.00085271
353.17171804,0.00066666
353.38601232,0.00471832
353.60032202,-0.00102842
353.81464714,0.00556586
354.02898769,-0.00175193
354.24334365,-0.00135917
354.45771503,-0.00071834
354.67210182,0.00283719
354.88650403,0.00387078
355.10092164,0.00513176
355.31535465,0.00085271
355.52980306,0.00980357
355.74426687,0.00248578
355.95874608,0.00232040
356.17324069,0.00167958
356.38775068,-0.00055297
356.60227606,0.00194831
356.81681682,-0.00117312
357.03137297,-0.00129715
357.24594449,0.00281652
357.46053139,0.00469765
357.67513367,0.00475967
357.88975132,0.00242376
358.10438433,0.00081137
358.31903271,0.00267182
358.53369645,-0.00007752
358.74837556,-0.00340567
358.96307002,0.00271316
359.17777983,-0.00065633
359.39250499,0.00279585
359.60724551,0.00103875
359.82200137,0.00291988
360.03677257,0.00122480
360.25155911,-0.00082170
360.46636100,0.00132816
360.68117821,-0.00243410
360.89601076,-0.00055297
361.11085864,0.00279585
361.32572184,-0.00148320
361.54060037,0.00401548
361.75549422,0.00122480
361.97040338,0.00461496
362.18532786,0.00442892
362.40026766,0.00062532
362.61522276,0.00289921
362.83019318,0.00459429
363.04517889,0.00141085
363.26017991,0.00155555
363.47519623,-0.00009819
363.69022784,0.00263048
363.90527474,-0.00036692
364.12033694,0.00498705
364.33541442,-0.00094573
364.55050719,-0.00100775
364.76561524,-0.00135917
364.98073857,0.00045995
365.19587718,0.00006718
365.41103106,-0.00034625
365.62620021,-0.00055297
365.84138463,0.00182428
366.05658432,0.00132816
366.27179927,0.00294055
366.48702948,0.00163823
366.70227494,0.00035659
366.91753566,0.00041860
367.13281163,0.00017054
367.34810285,-0.00111111
367.56340932,0.00054263
367.77873103,0.00211368
367.99406798,0.00320929
368.20942017,-0.00098708
368.42478759,0.00116278
368.64017025,0.00101808
368.85556813,0.00354003
369.07098125,0.00093540
369.28640958,0.00327130
369.50185314,0.00110077
369.71731191,0.00232040
369.93278590,-0.00350903
370.14827511,0.00229973
370.36377952,-0.00216536
370.57929914,0.00031524
370.79483397,0.00482168
371.01038400,0.00248578
371.22594922,-0.00013953
371.44152965,0.00219637
371.65712526,0.00190697
371.87273607,-0.00140051
372.08836206,0.00246510
372.30400324,0.00428422
372.51965960,-0.00001550
372.73533114,0.00308526
372.95101786,0.00037726
373.16671976,0.00438757
373.38243682,0.00165891
373.59816905,0.00267182
373.81391645,-0.00162790
374.02967901,0.00389145
374.24545673,0.00163823
374.46124961,-0.00175193
374.67705764,0.00141085
374.89288082,-0.00053230
375.10871916,0.00037726
375.32457264,0.00128682
375.54044126,0.00118346
375.75632503,0.00651676
375.97222393,0.00064599
376.18813797,-0.00266148
376.40406713,0.00037726
376.62001143,0.00021189
376.83597086,-0.00297156
377.05194541,-0.00073901
377.26793508,0.00281652
377.48393987,0.00277518
377.69995978,0.00126614
377.91599480,0.00118346
378.13204493,0.00260981
378.34811016,0.00444959
378.56419050,0.00267182
378.78028595,0.00380877
378.99639649,-0.00005685
379.21252213,-0.00036692
379.42866286,0.00159689
379.64481868,-0.00185529
379.86098960,0.00467698
380.07717559,0.00178294
380.29337667,0.00159689
380.50959283,-0.00001550
380.72582407,0.00132816
380.94207038,0.00205167
381.15833176,-0.00044961
381.37460821,0.00052196
381.59089972,0.00167958
381.80720630,0.00281652
382.02352794,0.00163823
382.23986464,0.00147286
382.45621639,0.00211368
382.67258319,0.00246510
382.88896505,0.00064599
383.10536195,0.00314727
383.32177389,-0.00049095
383.53820087,0.00172092
383.75464289,0.00060465
383.97109995,0.00108010
384.18757204,-0.00063566
384.40405916,0.00110077
384.62056131,-0.00148320
384.83707848,0.00227906
385.05361067,0.00312660
385.27015788,0.00267182
385.48672011,0.00457362
385.70329735,0.00585527
385.91988960,0.00302324
386.13649686,-0.00061498
386.35311912,0.00281652
386.56975639,0.00151420
386.78640865,0.00248578
387.00307592,-0.00011886
387.21975817,-0.00078036
387.43645542,0.00085271
387.65316765,-0.00042894
387.86989487,0.00246510
388.08663707,0.00043927
388.30339426,-0.00069767
388.52016641,0.00285787
388.73695355,0.00362272
388.95375565,0.00349869
389.17057273,0.00139017
389.38740477,0.00556586
389.60425177,0.00221704
389.82111374,-0.00117312
390.03799066,0.00438757
390.25488253,0.00058398
390.47178936,0.00064599
390.68871114,0.00017054
390.90564787,0.00048062
391.12259954,0.00219637
391.33956614,0.00349869
391.55654769,0.00126614
391.77354418,0.00219637
391.99055559,0.00207234
392.20758194,0.00120413
392.42462321,0.00436690
392.64167941,0.00509041
392.85875053,0.00318861
393.07583657,-0.00026356
393.29293752,0.00378809
393.51005339,0.00374675
393.72718417,0.00554519
393.94432986,0.00289921
394.16149045,0.00192764
394.37866594,0.00143152
394.59585634,0.00285787
394.81306163,0.00482168
395.03028181,0.00407750
395.24751689,0.00734363
395.46476685,0.00203100
395.68203170,0.00420153
395.89931143,0.00593795
396.11660604,0.00335399
396.33391553,0.00440825
396.55123990,0.00248578
396.76857913,0.00248578
396.98593324,0.00432556
397.20330221,-0.00288887
397.42068604,0.00265115
397.63808474,-0.00088372
397.85549829,0.00418086
398.07292670,0.00523512
398.29036996,0.00465631
398.50782807,0.00527646
398.72530103,0.00542116
398.94278883,0.00411884
399.16029147,0.00544183
399.37780895,0.00056330
399.59534127,0.00614467
399.81288841,0.00490437
400.03045039,0.00676482
400.24802720,0.00800513
400.46561883,0.00203100
400.68322529,0.00385011
400.90084656,0.00188630
401.11848265,0.00612400
401.33613355,0.00440825
401.55379926,0.00227906
401.77147978,0.00711624
401.98917511,0.00736430
402.20688524,0.00178294
402.42461017,0.00420153
402.64234989,0.00517310
402.86010441,0.00058398
403.07787372,0.00684751
403.29565782,0.00407750
403.51345670,0.00387078
403.73127037,0.00583460
403.94909882,0.00141085
404.16694205,0.00606198
404.38480005,0.00382944
404.60267282,0.00300257
404.82056036,0.00149353
405.03846267,0.00792244
405.25637974,0.00856326
405.47431157,0.00560721
405.69225816,0.00105943
405.91021951,0.00331264
406.12819561,0.00258913
406.34618645,0.00198965
406.56419205,0.00451160
406.78221239,0.00362272
407.00024747,0.00769505
407.21829729,0.00058398
407.43636184,0.00614467
407.65444113,0.00724027
407.87253515,0.00806714
408.09064390,0.00635139
408.30876737,0.00413951
408.52690556,0.00779841
408.74505847,0.00395347
408.96322610,0.00659945
409.18140844,0.00473899
409.39960550,0.00349869
409.61781726,0.00602064
409.83604372,0.00707490
410.05428489,0.00715759
410.27254076,0.00302324
410.49081133,0.00693020
410.70909659,0.00649609
410.92739654,0.00380877
411.14571118,0.00719893
411.36404051,0.00455295
411.58238452,0.00848058
411.80074321,0.00442892
412.01911658,0.00792244
412.23750462,0.00668214
412.45590734,0.00690953
412.67432472,0.00581392
412.89275677,0.00690953
413.11120349,0.00327130
413.32966486,0.00372608
413.54814090,0.00416019
413.76663159,0.00707490
413.98513693,0.00240309
414.20365692,0.00316794
414.42219156,0.00639273
414.64074084,0.00298190
414.85930477,0.00401548
415.07788333,0.00322996
415.29647653,0.00436690
415.51508437,0.00203100
415.73370683,0.00440825
415.95234392,0.00341600
416.17099564,0.00509041
416.38966198,0.00810849
416.60834294,0.00471832
416.82703851,0.00651676
417.04574870,0.00058398
417.26447350,0.00213436
417.48321291,0.00364339
417.70196692,0.00302324
417.92073554,0.00705423
418.13951875,0.00748833
418.35831657,0.00072868
418.57712898,0.00203100
418.79595598,0.00936946
419.01479757,0.01017566
419.23365374,0.00436690
419.45252450,0.00542116
419.67140984,0.00814983
419.89030975,0.00777774
420.10922425,0.01094051
420.32815331,0.00606198
420.54709694,0.00726094
420.76605514,0.00595863
420.98502791,0.00444959
421.20401523,0.00291988
421.42301712,0.00662012
421.64203356,0.00903871
421.86106455,0.00517310
422.08011009,0.00519377
422.29917018,0.00955551
422.51824482,0.00674415
422.73733399,0.00490437
422.95643771,0.00893535
423.17555596,0.00589661
423.39468875,0.00469765
423.61383606,0.00548318
423.83299790,0.00310593
424.05217427,0.00767438
424.27136516,0.00804647
424.49057057,0.00651676
424.70979050,0.00581392
424.92902494,0.00757102
425.14827390,0.00618601
425.36753736,0.00711624
425.58681532,0.01236686
425.80610779,0.00872864
426.02541476,0.01069245
426.24473623,0.00633072
426.46407219,0.00821184
426.68342265,0.00444959
426.90278759,0.00771572
427.12216702,0.00618601
427.34156093,0.00678549
427.56096933,0.01178805
427.78039220,0.01224283
427.99982955,0.00916274
428.21928137,0.00662012
428.43874766,0.00595863
428.65822841,0.00835655
428.87772363,0.01048573
429.09723331,0.00792244
429.31675745,0.00339533
429.53629605,0.00786042
429.75584910,0.00961752
429.97541660,0.00996894
430.19499854,0.00482168
430.41459494,0.01164335
430.63420577,0.00965886
430.85383104,0.00806714
431.07347075,0.01013431
431.29312489,0.01325575
431.51279347,0.00934879
431.73247647,0.00827386
431.95217390,0.00829453
432.17188574,0.01288365
432.39161201,0.00765371
432.61135270,0.00763304
432.83110780,0.00891468
433.05087731,0.01292500
433.27066123,0.00765371
433.49045956,0.00998961
433.71027229,0.00825319
433.93009942,0.01042372
434.14994095,0.00974155
434.36979687,0.00914207
434.58966718,0.01151932
434.80955189,0.01098186
435.02945098,0.01182940
435.24936445,0.01569501
435.46929230,0.01230485
435.68923454,0.01149865
435.90919115,0.01354515
436.12916213,0.01182940
436.34914748,0.01459941
436.56914720,0.01187074
436.78916128,0.01187074
437.00918972,0.01459941
437.22923252,0.01232552
437.44928968,0.01373120
437.66936119,0.01445471
437.88944706,0.01633583
438.10954727,0.01652188
438.32966182,0.01645986
438.54979072,0.01435135
438.76993395,0.02189653
438.99009153,0.01610844
439.21026343,0.01693531
439.43044967,0.01881644
439.65065024,0.02181384
439.87086513,0.01517822
440.09109434,0.01660457
440.31133788,0.01453739
440.53159573,0.02162780
440.75186789,0.01368985
440.97215437,0.01517822
441.19245516,0.01695598
441.41277025,0.01581904
441.63309964,0.01503351
441.85344334,0.01778285
442.07380133,0.01604643
442.29417362,0.01536426
442.51456020,0.01524023
442.73496107,0.01703867
442.95537623,0.01509553
443.17580567,0.01538493
443.39624939,0.01945726
443.61670739,0.01433068
443.83717967,0.01747278
444.05766622,0.01780353
444.27816704,0.01838233
444.49868212,0.01259425
444.71921147,0.01445471
444.93975509,0.01722472
445.16031296,0.01679061
445.38088508,0.01879577
445.60147147,0.01730740
445.82207210,0.01230485
446.04268698,0.02053219
446.26331610,0.02191720
446.48395947,0.01240820
446.70461707,0.01614979
446.92528892,0.01534359
447.14597499,0.01815494
447.36667530,0.01261492
447.58738984,0.02036682
447.80811860,0.01852704
448.02886158,0.01457874
448.24961879,0.01813427
448.47039021,0.01708002
448.69117585,0.02565878
448.91197570,0.01962264
449.13278975,0.01542628
449.35361802,0.01718337
449.57446049,0.01728673
449.79531715,0.01466142
450.01618802,0.01315239
450.23707308,0.01199477
450.45797234,0.02005674
450.67888578,0.01352448
450.89981341,0.01439269
451.12075522,0.01633583
451.34171122,0.01819629
451.56268139,0.01937458
451.78366574,0.01703867
452.00466426,0.01927122
452.22567696,0.01265627
452.44670382,0.01784487
452.66774484,0.01166402
452.88880003,0.01887846
453.10986938,0.01610844
453.33095288,0.01846502
453.55205053,0.01753479
453.77316234,0.01503351
453.99428830,0.01701800
454.21542840,0.01772084
454.43658264,0.01993271
454.65775102,0.01757614
454.87893354,0.01836166
455.10013019,0.01993271
455.32134098,0.02059421
455.54256589,0.02272340
455.76380493,0.01722472
455.98505809,0.01894047
456.20632537,0.02013943
456.42760677,0.01761748
456.64890229,0.01561232
456.87021191,0.02090428
457.09153565,0.02003607
457.31287349,0.02009809
457.53422544,0.02594819
457.75559149,0.02191720
457.97697163,0.01989137
458.19836587,0.02311616
458.41977420,0.02119369
458.64119663,0.02290944
458.86263313,0.02144175
459.08408373,0.02367430
459.30554840,0.02187586
459.52702716,0.02580348
459.74851999,0.01676994
459.97002689,0.02888357
460.19154786,0.02154511
460.41308290,0.02386034
460.63463201,0.02237198
460.85619518,0.01953995
461.07777241,0.02026346
461.29936369,0.02262004
461.52096903,0.02644431
461.74258841,0.02592751
461.96422185,0.02421176
462.18586933,0.02503863
462.40753086,0.02813939
462.62920642,0.02644431
462.85089602,0.02718849
463.07259966,0.02547274
463.29431733,0.02452184
463.51604902,0.02402572
463.73779475,0.02404639
463.95955449,0.02706446
464.18132826,0.02849081
464.40311604,0.02247534
464.62491784,0.02596886
464.84673365,0.02274407
465.06856347,0.02888357
465.29040730,0.02625826
465.51226513,0.02811872
465.73413696,0.02596886
465.95602279,0.02725051
466.17792261,0.02971044
466.39983643,0.03041328
466.62176424,0.02902827
466.84370603,0.03256314
467.06566181,0.03012388
467.28763157,0.03301792
467.50961531,0.02950372
467.73161303,0.03212903
467.95362472,0.02942104
468.17565038,0.03254247
468.39769001,0.02834611
468.61974360,0.02826342
468.84181116,0.02911096
469.06389267,0.03735898
469.28598814,0.03221172
469.50809757,0.03595330
469.73022094,0.03882667
469.95235827,0.03496106
470.17450954,0.03380344
470.39667475,0.03297657
470.61885390,0.03363807
470.84104699,0.03715226
471.06325402,0.03818585
471.28547498,0.03545718
471.50770986,0.03529181
471.72995867,0.03254247
471.95222141,0.02933835
472.17449806,0.03088873
472.39678864,0.02995850
472.61909313,0.03214970
472.84141153,0.02964843
473.06374384,0.03905406
473.28609005,0.03762771
473.50845017,0.03241844
473.73082420,0.03731764
473.95321212,0.03520912
474.17561393,0.03797913
474.39802964,0.03593263
474.62045924,0.03363807
474.84290273,0.03165358
475.06536010,0.03593263
475.28783136,0.03636674
475.51031649,0.03667681
475.73281550,0.02989649
475.95532838,0.02896626
476.17785513,0.03254247
476.40039575,0.03229441
476.62295024,0.03500240
476.84551859,0.03469233
477.06810080,0.03382411
477.29069686,0.03549852
477.51330678,0.03394814
477.73593055,0.03599465
477.95856817,0.03622204
478.18121963,0.03444427
478.40388494,0.03475434
478.62656409,0.03926078
478.84925707,0.03448561
479.07196389,0.03675950
479.29468455,0.03541584
479.51741903,0.03878533
479.74016733,0.02933835
479.96292946,0.03314195
480.18570542,0.03675950
480.40849519,0.03217038
480.63129877,0.03498173
480.85411617,0.03471300
481.07694738,0.03233575
481.29979239,0.03336934
481.52265121,0.03258381
481.74552383,0.03405150
481.96841025,0.03353471
482.19131046,0.03568457
482.41422447,0.03305926
482.63715227,0.03607733
482.86009385,0.03227374
483.08304922,0.03297657
483.30601837,0.03206702
483.52900130,0.03657345
483.75199801,0.03080604
483.97500849,0.03330732
484.19803274,0.03680084
484.42107076,0.03194299
484.64412255,0.03640808
484.86718810,0.03494039
485.09026741,0.02826342
485.31336047,0.03130216
485.53646729,0.03305926
485.75958786,0.02950372
485.98272218,0.02985514
486.20587024,0.02667170
486.42903205,0.03082671
486.65220760,0.02884223
486.87539689,0.03473367
487.09859991,0.03376210
487.32181666,0.03485770
487.54504715,0.03711092
487.76829136,0.03403083
487.99154929,0.03640808
488.21482094,0.03458897
488.43810631,0.03382411
488.66140540,0.03882667
488.88471820,0.03589129
489.10804471,0.03802048
489.33138493,0.03909541
489.55473885,0.04014966
489.77810647,0.04138997
490.00148780,0.04279564
490.22488281,0.04250624
490.44829153,0.04494550
490.67171393,0.04198945
490.89515002,0.04655790
491.11859979,0.04527625
491.34206325,0.04661991
491.56554038,0.04087317
491.78903120,0.04548297
492.01253568,0.03872331
492.23605384,0.04490416
492.45958567,0.04577237
492.68313116,0.04391192
492.90669031,0.04027369
493.13026312,0.03783443
493.35384960,0.03799980
493.57744972,0.03667681
493.80106350,0.03297657
494.02469092,0.03839257
494.24833200,0.03686286
494.47198671,0.03861996
494.69565507,0.03669748
494.91933706,0.04265094
495.14303269,0.03713159
495.36674195,0.03502307
495.59046484,0.03568457
495.81420136,0.03626338
496.03795150,0.03427889
496.26171526,0.03266650
496.48549264,0.03485770
496.70928364,0.03709025
496.93308825,0.03711092
497.15690647,0.04054243
497.38073830,0.03859928
497.60458373,0.03959153
497.82844276,0.04537961
498.05231539,0.03733831
498.27620162,0.03748301
498.50010144,0.03919876
498.72401485,0.03642875
498.94794185,0.04147265
499.17188244,0.03680084
499.39583661,0.03725562
499.61980435,0.03682152
499.84378568,0.04019101
500.06778058,0.03868197
500.29178904,0.04023235
500.51581108,0.03709025
500.73984668,0.03975690
500.96389585,0.03680084
501.18795858,0.03432024
501.41203486,0.03975690
501.63612470,0.03407218
501.86022809,0.03611868
502.08434503,0.04010832
502.30847551,0.03816518
502.53261954,0.03808249
502.75677711,0.03272851
502.98094822,0.03591196
503.20513286,0.04099720
503.42933104,0.03839257
503.65354274,0.03760704
503.87776797,0.03622204
504.10200673,0.03070268
504.32625901,0.03587062
504.55052480,0.03130216
504.77480411,0.03022723
504.99909694,0.02594819
505.22340327,0.03320396
505.44772312,0.02832544
505.67205646,0.02532803
505.89640331,0.02793267
506.12076366,0.02683707
506.34513750,0.02813939
506.56952484,0.02516266
506.79392567,0.02553475
507.01833999,0.02764327
507.24276779,0.03099209
507.46720907,0.02882156
507.69166384,0.03080604
507.91613208,0.02878021
508.14061380,0.03171560
508.36510898,0.03117813
508.58961764,0.03330732
508.81413976,0.03601532
509.03867534,0.03737965
509.26322439,0.03810316
509.48778689,0.03522979
509.71236285,0.04192743
509.93695226,0.03684219
510.16155512,0.03760704
510.38617142,0.03611868
510.61080117,0.03651144
510.83544436,0.03715226
511.06010099,0.03853727
511.28477105,0.04138997
511.50945454,0.03874399
511.73415147,0.03649077
511.95886182,0.03421688
512.18358560,0.03510576
512.40832280,0.02632028
512.63307341,0.03078537
512.85783745,0.03086806
513.08261489,0.02925566
513.30740575,0.02851148
513.53221001,0.03037194
513.75702768,0.03204635
513.98185875,0.02632028
514.20670322,0.03128149
514.43156109,0.02851148
514.65643235,0.02865618
514.88131700,0.02816006
515.10621504,0.03477501
515.33112647,0.03014455
515.55605128,0.02954507
515.78098946,0.03345202
516.00594103,0.03008253
516.23090597,0.03059933
516.45588428,0.03423755
516.68087596,0.02979313
516.90588100,0.03394814
517.13089941,0.02875954
517.35593118,0.02896626
517.58097631,0.02933835
517.80603479,0.03066134
518.03110663,0.02698177
518.25619181,0.02890424
518.48129034,0.02917298
518.70640222,0.02853215
518.93152743,0.02929701
519.15666598,0.02981380
519.38181787,0.02683707
519.60698310,0.03130216
519.83216165,0.02933835
520.05735353,0.02520400
520.28255873,0.02751924
520.50777726,0.02539005
520.73300910,0.02654767
520.95825426,0.02923499
521.18351273,0.03082671
521.40878452,0.03161224
521.63406961,0.02826342
521.85936801,0.02756058
522.08467971,0.03086806
522.31000471,0.02983447
522.53534300,0.03229441
522.76069459,0.03479569
522.98605947,0.03347270
523.21143764,0.03702823
523.43682910,0.03735898
523.66223383,0.03692487
523.88765185,0.03723495
524.11308315,0.03938481
524.33852772,0.04161736
524.56398556,0.03880600
524.78945667,0.04180340
525.01494104,0.04397393
525.24043868,0.04436670
525.46594959,0.04703335
525.69147374,0.05567413
525.91701116,0.04980336
526.14256182,0.04426334
526.36812574,0.04351915
526.59370290,0.04715738
526.81929331,0.04401528
527.04489696,0.04430468
527.27051384,0.04796358
527.49614396,0.04413931
527.72178732,0.04240288
527.94744390,0.04289900
528.17311372,0.04521424
528.39879675,0.04955530
528.62449301,0.04688865
528.85020249,0.04980336
529.07592518,0.05284210
529.30166109,0.05102299
529.52741021,0.05734854
529.75317254,0.05821675
529.97894807,0.05449584
530.20473680,0.06224774
530.43053874,0.05798936
530.65635387,0.07254226
530.88218219,0.06253714
531.10802371,0.06679552
531.33387841,0.06507977
531.55974630,0.06437693
531.78562738,0.07225286
532.01152163,0.06911075
532.23742906,0.06235110
532.46334967,0.06425290
532.68928344,0.06888336
532.91523039,0.06576193
533.14119051,0.06973091
533.36716378,0.06443894
533.59315022,0.06030460
533.81914982,0.06115214
534.04516257,0.06230976
534.27118847,0.06131751
534.49722752,0.06510044
534.72327973,0.06266117
534.94934507,0.06274386
535.17542356,0.06553455
535.40151518,0.06733299
535.62761994,0.05819608
535.85373784,0.05974646
536.07986886,0.06642343
536.30601301,0.06336401
536.53217029,0.06629940
536.75834069,0.06009788
536.98452420,0.06565858
537.21072084,0.06892471
537.43693059,0.06882135
537.66315345,0.06828388
537.88938941,0.06818053
538.11563848,0.07463011
538.34190066,0.07320376
538.56817593,0.06828388
538.79446431,0.07359652
539.02076577,0.06999964
539.24708033,0.07434070
539.47340798,0.07572571
539.69974871,0.07411331
539.92610252,0.07018568
540.15246942,0.07305905
540.37884939,0.07510556
540.60524244,0.08143110
540.83164856,0.07636653
541.05806775,0.08182387
541.28450001,0.07952930
541.51094533,0.08612359
541.73740371,0.08790135
541.96387515,0.08147245
542.19035965,0.08122439
542.41685719,0.08537940
542.64336779,0.08597888
542.86989144,0.08920367
543.09642813,0.07553966
543.32297786,0.08116237
543.54954063,0.07785489
543.77611643,0.08263006
544.00270527,0.08074894
544.22930714,0.08523470
544.45592204,0.08304350
544.68254996,0.08343626
544.90919091,0.07762751
545.13584487,0.08248536
545.36251185,0.08052155
545.58919184,0.07932259
545.81588485,0.07845437
546.04259086,0.07758616
546.26930988,0.07630452
546.49604191,0.07897117
546.72278693,0.07264562
546.94954495,0.07165338
547.17631596,0.07324510
547.40309997,0.07502287
547.62989696,0.07287301
547.85670694,0.07545697
548.08352991,0.08591687
548.31036585,0.07221151
548.53721477,0.07653190
548.76407667,0.08316753
548.99095154,0.08056289
549.21783938,0.07752415
549.44474018,0.08045953
549.67165395,0.08060423
549.89858069,0.08157581
550.12552038,0.07934326
550.35247302,0.07372055
550.57943862,0.07630452
550.80641717,0.07837169
551.03340866,0.08298148
551.26041310,0.08211327
551.48743048,0.08461455
551.71446081,0.08688844
551.94150406,0.08965845
552.16856025,0.09201503
552.39562937,0.09497109
552.62271142,0.09259384
552.84980640,0.09685221
553.07691429,0.09528116
553.30403511,0.09716229
553.53116884,0.10437672
553.75831549,0.10290903
553.98547505,0.10210283
554.21264752,0.10896585
554.43983289,0.10321910
554.66703116,0.11202526
554.89424234,0.10886249
555.12146641,0.11159115
555.34870338,0.10971003
555.57595324,0.11423714
555.80321599,0.11808208
556.03049162,0.11659371
556.25778014,0.11276944
556.48508154,0.12031462
556.71239582,0.12151358
556.93972297,0.11694513
557.16706300,0.11117772
557.39441589,0.11152914
557.62178165,0.11502266
557.84916028,0.10722942
558.07655177,0.10979271
558.30395611,0.11343094
558.53137331,0.11376169
558.75880337,0.11626297
558.98624627,0.11725521
559.21370202,0.11194257
559.44117062,0.10518292
559.66865206,0.11016481
559.89614634,0.10414933
560.12365345,0.10003566
560.35117340,0.09865065
560.57870618,0.09581863
560.80625179,0.09129152
561.03381022,0.09131219
561.26138148,0.09577728
561.48896555,0.09569460
561.71656244,0.09430959
561.94417215,0.09275921
562.17179467,0.09358608
562.39942999,0.09257316
562.62707812,0.09282123
562.85473906,0.09364809
563.08241279,0.09393750
563.31009933,0.08759128
563.53779866,0.09604602
563.76551078,0.08922435
563.99323568,0.09368944
564.22097338,0.09019592
564.44872386,0.08757061
564.67648712,0.09158092
564.90426316,0.09176697
565.13205197,0.09021659
565.35985356,0.09067137
565.58766792,0.09993230
565.81549504,0.09610803
566.04333493,0.10024238
566.27118758,0.08963778
566.49905298,0.08821143
566.72693115,0.08825277
566.95482207,0.09054734
567.18272573,0.08709516
567.41064215,0.09406153
567.63857131,0.09162227
567.86651321,0.09255249
568.09446785,0.08912099
568.32243523,0.09273854
568.55041534,0.09280055
568.77840819,0.09259384
569.00641376,0.09191167
569.23443206,0.09009256
569.46246308,0.09457832
569.69050682,0.09404086
569.91856327,0.09767908
570.14663244,0.09435093
570.37471433,0.09641811
570.60280892,0.10040775
570.83091622,0.09798916
571.05903622,0.10305373
571.28716892,0.10534829
571.51531432,0.10524493
571.74347241,0.10605113
571.97164320,0.10108992
572.19982667,0.10235089
572.42802284,0.10516225
572.65623168,0.10433538
572.88445321,0.11157048
573.11268742,0.10644389
573.34093430,0.10605113
573.56919385,0.11090899
573.79746608,0.11266608
574.02575097,0.11504333
574.25404853,0.11845417
574.48235874,0.12116216
574.71068162,0.12705361
574.93901715,0.12430427
575.16736534,0.13048511
575.39572618,0.13249027
575.62409966,0.13383393
575.85248579,0.13430938
576.08088456,0.13224221
576.30929597,0.13404065
576.53772002,0.13232490
576.76615671,0.13689335
576.99460602,0.13627320
577.22306796,0.13681066
577.45154253,0.13831970
577.68002972,0.13751350
577.90852953,0.13794761
578.13704196,0.13759619
578.36556700,0.14013881
578.59410465,0.13809231
578.82265492,0.14146180
579.05121779,0.14030418
579.27979326,0.14115173
579.50838133,0.13639723
579.73698201,0.13470215
579.96559527,0.13215952
580.19422113,0.13172542
580.42285958,0.12868667
580.65151062,0.12612338
580.88017424,0.12678487
581.10885044,0.12184433
581.33753922,0.12943086
581.56624057,0.12165829
581.79495450,0.12110015
582.02368100,0.11971514
582.25242007,0.12256784
582.48117170,0.12050067
582.70993589,0.12692958
582.93871264,0.12858331
583.16750195,0.12812854
583.39630381,0.12163761
583.62511822,0.12215441
583.85394518,0.12678487
584.08278469,0.12316732
584.31163674,0.12169963
584.54050133,0.11861954
584.76937845,0.12389083
584.99826811,0.12021127
585.22717030,0.12790115
585.45608502,0.12684689
585.68501226,0.13515692
585.91395203,0.13827836
586.14290432,0.14332226
586.37186912,0.14392174
586.60084644,0.14514137
586.82983628,0.14832481
587.05883862,0.15369946
587.28785347,0.15154960
587.51688082,0.15735836
587.74592067,0.15692425
587.97497302,0.15398887
588.20403787,0.14658839
588.43311520,0.15646948
588.66220503,0.16229890
588.89130735,0.16006636
589.12042215,0.16258831
589.34954943,0.16686735
589.57868919,0.16072785
589.80784142,0.16508959
590.03700613,0.16382861
590.26618331,0.16283637
590.49537296,0.16800430
590.72457507,0.16296040
590.95378964,0.15489842
591.18301667,0.16531698
591.41225616,0.16118263
591.64150811,0.15992165
591.87077250,0.16172009
592.10004934,0.15936352
592.32933863,0.15795784
592.55864036,0.15446432
592.78795453,0.15188035
593.01728114,0.15293461
593.24662018,0.15613873
593.47597165,0.15421626
593.70533555,0.15965292
593.93471188,0.15785448
594.16410063,0.15452633
594.39350180,0.15502245
594.62291539,0.15576664
594.85234140,0.15159095
595.08177981,0.16128599
595.31123064,0.15473305
595.54069387,0.15316200
595.77016951,0.15068139
595.99965755,0.15092945
596.22915798,0.15388551
596.45867081,0.15622141
596.68819604,0.15754441
596.91773365,0.15489842
597.14728365,0.15384417
597.37684603,0.15781314
597.60642080,0.15870202
597.83600795,0.16802497
598.06560747,0.17286216
598.29521936,0.17505336
598.52484363,0.17623165
598.75448026,0.17619030
598.98412926,0.17034020
599.21379062,0.16568907
599.44346434,0.16302241
599.67315042,0.16023173
599.90284885,0.16680534
600.13255963,0.17290350
600.36228276,0.17559082
600.59201824,0.17654172
600.82176606,0.17823680
601.05152622,0.18383884
601.28129871,0.18208175
601.51108354,0.18704296
601.74088070,0.18747707
601.97069019,0.18671221
602.20051201,0.18361145
602.43034615,0.17958047
602.66019261,0.19318246
602.89005139,0.19975607
603.11992249,0.20329094
603.34980589,0.21122888
603.57970161,0.21856735
603.80960963,0.21856735
604.03952996,0.22815903
604.26946259,0.23456726
604.49940751,0.22908926
604.72936474,0.22801433
604.95933425,0.22999881
605.18931606,0.23068098
605.41931015,0.22053116
605.64931653,0.22675335
605.87933519,0.22594715
606.10936612,0.23620033
606.33940934,0.24725970
606.56946483,0.26226738
606.79953259,0.26555418
607.02961261,0.27090816
607.25970490,0.27979700
607.48980946,0.28347657
607.71992627,0.28666002
607.95005534,0.29509408
608.18019667,0.29811215
608.41035024,0.30483047
608.64051607,0.31309916
608.87069414,0.32949184
609.10088445,0.33490783
609.33108700,0.34766229
609.56130179,0.34819975
609.79152882,0.36455109
610.02176808,0.37472158
610.25201956,0.37521770
610.48228328,0.39411166
610.71255921,0.39591010
610.94284737,0.38863365
611.17314775,0.39706772
611.40346034,0.39274732
611.63378514,0.37776032
611.86412215,0.35489739
612.09447137,0.34791035
612.32483280,0.34567780
612.55520642,0.32393114
612.78559225,0.30615346
613.01599027,0.29501140
613.24640048,0.28417941
613.47682288,0.27456706
613.70725747,0.26921308
613.93770425,0.25284107
614.16816321,0.24949225
614.39863434,0.24860337
614.62911766,0.23897034
614.85961314,0.23882564
615.09012080,0.23835019
615.32064063,0.23452592
615.55117262,0.23307890
615.78171677,0.23371972
616.01227308,0.23117710
616.24284156,0.23169389
616.47342218,0.22716678
616.70401496,0.23303756
616.93461988,0.22270169
617.16523695,0.22311513
617.39586617,0.20835551
617.62650752,0.20730125
617.85716101,0.20190593
618.08782664,0.19599382
618.31850440,0.18088279
618.54919429,0.17387507
618.77989630,0.16734280
619.01061044,0.15555992
619.24133670,0.15392685
619.47207508,0.15593201
619.70282557,0.15357543
619.93358818,0.15237647
620.16436289,0.13621118
620.39514972,0.13488819
620.62594864,0.12986496
620.85675967,0.12895541
621.08758280,0.12626808
621.31841802,0.12130687
621.54926534,0.11793738
621.78012475,0.11483662
622.01099624,0.11341027
622.24187982,0.11328624
622.47277549,0.11694513
622.70368323,0.11512602
622.93460305,0.10439739
623.16553494,0.10216485
623.39647890,0.09623206
623.62743493,0.09772043
623.85840303,0.09577728
624.08938319,0.09507444
624.32037541,0.09724498
624.55137968,0.09699691
624.78239602,0.09352406
625.01342440,0.08771531
625.24446483,0.08957576
625.47551731,0.08936905
625.70658183,0.08982383
625.93765839,0.08781867
626.16874699,0.09213906
626.39984763,0.09000987
626.63096029,0.10216485
626.86208499,0.10394262
627.09322171,0.10342582
627.32437046,0.10613382
627.55553123,0.10933794
627.78670401,0.11214929
628.01788882,0.11799939
628.24908563,0.11944641
628.48029446,0.11878492
628.71151529,0.12231978
628.94274813,0.13122930
629.17399296,0.13652126
629.40524980,0.13761686
629.63651863,0.14567883
629.86779946,0.15285192
630.09909228,0.16579242
630.33039709,0.17577687
630.56171388,0.19165276
630.79304265,0.18681557
631.02438340,0.18598870
631.25573613,0.19367859
631.48710084,0.19971473
631.71847751,0.20000413
631.94986615,0.21610741
632.18126676,0.22584379
632.41267933,0.23628302
632.64410387,0.23628302
632.87554035,0.24256722
633.10698880,0.24783851
633.33844919,0.23915639
633.56992154,0.24174035
633.80140583,0.24659821
634.03290207,0.24147162
634.26441024,0.23624167
634.49593035,0.24647418
634.72746240,0.25248965
634.95900638,0.25877386
635.19056229,0.25519765
635.42213013,0.26177126
635.65370989,0.26406582
635.88530158,0.26507873
636.11690518,0.27669624
636.34852069,0.29621036
636.58014812,0.32469600
636.81178746,0.34032382
637.04343871,0.34600855
637.27510187,0.35055633
637.50677692,0.35491806
637.73846387,0.35702658
637.97016272,0.37087664
638.20187347,0.37372933
638.43359610,0.35818420
638.66533062,0.34917132
638.89707703,0.34677340
639.12883532,0.33019468
639.36060549,0.34077860
639.59238754,0.34248460
639.82418146,0.35065542
640.05598725,0.33748425
640.28780491,0.33194098
640.51963444,0.33436136
640.75147583,0.32497403
640.98332908,0.33290823
641.21519419,0.33096302
641.44707115,0.32262122
641.67895997,0.30868233
641.91086063,0.29560837
642.14277314,0.29477815
642.37469750,0.30278946
642.60663369,0.29925330
642.83858172,0.30312179
643.07054159,0.29754349
643.30251329,0.29249916
643.53449683,0.28624807
643.76649218,0.28201166
643.99849937,0.28558809
644.23051837,0.29489415
644.46254919,0.28376812
644.69459183,0.28117293
644.92664628,0.27267432
645.15871254,0.26912473
645.39079061,0.26622483
645.62288049,0.26068279
645.85498217,0.24470960
646.08709564,0.24947762
646.31922091,0.25032282
646.55135798,0.25007226
646.78350684,0.25201428
647.01566748,0.24122131
647.24783991,0.23364263
647.48002413,0.23351132
647.71222012,0.24030308
647.94442789,0.24154276
648.17664744,0.23324879
648.40887875,0.23633636
648.64112184,0.22874729
648.87337669,0.23324560
649.10564331,0.21970788
649.33792168,0.22293536
649.57021181,0.22369707
649.80251370,0.22508678
650.03482734,0.22630675
650.26715273,0.22859642
650.49948987,0.22135888
650.73183875,0.22625254
650.96419937,0.22280409
651.19657173,0.21229589
651.42895582,0.21103131
651.66135165,0.21090549
651.89375921,0.20770358
652.12617849,0.21095527
652.35860950,0.20898774
652.59105224,0.20509187
652.82350669,0.20789421
653.05597285,0.20889900
653.28845073,0.20792097
653.52094032,0.20626032
653.75344162,0.21041236
653.98595462,0.21261529
654.21847933,0.20403328
654.45101573,0.20660322
654.68356383,0.21467253
654.91612363,0.22499386
655.14869511,0.21618882
655.38127829,0.22592002
655.61387315,0.22094703
655.84647969,0.21655449
656.07909792,0.22090587
656.31172782,0.21059392
656.54436939,0.20833112
656.77702264,0.20293004
657.00968756,0.20690638
657.24236414,0.21253703
657.47505238,0.21669504
657.70775229,0.22115507
657.94046385,0.22828505
658.17318707,0.22983929
658.40592195,0.22973134
658.63866847,0.23467985
658.87142663,0.23642450
659.10419645,0.23678698
659.33697790,0.23082396
659.56977099,0.24090125
659.80257572,0.23428683
660.03539208,0.22931975
660.26822007,0.21986285
660.50105969,0.21908134
660.73391093,0.22332035
660.96677380,0.22139096
661.19964828,0.22932038
661.43253438,0.22793275
661.66543209,0.22546326
661.89834142,0.22713072
662.13126235,0.22413221
662.36419489,0.22383485
662.59713903,0.23983577
662.83009477,0.22878110
663.06306210,0.22222411
663.29604103,0.22613215
663.52903155,0.22730155
663.76203367,0.22216254
663.99504736,0.21587930
664.22807264,0.21568905
664.46110950,0.20949682
664.69415794,0.20273004
664.92721795,0.20698113
665.16028953,0.20262747
665.39337269,0.20092531
665.62646740,0.20129582
665.85957369,0.19510545
666.09269153,0.19319307
666.32582093,0.19542126
666.55896189,0.19379964
666.79211440,0.19965271
667.02527846,0.20500669
667.25845406,0.19276903
667.49164121,0.18820058
667.72483991,0.19651061
667.95805014,0.19562173
668.19127190,0.19551837
668.42450520,0.19634524
668.65775003,0.19281037
668.89100639,0.19181813
669.12427427,0.19405068
669.35755368,0.19957003
669.59084460,0.19454680
669.82414704,0.20389042
670.05746099,0.20732193
670.29078646,0.20566819
670.52412343,0.20335295
670.75747191,0.21633480
670.99083189,0.21292396
671.22420337,0.20825215
671.45758635,0.21776115
671.69098082,0.21645883
671.92438678,0.21947690
672.15780424,0.22123400
672.39123317,0.21860869
672.62467360,0.22898590
672.85812550,0.22375595
673.09158888,0.23425719
673.32506373,0.23390577
673.55855006,0.23059829
673.79204785,0.23043292
674.02555712,0.23892900
674.25907784,0.24198841
674.49261003,0.24947158
674.72615367,0.24763180
674.95970878,0.25819505
675.19327533,0.26129581
675.42685333,0.26133715
675.66044278,0.25966274
675.89404368,0.27411228
676.12765601,0.26272216
676.36127979,0.25344055
676.59491500,0.25805035
676.82856165,0.24730105
677.06221972,0.23737862
677.29588922,0.23934243
677.52957015,0.23574555
677.76326250,0.23084635
677.99696627,0.22644327
678.23068146,0.22662932
678.46440806,0.22760089
678.69814607,0.21364747
678.93189549,0.20380773
679.16565631,0.21007127
679.39942854,0.19266567
679.63321217,0.19744084
679.86700720,0.19458814
680.10081361,0.18652617
680.33463143,0.18330138
680.56846063,0.18429362
680.80230121,0.18214376
681.03615318,0.19175611
681.27001653,0.18226779
681.50389126,0.19345120
681.73777736,0.18855200
681.97167484,0.18603005
682.20558368,0.18625744
682.43950390,0.18683624
682.67343547,0.18168898
682.90737841,0.18315668
683.14133270,0.17652105
683.37529836,0.17147715
683.60927536,0.16674332
683.84326371,0.16091390
684.07726341,0.16409734
684.31127446,0.16494488
684.54529685,0.16384928
684.77933057,0.16473817
685.01337564,0.16901721
685.24743203,0.17616963
685.48149976,0.19487755
685.71557881,0.21164232
685.94966919,0.22654663
686.18377090,0.23312024
686.41788392,0.24124423
686.65200826,0.25649997
686.88614391,0.25178681
687.12029088,0.25982811
687.35444915,0.25317182
687.58861873,0.25234495
687.82279961,0.25081524
688.05699179,0.24242252
688.29119527,0.22968874
688.52541004,0.22797298
688.75963611,0.22993680
688.99387346,0.23529077
689.22812210,0.23611764
689.46238203,0.24750776
689.69665323,0.25712012
689.93093571,0.27072212
690.16522947,0.28417941
690.39953450,0.29265482
690.63385080,0.29205534
690.86817837,0.30028269
691.10251720,0.30311471
691.33686730,0.30086149
691.57122865,0.30559532
691.80560125,0.30129560
692.03998511,0.31342990
692.27438023,0.31744022
692.50878658,0.31566245
692.74320419,0.31686141
692.97763303,0.31686141
693.21207312,0.32300091
693.44652444,0.33176573
693.68098699,0.32682518
693.91546077,0.33176573
694.14994579,0.32370375
694.38444203,0.32163658
694.61894949,0.32002419
694.85346817,0.33091819
695.08799806,0.32444794
695.32253918,0.32715593
695.55709150,0.32357972
695.79165503,0.32794146
696.02622977,0.33304737
696.26081571,0.34090263
696.49541285,0.34336257
696.73002119,0.34102666
696.96464072,0.34011711
697.19927145,0.34445817
697.43391336,0.32984326
697.66856647,0.34344525
697.90323075,0.34929535
698.13790622,0.35334701
698.37259286,0.35814285
698.60729068,0.35603434
698.84199967,0.36339347
699.07671984,0.37381202
699.31145117,0.38001354
699.54619366,0.39163105
699.78094731,0.38644245
700.01571213,0.41236479
700.25048810,0.41383249
700.48527522,0.42799262
700.72007349,0.43092801
700.95488292,0.44132588
701.18970348,0.43853520
701.42453519,0.43628198
701.65937804,0.43938274
701.89423202,0.44111917
702.12909714,0.44521217
702.36397339,0.43580653
702.59886077,0.42441641
702.83375927,0.40868523
703.06866889,0.40043721
703.30358964,0.39355352
703.53852150,0.39020470
703.77346448,0.39936228
704.00841857,0.39531062
704.24338376,0.39454576
704.47836007,0.37980682
704.71334748,0.38214273
704.94834598,0.37354329
705.18335559,0.36732110
705.41837629,0.35636508
705.65340808,0.35702658
705.88845096,0.35839091
706.12350493,0.36692834
706.35856998,0.35471135
706.59364612,0.36591542
706.82873333,0.36550199
707.06383161,0.39169307
707.29894097,0.40260774
707.53406141,0.42234924
707.76919290,0.43671609
708.00433546,0.45931029
708.23948909,0.48450912
708.47465377,0.50104651
708.70982951,0.49426618
708.94501630,0.50112919
709.18021414,0.49734627
709.41542303,0.49366670
709.65064297,0.47766678
709.88587395,0.46571852
710.12111597,0.45399765
710.35636902,0.43270577
710.59163311,0.42166707
710.82690823,0.41432861
711.06219437,0.40225632
711.29749155,0.38981194
711.53279974,0.38181198
711.76811896,0.38791014
712.00344920,0.37554845
712.23879044,0.39028739
712.47414270,0.39111426
712.70950597,0.39985840
712.94488025,0.40295916
713.18026553,0.41093844
713.41566181,0.39549666
713.65106908,0.39456644
713.88648736,0.39679898
714.12191662,0.38214273
714.35735688,0.37486628
714.59280812,0.36963633
714.82827034,0.37275776
715.06374355,0.37242702
715.29922774,0.36089219
715.53472290,0.35502142
715.77022903,0.35425657
716.00574614,0.36068547
716.24127421,0.35756404
716.47681324,0.35597232
716.71236324,0.33786389
716.94792420,0.33726441
717.18349611,0.32531615
717.41907898,0.32045829
717.65467280,0.31320252
717.89027757,0.30927489
718.12589328,0.30067545
718.36151993,0.28874786
718.59715752,0.28506829
718.83280605,0.27715102
719.06846552,0.27374019
719.30413591,0.27739908
719.53981724,0.26937845
719.77550949,0.27384355
720.01121266,0.28531635
720.24692676,0.29685118
720.48265177,0.30249456
720.71838769,0.30503718
720.95413453,0.29922843
721.18989228,0.30813794
721.42566093,0.30431367
721.66144049,0.30458241
721.89723095,0.29269616
722.13303231,0.29265482
722.36884456,0.28928533
722.60466770,0.29910440
722.84050173,0.28988481
723.07634666,0.29141451
723.31220246,0.29449460
723.54806915,0.29494938
723.78394671,0.28157477
724.01983515,0.27708901
724.25573447,0.27460840
724.49164465,0.27227249
724.72756571,0.27105286
724.96349762,0.26596762
725.19944040,0.26755934
725.43539404,0.26679449
725.67135854,0.25904259
725.90733388,0.25552840
726.14332008,0.25854647
726.37931713,0.25168345
726.61532503,0.24740441
726.85134376,0.24821060
727.08737334,0.24506850
727.32341375,0.23795743
727.55946500,0.24252588
727.79552708,0.24415894
728.03159998,0.24329073
728.26768372,0.24143028
728.50377827,0.25827773
728.73988365,0.26090304
728.97599985,0.26638105
729.21212686,0.27003995
729.44826468,0.27956961
729.68441331,0.27932155
729.92057275,0.26846890
730.15674299,0.27338877
730.39292403,0.27535258
730.62911587,0.26497537
730.86531851,0.24905814
731.10153194,0.24105819
731.33775616,0.22877918
731.57399117,0.21610741
731.81023696,0.19783360
732.04649353,0.18888274
732.28276088,0.17453657
732.51903901,0.16583377
732.75532791,0.15593201
732.99162758,0.15260386
733.22793802,0.14013881
733.46425923,0.14199927
733.70059119,0.13774089
733.93693392,0.13050579
734.17328740,0.12451098
734.40965164,0.13021638
734.64602662,0.12515181
734.88241236,0.12715697
735.11880884,0.12955489
735.35521607,0.12686756
735.59163403,0.12860399
735.82806273,0.13046444
736.06450217,0.14042821
736.30095234,0.14499667
736.53741323,0.15190102
736.77388486,0.17323425
737.01036720,0.18326003
737.24686027,0.19620054
737.48336406,0.21778182
737.71987856,0.23613831
737.95640377,0.25877386
738.19293969,0.27667557
738.42948632,0.28905794
738.66604365,0.29579692
738.90261169,0.30311471
739.13919042,0.31863918
739.37577985,0.32450995
739.61237997,0.31981747
739.84899078,0.32370375
740.08561228,0.31165214
740.32224446,0.30435502
740.55888732,0.29060832
740.79554087,0.28614322
741.03220509,0.27483579
741.26887998,0.26172991
741.50556555,0.24482044
741.74226178,0.23646906
741.97896868,0.23072232
742.21568624,0.21798854
742.45241446,0.20821081
742.68915333,0.20645371
742.92590286,0.20298086
743.16266304,0.19915659
743.39943387,0.19890853
743.63621535,0.19917727
743.87300747,0.19194216
744.10981023,0.19066051
744.34662363,0.18939954
744.58344766,0.19890853
744.82028232,0.19440210
745.05712761,0.19181813
745.29398353,0.18509982
745.53085007,0.18416959
745.76772724,0.18123421
746.00461502,0.17703784
746.24151341,0.16998879
746.47842242,0.16498623
746.71534204,0.16461414
746.95227227,0.16465548
747.18921310,0.16821102
747.42616453,0.16945132
747.66312656,0.17778203
747.90009918,0.17515672
748.13708240,0.17395776
748.37407621,0.18683624
748.61108061,0.18481041
748.84809559,0.18034532
749.08512115,0.18423161
749.32215730,0.17854688
749.55920401,0.17503269
749.79626131,0.18381817
750.03332917,0.18923416
750.27040760,0.18987499
750.50749660,0.19851577
750.74459616,0.19764756
750.98170628,0.19157007
751.21882695,0.19324448
751.45595818,0.18642281
751.69309997,0.19223156
751.93025230,0.18830394
752.16741517,0.18594736
752.40458859,0.18323936
752.64177256,0.18144092
752.87896705,0.18526519
753.11617209,0.18530654
753.35338765,0.19611785
753.59061374,0.20107906
753.82785037,0.21153896
754.06509751,0.21408158
754.30235518,0.22040713
754.53962336,0.22633992
754.77690206,0.23915639
755.01419127,0.24868605
755.25149099,0.26069633
755.48880122,0.25951804
755.72612195,0.27194175
755.96345319,0.26540948
756.20079492,0.26075834
756.43814715,0.25383331
756.67550987,0.25877386
756.91288309,0.24721836
757.15026679,0.25302712
757.38766097,0.24585403
757.62506564,0.23564219
757.86248079,0.24006594
758.09990641,0.23198330
758.33734251,0.23223136
758.57478908,0.22311513
758.81224612,0.23394711
759.04971362,0.22385931
759.28719159,0.21865003
759.52468001,0.20566819
759.76217889,0.20482065
759.99968823,0.19303776
760.23720802,0.18644348
760.47473826,0.18414892
760.71227894,0.18111018
760.94983007,0.17922905
761.18739164,0.17116707
761.42496364,0.16014904
761.66254608,0.15808187
761.90013895,0.16275368
762.13774226,0.16467615
762.37535598,0.15983897
762.61298014,0.16511026
762.85061471,0.16521362
763.08825970,0.16988543
763.32591511,0.17393709
763.56358093,0.17633501
763.80125716,0.18224712
764.03894380,0.19861913
764.27664084,0.21178702
764.51434829,0.21788518
764.75206613,0.22617454
764.98979437,0.22321848
765.22753300,0.22040713
765.46528203,0.22421073
765.70304144,0.22193684
765.94081124,0.21627278
766.17859142,0.21852600
766.41638197,0.21759577
766.65418291,0.20914104
766.89199422,0.20895499
767.12981590,0.20339430
767.36764795,0.20136847
767.60549036,0.19527031
767.84334314,0.20279482
768.08120628,0.19651061
768.31907977,0.19324448
768.55696362,0.19150805
768.79485782,0.18799386
769.03276238,0.17906367
769.27067727,0.18082077
769.50860251,0.17096036
769.74653809,0.17945644
769.98448401,0.17563217
770.22244027,0.17561150
770.46040685,0.18249518
770.69838377,0.18439698
770.93637101,0.18631945
771.17436858,0.19812301
771.41237647,0.21096015
771.65039468,0.21356479
771.88842320,0.21232448
772.12646204,0.21598338
772.36451118,0.21253120
772.60257064,0.20515139
772.84064039,0.20128578
773.07872045,0.19768890
773.31681081,0.19626255
773.55491147,0.19032977
773.79302242,0.19624188
774.03114366,0.18900678
774.26927519,0.18305332
774.50741700,0.18094480
774.74556910,0.17875360
774.98373147,0.18073808
775.22190413,0.17900166
775.46008705,0.17933241
775.69828025,0.17817479
775.93648372,0.17960114
776.17469745,0.17834016
776.41292145,0.18098614
776.65115570,0.17664508
776.88940022,0.18191637
777.12765499,0.17809210
777.36592001,0.18040734
777.60419528,0.17079498
777.84248079,0.16763221
778.08077655,0.16527563
778.31908256,0.16773557
778.55739879,0.16109994
778.79572527,0.16147203
779.03406198,0.16265032
779.27240891,0.15870202
779.51076608,0.14989587
779.74913346,0.15239715
779.98751107,0.14712585
780.22589890,0.16885184
780.46429695,0.15775112
780.70270520,0.15214908
780.94112367,0.14894497
781.17955235,0.15756508
781.41799123,0.15198371
781.65644031,0.15436096
781.89489959,0.15088811
782.13336907,0.15564261
782.37184874,0.15175632
782.61033861,0.15020594
782.84883866,0.15345140
783.08734890,0.14309487
783.32586931,0.14483129
783.56439991,0.14520338
783.80294069,0.14224733
784.04149164,0.14948243
784.28005276,0.15258319
784.51862406,0.15911546
784.75720551,0.15545656
784.99579713,0.15345140
785.23439891,0.15996300
785.47301085,0.15539455
785.71163295,0.15686224
785.95026519,0.16138935
786.18890759,0.15332737
786.42756013,0.14853153
786.66622282,0.13875380
786.90489564,0.14615428
787.14357861,0.13096056
787.38227171,0.13420602
787.62097494,0.12622674
787.85968831,0.12535853
788.09841180,0.11959111
788.33714541,0.12314665
788.57588915,0.11649035
788.81464301,0.11917768
789.05340698,0.12031462
789.29218106,0.11967380
789.53096526,0.12664017
789.76975956,0.12655749
790.00856397,0.12806652
790.24737848,0.13418535
790.48620309,0.12907944
790.72503780,0.14264009
790.96388260,0.14857288
791.20273749,0.15254185
791.44160247,0.15026796
791.68047754,0.14578219
791.91936269,0.14929639
792.15825792,0.14468659
792.39716323,0.14290882
792.63607861,0.13803029
792.87500406,0.13749283
793.11393958,0.14849019
793.35288517,0.13676932
793.59184082,0.13852642
793.83080653,0.13790626
794.06978230,0.13538431
794.30876813,0.14270210
794.54776401,0.13726544
794.78676993,0.13319311
795.02578591,0.13579775
795.26481193,0.13054713
795.50384798,0.13120862
795.74289408,0.12938951
795.98195022,0.13021638
796.22101638,0.13232490
796.46009258,0.13005101
796.69917880,0.12668152
796.93827505,0.12899675
797.17738132,0.13108459
797.41649761,0.12825257
797.65562392,0.13815432
797.89476024,0.14348763
798.13390657,0.13643857
798.37306290,0.14208195
798.61222925,0.13968403
798.85140559,0.14656772
799.09059194,0.14082098
799.32978828,0.14743593
799.56899462,0.13850574
799.80821094,0.15057803
800.04743726,0.14038687
800.28667356,0.14061426
800.52591985,0.14204061
800.76517611,0.13726544
801.00444236,0.14063493
801.24371857,0.13941530
801.48300476,0.13972538
801.72230092,0.13912590
801.96160705,0.14222666
802.20092314,0.15324469
802.44024919,0.15841262
802.67958519,0.16527563
802.91893116,0.16777691
803.15828707,0.17249006
803.39765294,0.17449522
803.63702875,0.18390086
803.87641450,0.18040734
804.11581020,0.18636079
804.35521584,0.18807655
804.59463141,0.18551325
804.83405692,0.18303265
805.07349235,0.18958558
805.31293772,0.18146159
805.55239300,0.17840218
805.79185821,0.17914636
806.03133334,0.17941509
806.27081839,0.17908435
806.51031335,0.17174588
806.74981822,0.17877427
806.98933300,0.17999390
807.22885768,0.17621098
807.46839227,0.17838151
807.70793675,0.17559082
807.94749114,0.17122909
808.18705542,0.16238159
808.42662959,0.16757019
808.66621364,0.16349786
808.90580759,0.16653661
809.14541141,0.16395264
809.38502512,0.16151338
809.62464871,0.15820590
809.86428217,0.15640746
810.10392550,0.15299663
810.34357870,0.14261942
810.58324177,0.14113105
810.82291470,0.12858331
811.06259749,0.11868156
811.30229015,0.11892962
811.54199265,0.10809763
811.78170501,0.10127596
812.02142722,0.09490907
812.26115928,0.08517269
812.50090118,0.08134842
812.74065292,0.07527093
812.98041450,0.07045442
813.22018592,0.07192211
813.45996717,0.05769996
813.69975825,0.05784466
813.93955916,0.05461987
814.17936989,0.05459920
814.41919045,0.05017545
814.65902083,0.05319352
814.89886102,0.04717805
815.13871102,0.04734342
815.37857084,0.04633051
815.61844047,0.04800492
815.85831990,0.04620648
816.09820913,0.04651656
816.33810817,0.04382923
816.57801700,0.04380856
816.81793562,0.04366386
817.05786404,0.04256826
817.29780225,0.03638741
817.53775024,0.03485770
817.77770801,0.03545718
818.01767557,0.03359673
818.25765290,0.03529181
818.49764001,0.03394814
818.73763689,0.03514711
818.97764354,0.03516778
819.21765996,0.03806182
819.45768614,0.03264583
819.69772209,0.03142619
819.93776779,0.03245978
820.17782324,0.03330732
820.41788845,0.03303859
820.65796341,0.03442359
820.89804812,0.03421688
821.13814257,0.03808249
821.37824677,0.04331244
821.61836070,0.03992227
821.85848437,0.04302303
822.09861777,0.05313151
822.33876090,0.05945706
822.57891376,0.06410820
822.81907635,0.07171539
823.05924866,0.08196857
823.29943069,0.09860931
823.53962243,0.11101235
823.77982389,0.12653681
824.02003506,0.14596824
824.26025594,0.16277435
824.50048652,0.19010238
824.74072681,0.20161653
824.98097680,0.22059318
825.22123648,0.22981277
825.46150586,0.25321316
825.70178493,0.24837598
825.94207369,0.25649997
826.18237214,0.26784874
826.42268027,0.28105798
826.66299808,0.27628281
826.90332557,0.28810704
827.14366273,0.29310960
827.38400957,0.29703722
827.62436608,0.30299068
827.86473225,0.30534726
828.10510809,0.29709924
828.34549359,0.28500628
828.58588874,0.28744554
828.82629356,0.29013287
829.06670802,0.27233451
829.30713214,0.26925442
829.54756590,0.25947670
829.78800931,0.25970408
830.02846236,0.25755422
830.26892505,0.25277906
830.50939738,0.25298577
830.74987934,0.24800389
830.99037093,0.24089281
831.23087215,0.23644839
831.47138299,0.23431920
831.71190346,0.22687738
831.95243355,0.22460349
832.19297325,0.22003504
832.43352257,0.21205575
832.67408150,0.20564752
832.91465003,0.20484132
833.15522818,0.19208686
833.39581592,0.19035044
833.63641327,0.18398355
833.87702022,0.17592157
834.11763676,0.16599914
834.35826289,0.16109994
834.59889861,0.15692425
834.83954392,0.14890362
835.08019881,0.14026284
835.32086328,0.13583909
835.56153733,0.13360654
835.80222095,0.12719831
836.04291415,0.11595289
836.28361692,0.11010279
836.52432926,0.10815965
836.76505116,0.09885737
837.00578262,0.09707960
837.24652364,0.09242846
837.48727421,0.08320887
837.72803434,0.08074894
837.96880402,0.07905386
838.20958325,0.07190144
838.45037202,0.07481615
838.69117033,0.07578772
838.93197819,0.07535362
839.17279558,0.07235622
839.41362250,0.07946729
839.65445896,0.08391171
839.89530494,0.08752926
840.13616045,0.08699180
840.37702548,0.08829412
840.61790003,0.09193234
840.85878410,0.09573594
841.09967768,0.09058868
841.34058078,0.09521915
841.58149338,0.09091943
841.82241549,0.09031995
842.06334710,0.09040263
842.30428821,0.08172051
842.54523883,0.08370499
842.78619893,0.08242335
843.02716853,0.07295570
843.26814762,0.07440272
843.50913619,0.06975158
843.75013425,0.06849060
843.99114179,0.07245957
844.23215881,0.07115726
844.47318530,0.06605134
844.71422127,0.08172051
844.95526670,0.07384458
845.19632161,0.07473346
845.43738597,0.06826321
845.67845980,0.07157069
845.91954309,0.06898672
846.16063584,0.06985494
846.40173803,0.06677485
846.64284968,0.07303838
846.88397078,0.06160692
847.12510132,0.06993762
847.36624130,0.06873866
847.60739073,0.07103322
847.84854959,0.07194278
848.08971788,0.07539496
848.33089561,0.07444406
848.57208276,0.07624250
848.81327934,0.08124506
849.05448534,0.08446985
849.29570076,0.08391171
849.53692560,0.09865065
849.77815986,0.10001499
850.01940353,0.10648524
850.26065660,0.11049555
850.50191908,0.11938440
850.74319097,0.12089343
850.98447225,0.12552390
851.22576294,0.13011302
851.46706301,0.13437140
851.70837248,0.13650059
851.94969135,0.14906900
852.19101959,0.14700182
852.43235722,0.16864512
852.67370424,0.17120842
852.91506063,0.17869158
853.15642640,0.18706363
853.39780154,0.18786983
853.63918605,0.19173544
853.88057992,0.19806099
854.12198317,0.19429874
854.36339577,0.19535300
854.60481773,0.18853133
854.84624905,0.19008171
855.08768973,0.19115663
855.32913975,0.18038666
855.57059912,0.17554948
855.81206784,0.17660374
856.05354590,0.16635056
856.29503330,0.16806631
856.53653004,0.16471750
856.77803611,0.15884672
857.01955151,0.14768399
857.26107624,0.18249518
857.50261030,0.14793205
857.74415367,0.14979251
857.98570637,0.13342050
858.22726839,0.13823701
858.46883972,0.12881070
858.71042037,0.12835593
858.95201032,0.12325001
859.19360958,0.11686245
859.43521814,0.11061958
859.67683601,0.10925525
859.91846317,0.12072806
860.16009963,0.10307440
860.40174538,0.10340515
860.64340042,0.10104857
860.88506474,0.10096589
861.12673835,0.10055245
861.36842125,0.09885737
861.61011342,0.10189611
861.85181487,0.09922946
862.09352559,0.10354985
862.33524558,0.10367388
862.57697484,0.09991163
862.81871336,0.10681599
863.06046114,0.11361698
863.30221819,0.10960667
863.54398449,0.10962734
863.78576004,0.10464545
864.02754485,0.10299172
864.26933890,0.10150335
864.51114220,0.10175141
864.75295474,0.10675397
864.99477653,0.11243870
865.23660755,0.10319843
865.47844780,0.10307440
865.72029728,0.09858864
865.96215600,0.09943618
866.20402394,0.09862998
866.44590110,0.09995297
866.68778748,0.08963778
866.92968308,0.09567392
867.17158790,0.09065069
867.41350193,0.09292458
867.65542516,0.09079540
867.89735761,0.09063002
868.13929926,0.09127085
868.38125011,0.09218040
868.62321015,0.09695557
868.86517940,0.10276433
869.10715783,0.09705893
869.34914546,0.09960155
869.59114227,0.10514158
869.83314827,0.11004077
870.07516344,0.10553434
870.31718780,0.10274366
870.55922133,0.10669196
870.80126404,0.10592710
871.04331592,0.10396329
871.28537696,0.09852662
871.52744717,0.09635609
871.76952655,0.09561191
872.01161508,0.09821655
872.25371277,0.09575661
872.49581961,0.09484706
872.73793560,0.09526049
872.98006075,0.09050599
873.22219503,0.08711583
873.46433846,0.08934838
873.70649103,0.09149824
873.94865274,0.08482127
874.19082358,0.08732255
874.43300356,0.08645433
874.67519266,0.08540008
874.91739089,0.07642855
875.15959824,0.07618048
875.40181471,0.06950352
875.64404031,0.07059912
875.88627501,0.06400484
876.12851883,0.06615470
876.37077176,0.06578261
876.61303379,0.05960176
876.85530493,0.06160692
877.09758517,0.05325554
877.33987451,0.05495062
877.58217294,0.06239244
877.82448047,0.06334334
878.06679709,0.06977225
878.30912279,0.06944150
878.55145758,0.07580839
878.79380145,0.07756549
879.03615440,0.07529160
879.27851643,0.08091431
879.52088753,0.08141043
879.76326770,0.08165849
880.00565694,0.08651635
880.24805524,0.08635097
880.49046260,0.08800471
880.73287903,0.08788068
880.97530451,0.09284190
881.21773905,0.09112614
881.46018264,0.08951375
881.70263527,0.09410287
881.94509695,0.09226309
882.18756768,0.09389616
882.43004744,0.09453698
882.67253625,0.09691423
882.91503409,0.09571527
883.15754095,0.09193234
883.40005685,0.08934838
883.64258178,0.09143622
883.88511573,0.08697113
884.12765869,0.08802538
884.37021068,0.08635097
884.61277168,0.08879024
884.85534170,0.08351895
885.09792072,0.08099700
885.34050876,0.07607713
885.58310579,0.07570504
885.82571183,0.07049576
886.06832686,0.06989628
886.31095090,0.06873866
886.55358392,0.06268185
886.79622594,0.05741056
887.03887694,0.05455786
887.28153693,0.05439248
887.52420589,0.05621160
887.76688384,0.05209792
888.00957077,0.05073359
888.25226667,0.04568969
888.49497154,0.04486282
888.73768537,0.04633051
888.98040818,0.04010832
889.22313994,0.03983959
889.46588067,0.04128661
889.70863035,0.03760704
889.95138899,0.03779309
890.19415657,0.03560188
890.43693311,0.03520912
890.67971859,0.03469233
890.92251302,0.02940036
891.16531639,0.03248045
891.40812869,0.02942104
891.65094993,0.02776730
891.89378010,0.03150888
892.13661920,0.02999984
892.37946723,0.03103343
892.62232418,0.02894559
892.86519005,0.03611868
893.10806484,0.03580860
893.35094854,0.04281632
893.59384116,0.03942615
893.83674269,0.04225818
894.07965312,0.04449073
894.32257246,0.04686797
894.56550070,0.04409796
894.80843784,0.05571547
895.05138388,0.05224262
895.29433881,0.05751391
895.53730263,0.05375166
895.78027533,0.06049064
896.02325692,0.05482659
896.26624740,0.05645966
896.50924675,0.06106945
896.75225498,0.06297125
896.99527208,0.06053199
897.23829806,0.06400484
897.48133290,0.06429424
897.72437661,0.06270252
897.96742918,0.05885758
898.21049061,0.06135886
898.45356090,0.06121415
898.69664005,0.06148289
898.93972804,0.05796869
899.18282488,0.05834078
899.42593057,0.06109012
899.66904511,0.06001519
899.91216848,0.06297125
900.15530069,0.06024258
900.39844174,0.06495574
900.64159162,0.05962243
900.88475033,0.06195834
901.12791786,0.06859396
901.37109422,0.06884202
901.61427940,0.07041307
901.85747340,0.07427869
902.10067621,0.07706937
902.34388784,0.08641299
902.58710827,0.08560679
902.83033752,0.08190655
903.07357557,0.09015457
903.31682242,0.08804606
903.56007807,0.09120883
903.80334251,0.09044398
904.04661575,0.08907964
904.28989778,0.09242846
904.53318860,0.09834058
904.77648820,0.09191167
905.01979659,0.09625273
905.26311375,0.09474370
905.50643969,0.09902274
905.74977441,0.10108992
905.99311789,0.10069715
906.23647015,0.10108992
906.47983117,0.09989096
906.72320095,0.09790647
906.96657950,0.10111059
907.20996680,0.09474370
907.45336285,0.09796849
907.69676766,0.09846461
907.94018122,0.10342582
908.18360352,0.10379791
908.42703457,0.11200459
908.67047435,0.09689356
908.91392288,0.09722430
909.15738014,0.09761707
909.40084613,0.09482638
909.64432085,0.09397884
909.88780430,0.09406153
910.13129648,0.09147756
910.37479737,0.08943106
910.61830699,0.08556545
910.86182531,0.08494530
911.10535236,0.08041819
911.34888811,0.08643366
911.59243257,0.07620116
911.83598573,0.08035617
912.07954760,0.07587041
912.32311816,0.08054222
912.56669743,0.08639232
912.81028538,0.08153446
913.05388203,0.07907453
913.29748736,0.08353962
913.54110138,0.07882647
913.78472408,0.08099700
914.02835547,0.07754482
914.27199552,0.08182387
914.51564426,0.07874378
914.75930166,0.07463011
915.00296774,0.07709004
915.24664247,0.08298148
915.49032588,0.07688332
915.73401794,0.07744146
915.97771866,0.07992207
916.22142803,0.08914166
916.46514606,0.08779800
916.70887274,0.09110547
916.95260806,0.08812874
917.19635202,0.09877468
917.44010463,0.09364809
917.68386588,0.10278500
917.92763576,0.10288836
918.17141427,0.11285213
918.41520141,0.12463501
918.65899718,0.12172030
918.90280158,0.12678487
919.14661459,0.13021638
919.39043623,0.13472282
919.63426648,0.13784425
919.87810534,0.14923437
920.12195281,0.16231957
920.36580890,0.15642813
920.60967358,0.16978207
920.85354687,0.17757531
921.09742876,0.17242805
921.34131924,0.16732213
921.58521832,0.17253141
921.82912599,0.16351853
922.07304225,0.16149271
922.31696709,0.14609227
922.56090052,0.14900698
922.80484252,0.13573573
923.04879310,0.13098124
923.29275226,0.12457300
923.53671999,0.11624229
923.78069629,0.10373590
924.02468115,0.10332246
924.26867458,0.09342071
924.51267656,0.08490395
924.75668711,0.07663526
925.00070621,0.07535362
925.24473386,0.07285234
925.48877006,0.06569992
925.73281481,0.06448029
925.97686810,0.05852683
926.22092994,0.05528137
926.46500031,0.05133307
926.70907921,0.04513155
926.95316665,0.04568969
927.19726262,0.03905406
927.44136712,0.04219616
927.68548014,0.03384479
927.92960168,0.03556054
928.17373175,0.03204635
928.41787032,0.02999984
928.66201741,0.02925566
928.90617302,0.02539005
929.15033713,0.02481124
929.39450974,0.02282676
929.63869086,0.02392236
929.88288047,0.02212392
930.12707859,0.02507997
930.37128520,0.03062000
930.61550029,0.02555542
930.85972388,0.02937969
931.10395595,0.02766394
931.34819651,0.02789133
931.59244554,0.03066134
931.83670306,0.03002052
932.08096904,0.03359673
932.32524350,0.04004630
932.56952643,0.04366386
932.81381782,0.04544163
933.05811768,0.04033571
933.30242600,0.05304882
933.54674278,0.05032015
933.79106801,0.05726585
934.03540169,0.05133307
934.27974382,0.05683175
934.52409440,0.05958109
934.76845343,0.06359140
935.01282089,0.05691443
935.25719680,0.06255782
935.50158114,0.06640276
935.74597391,0.06321931
935.99037511,0.06483171
936.23478474,0.06371543
936.47920279,0.06456297
936.72362927,0.07456809
936.96806417,0.06820120
937.21250748,0.07192211
937.45695920,0.07274898
937.70141934,0.06309528
937.94588788,0.06292991
938.19036483,0.06123483
938.43485019,0.05966377
938.67934394,0.05635630
938.92384608,0.05621160
939.16835663,0.05718317
939.41287556,0.06332267
939.65740288,0.06629940
939.90193859,0.06003587
940.14648268,0.05980848
940.39103515,0.05753459
940.63559600,0.05883691
940.88016523,0.05755526
941.12474282,0.05778265
941.36932879,0.05720384
941.61392312,0.06059400
941.85852581,0.05741056
942.10313687,0.05617025
942.34775628,0.05329688
942.59238405,0.04953463
942.83702017,0.04943127
943.08166464,0.05255270
943.32631746,0.05327621
943.57097862,0.05050620
943.81564813,0.05058889
944.06032597,0.04839768
944.30501215,0.05007209
944.54970666,0.05100232
944.79440950,0.04703335
945.03912067,0.04885246
945.28384016,0.05005142
945.52856798,0.04544163
945.77330412,0.04755014
946.01804857,0.03781376
946.26280133,0.04076982
946.50756241,0.04138997
946.75233179,0.04130728
946.99710948,0.03886802
947.24189548,0.04151400
947.48668977,0.04002563
947.73149236,0.04401528
947.97630324,0.03992227
948.22112242,0.04097653
948.46594988,0.04351915
948.71078563,0.03833055
948.95562966,0.04451140
949.20048198,0.03750368
949.44534257,0.03905406
949.69021144,0.04091452
949.93508857,0.04418065
950.17997398,0.03967421
950.42486766,0.03806182
950.66976959,0.04372587
950.91467979,0.03835122
951.15959825,0.03893003
951.40452496,0.03702823
951.64945993,0.03436158
951.89440314,0.03841324
952.13935461,0.03111612
952.38431431,0.02873887
952.62928226,0.02518333
952.87425845,0.02663035
953.11924287,0.03008253
953.36423553,0.02464587
953.60923642,0.02406706
953.85424553,0.02386034
954.09926287,0.02115235
954.34428843,0.02013943
954.58932222,0.01925055
954.83436421,0.02086294
955.07941443,0.01894047
955.32447285,0.01493016
955.56953948,0.02034615
955.81461432,0.02049085
956.05969736,0.01664591
956.30478860,0.01133327
956.54988803,0.01406194
956.79499567,0.01391724
957.04011149,0.01736942
957.28523550,0.01149865
957.53036770,0.01216014
957.77550808,0.00982424
958.02065664,0.01205679
958.26581338,0.01048573
958.51097830,0.01313172
958.75615139,0.01160201
959.00133264,0.01743143
959.24652207,0.01397926
959.49171965,0.01962264
959.73692540,0.01774151
959.98213931,0.01761748
960.22736137,0.01827898
960.47259159,0.02181384
960.71782995,0.05342091
960.96307647,0.02493527
961.20833112,0.02650632
961.45359392,0.03169493
961.69886486,0.02950372
961.94414394,0.03336934
962.18943115,0.03384479
962.43472648,0.03411352
962.68002995,0.03861996
962.92534154,0.03634607
963.17066126,0.03221172
963.41598909,0.03694555
963.66132504,0.03582927
963.90666911,0.03994295
964.15202128,0.03686286
964.39738157,0.04329177
964.64274996,0.04223751
964.88812645,0.04719872
965.13351104,0.04310572
965.37890374,0.04579304
965.62430452,0.04552431
965.86971340,0.04765350
966.11513036,0.04796358
966.36055542,0.04579304
966.60598855,0.04775686
966.85142977,0.04490416
967.09687907,0.04440804
967.34233644,0.04686797
967.58780188,0.04845970
967.83327539,0.04703335
968.07875697,0.05420644
968.32424661,0.06051132
968.56974432,0.05153979
968.81525008,0.05244934
969.06076390,0.05228397
969.30628577,0.05230464
969.55181570,0.05664570
969.79735367,0.05393771
970.04289968,0.04781887
970.28845374,0.04821164
970.53401583,0.04783955
970.77958597,0.05205658
971.02516413,0.04542095
971.27075033,0.04506953
971.51634455,0.04339512
971.76194680,0.04988605
972.00755708,0.04533827
972.25317537,0.05015478
972.49880168,0.04949328
972.74443600,0.05001008
972.99007834,0.05135374
973.23572868,0.05738988
973.48138703,0.05933303
973.72705338,0.06059400
973.97272774,0.06140020
974.21841009,0.06412887
974.46410043,0.06760172
974.70979877,0.06615470
974.95550510,0.05941571
975.20121941,0.06245446
975.44694171,0.06175162
975.69267199,0.05728653
975.93841024,0.05565346
976.18415647,0.06344670
976.42991068,0.06142087
976.67567285,0.05769996
976.92144299,0.05581883
977.16722110,0.05534338
977.41300717,0.05873355
977.65880119,0.05705914
977.90460317,0.05224262
978.15041311,0.05842347
978.39623099,0.05627361
978.64205683,0.05470256
978.88789061,0.05236665
979.13373233,0.04932791
979.37958199,0.04447005
979.62543958,0.04548297
979.87130511,0.04608245
980.11717857,0.04963799
980.36305996,0.03940548
980.60894928,0.04219616
980.85484651,0.03967421
981.10075167,0.04138997
981.34666475,0.03845458
981.59258573,0.03775174
981.83851463,0.03111612
982.08445144,0.03454763
982.33039616,0.03082671
982.57634878,0.02927633
982.82230930,0.02859417
983.06827771,0.02799469
983.31425403,0.02799469
983.56023823,0.02681640
983.80623032,0.02733319
984.05223031,0.02377765
984.29823817,0.02168981
984.54425391,0.02284743
984.79027754,0.02049085
985.03630904,0.02363295
985.28234841,0.02096630
985.52839565,0.02880088
985.77445076,0.02286810
986.02051374,0.02898693
986.26658457,0.02195854
986.51266327,0.02927633
986.75874982,0.03140552
987.00484422,0.02859417
987.25094647,0.03570524
987.49705658,0.03446494
987.74317452,0.03252180
987.98930031,0.03245978
988.23543394,0.03789644
988.48157541,0.03626338
988.72772471,0.03742100
988.97388184,0.04287833
989.22004680,0.03496106
989.46621959,0.04296102
989.71240020,0.03818585
989.95858862,0.04130728
990.20478487,0.03957085
990.45098893,0.04719872
990.69720080,0.03959153
990.94342048,0.03969489
991.18964797,0.03578793
991.43588326,0.03853727
991.68212635,0.03562255
991.92837724,0.03527114
992.17463593,0.03756570
992.42090240,0.03684219
992.66717667,0.03101276
992.91345872,0.02917298
993.15974856,0.02847014
993.40604618,0.02931768
993.65235158,0.02534871
993.89866475,0.02739521
994.14498570,0.02634095
994.39131441,0.02586550
994.63765090,0.02764327
994.88399515,0.02439781
995.13034716,0.02348825
995.37670693,0.02528669
995.62307445,0.01989137
995.86944973,0.01902316
996.11583276,0.01767950
996.36222354,0.02317817
996.60862206,0.02239265
996.85502833,0.02160712
997.10144233,0.02061488
997.34786408,0.01749345
997.59429355,0.01755546
997.84073076,0.01718337
998.08717570,0.01195343
998.33362836,0.01621180
998.58008875,0.01257358
998.82655685,0.01656322
999.07303267,0.01929189
999.31951621,0.01577770
999.56600746,0.01309037
999.81250642,0.01552964
1000.05901309,0.01433068
1000.30552746,0.01387590
1000.55204953,0.01050641
1000.79857929,0.01604643
1001.04511676,0.01664591
1001.29166191,0.01821696
1001.53821476,0.01238753
1001.78477529,0.01393791
1002.03134351,0.01501284
1002.27791941,0.01697666
1002.52450299,0.01534359
1002.77109424,0.01608777
1003.01769317,0.01288365
1003.26429976,0.01643919
1003.51091403,0.01340045
1003.75753596,0.01652188
1004.00416555,0.01445471
1004.25080280,0.02051152
1004.49744771,0.01710069
1004.74410027,0.01579837
1004.99076048,0.01521956
1005.23742834,0.01439269
1005.48410384,0.01941592
1005.73078699,0.01544695
1005.97747778,0.01718337
1006.22417620,0.01722472
1006.47088226,0.01540561
1006.71759595,0.01581904
1006.96431727,0.01722472
1007.21104622,0.01588105
1007.45778279,0.01782420
1007.70452698,0.01139529
1007.95127879,0.01581904
1008.19803821,0.01544695
1008.44480524,0.01736942
1008.69157988,0.01757614
1008.93836213,0.01993271
1009.18515199,0.01437202
1009.43194944,0.01656322
1009.67875450,0.01666658
1009.92556715,0.01476478
1010.17238739,0.01612912
1010.41921522,0.01658389
1010.66605064,0.01346246
1010.91289364,0.01441336
1011.15974422,0.01197410
1011.40660239,0.01108521
1011.65346813,0.01379321
1011.90034144,0.01900249
1012.14722232,0.01569501
1012.39411078,0.01280097
1012.64100679,0.01598441
1012.88791037,0.01710069
1013.13482151,0.01714203
1013.38174020,0.01708002
1013.62866645,0.02330221
1013.87560025,0.02429445
1014.12254160,0.01968465
1014.36949049,0.02396370
1014.61644693,0.02929701
1014.86341091,0.02307482
1015.11038242,0.02073891
1015.35736147,0.02243399
1015.60434805,0.02210324
1015.85134216,0.02055287
1016.09834379,0.02104899
1016.34535295,0.02185518
1016.59236963,0.02154511
1016.83939383,0.02127638
1017.08642554,0.02092496
1017.33346476,0.02137973
1017.58051150,0.02156578
1017.82756574,0.01805159
1018.07462748,0.01552964
1018.32169673,0.01867174
1018.56877347,0.01761748
1018.81585771,0.01871308
1019.06294945,0.01645986
1019.31004867,0.01158134
1019.55715538,0.00831520
1019.80426957,0.01331776
1020.05139125,0.01453739
1020.29852041,0.01342112
1020.54565704,0.01034103
1020.79280114,0.00963819
1021.03995272,0.00647542
1021.28711177,0.01431000
1021.53427828,0.00949349
1021.78145225,0.01201544
1022.02863368,0.00893535
1022.27582257,0.00672348
1022.52301891,0.01286298
1022.77022270,0.01038238
1023.01743395,0.01065111
1023.26465263,0.00864595
1023.51187876,0.00366406
1023.75911234,0.00874931
1024.00635335,0.00579325
1024.25360179,0.00562788
1024.50085766,0.00697154
1024.74812097,0.00868729
1024.99539170,0.00595863
1025.24266985,0.00901804
1025.48995543,0.00440825
1025.73724842,0.00688885
1025.98454883,0.00746766
1026.23185665,0.00310593
1026.47917188,0.00523512
1026.72649452,0.00769505
1026.97382456,0.00835655
1027.22116200,0.00360205
1027.46850685,0.00490437
1027.71585908,0.00589661
1027.96321872,0.00622736
1028.21058574,0.00300257
1028.45796014,-0.01132294
1028.70534194,-0.01057876
1028.95273111,-0.01084749
1029.20012767,-0.01074413
1029.44753160,-0.01169503
1029.69494290,-0.00960719
