399.81288841,0.00622743
400.03045039,0.00504421
400.24802720,0.00851081
400.46561883,0.00147382
400.68322529,0.00180595
400.90084656,0.00128700
401.11848265,0.00500270
401.33613355,0.00145307
401.55379926,0.00083032
401.77147978,0.00658031
401.98917511,0.00842778
402.20688524,0.00153610
402.42461017,0.00400631
402.64234989,0.00508573
402.86010441,-0.00008303
403.07787372,0.00541786
403.29565782,0.00491967
403.51345670,0.00398555
403.73127037,0.00489891
403.94909882,0.00120397
404.16694205,0.00593681
404.38480005,0.00500270
404.60267282,0.00367418
404.82056036,0.00286462
405.03846267,0.00834475
405.25637974,0.00695396
405.47431157,0.00618591
405.69225816,0.00300992
405.91021951,0.00479512
406.12819561,0.00195126
406.34618645,0.00317599
406.56419205,0.00377797
406.78221239,0.00286462
407.00024747,0.00755594
407.21829729,0.00026986
407.43636184,0.00996388
407.65444113,0.00753518
407.87253515,0.00765973
408.09064390,0.00653880
408.30876737,0.00604060
408.52690556,0.00805414
408.74505847,0.00388176
408.96322610,0.00674638
409.18140844,0.00469133
409.39960550,0.00367418
409.61781726,0.00709927
409.83604372,0.00612364
410.05428489,0.00768049
410.27254076,0.00232491
410.49081133,0.00828248
410.70909659,0.00824096
410.92739654,0.00435920
411.14571118,0.00834475
411.36404051,0.00498194
411.58238452,0.01120937
411.80074321,0.00591605
412.01911658,0.00894673
412.23750462,0.00898825
412.45590734,0.00716154
412.67432472,0.00628970
412.89275677,0.00589530
413.11120349,0.00290613
413.32966486,0.00124549
413.54814090,0.00693320
413.76663159,0.00570847
413.98513693,0.00402707
414.20365692,0.00296841
414.42219156,0.00709927
414.64074084,0.00354963
414.85930477,0.00633122
415.07788333,0.00350812
415.29647653,0.00620667
415.51508437,0.00317599
415.73370683,0.00369494
415.95234392,0.00421389
416.17099564,0.00510649
416.38966198,0.00743139
416.60834294,0.00736912
416.82703851,0.00770125
417.04574870,0.00166065
417.26447350,0.00442147
417.48321291,0.00622743
417.70196692,0.00377797
417.92073554,0.00543862
418.13951875,0.00855233
418.35831657,0.00166065
418.57712898,0.00193050
418.79595598,0.01241333
419.01479757,0.01008843
419.23365374,0.00568772
419.45252450,0.00406858
419.67140984,0.00828248
419.89030975,0.00956948
420.10922425,0.01189438
420.32815331,0.00583302
420.54709694,0.00801262
420.76605514,0.00491967
420.98502791,0.00529331
421.20401523,0.00118321
421.42301712,0.00614439
421.64203356,0.00772201
421.86106455,0.00566696
422.08011009,0.00494042
422.29917018,0.00647652
422.51824482,0.00678789
422.73733399,0.00435920
422.95643771,0.00680865
423.17555596,0.00604060
423.39468875,0.00660107
423.61383606,0.00564620
423.83299790,0.00523104
424.05217427,0.00716154
424.27136516,0.00749367
424.49057057,0.00384025
424.70979050,0.00658031
424.92902494,0.00701623
425.14827390,0.00568772
425.36753736,0.00581226
425.58681532,0.01062814
425.80610779,0.00909204
426.02541476,0.01181135
426.24473623,0.00327978
426.46407219,0.00830323
426.68342265,0.00242870
426.90278759,0.00732760
427.12216702,0.00714078
427.34156093,0.00691244
427.56096933,0.00898825
427.78039220,0.01114709
427.99982955,0.00610288
428.21928137,0.00560468
428.43874766,0.00290613
428.65822841,0.00853157
428.87772363,0.00813717
429.09723331,0.00707851
429.31675745,0.00390252
429.53629605,0.00317599
429.75584910,0.00601984
429.97541660,0.00778428
430.19499854,0.00359115
430.41459494,0.00936190
430.63420577,0.00759746
430.85383104,0.00753518
431.07347075,0.00751443
431.29312489,0.01301532
431.51279347,0.00616515
431.73247647,0.00525180
431.95217390,0.00583302
432.17188574,0.00927886
432.39161201,0.00464981
432.61135270,0.00518952
432.83110780,0.00738988
433.05087731,0.01287001
433.27066123,0.00556317
433.49045956,0.00645576
433.71027229,0.00840702
433.93009942,0.01017146
434.14994095,0.00626894
434.36979687,0.00689168
434.58966718,0.00836551
434.80955189,0.00801262
435.02945098,0.00938265
435.24936445,0.01399095
435.46929230,0.00778428
435.68923454,0.00892598
435.90919115,0.00990161
436.12916213,0.01002616
436.34914748,0.01133391
436.56914720,0.00988085
436.78916128,0.00635197
437.00918972,0.00763898
437.22923252,0.00776352
437.44928968,0.01042056
437.66936119,0.00884294
437.88944706,0.01255864
438.10954727,0.01120937
438.32966182,0.00886370
438.54979072,0.01006767
438.76993395,0.01695936
438.99009153,0.01367958
439.21026343,0.01272471
439.43044967,0.01328517
439.65065024,0.01766513
439.87086513,0.01181135
440.09109434,0.00923735
440.31133788,0.01147922
440.53159573,0.01571387
440.75186789,0.00952796
440.97215437,0.01108482
441.19245516,0.01291153
441.41277025,0.01015070
441.63309964,0.01145846
441.85344334,0.01419853
442.07380133,0.01311911
442.29417362,0.01287001
442.51456020,0.01081496
442.73496107,0.01203969
442.95537623,0.01083572
443.17580567,0.01361730
443.39624939,0.01536098
443.61670739,0.01239258
443.83717967,0.01388716
444.05766622,0.01419853
444.27816704,0.01787271
444.49868212,0.00956948
444.71921147,0.01407398
444.93975509,0.01467597
445.16031296,0.01394943
445.38088508,0.01332669
445.60147147,0.01556856
445.82207210,0.01374185
446.04268698,0.01770665
446.26331610,0.02125628
446.48395947,0.00882219
446.70461707,0.01511189
446.92528892,0.01098103
447.14597499,0.01365882
447.36667530,0.00873915
447.58738984,0.01793499
447.80811860,0.01276622
448.02886158,0.01172832
448.24961879,0.01561008
448.47039021,0.01637813
448.69117585,0.02175447
448.91197570,0.01637813
449.13278975,0.00824096
449.35361802,0.01330593
449.57446049,0.01477976
449.79531715,0.00952796
450.01618802,0.01123012
450.23707308,0.00944493
450.45797234,0.01540250
450.67888578,0.01149998
450.89981341,0.01033753
451.12075522,0.01426080
451.34171122,0.01552705
451.56268139,0.01862000
451.78366574,0.01438535
452.00466426,0.01509113
452.22567696,0.01000540
452.44670382,0.01305684
452.66774484,0.00836551
452.88880003,0.01735376
453.10986938,0.01473824
453.33095288,0.01614979
453.55205053,0.01376261
453.77316234,0.00896749
453.99428830,0.01241333
454.21542840,0.01208121
454.43658264,0.01374185
454.65775102,0.01322290
454.87893354,0.01239258
455.10013019,0.01421929
455.32134098,0.01808029
455.54256589,0.01903516
455.76380493,0.01446839
455.98505809,0.01619131
456.20632537,0.01583842
456.42760677,0.01544402
456.64890229,0.01569311
456.87021191,0.01874455
457.09153565,0.01567235
457.31287349,0.01818408
457.53422544,0.02073733
457.75559149,0.02013534
457.97697163,0.01193590
458.19836587,0.01868228
458.41977420,0.01853697
458.64119663,0.02113173
458.86263313,0.01745755
459.08408373,0.02117325
459.30554840,0.01764437
459.52702716,0.02623822
459.74851999,0.01264167
459.97002689,0.02455681
460.19154786,0.01832939
460.41308290,0.02254328
460.63463201,0.01637813
460.85619518,0.01465521
461.07777241,0.01735376
461.29936369,0.01835015
461.52096903,0.02183751
461.74258841,0.02025989
461.96422185,0.01988625
462.18586933,0.02144310
462.40753086,0.02306223
462.62920642,0.02314527
462.85089602,0.02210736
463.07259966,0.02019762
463.29431733,0.01561008
463.51604902,0.02102794
463.73779475,0.01920123
463.95955449,0.02187902
464.18132826,0.02615519
464.40311604,0.01934654
464.62491784,0.02023913
464.84673365,0.02227343
465.06856347,0.02571927
465.29040730,0.02111097
465.51226513,0.02040520
465.73413696,0.01801802
465.95602279,0.02196205
466.17792261,0.02121476
466.39983643,0.02619670
466.62176424,0.02262631
466.84370603,0.02463985
467.06566181,0.02169220
467.28763157,0.02532486
467.50961531,0.02441151
467.73161303,0.02526259
467.95362472,0.02241873
468.17565038,0.02667414
468.39769001,0.02320754
468.61974360,0.02235646
468.84181116,0.02594761
469.06389267,0.03059742
469.28598814,0.02310375
469.50809757,0.02673641
469.73022094,0.02862540
469.95235827,0.02609291
470.17450954,0.02445302
470.39667475,0.02364346
470.61885390,0.02667414
470.84104699,0.02451530
471.06325402,0.03103334
471.28547498,0.02194130
471.50770986,0.02727612
471.72995867,0.02146386
471.95222141,0.01843318
472.17449806,0.02102794
472.39678864,0.02094491
472.61909313,0.02077884
472.84141153,0.01947108
473.06374384,0.02748370
473.28609005,0.02756674
473.50845017,0.02187902
473.73082420,0.02534562
473.95321212,0.02181675
474.17561393,0.02592685
474.39802964,0.02312451
474.62045924,0.02347739
474.84290273,0.01795574
475.06536010,0.02507577
475.28783136,0.02592685
475.51031649,0.02671566
475.73281550,0.01816332
475.95532838,0.01862000
476.17785513,0.02335285
476.40039575,0.02391331
476.62295024,0.02376801
476.84551859,0.02592685
477.06810080,0.02515880
477.29069686,0.02457757
477.51330678,0.02320754
477.73593055,0.02777432
477.95856817,0.02561548
478.18121963,0.02470212
478.40388494,0.02752522
478.62656409,0.03090879
478.84925707,0.02532486
479.07196389,0.02553244
479.29468455,0.02717233
479.51741903,0.03142774
479.74016733,0.02189978
479.96292946,0.02463985
480.18570542,0.02652883
480.40849519,0.01999004
480.63129877,0.02368498
480.85411617,0.02316602
481.07694738,0.02270935
481.29979239,0.02318678
481.52265121,0.01996928
481.74552383,0.02293768
481.96841025,0.02136007
482.19131046,0.02401710
482.41422447,0.02038444
482.63715227,0.02219039
482.86009385,0.02136007
483.08304922,0.01969942
483.30601837,0.02106946
483.52900130,0.02376801
483.75199801,0.02187902
483.97500849,0.02250176
484.19803274,0.02428696
484.42107076,0.01924275
484.64412255,0.02383028
484.86718810,0.02233570
485.09026741,0.01492506
485.31336047,0.01822560
485.53646729,0.01999004
485.75958786,0.01687632
485.98272218,0.01909744
486.20587024,0.01471748
486.42903205,0.01872379
486.65220760,0.01720845
486.87539689,0.02472288
487.09859991,0.02094491
487.32181666,0.02115249
487.54504715,0.02534562
487.76829136,0.02436999
487.99154929,0.02895753
488.21482094,0.02416241
488.43810631,0.02630049
488.66140540,0.03049363
488.88471820,0.02740067
489.10804471,0.03038984
489.33138493,0.03479055
489.55473885,0.02893677
489.77810647,0.02933117
490.00148780,0.03192594
490.22488281,0.03153153
490.44829153,0.03566239
490.67171393,0.03180139
490.89515002,0.03508116
491.11859979,0.03481131
491.34206325,0.03657575
491.56554038,0.03032756
491.78903120,0.03476979
492.01253568,0.03157305
492.23605384,0.03636817
492.45958567,0.04020841
492.68313116,0.03468676
492.90669031,0.03246565
493.13026312,0.03099182
493.35384960,0.03178063
493.57744972,0.02928966
493.80106350,0.02920663
494.02469092,0.03018226
494.24833200,0.03051439
494.47198671,0.02966330
494.69565507,0.02607216
494.91933706,0.03391871
495.14303269,0.03090879
495.36674195,0.02821024
495.59046484,0.03088803
495.81420136,0.02951800
496.03795150,0.02654959
496.26171526,0.02688172
496.48549264,0.02752522
496.70928364,0.02669490
496.93308825,0.02708930
497.15690647,0.03344128
497.38073830,0.03184290
497.60458373,0.03628513
497.82844276,0.04263711
498.05231539,0.03586997
498.27620162,0.03609831
498.50010144,0.03738531
498.72401485,0.03557936
498.94794185,0.04180678
499.17188244,0.03549633
499.39583661,0.03838170
499.61980435,0.03375265
499.84378568,0.04143314
500.06778058,0.04089343
500.29178904,0.04116328
500.51581108,0.03898368
500.73984668,0.04147465
500.96389585,0.04047827
501.18795858,0.03896293
501.41203486,0.04477519
501.63612470,0.04170299
501.86022809,0.04550172
502.08434503,0.04438079
502.30847551,0.04527338
502.53261954,0.04570930
502.75677711,0.04085191
502.98094822,0.04118404
503.20513286,0.04336364
503.42933104,0.04147465
503.65354274,0.03941960
503.87776797,0.03678333
504.10200673,0.03377340
504.32625901,0.03995931
504.55052480,0.03555860
504.77480411,0.03333748
504.99909694,0.02906132
505.22340327,0.03688712
505.44772312,0.03364886
505.67205646,0.02955951
505.89640331,0.02995392
506.12076366,0.02644580
506.34513750,0.02623822
506.56952484,0.02841782
506.79392567,0.02789887
507.01833999,0.03130319
507.24276779,0.03130319
507.46720907,0.03020301
507.69166384,0.03173911
507.91613208,0.02810645
508.14061380,0.03381492
508.36510898,0.03315066
508.58961764,0.03350355
508.81413976,0.03288081
509.03867534,0.03898368
509.26322439,0.03551708
509.48778689,0.03290157
509.71236285,0.03582846
509.93695226,0.03379416
510.16155512,0.03479055
510.38617142,0.03574542
510.61080117,0.03344128
510.83544436,0.03636817
511.06010099,0.03539254
511.28477105,0.04284469
511.50945454,0.04286545
511.73415147,0.03925354
511.95886182,0.03686636
512.18358560,0.03572466
512.40832280,0.02727612
512.63307341,0.03468676
512.85783745,0.03580770
513.08261489,0.03238261
513.30740575,0.03117864
513.53221001,0.03217503
513.75702768,0.03333748
513.98185875,0.02901980
514.20670322,0.02818948
514.43156109,0.03090879
514.65643235,0.02976709
514.88131700,0.02675717
515.10621504,0.03366961
515.33112647,0.02877071
515.55605128,0.03136547
515.78098946,0.03142774
516.00594103,0.02877071
516.23090597,0.02794038
516.45588428,0.03227882
516.68087596,0.02615519
516.90588100,0.03159381
517.13089941,0.02470212
517.35593118,0.02775356
517.58097631,0.02605140
517.80603479,0.03182214
518.03110663,0.02436999
518.25619181,0.02735916
518.48129034,0.02451530
518.70640222,0.02698551
518.93152743,0.02941421
519.15666598,0.02692324
519.38181787,0.02372649
519.60698310,0.02665338
519.83216165,0.02364346
520.05735353,0.02136007
520.28255873,0.02308299
520.50777726,0.02082036
520.73300910,0.02453606
520.95825426,0.02571927
521.18351273,0.03109561
521.40878452,0.02829327
521.63406961,0.02677793
521.85936801,0.02526259
522.08467971,0.02426620
522.31000471,0.02474364
522.53534300,0.02503425
522.76069459,0.02814796
522.98605947,0.02671566
523.21143764,0.03057666
523.43682910,0.03059742
523.66223383,0.02883298
523.88765185,0.02924814
524.11308315,0.02841782
524.33852772,0.03317142
524.56398556,0.02752522
524.78945667,0.03275626
525.01494104,0.03117864
525.24043868,0.03242413
525.46594959,0.03694939
525.69147374,0.04330137
525.91701116,0.03234110
526.14256182,0.03149002
526.36812574,0.02926890
526.59370290,0.03227882
526.81929331,0.03057666
527.04489696,0.03350355
527.27051384,0.03128243
527.49614396,0.03051439
527.72178732,0.02758750
527.94744390,0.02989164
528.17311372,0.02596836
528.39879675,0.03250716
528.62449301,0.03082576
528.85020249,0.03580770
529.07592518,0.03352431
529.30166109,0.03485283
529.52741021,0.03948188
529.75317254,0.04336364
529.97894807,0.03335824
530.20473680,0.04197285
530.43053874,0.03998007
530.65635387,0.05307842
530.88218219,0.04330137
531.10802371,0.05017229
531.33387841,0.04857392
531.55974630,0.04871923
531.78562738,0.05143854
532.01152163,0.04981940
532.23742906,0.04828331
532.46334967,0.04595840
532.68928344,0.04612447
532.91523039,0.04562627
533.14119051,0.04986092
533.36716378,0.04697555
533.59315022,0.04892681
533.81914982,0.04892681
534.04516257,0.05997011
534.27118847,0.05282933
534.49722752,0.05341055
534.72327973,0.05758293
534.94934507,0.05210279
535.17542356,0.06055133
535.40151518,0.05691867
535.62761994,0.05015153
535.85373784,0.04946652
536.07986886,0.05540333
536.30601301,0.05347283
536.53217029,0.05104413
536.75834069,0.04562627
536.98452420,0.05110641
537.21072084,0.05309918
537.43693059,0.05415784
537.66315345,0.04944576
537.88938941,0.05253871
538.11563848,0.05085731
538.34190066,0.05432391
538.56817593,0.04678872
538.79446431,0.04894757
539.02076577,0.04948728
539.24708033,0.05353510
539.47340798,0.05336904
539.69974871,0.05191597
539.92610252,0.05177066
540.15246942,0.05106489
540.37884939,0.05183294
540.60524244,0.05897372
540.83164856,0.05507120
541.05806775,0.06200440
541.28450001,0.06235729
541.51094533,0.06895836
541.73740371,0.06989247
541.96387515,0.06933200
542.19035965,0.06559555
542.41685719,0.07279861
542.64336779,0.07103417
542.86989144,0.07414788
543.09642813,0.06574086
543.32297786,0.06773363
543.54954063,0.05934737
543.77611643,0.06854320
544.00270527,0.06096650
544.22930714,0.06812804
544.45592204,0.06376884
544.68254996,0.06364429
544.90919091,0.06015693
545.13584487,0.06385187
545.36251185,0.05978329
545.58919184,0.05970025
545.81588485,0.05830946
546.04259086,0.05911903
546.26930988,0.05666957
546.49604191,0.06042679
546.72278693,0.05986632
546.94954495,0.06528418
547.17631596,0.06596920
547.40309997,0.06889609
547.62989696,0.06748454
547.85670694,0.07553867
548.08352991,0.08568938
548.31036585,0.07209283
548.53721477,0.07672188
548.76407667,0.07900527
548.99095154,0.07728235
549.21783938,0.07221738
549.44474018,0.07460456
549.67165395,0.07730311
549.89858069,0.07744842
550.12552038,0.07290240
550.35247302,0.07356665
550.57943862,0.07252875
550.80641717,0.07337983
551.03340866,0.07674264
551.26041310,0.07742766
551.48743048,0.07531033
551.71446081,0.07885997
551.94150406,0.08243036
552.16856025,0.08880309
552.39562937,0.08923901
552.62271142,0.08332295
552.84980640,0.08589696
553.07691429,0.08556483
553.30403511,0.08595923
553.53116884,0.08979948
553.75831549,0.08735002
553.98547505,0.09208287
554.21264752,0.09193756
554.43983289,0.09187529
554.66703116,0.09714784
554.89424234,0.09650434
555.12146641,0.10042762
555.34870338,0.10007473
555.57595324,0.10046913
555.80321599,0.10628140
556.03049162,0.10202599
556.25778014,0.10030307
556.48508154,0.10889692
556.71239582,0.10972724
556.93972297,0.10798356
557.16706300,0.10648898
557.39441589,0.11061984
557.62178165,0.11697181
557.84916028,0.10922904
558.07655177,0.11416947
558.30395611,0.11157471
558.53137331,0.10976875
558.75880337,0.10817038
558.98624627,0.10974800
559.21370202,0.11205214
559.44117062,0.10684186
559.66865206,0.11427326
559.89614634,0.11502055
560.12365345,0.11153319
560.35117340,0.11489600
560.57870618,0.11506207
560.80625179,0.11589239
561.03381022,0.12112343
561.26138148,0.12569021
561.48896555,0.12359364
561.71656244,0.11937975
561.94417215,0.11902686
562.17179467,0.11666044
562.39942999,0.12062523
562.62707812,0.11636983
562.85473906,0.12500519
563.08241279,0.12515050
563.31009933,0.11520737
563.53779866,0.12166314
563.76551078,0.11784365
563.99323568,0.11985718
564.22097338,0.11950430
564.44872386,0.12120646
564.67648712,0.11765683
564.90426316,0.11713788
565.13205197,0.11668120
565.35985356,0.11906838
565.58766792,0.12338606
565.81549504,0.11894383
566.04333493,0.12386349
566.27118758,0.11024619
566.49905298,0.10993482
566.72693115,0.11481297
566.95482207,0.11192760
567.18272573,0.10931208
567.41064215,0.11124258
567.63857131,0.11242579
567.86651321,0.11429402
568.09446785,0.10623988
568.32243523,0.11400340
568.55041534,0.10682111
568.77840819,0.11412795
569.00641376,0.10769295
569.23443206,0.10943663
569.46246308,0.10835721
569.69050682,0.11078590
569.91856327,0.11362976
570.14663244,0.11348445
570.37471433,0.10812887
570.60280892,0.10777598
570.83091622,0.10545107
571.05903622,0.10424710
571.28716892,0.10785901
571.51531432,0.10943663
571.74347241,0.10983103
571.97164320,0.10443393
572.19982667,0.10729854
572.42802284,0.10410180
572.65623168,0.10746461
572.88445321,0.11410719
573.11268742,0.10839872
573.34093430,0.10221281
573.56919385,0.10823266
573.79746608,0.10794204
574.02575097,0.11105576
574.25404853,0.11072363
574.48235874,0.11317308
574.71068162,0.11437705
574.93901715,0.11039150
575.16736534,0.12305393
575.39572618,0.12436169
575.62409966,0.12226512
575.85248579,0.11935899
576.08088456,0.12153859
576.30929597,0.12527504
576.53772002,0.12365591
576.76615671,0.12768298
576.99460602,0.13193839
577.22306796,0.12803587
577.45154253,0.12926060
577.68002972,0.12896998
577.90852953,0.12724706
578.13704196,0.12888695
578.36556700,0.13202142
578.59410465,0.12784905
578.82265492,0.13144020
579.05121779,0.12386349
579.27979326,0.12365591
579.50838133,0.12191223
579.73698201,0.12525429
579.96559527,0.12398804
580.19422113,0.12016856
580.42285958,0.12066675
580.65151062,0.11869473
580.88017424,0.11564329
581.10885044,0.11383734
581.33753922,0.11975339
581.56624057,0.11205214
581.79495450,0.11205214
582.02368100,0.10459999
582.25242007,0.10480757
582.48117170,0.10553411
582.70993589,0.10748537
582.93871264,0.10736082
583.16750195,0.10374891
583.39630381,0.10335451
583.62511822,0.10694566
583.85394518,0.10107112
584.08278469,0.10717399
584.31163674,0.10765143
584.54050133,0.10680035
584.76937845,0.11240503
584.99826811,0.11255034
585.22717030,0.11491676
585.45608502,0.11196911
585.68501226,0.12243119
585.91395203,0.11979491
586.14290432,0.11975339
586.37186912,0.12434093
586.60084644,0.12975879
586.82983628,0.13575788
587.05883862,0.13530120
587.28785347,0.14080209
587.51688082,0.14987338
587.74592067,0.15257193
587.97497302,0.14792212
588.20403787,0.14615768
588.43311520,0.14933367
588.66220503,0.15039233
588.89130735,0.15713871
589.12042215,0.15450243
589.34954943,0.16178852
589.57868919,0.15659900
589.80784142,0.16151866
590.03700613,0.15481380
590.26618331,0.15001868
590.49537296,0.15628762
590.72457507,0.15282102
590.95378964,0.14781833
591.18301667,0.14680118
591.41225616,0.14956200
591.64150811,0.14331382
591.87077250,0.14729937
592.10004934,0.15074522
592.32933863,0.14960352
592.55864036,0.14285714
592.78795453,0.14017935
593.01728114,0.14754847
593.24662018,0.14648981
593.47597165,0.14433097
593.70533555,0.14532736
593.93471188,0.14918836
594.16410063,0.14671815
594.39350180,0.14742392
594.62291539,0.13903766
594.85234140,0.13941130
595.08177981,0.14391581
595.31123064,0.14140408
595.54069387,0.14217213
595.77016951,0.14626147
595.99965755,0.13658820
596.22915798,0.14090588
596.45867081,0.13789596
596.68819604,0.14001329
596.91773365,0.13559181
597.14728365,0.13436709
597.37684603,0.12867937
597.60642080,0.12716403
597.83600795,0.13440860
598.06560747,0.13173081
598.29521936,0.12598082
598.52484363,0.13330842
598.75448026,0.14194379
598.98412926,0.14651057
599.21379062,0.14931291
599.44346434,0.15547806
599.67315042,0.15923527
599.90284885,0.14640678
600.13255963,0.15327770
600.36228276,0.15855026
600.59201824,0.16295097
600.82176606,0.17586250
601.05152622,0.18574335
601.28129871,0.18607548
601.51108354,0.19921534
601.74088070,0.19832275
601.97069019,0.20023249
602.20051201,0.19493918
602.43034615,0.19794910
602.66019261,0.19950596
602.89005139,0.20506912
603.11992249,0.20741479
603.34980589,0.21191929
603.57970161,0.21646531
603.80960963,0.22568190
604.03952996,0.23377756
604.26946259,0.25204467
604.49940751,0.25752481
604.72936474,0.25364304
604.95933425,0.25632084
605.18931606,0.26427118
605.41931015,0.26570349
605.64931653,0.26933616
605.87933519,0.26956450
606.10936612,0.27873957
606.33940934,0.28832980
606.56946483,0.30726118
606.79953259,0.30871424
607.02961261,0.31998588
607.25970490,0.33009507
607.48980946,0.34292357
607.71992627,0.33530535
607.95005534,0.33489019
608.18019667,0.33756798
608.41035024,0.33657159
608.64051607,0.34155354
608.87069414,0.35382156
609.10088445,0.35936397
609.33108700,0.36841450
609.56130179,0.37260763
609.79152882,0.37586665
610.02176808,0.37242081
610.25201956,0.37219247
610.48228328,0.37441358
610.71255921,0.36660854
610.94284737,0.36501017
611.17314775,0.36139826
611.40346034,0.34211400
611.63378514,0.34593349
611.86412215,0.33486943
612.09447137,0.32096151
612.32483280,0.31382073
612.55520642,0.29785777
612.78559225,0.27709968
613.01599027,0.26433346
613.24640048,0.26186325
613.47682288,0.24901399
613.70725747,0.25229377
613.93770425,0.24004650
614.16816321,0.24502844
614.39863434,0.24583800
614.62911766,0.24689667
614.85961314,0.23946527
615.09012080,0.23481546
615.32064063,0.22661602
615.55117262,0.22016025
615.78171677,0.21137958
616.01227308,0.20795450
616.24284156,0.20884710
616.47342218,0.20714493
616.70401496,0.20911695
616.93461988,0.20878482
617.16523695,0.21135882
617.39586617,0.20288953
617.62650752,0.20533898
617.85716101,0.19726408
618.08782664,0.19799062
618.31850440,0.19153485
618.54919429,0.19201229
618.77989630,0.18931374
619.01061044,0.18057458
619.24133670,0.17559264
619.47207508,0.17191846
619.70282557,0.17185619
619.93358818,0.17098435
620.16436289,0.16490223
620.39514972,0.16201686
620.62594864,0.15215677
620.85675967,0.15429485
621.08758280,0.14526508
621.31841802,0.13822809
621.54926534,0.13430481
621.78012475,0.12982107
622.01099624,0.12309545
622.24187982,0.12371819
622.47277549,0.12664508
622.70368323,0.12662432
622.93460305,0.11118030
623.16553494,0.11203139
623.39647890,0.10607382
623.62743493,0.10480757
623.85840303,0.09721011
624.08938319,0.09619297
624.32037541,0.09428322
624.55137968,0.09355669
624.78239602,0.08562710
625.01342440,0.08589696
625.24446483,0.08463071
625.47551731,0.08415328
625.70658183,0.09291319
625.93765839,0.09453232
626.16874699,0.10308465
626.39984763,0.10136173
626.63096029,0.10663428
626.86208499,0.10615685
627.09322171,0.10597003
627.32437046,0.10391497
627.55553123,0.09930668
627.78670401,0.10096733
628.01788882,0.10302238
628.24908563,0.10885540
628.48029446,0.10480757
628.71151529,0.10962345
628.94274813,0.11261261
629.17399296,0.12600158
629.40524980,0.12880392
629.63651863,0.13467846
629.86779946,0.13868477
630.09909228,0.13343297
630.33039709,0.13563333
630.56171388,0.14682194
630.79304265,0.14198530
631.02438340,0.15319467
631.25573613,0.16087516
631.48710084,0.17492838
631.71847751,0.18429028
631.94986615,0.19674513
632.18126676,0.19965126
632.41267933,0.20320090
632.64410387,0.19031013
632.87554035,0.20162328
633.10698880,0.20137419
633.33844919,0.19240669
633.56992154,0.19599784
633.80140583,0.20648067
634.03290207,0.21563499
634.26441024,0.21725412
634.49593035,0.22564039
634.72746240,0.23128659
634.95900638,0.22991655
635.19056229,0.24293187
635.42213013,0.25746253
635.65370989,0.26757172
635.88530158,0.27060240
636.11690518,0.27193092
636.34852069,0.27450492
636.58014812,0.28386682
636.81178746,0.29192095
637.04343871,0.29246066
637.27510187,0.27911321
637.50677692,0.28947150
637.73846387,0.28461411
637.97016272,0.26923237
638.20187347,0.27421431
638.43359610,0.26863038
638.66533062,0.27940383
638.89707703,0.28046249
639.12883532,0.26981359
639.36060549,0.27039482
639.59238754,0.27450262
639.82418146,0.27538688
640.05598725,0.27236382
640.28780491,0.28078437
640.51963444,0.28536785
640.75147583,0.27896016
640.98332908,0.28079668
641.21519419,0.28438586
641.44707115,0.27849515
641.67895997,0.26356658
641.91086063,0.26322239
642.14277314,0.25542095
642.37469750,0.26360963
642.60663369,0.26493655
642.83858172,0.26275658
643.07054159,0.25797382
643.30251329,0.26039277
643.53449683,0.27330471
643.76649218,0.27808740
643.99849937,0.25951535
644.23051837,0.26017955
644.46254919,0.25755550
644.69459183,0.25121429
644.92664628,0.25343247
645.15871254,0.24694726
645.39079061,0.24378310
645.62288049,0.24590257
645.85498217,0.23759185
646.08709564,0.25001367
646.31922091,0.23692484
646.55135798,0.23418125
646.78350684,0.22943377
647.01566748,0.23474348
647.24783991,0.23409347
647.48002413,0.23431617
647.71222012,0.23258803
647.94442789,0.23825909
648.17664744,0.23925560
648.40887875,0.24110533
648.64112184,0.23562278
648.87337669,0.22911457
649.10564331,0.21809206
649.33792168,0.22454919
649.57021181,0.21376173
649.80251370,0.21010372
650.03482734,0.21214149
650.26715273,0.21486389
650.49948987,0.21374284
650.73183875,0.22446402
650.96419937,0.21734452
651.19657173,0.20970221
651.42895582,0.22634895
651.66135165,0.23412492
651.89375921,0.22549246
652.12617849,0.22308913
652.35860950,0.22684652
652.59105224,0.22362460
652.82350669,0.22945006
653.05597285,0.24087212
653.28845073,0.23873600
653.52094032,0.23855024
653.75344162,0.24350442
653.98595462,0.24717262
654.21847933,0.24162506
654.45101573,0.24375621
654.68356383,0.25532153
654.91612363,0.25883727
655.14869511,0.25258275
655.38127829,0.26049232
655.61387315,0.24613813
655.84647969,0.24569573
656.07909792,0.24849566
656.31172782,0.24106749
656.54436939,0.23037623
656.77702264,0.22257356
657.00968756,0.23072643
657.24236414,0.24031877
657.47505238,0.24079205
657.70775229,0.23625125
657.94046385,0.24218839
658.17318707,0.24748632
658.40592195,0.25185345
658.63866847,0.25662436
658.87142663,0.26064447
659.10419645,0.26300031
659.33697790,0.26329277
659.56977099,0.27058089
659.80257572,0.27571137
660.03539208,0.27138946
660.26822007,0.27519373
660.50105969,0.26945956
660.73391093,0.28339544
660.96677380,0.27921091
661.19964828,0.28592808
661.43253438,0.28671627
661.66543209,0.28948214
661.89834142,0.29073563
662.13126235,0.28142541
662.36419489,0.28628375
662.59713903,0.30043252
662.83009477,0.29312405
663.06306210,0.28514744
663.29604103,0.29642701
663.52903155,0.29207760
663.76203367,0.27761302
663.99504736,0.28700267
664.22807264,0.28190359
664.46110950,0.27614167
664.69415794,0.27417306
664.92721795,0.26808669
665.16028953,0.26097802
665.39337269,0.26562058
665.62646740,0.26368143
665.85957369,0.25999009
666.09269153,0.25228882
666.32582093,0.25083700
666.55896189,0.24254792
666.79211440,0.24025408
667.02527846,0.24048242
667.25845406,0.23375680
667.49164121,0.22109437
667.72483991,0.21999419
667.95805014,0.21953751
668.19127190,0.20940756
668.42450520,0.21370449
668.65775003,0.21565575
668.89100639,0.21634076
669.12427427,0.21688047
669.35755368,0.21036244
669.59084460,0.21509528
669.82414704,0.21634076
670.05746099,0.22370989
670.29078646,0.23288496
670.52412343,0.23035247
670.75747191,0.22927305
670.99083189,0.23045626
671.22420337,0.23782538
671.45758635,0.24434342
671.69098082,0.25113132
671.92438678,0.27209698
672.15780424,0.27768091
672.39123317,0.29102836
672.62467360,0.30553826
672.85812550,0.30169801
673.09158888,0.30952381
673.32506373,0.30155270
673.55855006,0.29395525
673.79204785,0.29289658
674.02555712,0.28733342
674.25907784,0.28179101
674.49261003,0.29073774
674.72615367,0.27359156
674.95970878,0.28000581
675.19327533,0.27606178
675.42685333,0.27045709
675.66044278,0.27853199
675.89404368,0.28940922
676.12765601,0.28766555
676.36127979,0.29190020
676.59491500,0.28749948
676.82856165,0.29569892
677.06221972,0.29283431
677.29588922,0.29756715
677.52957015,0.31186947
677.76326250,0.30039025
677.99696627,0.28444804
678.23068146,0.30234151
678.46440806,0.29495163
678.69814607,0.29279279
678.93189549,0.29036410
679.16565631,0.29437041
679.39942854,0.27521069
679.63321217,0.28299498
679.86700720,0.29165110
680.10081361,0.28137585
680.33463143,0.27849047
680.56846063,0.27483705
680.80230121,0.26589031
681.03615318,0.27164030
681.27001653,0.26213310
681.50389126,0.26672064
681.73777736,0.26022336
681.97167484,0.25372608
682.20558368,0.25260514
682.43950390,0.25239756
682.67343547,0.23647611
682.90737841,0.24197700
683.14133270,0.23232449
683.37529836,0.23273965
683.60927536,0.23782538
683.84326371,0.23309254
684.07726341,0.23508532
684.31127446,0.23051854
684.54529685,0.23784614
684.77933057,0.23388135
685.01337564,0.24206003
685.24743203,0.24747789
685.48149976,0.26329555
685.71557881,0.26464483
685.94966919,0.26146884
686.18377090,0.26881720
686.41788392,0.26991738
686.65200826,0.27276124
686.88614391,0.27022875
687.12029088,0.26904554
687.35444915,0.26508075
687.58861873,0.26261054
687.82279961,0.26582804
688.05699179,0.26705277
688.29119527,0.27205547
688.52541004,0.27797152
688.75963611,0.28025491
688.99387346,0.29140200
689.22812210,0.29725578
689.46238203,0.30136588
689.69665323,0.30763482
689.93093571,0.31934238
690.16522947,0.32079545
690.39953450,0.32349400
690.63385080,0.33534687
690.86817837,0.33866816
691.10251720,0.33763026
691.33686730,0.33565824
691.57122865,0.33146511
691.80560125,0.32453191
692.03998511,0.31890646
692.27438023,0.33511853
692.50878658,0.33019886
692.74320419,0.33819073
692.97763303,0.34612031
693.21207312,0.35674845
693.44652444,0.35735044
693.68098699,0.36957695
693.91546077,0.38057874
694.14994579,0.38306971
694.38444203,0.38057874
694.61894949,0.39398846
694.85346817,0.40588284
695.08799806,0.40235397
695.32253918,0.39726824
695.55709150,0.40092166
695.79165503,0.40249927
696.02622977,0.41175738
696.26081571,0.41505792
696.49541285,0.41410304
696.73002119,0.42417071
696.96464072,0.42354797
697.19927145,0.43452900
697.43391336,0.43131150
697.66856647,0.43230788
697.90323075,0.44048657
698.13790622,0.43892971
698.37259286,0.45389629
698.60729068,0.45462283
698.84199967,0.45634575
699.07671984,0.47160294
699.31145117,0.47924191
699.54619366,0.46770042
699.78094731,0.47000457
700.01571213,0.48218956
700.25048810,0.48391248
700.48527522,0.50122473
700.72007349,0.50637273
700.95488292,0.51382488
701.18970348,0.51727073
701.42453519,0.54747374
701.65937804,0.54880226
701.89423202,0.58348902
702.12909714,0.57985635
702.36397339,0.58759912
702.59886077,0.56848092
702.83375927,0.56731847
703.06866889,0.54656039
703.30358964,0.54959107
703.53852150,0.54452609
703.77346448,0.54770208
704.00841857,0.54211816
704.24338376,0.55621289
704.47836007,0.53896293
704.71334748,0.55193673
704.94834598,0.56889609
705.18335559,0.56800349
705.41837629,0.56499356
705.65340808,0.55440694
705.88845096,0.56532569
706.12350493,0.59114875
706.35856998,0.58591771
706.59364612,0.58346826
706.82873333,0.57952422
707.06383161,0.58458920
707.29894097,0.59000706
707.53406141,0.59737618
707.76919290,0.61064059
708.00433546,0.62593930
708.23948909,0.63330842
708.47465377,0.64213061
708.70982951,0.62975879
708.94501630,0.64742392
709.18021414,0.62369743
709.41542303,0.62896998
709.65064297,0.62241043
709.88587395,0.60169386
710.12111597,0.61466766
710.35636902,0.59162619
710.59163311,0.60024079
710.82690823,0.59148088
711.06219437,0.58371736
711.29749155,0.57294391
711.53279974,0.57460456
711.76811896,0.59089966
712.00344920,0.59239424
712.23879044,0.61919293
712.47414270,0.60219205
712.70950597,0.60852327
712.94488025,0.58973720
713.18026553,0.58936356
713.41566181,0.58575165
713.65106908,0.57969029
713.88648736,0.57751069
714.12191662,0.57117947
714.35735688,0.56964338
714.59280812,0.57443849
714.82827034,0.56430855
715.06374355,0.54714161
715.29922774,0.53933657
715.53472290,0.54797194
715.77022903,0.53427160
716.00574614,0.54139162
716.24127421,0.52547017
716.47681324,0.51650268
716.71236324,0.50612364
716.94792420,0.49053431
717.18349611,0.48200274
717.41907898,0.48856230
717.65467280,0.47664715
717.89027757,0.46458671
718.12589328,0.46157678
718.36151993,0.45161290
718.59715752,0.45175821
718.83280605,0.45395857
719.06846552,0.45468510
719.30413591,0.46657948
719.53981724,0.46390169
719.77550949,0.47583759
720.01121266,0.48532403
720.24692676,0.49871300
720.48265177,0.51820484
720.71838769,0.52416241
720.95413453,0.52430772
721.18989228,0.54172375
721.42566093,0.52588533
721.66144049,0.53746834
721.89723095,0.52547017
722.13303231,0.52030141
722.36884456,0.50068502
722.60466770,0.48868684
722.84050173,0.47718686
723.07634666,0.46981774
723.31220246,0.46458671
723.54806915,0.46724374
723.78394671,0.44368331
724.01983515,0.44048657
724.25573447,0.42709760
724.49164465,0.41889816
724.72756571,0.41499564
724.96349762,0.40239548
725.19944040,0.39990451
725.43539404,0.38589281
725.67135854,0.38207332
725.90733388,0.37673849
726.14332008,0.37169427
726.37931713,0.37078092
726.61532503,0.36577822
726.85134376,0.35672770
727.08737334,0.34910948
727.32341375,0.34931706
727.55946500,0.32519616
727.79552708,0.32590194
728.03159998,0.32162577
728.26768372,0.31797235
728.50377827,0.32629634
728.73988365,0.32382613
728.97599985,0.32451115
729.21212686,0.32494707
729.44826468,0.31481712
729.68441331,0.31936314
729.92057275,0.31274131
730.15674299,0.32312036
730.39292403,0.32276747
730.62911587,0.31382073
730.86531851,0.30092996
731.10153194,0.28880724
731.33775616,0.28583883
731.57399117,0.28033794
731.81023696,0.26416739
732.04649353,0.26097065
732.28276088,0.24795533
732.51903901,0.24419812
732.75532791,0.23089218
732.99162758,0.22319093
733.22793802,0.20795450
733.46425923,0.20220451
733.70059119,0.20450866
733.93693392,0.19614315
734.17328740,0.19263503
734.40965164,0.19120272
734.64602662,0.18252584
734.88241236,0.18694732
735.11880884,0.19454478
735.35521607,0.18738324
735.59163403,0.18269191
735.82806273,0.18404118
736.06450217,0.18806825
736.30095234,0.19522979
736.53741323,0.20201769
736.77388486,0.21883173
737.01036720,0.22574418
737.24686027,0.24193548
737.48336406,0.25067464
737.71987856,0.25825134
737.95640377,0.27242911
738.19293969,0.28174949
738.42948632,0.29399676
738.66604365,0.29717275
738.90261169,0.28575580
739.13919042,0.28639930
739.37577985,0.28013036
739.61237997,0.27726575
739.84899078,0.27815834
740.08561228,0.27074771
740.32224446,0.26653381
740.55888732,0.25426579
740.79554087,0.24781002
741.03220509,0.23944451
741.26887998,0.22800681
741.50556555,0.21739943
741.74226178,0.20573338
741.97896868,0.20434259
742.21568624,0.19867563
742.45241446,0.18509985
742.68915333,0.17851953
742.92590286,0.17897621
743.16266304,0.17773073
743.39943387,0.16627226
743.63621535,0.16963507
743.87300747,0.16583634
744.10981023,0.15597625
744.34662363,0.15763690
744.58344766,0.15788600
744.82028232,0.15456470
745.05712761,0.15657824
745.29398353,0.15815585
745.53085007,0.15572716
745.76772724,0.15718022
746.00461502,0.16216216
746.24151341,0.15946361
746.47842242,0.15952589
746.71534204,0.16245278
746.95227227,0.15863329
747.18921310,0.16452858
747.42616453,0.16436252
747.66312656,0.17139951
747.90009918,0.16535891
748.13708240,0.17683813
748.37407621,0.18040852
748.61108061,0.17009175
748.84809559,0.16448707
749.08512115,0.16369826
749.32215730,0.15535351
749.55920401,0.15927679
749.79626131,0.16085440
750.03332917,0.15992029
750.27040760,0.15745008
750.50749660,0.16564952
750.74459616,0.16610620
750.98170628,0.16760078
751.21882695,0.16822352
751.45595818,0.16185079
751.69309997,0.16782912
751.93025230,0.17021630
752.16741517,0.16780836
752.40458859,0.16643833
752.64177256,0.16029393
752.87896705,0.16789139
753.11617209,0.16405115
753.35338765,0.16820276
753.59061374,0.16948977
753.82785037,0.17843650
754.06509751,0.19236518
754.30235518,0.19647528
754.53962336,0.21005106
754.77690206,0.20967742
755.01419127,0.21941296
755.25149099,0.22622161
755.48880122,0.23062233
755.72612195,0.23751401
755.96345319,0.23606095
756.20079492,0.24492465
756.43814715,0.24461328
756.67550987,0.24301490
756.91288309,0.23464940
757.15026679,0.22908623
757.38766097,0.22364761
757.62506564,0.21814672
757.86248079,0.21735791
758.09990641,0.20901316
758.33734251,0.19554116
758.57478908,0.18462241
758.81224612,0.18505833
759.04971362,0.17758542
759.28719159,0.17187695
759.52468001,0.16048076
759.76217889,0.16270187
759.99968823,0.14947897
760.23720802,0.14059451
760.47473826,0.12946818
760.71227894,0.12890771
760.94983007,0.12859634
761.18739164,0.12529580
761.42496364,0.12288786
761.66254608,0.12616764
761.90013895,0.12081206
762.13774226,0.12515050
762.37535598,0.11819654
762.61298014,0.12025159
762.85061471,0.12733010
763.08825970,0.13409723
763.32591511,0.14115498
763.56358093,0.14536887
763.80125716,0.15099431
764.03894380,0.16052227
764.27664084,0.16899157
764.51434829,0.17009175
764.75206613,0.18152946
764.98979437,0.19006103
765.22753300,0.19927762
765.46528203,0.20398970
765.70304144,0.20801677
765.94081124,0.20793374
766.17859142,0.20648067
766.41638197,0.20650143
766.65418291,0.20571263
766.89199422,0.21250052
767.12981590,0.20633537
767.36764795,0.20554656
767.60549036,0.19823971
767.84334314,0.19877942
768.08120628,0.19049695
768.31907977,0.18157097
768.55696362,0.18030473
768.79485782,0.17596629
769.03276238,0.17088056
769.27067727,0.17513597
769.50860251,0.17096359
769.74653809,0.18084444
769.98448401,0.18827583
770.22244027,0.18595093
770.46040685,0.18761157
770.69838377,0.17939137
770.93637101,0.18142567
771.17436858,0.17735708
771.41237647,0.18526591
771.65039468,0.19101590
771.88842320,0.19558268
772.12646204,0.19076680
772.36451118,0.18316934
772.60257064,0.18696807
772.84064039,0.18136339
773.07872045,0.18360526
773.31681081,0.18161249
773.55491147,0.17735708
773.79302242,0.17704571
774.03114366,0.17326774
774.26927519,0.17652676
774.50741700,0.17042388
774.74556910,0.16687425
774.98373147,0.16880475
775.22190413,0.16917839
775.46008705,0.16589862
775.69828025,0.16475692
775.93648372,0.16320007
776.17469745,0.16236974
776.41292145,0.16299249
776.65115570,0.15996181
776.88940022,0.16948977
777.12765499,0.16859717
777.36592001,0.17588326
777.60419528,0.17139951
777.84248079,0.16363599
778.08077655,0.16853489
778.31908256,0.16780836
778.55739879,0.14864865
778.79572527,0.15070370
779.03406198,0.14408187
779.27240891,0.14269108
779.51076608,0.13579939
779.74913346,0.14275335
779.98751107,0.14105119
780.22589890,0.16102047
780.46429695,0.13974343
780.70270520,0.13899614
780.94112367,0.12886619
781.17955235,0.14061527
781.41799123,0.12801511
781.65644031,0.13555030
781.89489959,0.12911529
782.13336907,0.12415411
782.37184874,0.12072902
782.61033861,0.12218209
782.84883866,0.13038153
783.08734890,0.12045917
783.32586931,0.12052144
783.56439991,0.12442396
783.80294069,0.11973264
784.04149164,0.12778677
784.28005276,0.13015319
784.51862406,0.14497447
784.75720551,0.14416490
784.99579713,0.14619919
785.23439891,0.15018475
785.47301085,0.15493835
785.71163295,0.15340225
785.95026519,0.16197534
786.18890759,0.15686885
786.42756013,0.15923527
786.66622282,0.15989953
786.90489564,0.16608544
787.14357861,0.16070910
787.38227171,0.15931830
787.62097494,0.15433636
787.85968831,0.15597625
788.09841180,0.15039233
788.33714541,0.14945821
788.57588915,0.14308548
788.81464301,0.13185536
789.05340698,0.12861710
789.29218106,0.12747540
789.53096526,0.12535808
789.76975956,0.12120646
790.00856397,0.11732470
790.24737848,0.12481837
790.48620309,0.11969112
790.72503780,0.12807739
790.96388260,0.12295014
791.20273749,0.13212521
791.44160247,0.12218209
791.68047754,0.11921368
791.91936269,0.11846639
792.15825792,0.11705484
792.39716323,0.11780213
792.63607861,0.11732470
792.87500406,0.11080666
793.11393958,0.11699257
793.35288517,0.11163698
793.59184082,0.10503591
793.83080653,0.10266949
794.06978230,0.10964421
794.30876813,0.11981567
794.54776401,0.11024619
794.78676993,0.11153319
795.02578591,0.11950430
795.26481193,0.11526965
795.50384798,0.11769834
795.74289408,0.11753228
795.98195022,0.12000249
796.22101638,0.12519201
796.46009258,0.12463154
796.69917880,0.12542035
796.93827505,0.12527504
797.17738132,0.11935899
797.41649761,0.12353137
797.65562392,0.13604849
797.89476024,0.13488604
798.13390657,0.13056836
798.37306290,0.13916220
798.61222925,0.12874164
798.85140559,0.13660896
799.09059194,0.13164778
799.32978828,0.13947357
799.56899462,0.12944742
799.80821094,0.14595010
800.04743726,0.14345913
800.28667356,0.14761074
800.52591985,0.15122265
800.76517611,0.14910533
801.00444236,0.15130568
801.24371857,0.15140947
801.48300476,0.15280027
801.72230092,0.15136796
801.96160705,0.15581019
802.20092314,0.16257732
802.44024919,0.16755926
802.67958519,0.17067298
802.91893116,0.17405655
803.15828707,0.17347532
803.39765294,0.17770997
803.63702875,0.18954208
803.87641450,0.18304480
804.11581020,0.18370905
804.35521584,0.18250509
804.59463141,0.18767385
804.83405692,0.18018018
805.07349235,0.18721717
805.31293772,0.17893470
805.55239300,0.17609084
805.79185821,0.17567568
806.03133334,0.17573795
806.27081839,0.17187695
806.51031335,0.16938598
806.74981822,0.16951052
806.98933300,0.16747623
807.22885768,0.16021090
807.46839227,0.15919376
807.70793675,0.14790136
807.94749114,0.14341761
808.18705542,0.13739777
808.42662959,0.13733549
808.66621364,0.13384813
808.90580759,0.12905302
809.14541141,0.13069290
809.38502512,0.11906838
809.62464871,0.12168390
809.86428217,0.11877776
810.10392550,0.10862706
810.34357870,0.09791589
810.58324177,0.10034458
810.82291470,0.09164695
811.06259749,0.09069207
811.30229015,0.09247727
811.54199265,0.08998630
811.78170501,0.08610454
812.02142722,0.07663885
812.26115928,0.07470835
812.50090118,0.07510275
812.74065292,0.07319301
812.98041450,0.07225889
813.22018592,0.07817495
813.45996717,0.06405945
813.69975825,0.06480674
813.93955916,0.06385187
814.17936989,0.06343671
814.41919045,0.05554864
814.65902083,0.06239880
814.89886102,0.05365965
815.13871102,0.05145929
815.37857084,0.04824179
815.61844047,0.05336904
815.85831990,0.05023457
816.09820913,0.04614522
816.33810817,0.04330137
816.57801700,0.04110101
816.81793562,0.04274090
817.05786404,0.04379956
817.29780225,0.03323369
817.53775024,0.03103334
817.77770801,0.03431311
818.01767557,0.02968406
818.25765290,0.02943496
818.49764001,0.02667414
818.73763689,0.02916511
818.97764354,0.03049363
819.21765996,0.03205048
819.45768614,0.02837630
819.69772209,0.02349815
819.93776779,0.02461909
820.17782324,0.02023913
820.41788845,0.02451530
820.65796341,0.02059202
820.89804812,0.01444763
821.13814257,0.02001079
821.37824677,0.02071657
821.61836070,0.01965791
821.85848437,0.01708390
822.09861777,0.02160917
822.33876090,0.02225267
822.57891376,0.02553244
822.81907635,0.02721385
823.05924866,0.03153153
823.29943069,0.04039523
823.53962243,0.05274629
823.77982389,0.06696558
824.02003506,0.07327604
824.26025594,0.08712168
824.50048652,0.10374891
824.74072681,0.11113879
824.98097680,0.13802051
825.22123648,0.14621995
825.46150586,0.17418109
825.70178493,0.17733632
825.94207369,0.18491302
826.18237214,0.19813592
826.42268027,0.21264583
826.66299808,0.21567651
826.90332557,0.22180014
827.14366273,0.22470627
827.38400957,0.23429651
827.62436608,0.23161872
827.86473225,0.24023332
828.10510809,0.24762320
828.34549359,0.24114668
828.58588874,0.23705733
828.82629356,0.24662681
829.06670802,0.24604558
829.30713214,0.25090298
829.54756590,0.24000498
829.78800931,0.24100137
830.02846236,0.24166563
830.26892505,0.24706273
830.50939738,0.24135426
830.74987934,0.23707809
830.99037093,0.23543820
831.23087215,0.22620086
831.47138299,0.22009798
831.71190346,0.21951675
831.95243355,0.21592560
832.19297325,0.20973969
832.43352257,0.20652219
832.67408150,0.19884170
832.91465003,0.19965126
833.15522818,0.18447710
833.39581592,0.18329389
833.63641327,0.17571719
833.87702022,0.16560800
834.11763676,0.16064682
834.35826289,0.15769917
834.59889861,0.15551957
834.83954392,0.14109271
835.08019881,0.13760535
835.32086328,0.12585627
835.56153733,0.12405032
835.80222095,0.11325611
836.04291415,0.10630215
836.28361692,0.10115415
836.52432926,0.10082202
836.76505116,0.09478142
837.00578262,0.10034458
837.24652364,0.09195832
837.48727421,0.08888612
837.72803434,0.08485905
837.96880402,0.08226429
838.20958325,0.08037531
838.45037202,0.08421555
838.69117033,0.08359281
838.93197819,0.08398721
839.17279558,0.08747457
839.41362250,0.09571553
839.65445896,0.09376427
839.89530494,0.09997094
840.13616045,0.09855939
840.37702548,0.10349981
840.61790003,0.10360360
840.85878410,0.10565865
841.09967768,0.10360360
841.34058078,0.10291859
841.58149338,0.10343754
841.82241549,0.10306389
842.06334710,0.10289783
842.30428821,0.10858554
842.54523883,0.10918753
842.78619893,0.10254494
843.02716853,0.09737618
843.26814762,0.10185992
843.50913619,0.09332835
843.75013425,0.09222817
843.99114179,0.08597999
844.23215881,0.08842944
844.47318530,0.07973181
844.71422127,0.08836717
844.95526670,0.08446465
845.19632161,0.08681031
845.43738597,0.07807116
845.67845980,0.08431934
845.91954309,0.07296467
846.16063584,0.07016233
846.40173803,0.07107568
846.64284968,0.07514427
846.88397078,0.06686179
847.12510132,0.07095114
847.36624130,0.06615602
847.60739073,0.06478598
847.84854959,0.06351974
848.08971788,0.06862623
848.33089561,0.06762984
848.57208276,0.06856396
848.81327934,0.07641051
849.05448534,0.07800888
849.29570076,0.07807116
849.53692560,0.09424171
849.77815986,0.09270561
850.01940353,0.10532652
850.26065660,0.10489060
850.50191908,0.11773986
850.74319097,0.10981027
850.98447225,0.11736621
851.22576294,0.12726782
851.46706301,0.13287250
851.70837248,0.14186075
851.94969135,0.15830116
852.19101959,0.16608544
852.43235722,0.18229750
852.67370424,0.18499606
852.91506063,0.18580562
853.15642640,0.20247436
853.39780154,0.20506912
853.63918605,0.21057002
853.88057992,0.21102669
854.12198317,0.21540665
854.36339577,0.21571802
854.60481773,0.21501225
854.84624905,0.20322165
855.08768973,0.20162328
855.32913975,0.19230290
855.57059912,0.19215760
855.81206784,0.19356915
856.05354590,0.18798522
856.29503330,0.18460165
856.53653004,0.18157097
856.77803611,0.19396355
857.01955151,0.18217296
857.26107624,0.21297795
857.50261030,0.18177855
857.74415367,0.18460165
857.98570637,0.17258272
858.22726839,0.17613235
858.46883972,0.16033545
858.71042037,0.16309628
858.95201032,0.15765766
859.19360958,0.15199070
859.43521814,0.14460082
859.67683601,0.13469922
859.91846317,0.15035081
860.16009963,0.12969652
860.40174538,0.13094200
860.64340042,0.12295014
860.88506474,0.11902686
861.12673835,0.12178769
861.36842125,0.12236891
861.61011342,0.12351061
861.85181487,0.11800971
862.09352559,0.11394113
862.33524558,0.11242579
862.57697484,0.11118030
862.81871336,0.11142940
863.06046114,0.11446008
863.30221819,0.10094657
863.54398449,0.10862706
863.78576004,0.10549259
864.02754485,0.10524349
864.26933890,0.09766679
864.51114220,0.10142400
864.75295474,0.10503591
864.99477653,0.11113879
865.23660755,0.10447544
865.47844780,0.09664965
865.72029728,0.09500976
865.96215600,0.09550795
866.20402394,0.09438701
866.44590110,0.09752148
866.68778748,0.09065056
866.92968308,0.09511355
867.17158790,0.09700253
867.41350193,0.09872545
867.65542516,0.10080126
867.89735761,0.10256570
868.13929926,0.10264873
868.38125011,0.10285631
868.62321015,0.10433014
868.86517940,0.10671732
869.10715783,0.10177689
869.34914546,0.10613609
869.59114227,0.10408104
869.83314827,0.10393573
870.07516344,0.10397725
870.31718780,0.09831029
870.55922133,0.10433014
870.80126404,0.10009549
871.04331592,0.09478142
871.28537696,0.09417943
871.52744717,0.08714244
871.76952655,0.08928052
872.01161508,0.09183377
872.25371277,0.08710093
872.49581961,0.08336447
872.73793560,0.08770291
872.98006075,0.08705941
873.22219503,0.08525346
873.46433846,0.08174534
873.70649103,0.07726159
873.94865274,0.07250799
874.19082358,0.07437622
874.43300356,0.06864699
874.67519266,0.06665421
874.91739089,0.05799809
875.15959824,0.05940964
875.40181471,0.05426163
875.64404031,0.05353510
875.88627501,0.05085731
876.12851883,0.04714161
876.37077176,0.04967410
876.61303379,0.04298999
876.85530493,0.04925894
877.09758517,0.03929506
877.33987451,0.04072736
877.58217294,0.04433927
877.82448047,0.04334288
878.06679709,0.05104413
878.30912279,0.05125171
878.55145758,0.05365965
878.79380145,0.05897372
879.03615440,0.05930585
879.27851643,0.06351974
879.52088753,0.06846017
879.76326770,0.06542948
880.00565694,0.07429319
880.24805524,0.07653506
880.49046260,0.08166231
880.73287903,0.07709553
880.97530451,0.07996014
881.21773905,0.07817495
881.46018264,0.07585004
881.70263527,0.08309462
881.94509695,0.08045834
882.18756768,0.07726159
882.43004744,0.07773903
882.67253625,0.08058289
882.91503409,0.07611990
883.15754095,0.07501972
883.40005685,0.06582389
883.64258178,0.06987172
883.88511573,0.06437082
884.12765869,0.06592768
884.37021068,0.06283472
884.61277168,0.06621829
884.85534170,0.05972101
885.09792072,0.06005314
885.34050876,0.05745838
885.58310579,0.06150621
885.82571183,0.06256487
886.06832686,0.05604683
886.31095090,0.06177606
886.55358392,0.06090422
886.79622594,0.05448997
887.03887694,0.05307842
887.28153693,0.05042139
887.52420589,0.05457301
887.76688384,0.05260099
888.00957077,0.05212355
888.25226667,0.04830406
888.49497154,0.05193673
888.73768537,0.05185370
888.98040818,0.04481671
889.22313994,0.04440154
889.46588067,0.04564703
889.70863035,0.03784199
889.95138899,0.03904596
890.19415657,0.03929506
890.43693311,0.03508116
890.67971859,0.03246565
890.92251302,0.02796114
891.16531639,0.02818948
891.40812869,0.02461909
891.65094993,0.02387180
891.89378010,0.02542865
892.13661920,0.02314527
892.37946723,0.02623822
892.62232418,0.02291693
892.86519005,0.02677793
893.10806484,0.02621746
893.35094854,0.03117864
893.59384116,0.02663262
893.83674269,0.03339976
894.07965312,0.03350355
894.32257246,0.03578694
894.56550070,0.03682484
894.80843784,0.04803421
895.05138388,0.04527338
895.29433881,0.05309918
895.53730263,0.04668493
895.78027533,0.05133474
896.02325692,0.04622826
896.26624740,0.04712085
896.50924675,0.05108565
896.75225498,0.05326525
896.99527208,0.05098186
897.23829806,0.05382572
897.48133290,0.05457301
897.72437661,0.05330676
897.96742918,0.05453149
898.21049061,0.05571470
898.45356090,0.05768672
898.69664005,0.06007390
898.93972804,0.05652427
899.18282488,0.06198364
899.42593057,0.06090422
899.66904511,0.05683564
899.91216848,0.06198364
900.15530069,0.05457301
900.39844174,0.05849628
900.64159162,0.05515423
900.88475033,0.05766596
901.12791786,0.06028148
901.37109422,0.06131938
901.61427940,0.05617138
901.85747340,0.06248184
902.10067621,0.06256487
902.34388784,0.06931125
902.58710827,0.06582389
902.83033752,0.06289700
903.07357557,0.06931125
903.31682242,0.06704862
903.56007807,0.07086810
903.80334251,0.07732387
904.04661575,0.07676340
904.28989778,0.07871466
904.53318860,0.08438162
904.77648820,0.08311537
905.01979659,0.08919749
905.26311375,0.08523270
905.50643969,0.08880309
905.74977441,0.09322456
905.99311789,0.09361896
906.23647015,0.09540416
906.47983117,0.09799892
906.72320095,0.09291319
906.96657950,0.09882924
907.20996680,0.09060904
907.45336285,0.09312077
907.69676766,0.09179225
907.94018122,0.09687798
908.18360352,0.09251879
908.42703457,0.09447005
908.67047435,0.08415328
908.91392288,0.08523270
909.15738014,0.08519118
909.40084613,0.07964877
909.64432085,0.08340599
909.88780430,0.07950347
910.13129648,0.07558019
910.37479737,0.07375348
910.61830699,0.07915058
910.86182531,0.07474987
911.10535236,0.06829410
911.34888811,0.07767676
911.59243257,0.06812804
911.83598573,0.06902063
912.07954760,0.06439158
912.32311816,0.06173455
912.56669743,0.06908291
912.81028538,0.06281397
913.05388203,0.06098725
913.29748736,0.06912442
913.54110138,0.06364429
913.78472408,0.06605223
914.02835547,0.06528418
914.27199552,0.06999626
914.51564426,0.06422552
914.75930166,0.06846017
915.00296774,0.06617678
915.24664247,0.07394030
915.49032588,0.07128326
915.73401794,0.07568398
915.97771866,0.07956574
916.22142803,0.08791049
916.46514606,0.09303774
916.70887274,0.08903143
916.95260806,0.08764064
917.19635202,0.10080126
917.44010463,0.09561174
917.68386588,0.10318844
917.92763576,0.10329223
918.17141427,0.11174077
918.41520141,0.11518662
918.65899718,0.11113879
918.90280158,0.11300702
919.14661459,0.11784365
919.39043623,0.12114419
919.63426648,0.12043841
919.87810534,0.12319924
920.12195281,0.12656205
920.36580890,0.12002325
920.60967358,0.12448624
920.85354687,0.12998713
921.09742876,0.13171005
921.34131924,0.13276871
921.58521832,0.13963964
921.82912599,0.13131565
922.07304225,0.13237431
922.31696709,0.12297090
922.56090052,0.12290862
922.80484252,0.12126873
923.04879310,0.11782289
923.29275226,0.10634367
923.53671999,0.10715324
923.78069629,0.09708556
924.02468115,0.09849711
924.26867458,0.08973720
924.51267656,0.08371736
924.75668711,0.07701250
925.00070621,0.07829950
925.24473386,0.06831486
925.48877006,0.06794121
925.73281481,0.06171379
925.97686810,0.05683564
926.22092994,0.05299539
926.46500031,0.05183294
926.70907921,0.04585461
926.95316665,0.05241417
927.19726262,0.04614522
927.44136712,0.04257483
927.68548014,0.03640968
927.92960168,0.03726076
928.17373175,0.03273550
928.41787032,0.02760825
928.66201741,0.02818948
928.90617302,0.02476440
929.15033713,0.02364346
929.39450974,0.02370573
929.63869086,0.02515880
929.88288047,0.02453606
930.12707859,0.02119401
930.37128520,0.02949724
930.61550029,0.01957487
930.85972388,0.02133931
931.10395595,0.01924275
931.34819651,0.02138083
931.59244554,0.02459833
931.83670306,0.02171296
932.08096904,0.02696475
932.32524350,0.03194669
932.56952643,0.03483207
932.81381782,0.04174451
933.05811768,0.03688712
933.30242600,0.04892681
933.54674278,0.04629053
933.79106801,0.05471831
934.03540169,0.05118944
934.27974382,0.04921742
934.52409440,0.06023996
934.76845343,0.06520115
935.01282089,0.06518039
935.25719680,0.07219662
935.50158114,0.07778055
935.74597391,0.07437622
935.99037511,0.06792046
936.23478474,0.06999626
936.47920279,0.06835637
936.72362927,0.07844480
936.96806417,0.06605223
937.21250748,0.06349898
937.45695920,0.06210819
937.70141934,0.05806036
937.94588788,0.05677336
938.19036483,0.05600531
938.43485019,0.06210819
938.67934394,0.05677336
938.92384608,0.05482210
939.16835663,0.05502968
939.41287556,0.05710549
939.65740288,0.05675261
939.90193859,0.05048366
940.14648268,0.05490514
940.39103515,0.05336904
940.63559600,0.05664881
940.88016523,0.05509196
941.12474282,0.05930585
941.36932879,0.05743762
941.61392312,0.05864159
941.85852581,0.05706398
942.10313687,0.05484286
942.34775628,0.05357662
942.59238405,0.05492589
942.83702017,0.05392951
943.08166464,0.05689791
943.32631746,0.06007390
943.57097862,0.05847553
943.81564813,0.05704322
944.06032597,0.05864159
944.30501215,0.05625441
944.54970666,0.05849628
944.79440950,0.05446922
945.03912067,0.05054594
945.28384016,0.05833022
945.52856798,0.05054594
945.77330412,0.05170839
946.01804857,0.04726616
946.26280133,0.04629053
946.50756241,0.05035911
946.75233179,0.05044215
946.99710948,0.05044215
947.24189548,0.04913439
947.48668977,0.04913439
947.73149236,0.04952879
947.97630324,0.04834558
948.22112242,0.05037987
948.46594988,0.04971561
948.71078563,0.04566779
948.95562966,0.05189521
949.20048198,0.04276166
949.44534257,0.04029144
949.69021144,0.03983477
949.93508857,0.04454685
950.17997398,0.04068585
950.42486766,0.03566239
950.66976959,0.04240877
950.91467979,0.03892141
951.15959825,0.03946112
951.40452496,0.03535102
951.64945993,0.03506041
951.89440314,0.04274090
952.13935461,0.03418857
952.38431431,0.03476979
952.62928226,0.03101258
952.87425845,0.03296384
953.11924287,0.03456221
953.36423553,0.02746295
953.60923642,0.02613443
953.85424553,0.02603064
954.09926287,0.02397559
954.34428843,0.02378877
954.58932222,0.02036368
954.83436421,0.02202433
955.07941443,0.02111097
955.32447285,0.01774816
955.56953948,0.02235646
955.81461432,0.02258480
956.05969736,0.01878607
956.30478860,0.01606676
956.54988803,0.01758210
956.79499567,0.01826712
957.04011149,0.01926350
957.28523550,0.01316063
957.53036770,0.01419853
957.77550808,0.01531947
958.02065664,0.01455142
958.26581338,0.01116785
958.51097830,0.01465521
958.75615139,0.01149998
959.00133264,0.01756134
959.24652207,0.01075269
959.49171965,0.01504961
959.73692540,0.01426080
959.98213931,0.01176983
960.22736137,0.01401171
960.47259159,0.01702163
960.71782995,0.04865695
960.96307647,0.01911820
961.20833112,0.01955412
961.45359392,0.02283389
961.69886486,0.02258480
961.94414394,0.02343588
962.18943115,0.02447378
962.43472648,0.02436999
962.68002995,0.02777432
962.92534154,0.02702703
963.17066126,0.02889525
963.41598909,0.03107485
963.66132504,0.03555860
963.90666911,0.03425084
964.15202128,0.03474903
964.39738157,0.04321833
964.64274996,0.03973098
964.88812645,0.04531490
965.13351104,0.03811184
965.37890374,0.03937809
965.62430452,0.03910823
965.86971340,0.03750986
966.11513036,0.04220119
966.36055542,0.04382032
966.60598855,0.04514884
966.85142977,0.04406942
967.09687907,0.04126707
967.34233644,0.04188982
967.58780188,0.04460913
967.83327539,0.04678872
968.07875697,0.04759829
968.32424661,0.05276705
968.56974432,0.04776435
968.81525008,0.04867771
969.06076390,0.05060821
969.30628577,0.05231037
969.55181570,0.05835098
969.79735367,0.05922282
970.04289968,0.05419936
970.28845374,0.06115332
970.53401583,0.06304230
970.77958597,0.06827334
971.02516413,0.06331216
971.27075033,0.06403869
971.51634455,0.06204592
971.76194680,0.07240420
972.00755708,0.06590692
972.25317537,0.07593308
972.49880168,0.07487441
972.74443600,0.07007930
972.99007834,0.06416324
973.23572868,0.06381035
973.48138703,0.06279321
973.72705338,0.05872462
973.97272774,0.05953419
974.21841009,0.05997011
974.46410043,0.05899448
974.70979877,0.05886993
974.95550510,0.05426163
975.20121941,0.05559015
975.44694171,0.05633744
975.69267199,0.05561091
975.93841024,0.05862083
976.18415647,0.06214971
976.42991068,0.05872462
976.67567285,0.05806036
976.92144299,0.05824719
977.16722110,0.05776975
977.41300717,0.06194213
977.65880119,0.06134014
977.90460317,0.05278781
978.15041311,0.06287624
978.39623099,0.05639972
978.64205683,0.05677336
978.88789061,0.05523726
979.13373233,0.05434467
979.37958199,0.04867771
979.62543958,0.04377880
979.87130511,0.04483746
980.11717857,0.04693403
980.36305996,0.04226346
980.60894928,0.04394487
980.85484651,0.04261635
981.10075167,0.04369577
981.34666475,0.04049902
981.59258573,0.04081040
981.83851463,0.03813260
982.08445144,0.04201436
982.33039616,0.03813260
982.57634878,0.03470752
982.82230930,0.03217503
983.06827771,0.03809109
983.31425403,0.03628513
983.56023823,0.03416781
983.80623032,0.03425084
984.05223031,0.03047287
984.29823817,0.03227882
984.54425391,0.03061818
984.79027754,0.02611367
985.03630904,0.03119940
985.28234841,0.02883298
985.52839565,0.03366961
985.77445076,0.03171835
986.02051374,0.03323369
986.26658457,0.02794038
986.51266327,0.03533026
986.75874982,0.03402250
987.00484422,0.03626437
987.25094647,0.04172375
987.49705658,0.03983477
987.74317452,0.03854776
987.98930031,0.04201436
988.23543394,0.04521111
988.48157541,0.04164072
988.72772471,0.04803421
988.97388184,0.04969486
989.22004680,0.04180678
989.46621959,0.05091958
989.71240020,0.04269938
989.95858862,0.05075352
990.20478487,0.04226346
990.45098893,0.05374268
990.69720080,0.04759829
990.94342048,0.04703782
991.18964797,0.04350895
991.43588326,0.04643584
991.68212635,0.04242953
991.92837724,0.04411093
992.17463593,0.04128783
992.42090240,0.03946112
992.66717667,0.03742683
992.91345872,0.03526799
993.15974856,0.03184290
993.40604618,0.03281853
993.65235158,0.03014074
993.89866475,0.03159381
994.14498570,0.03057666
994.39131441,0.02864616
994.63765090,0.02920663
994.88399515,0.02484743
995.13034716,0.02466061
995.37670693,0.02540790
995.62307445,0.02196205
995.86944973,0.01837091
996.11583276,0.01774816
996.36222354,0.02360194
996.60862206,0.02086188
996.85502833,0.02189978
997.10144233,0.01986549
997.34786408,0.01666874
997.59429355,0.01571387
997.84073076,0.01816332
998.08717570,0.01239258
998.33362836,0.01465521
998.58008875,0.01249637
998.82655685,0.01554781
999.07303267,0.01996928
999.31951621,0.01428156
999.56600746,0.01019222
999.81250642,0.01226803
1000.05901309,0.01135467
1000.30552746,0.01031677
1000.55204953,0.00817869
1000.79857929,0.01295305
1001.04511676,0.01459293
1001.29166191,0.01496658
1001.53821476,0.00707851
1001.78477529,0.01172832
1002.03134351,0.00938265
1002.27791941,0.01274546
1002.52450299,0.01264167
1002.77109424,0.01002616
1003.01769317,0.00797110
1003.26429976,0.01257940
1003.51091403,0.00986009
1003.75753596,0.01280774
1004.00416555,0.01064890
1004.25080280,0.01783120
1004.49744771,0.01330593
1004.74410027,0.01291153
1004.99076048,0.01370034
1005.23742834,0.01062814
1005.48410384,0.01718769
1005.73078699,0.01428156
1005.97747778,0.01922199
1006.22417620,0.01739528
1006.47088226,0.01585918
1006.71759595,0.02127704
1006.96431727,0.02088263
1007.21104622,0.01990700
1007.45778279,0.02183751
1007.70452698,0.01625358
1007.95127879,0.02019762
1008.19803821,0.01951260
1008.44480524,0.02227343
1008.69157988,0.02370573
1008.93836213,0.02079960
1009.18515199,0.01868228
1009.43194944,0.01911820
1009.67875450,0.02055050
1009.92556715,0.01774816
1010.17238739,0.02092415
1010.41921522,0.02277162
1010.66605064,0.02032217
1010.91289364,0.02069581
1011.15974422,0.01718769
1011.40660239,0.01698011
1011.65346813,0.01835015
1011.90034144,0.02675717
1012.14722232,0.02015610
1012.39411078,0.01756134
1012.64100679,0.01735376
1012.88791037,0.01967866
1013.13482151,0.01888986
1013.38174020,0.01949184
1013.62866645,0.02416241
1013.87560025,0.02528335
1014.12254160,0.02148462
1014.36949049,0.02426620
1014.61644693,0.02845933
1014.86341091,0.02331133
1015.11038242,0.02216964
1015.35736147,0.02264707
1015.60434805,0.01947108
1015.85134216,0.01930502
1016.09834379,0.01847470
1016.34535295,0.01969942
1016.59236963,0.01969942
1016.83939383,0.01824636
1017.08642554,0.01855773
1017.33346476,0.01758210
1017.58051150,0.01689708
1017.82756574,0.01417777
1018.07462748,0.01411550
1018.32169673,0.01905592
1018.56877347,0.01370034
1018.81585771,0.01743679
1019.06294945,0.01594221
1019.31004867,0.00741064
1019.55715538,0.00703699
1019.80426957,0.01457218
1020.05139125,0.01781044
1020.29852041,0.01438535
1020.54565704,0.01031677
1020.79280114,0.00973554
1021.03995272,0.00689168
1021.28711177,0.01380413
1021.53427828,0.01214348
1021.78145225,0.01374185
1022.02863368,0.01064890
1022.27582257,0.00792959
1022.52301891,0.01482127
1022.77022270,0.01307759
1023.01743395,0.01156225
1023.26465263,0.01062814
1023.51187876,0.00373646
1023.75911234,0.00873915
1024.00635335,0.00728609
1024.25360179,0.00707851
1024.50085766,0.00444223
1024.74812097,0.00712002
1024.99539170,0.00614439
1025.24266985,0.00589530
1025.48995543,0.00363266
1025.73724842,0.00473284
1025.98454883,0.00757670
1026.23185665,0.00541786
1026.47917188,0.00327978
1026.72649452,0.00743139
1026.97382456,0.00738988
1027.22116200,0.00261552
1027.46850685,0.00597833
1027.71585908,0.00508573
1027.96321872,0.00521028
1028.21058574,0.00184747
1028.45796014,-0.01212272
1028.70534194,-0.01230954
1028.95273111,-0.01187362
1029.20012767,-0.01239258
1029.44753160,-0.01334745
1029.69494290,-0.01374185
