198.80933475,-0.00260959
199.01143578,-0.00291979
199.21355429,-0.00028766
199.41569028,-0.00106942
199.61784374,-0.00142141
199.82001468,0.00008984
200.02220309,-0.00567040
200.22440896,-0.00099620
200.42663230,-0.00275728
200.62887310,-0.00337284
200.83113136,-0.00001977
201.03340708,-0.00313716
201.23570025,-0.00334147
201.43801087,-0.00304972
201.64033894,-0.00140228
201.84268445,-0.00375649
202.04504741,-0.00246891
202.24742780,0.00032867
202.44982564,-0.00130439
202.65224090,0.00323863
202.85467360,-0.00038134
203.05712372,-0.00116689
203.25959128,0.00344041
203.46207625,-0.00208875
203.66457864,-0.00067155
203.86709846,-0.00174036
204.06963568,-0.00326587
204.27219032,-0.00483110
204.47476237,-0.00148178
204.67735182,-0.00083361
204.87995868,-0.00084879
205.08258293,-0.00454546
205.28522459,-0.00201861
205.48788364,-0.00302327
205.69056008,0.00049374
205.89325391,-0.00319330
206.09596513,-0.00062687
206.29869374,0.00149594
206.50143972,-0.00123679
206.70420308,-0.00256723
206.90698382,0.00177333
207.10978194,-0.00393110
207.31259742,-0.00284575
207.51543027,-0.00072773
207.71828048,0.00149379
207.92114806,0.00111711
208.12403299,-0.00176355
208.32693528,-0.00175742
208.52985493,0.00054329
208.73279193,-0.00095999
208.93574627,-0.00269630
209.13871796,-0.00267144
209.34170699,-0.00264897
209.54471336,-0.00262039
209.74773707,-0.00179600
209.95077811,-0.00142017
210.15383649,-0.00185609
210.35691219,-0.00173403
210.56000522,-0.00108072
210.76311557,0.00050149
210.96624324,-0.00197178
211.16938823,-0.00029021
211.37255053,-0.00113026
211.57573015,-0.00149232
211.77892707,-0.00077868
211.98214130,-0.00151486
212.18537284,-0.00041462
212.38862167,-0.00033395
212.59188781,-0.00102438
212.79517124,-0.00182123
212.99847196,-0.00178903
213.20178997,-0.00207360
213.40512527,-0.00246505
213.60847785,-0.00060355
213.81184772,-0.00077803
214.01523486,-0.00140798
214.21863928,-0.00448036
214.42206097,-0.00359816
214.62549993,-0.00068948
214.82895616,-0.00031992
215.03242966,-0.00086598
215.23592042,0.00087651
215.43942843,-0.00157861
215.64295370,0.00088888
215.84649623,-0.00198487
216.05005601,-0.00291606
216.25363303,-0.00154138
216.45722731,-0.00153889
216.66083882,0.00010344
216.86446757,-0.00005434
217.06811356,-0.00110115
217.27177679,-0.00392037
217.47545724,-0.00322771
217.67915493,0.00045698
217.88286984,-0.00160512
218.08660198,-0.00095079
218.29035133,-0.00251074
218.49411790,-0.00277324
218.69790169,-0.00076401
218.90170269,0.00071504
219.10552090,-0.00507253
219.30935632,-0.00041058
219.51320894,-0.00238990
219.71707876,-0.00036461
219.92096578,-0.00307677
220.12486999,-0.00112156
220.32879140,-0.00065811
220.53272999,-0.00168309
220.73668578,-0.00308571
220.94065875,-0.00253863
221.14464890,-0.00201087
221.34865623,-0.00434932
221.55268073,-0.00158063
221.75672241,-0.00012786
221.96078126,-0.00022090
222.16485728,0.00015452
222.36895046,0.00215106
222.57306080,-0.00185081
222.77718831,0.00016253
222.98133297,0.00070118
223.18549478,-0.00390055
223.38967375,-0.00239855
223.59386986,0.00169419
223.79808312,-0.00036230
224.00231352,-0.00179370
224.20656106,-0.00427568
224.41082574,-0.00341799
224.61510756,-0.00173093
224.81940650,-0.00097614
225.02372258,-0.00009489
225.22805578,-0.00195511
225.43240610,-0.00068826
225.63677355,-0.00293756
225.84115811,0.00085223
226.04555979,0.00144939
226.24997858,0.00211513
226.45441448,-0.00274444
226.65886748,-0.00292359
226.86333759,-0.00111404
227.06782480,-0.00283026
227.27232911,-0.00276297
227.47685052,0.00205554
227.68138902,-0.00122773
227.88594461,-0.00062427
228.09051728,0.00073712
228.29510704,-0.00093932
228.49971389,-0.00260947
228.70433781,-0.00261806
228.90897881,-0.00165229
229.11363688,0.00063455
229.31831202,-0.00433375
229.52300423,-0.00019603
229.72771350,-0.00081651
229.93243984,0.00168301
230.13718324,-0.00091429
230.34194369,-0.00247863
230.54672120,-0.00348960
230.75151576,-0.00127433
230.95632737,-0.00260557
231.16115602,-0.00143106
231.36600172,0.00086916
231.57086446,-0.00019995
231.77574423,-0.00031773
231.98064104,-0.00011260
232.18555488,-0.00152600
232.39048575,-0.00189212
232.59543365,-0.00028329
232.80039857,-0.00094874
233.00538051,-0.00180257
233.21037947,-0.00179683
233.41539544,0.00571807
233.62042843,-0.00066641
233.82547842,-0.00160306
234.03054543,-0.00205973
234.23562943,0.00043100
234.44073044,-0.00197197
234.64584845,-0.00521074
234.85098345,-0.00151422
235.05613545,-0.00223654
235.26130444,-0.00517109
235.46649041,0.00038631
235.67169337,-0.00340319
235.87691331,-0.00505412
236.08215023,0.00204642
236.28740413,-0.00314289
236.49267500,-0.00103159
236.69796284,0.00083903
236.90326765,-0.00135653
237.10858942,-0.00438904
237.31392816,-0.00323403
237.51928386,0.00060728
237.72465651,-0.00145047
237.93004612,-0.00083013
238.13545268,0.00052878
238.34087619,-0.00037335
238.54631664,-0.00071642
238.75177404,-0.00180554
238.95724838,0.00056268
239.16273965,-0.00120608
239.36824786,-0.00048960
239.57377300,-0.00210674
239.77931508,0.00130617
239.98487407,-0.00315414
240.19045000,-0.00331240
240.39604284,-0.00244329
240.60165260,0.00107371
240.80727928,-0.00184395
241.01292287,-0.00196783
241.21858337,-0.00090404
241.42426077,-0.00240180
241.62995508,-0.00391500
241.83566630,0.00091119
242.04139441,-0.00140441
242.24713941,-0.00062917
242.45290131,-0.00093962
242.65868010,-0.00130315
242.86447578,-0.00218666
243.07028835,-0.00227080
243.27611779,-0.00222771
243.48196412,-0.00464928
243.68782732,-0.00173754
243.89370739,-0.00289993
244.09960434,-0.00063836
244.30551816,-0.00387078
244.51144884,-0.00027588
244.71739638,-0.00466563
244.92336078,-0.00156246
245.12934204,-0.00236694
245.33534016,-0.00075755
245.54135512,-0.00026121
245.74738694,-0.00235291
245.95343560,-0.00246294
246.15950110,-0.00277420
246.36558345,-0.00241524
246.57168263,-0.00239824
246.77779865,-0.00382888
246.98393150,-0.00477517
247.19008118,-0.00103059
247.39624769,-0.00192467
247.60243102,-0.00255793
247.80863117,-0.00301391
248.01484814,-0.00016745
248.22108192,-0.00145183
248.42733252,0.00084755
248.63359993,0.00045876
248.83988415,0.00149395
249.04618517,-0.00279183
249.25250299,-0.00005393
249.45883761,0.00047413
249.66518903,-0.00285944
249.87155724,-0.00153618
250.07794224,-0.00466567
250.28434403,-0.00159110
250.49076260,-0.00210601
250.69719796,-0.00184415
250.90365009,-0.00094892
251.11011901,0.00039856
251.31660469,-0.00194983
251.52310715,-0.00232545
251.72962638,-0.00211083
251.93616237,-0.00153162
252.14271513,-0.00079265
252.34928464,0.00003018
252.55587091,0.00132865
252.76247394,-0.00136938
252.96909372,-0.00215220
253.17573025,-0.00109736
253.38238352,-0.00162602
253.58905354,-0.00284162
253.79574030,-0.00212019
254.00244380,-0.00199026
254.20916403,-0.00541427
254.41590099,-0.00518493
254.62265469,-0.00345653
254.82942511,-0.00069068
255.03621225,-0.00097324
255.24301612,-0.00086782
255.44983670,-0.00249165
255.65667400,-0.00099146
255.86352802,-0.00163603
256.07039874,-0.00066079
256.27728617,0.00091800
256.48419031,-0.00572591
256.69111115,-0.00346090
256.89804868,0.00109539
257.10500292,-0.00027488
257.31197384,-0.00106805
257.51896146,-0.00546967
257.72596577,-0.00035302
257.93298676,-0.00176902
258.14002443,0.00076590
258.34707878,-0.00026594
258.55414981,-0.00303559
258.76123752,-0.00160579
258.96834190,-0.00081826
259.17546294,-0.00053170
259.38260065,0.00232370
259.58975502,-0.00160395
259.79692606,-0.00022640
260.00411375,-0.00013483
260.21131810,0.00334043
260.41853909,-0.00240730
260.62577674,-0.00201886
260.83303103,-0.00456459
261.04030197,-0.00078036
261.24758955,0.00109372
261.45489377,-0.00290443
261.66221462,-0.00123639
261.86955210,-0.00035613
262.07690622,-0.00103414
262.28427696,0.00170264
262.49166433,0.00344999
262.69906831,-0.00278977
262.90648892,-0.00009922
263.11392614,-0.00108387
263.32137998,-0.00288642
263.52885042,-0.00061473
263.73633747,-0.00131669
263.94384113,0.00105465
264.15136139,-0.00351808
264.35889825,-0.00433202
264.56645171,-0.00389427
264.77402176,-0.00574060
264.98160840,-0.00346328
265.18921163,-0.00059190
265.39683144,-0.00439278
265.60446784,-0.00231755
265.81212081,0.00119505
266.01979037,-0.00056288
266.22747650,-0.00169835
266.43517920,-0.00040266
266.64289847,-0.00013627
266.85063430,-0.00137803
267.05838670,-0.00054810
267.26615566,-0.00175256
267.47394117,0.00050420
267.68174324,0.00171631
267.88956187,-0.00484892
268.09739704,-0.00254497
268.30524876,-0.00574231
268.51311702,-0.00289878
268.72100183,0.00209393
268.92890317,-0.00022493
269.13682105,-0.00024240
269.34475546,0.00281893
269.55270640,-0.00172824
269.76067387,-0.00045700
269.96865786,0.00038050
270.17665838,-0.00006731
270.38467541,-0.00152913
270.59270896,-0.00183803
270.80075902,0.00058021
271.00882560,-0.00138524
271.21690868,-0.00224111
271.42500826,-0.00098010
271.63312435,-0.00330459
271.84125694,0.00068971
272.04940602,-0.00038199
272.25757160,0.00073943
272.46575367,-0.00311116
272.67395223,0.00020863
272.88216727,0.00012346
273.09039880,-0.00324213
273.29864681,-0.00211338
273.50691129,-0.00083468
273.71519225,-0.00032678
273.92348968,-0.00289727
274.13180358,-0.00137708
274.34013395,-0.00057994
274.54848077,0.00188300
274.75684406,-0.00144349
274.96522381,-0.00144449
275.17362001,0.00225143
275.38203267,-0.00569969
275.59046177,0.00184648
275.79890732,0.00027273
276.00736932,-0.00048469
276.21584776,-0.00069163
276.42434263,-0.00007353
276.63285394,0.00418658
276.84138169,-0.00135915
277.04992586,-0.00269372
277.25848646,-0.00058751
277.46706349,-0.00000723
277.67565694,0.00328201
277.88426680,-0.00056052
278.09289309,-0.00175737
278.30153578,0.00037819
278.51019489,-0.00434322
278.71887041,-0.00315189
278.92756233,-0.00381207
279.13627065,-0.00135878
279.34499537,-0.00186408
279.55373649,-0.00439134
279.76249401,0.00128677
279.97126791,-0.00152409
280.18005820,0.00039210
280.38886488,-0.00329465
280.59768795,-0.00028761
280.80652739,-0.00142691
281.01538321,0.00028711
281.22425540,-0.00253840
281.43314397,-0.00199512
281.64204891,0.00000821
281.85097021,-0.00251668
282.05990788,-0.00208254
282.26886190,-0.00220903
282.47783229,-0.00017812
282.68681903,-0.00171604
282.89582212,-0.00139081
283.10484156,-0.00274107
283.31387735,-0.00267508
283.52292949,-0.00096727
283.73199796,-0.00376159
283.94108277,0.00002101
284.15018392,-0.00090690
284.35930141,-0.00115808
284.56843522,-0.00596693
284.77758536,-0.00284730
284.98675183,-0.00081296
285.19593461,-0.00200699
285.40513372,-0.00280095
285.61434914,-0.00018371
285.82358088,0.00062257
286.03282893,-0.00083652
286.24209328,-0.00283346
286.45137395,0.00046674
286.66067091,0.00000426
286.86998417,-0.00037881
287.07931373,-0.00389203
287.28865959,-0.00230561
287.49802174,-0.00051400
287.70740017,-0.00154133
287.91679489,-0.00160590
288.12620590,-0.00182620
288.33563318,0.00040903
288.54507675,-0.00211242
288.75453658,-0.00134868
288.96401269,0.00056570
289.17350507,-0.00120923
289.38301372,-0.00343113
289.59253863,-0.00128256
289.80207980,-0.00291045
290.01163723,-0.00279682
290.22121091,-0.00052838
290.43080085,0.00017093
290.64040703,-0.00087049
290.85002947,-0.00394524
291.05966815,-0.00296390
291.26932307,-0.00329026
291.47899422,-0.00171937
291.68868162,-0.00047646
291.89838525,0.00003320
292.10810511,-0.00440204
292.31784119,-0.00121750
292.52759350,-0.00132056
292.73736204,0.00139175
292.94714679,-0.00152398
293.15694776,-0.00048713
293.36676494,-0.00010572
293.57659834,-0.00083918
293.78644794,-0.00054118
293.99631375,0.00014902
294.20619576,-0.00407521
294.41609397,-0.00182867
294.62600838,-0.00325748
294.83593898,-0.00056164
295.04588578,0.00216355
295.25584876,0.00049426
295.46582793,-0.00133121
295.67582328,0.00213621
295.88583481,-0.00050164
296.09586253,0.00136279
296.30590641,-0.00051861
296.51596647,-0.00145065
296.72604270,0.00035363
296.93613509,-0.00491480
297.14624365,0.00292783
297.35636837,0.00328274
297.56650925,-0.00415098
297.77666629,-0.00009099
297.98683947,0.00245119
298.19702881,0.00077240
298.40723429,-0.00442509
298.61745592,-0.00133747
298.82769369,-0.00168982
299.03794760,-0.00347007
299.24821765,-0.00011064
299.45850383,-0.00186650
299.66880614,-0.00061764
299.87912458,0.00214993
300.08945914,-0.00154282
300.29980983,-0.00274142
300.51017663,-0.00124994
300.72055955,-0.00192834
300.93095859,-0.00174830
301.14137374,-0.00119975
301.35180499,0.00322834
301.56225235,-0.00206751
301.77271582,0.00076593
301.98319538,-0.00519911
302.19369105,0.00283402
302.40420280,-0.00023896
302.61473065,-0.00158369
302.82527459,-0.00308471
303.03583461,-0.00170002
303.24641072,-0.00242791
303.45700291,-0.00152664
303.66761117,-0.00242429
303.87823552,-0.00358538
304.08887593,-0.00312076
304.29953241,-0.00221726
304.51020496,-0.00060144
304.72089358,-0.00317792
304.93159825,-0.00319066
305.14231899,0.00087786
305.35305578,-0.00220978
305.56380862,0.00054127
305.77457752,-0.00015520
305.98536246,-0.00129765
306.19616344,-0.00064380
306.40698047,-0.00120306
306.61781354,-0.00018799
306.82866264,-0.00136399
307.03952778,-0.00069079
307.25040895,-0.00086829
307.46130614,-0.00074701
307.67221937,0.00125188
307.88314861,-0.00001440
308.09409387,-0.00209301
308.30505515,-0.00215274
308.51603245,-0.00262629
308.72702576,0.00007125
308.93803507,-0.00109423
309.14906039,-0.00038023
309.36010172,-0.00255924
309.57115904,-0.00053293
309.78223236,-0.00136121
309.99332168,-0.00256800
310.20442699,-0.00221943
310.41554829,-0.00052507
310.62668557,-0.00089696
310.83783884,-0.00266447
311.04900809,0.00262923
311.26019332,-0.00148167
311.47139452,0.00051434
311.68261169,0.00031677
311.89384484,-0.00386836
312.10509395,-0.00014076
312.31635903,-0.00487461
312.52764007,-0.00031992
312.73893706,-0.00026714
312.95025002,0.00079654
313.16157892,-0.00105671
313.37292378,-0.00335283
313.58428458,-0.00298717
313.79566133,0.00103282
314.00705402,-0.00218653
314.21846266,-0.00185786
314.42988722,-0.00142154
314.64132772,-0.00437519
314.85278416,-0.00180951
315.06425652,-0.00315784
315.27574480,-0.00007075
315.48724901,-0.00103674
315.69876914,0.00055789
315.91030518,-0.00023368
316.12185715,0.00009297
316.33342502,-0.00028269
316.54500880,-0.00309827
316.75660848,-0.00332844
316.96822407,-0.00115234
317.17985556,0.00077003
317.39150295,0.00163772
317.60316624,-0.00105019
317.81484541,0.00200226
318.02654048,0.00031334
318.23825143,-0.00350548
318.44997826,-0.00092766
318.66172098,-0.00273752
318.87347957,-0.00337300
319.08525404,0.00037886
319.29704439,-0.00061562
319.50885060,0.00057915
319.72067268,-0.00026286
319.93251063,-0.00107368
320.14436443,-0.00017674
320.35623410,-0.00358968
320.56811962,-0.00304067
320.78002100,0.00140156
320.99193822,-0.00159496
321.20387130,0.00073273
321.41582021,0.00066728
321.62778498,-0.00429811
321.83976558,-0.00105811
322.05176201,-0.00128207
322.26377428,-0.00197654
322.47580239,-0.00413144
322.68784632,-0.00021544
322.89990607,-0.00097413
323.11198165,0.00035008
323.32407305,-0.00297379
323.53618027,-0.00257599
323.74830330,-0.00138886
323.96044215,-0.00201489
324.17259680,-0.00237213
324.38476726,-0.00230863
324.59695352,-0.00150233
324.80915558,-0.00057615
325.02137344,-0.00072773
325.23360710,-0.00066647
325.44585655,-0.00111824
325.65812178,-0.00021385
325.87040281,-0.00127889
326.08269962,-0.00194184
326.29501221,0.00045632
326.50734058,-0.00279723
326.71968472,0.00030599
326.93204464,-0.00451657
327.14442032,-0.00259439
327.35681178,-0.00237113
327.56921900,-0.00127208
327.78164198,-0.00039154
327.99408072,-0.00048045
328.20653522,-0.00503851
328.41900547,0.00091343
328.63149147,-0.00129214
328.84399322,-0.00038651
329.05651071,-0.00149882
329.26904395,-0.00245318
329.48159293,-0.00118791
329.69415764,-0.00097224
329.90673809,-0.00093239
330.11933427,-0.00332218
330.33194617,-0.00237865
330.54457381,0.00109184
330.75721716,-0.00074455
330.96987624,0.00135066
331.18255104,-0.00062740
331.39524154,-0.00526139
331.60794777,-0.00000557
331.82066970,0.00282148
332.03340733,-0.00275835
332.24616067,-0.00130479
332.45892971,0.00133634
332.67171445,-0.00313596
332.88451489,-0.00169048
333.09733102,-0.00273355
333.31016283,-0.00125480
333.52301034,-0.00166421
333.73587352,0.00251003
333.94875239,0.00115758
334.16164694,0.00022454
334.37455717,0.00172537
334.58748306,-0.00131522
334.80042463,-0.00336490
335.01338187,0.00107424
335.22635477,-0.00021782
335.43934333,-0.00191901
335.65234755,-0.00209525
335.86536743,-0.00165602
336.07840296,-0.00384191
336.29145415,0.00203901
336.50452098,-0.00154446
336.71760345,-0.00357461
336.93070157,-0.00098194
337.14381533,-0.00200483
337.35694473,0.00120482
337.57008976,-0.00045669
337.78325042,-0.00048589
337.99642671,-0.00215955
338.20961863,-0.00235001
338.42282617,-0.00114801
338.63604933,0.00017748
338.84928810,0.00111118
339.06254250,-0.00163111
339.27581250,0.00115203
339.48909812,-0.00076270
339.70239934,-0.00148846
339.91571616,-0.00285145
340.12904859,-0.00296219
340.34239661,0.00192057
340.55576023,-0.00291910
340.76913945,-0.00165028
340.98253425,-0.00046232
341.19594464,-0.00051577
341.40937061,0.00170466
341.62281217,-0.00226720
341.83626930,-0.00427644
342.04974201,-0.00294628
342.26323030,-0.00158448
342.47673415,0.00109794
342.69025357,-0.00286102
342.90378856,-0.00153299
343.11733911,-0.00241227
343.33090522,-0.00118347
343.54448688,-0.00092139
343.75808410,-0.00004766
343.97169687,-0.00090109
344.18532519,-0.00134797
344.39896906,-0.00063077
344.61262847,0.00109171
344.82630341,-0.00264429
345.03999390,-0.00091511
345.25369992,-0.00299811
345.46742147,-0.00067757
345.68115855,-0.00146585
345.89491115,-0.00130226
346.10867928,0.00029137
346.32246293,-0.00117104
346.53626210,-0.00143314
346.75007679,0.00143162
346.96390698,0.00048800
347.17775269,-0.00183969
347.39161390,0.00177427
347.60549061,-0.00076643
347.81938283,-0.00219767
348.03329055,-0.00097175
348.24721376,0.00019763
348.46115246,-0.00219541
348.67510665,-0.00180330
348.88907634,-0.00133647
349.10306150,0.00175876
349.31706215,0.00101156
349.53107828,-0.00068369
349.74510988,-0.00060302
349.95915696,-0.00043006
350.17321950,-0.00293348
350.38729752,-0.00281906
350.60139100,-0.00074892
350.81549994,-0.00091985
351.02962435,-0.00157419
351.24376421,-0.00168225
351.45791952,-0.00057011
351.67209028,-0.00015917
351.88627650,0.00033315
352.10047816,-0.00256285
352.31469526,-0.00186046
352.52892780,-0.00103905
352.74317578,-0.00228851
352.95743919,-0.00232633
353.17171804,-0.00257279
353.38601232,-0.00146567
353.60032202,-0.00214180
353.81464714,-0.00366574
354.02898769,-0.00167889
354.24334365,-0.00038877
354.45771503,0.00221503
354.67210182,-0.00206288
354.88650403,-0.00115369
355.10092164,-0.00360958
355.31535465,-0.00075478
355.52980306,-0.00483914
355.74426687,-0.00073228
355.95874608,-0.00144235
356.17324069,0.00120939
356.38775068,-0.00113217
356.60227606,0.00086947
356.81681682,0.00384169
357.03137297,-0.00013805
357.24594449,-0.00182684
357.46053139,-0.00333423
357.67513367,-0.00216095
357.88975132,0.00168247
358.10438433,0.00220125
358.31903271,-0.00157098
358.53369645,0.00029208
358.74837556,0.00199479
358.96307002,-0.00058034
359.17777983,0.00158776
359.39250499,-0.00073572
359.60724551,-0.00157151
359.82200137,-0.00284754
360.03677257,-0.00113607
360.25155911,0.00265818
360.46636100,-0.00349713
360.68117821,0.00249972
360.89601076,0.00060631
361.11085864,-0.00256456
361.32572184,0.00279057
361.54060037,-0.00293170
361.75549422,-0.00350832
361.97040338,-0.00385083
362.18532786,-0.00213929
362.40026766,0.00051516
362.61522276,-0.00075400
362.83019318,-0.00290388
363.04517889,-0.00341883
363.26017991,0.00021804
363.47519623,0.00279213
363.69022784,-0.00403971
363.90527474,-0.00019634
364.12033694,-0.00227187
364.33541442,-0.00081859
364.55050719,0.00314163
364.76561524,-0.00028921
364.98073857,-0.00113618
365.19587718,-0.00197459
365.41103106,-0.00224484
365.62620021,-0.00156507
365.84138463,-0.00282494
366.05658432,-0.00028695
366.27179927,0.00090013
366.48702948,-0.00059545
366.70227494,0.00145838
366.91753566,0.00095097
367.13281163,-0.00091400
367.34810285,-0.00040321
367.56340932,0.00091959
367.77873103,-0.00088007
367.99406798,-0.00292141
368.20942017,-0.00044595
368.42478759,0.00032523
368.64017025,-0.00010561
368.85556813,-0.00271662
369.07098125,-0.00141378
369.28640958,0.00208826
369.50185314,-0.00192416
369.71731191,-0.00310714
369.93278590,0.00255423
370.14827511,-0.00077750
370.36377952,0.00200639
370.57929914,-0.00060077
370.79483397,-0.00024154
371.01038400,-0.00200459
371.22594922,-0.00204763
371.44152965,-0.00012922
371.65712526,-0.00005649
371.87273607,0.00126524
372.08836206,-0.00102656
372.30400324,-0.00016969
372.51965960,0.00056339
372.73533114,-0.00282150
372.95101786,0.00137824
373.16671976,-0.00595314
373.38243682,-0.00105403
373.59816905,-0.00365948
373.81391645,0.00084471
374.02967901,-0.00008766
374.24545673,0.00088627
374.46124961,0.00336044
374.67705764,-0.00274912
374.89288082,0.00145820
375.10871916,0.00185103
375.32457264,0.00000147
375.54044126,0.00151076
375.75632503,-0.00143377
375.97222393,0.00199996
376.18813797,0.00050580
376.40406713,-0.00087890
376.62001143,-0.00171943
376.83597086,0.00053089
377.05194541,0.00006202
377.26793508,0.00055802
377.48393987,0.00084615
377.69995978,-0.00093594
377.91599480,-0.00006021
378.13204493,0.00103104
378.34811016,-0.00308393
378.56419050,-0.00202973
378.78028595,0.00032305
378.99639649,-0.00120390
379.21252213,0.00027456
379.42866286,-0.00102136
379.64481868,-0.00023612
379.86098960,-0.00352370
380.07717559,-0.00128664
380.29337667,-0.00144213
380.50959283,-0.00025216
380.72582407,0.00115884
380.94207038,-0.00328861
381.15833176,-0.00248384
381.37460821,-0.00043232
381.59089972,0.00133823
381.80720630,-0.00215700
382.02352794,0.00127378
382.23986464,-0.00094329
382.45621639,-0.00082651
382.67258319,-0.00066913
382.88896505,-0.00035254
383.10536195,-0.00362545
383.32177389,0.00155835
383.53820087,0.00009907
383.75464289,0.00040051
383.97109995,0.00135623
384.18757204,0.00251873
384.40405916,0.00199670
384.62056131,0.00221538
384.83707848,-0.00006991
385.05361067,0.00125017
385.27015788,-0.00035016
385.48672011,-0.00214835
385.70329735,0.00008334
385.91988960,0.00017413
386.13649686,0.00149951
386.35311912,-0.00161371
386.56975639,-0.00027683
386.78640865,0.00126313
387.00307592,0.00149934
387.21975817,0.00327036
387.43645542,0.00097713
387.65316765,0.00270027
387.86989487,0.00038442
388.08663707,-0.00059006
388.30339426,0.00095836
388.52016641,-0.00175979
388.73695355,-0.00229046
388.95375565,-0.00143987
389.17057273,0.00127111
389.38740477,-0.00215148
389.60425177,0.00296088
389.82111374,0.00112550
390.03799066,-0.00043018
390.25488253,0.00328966
390.47178936,0.00278301
390.68871114,-0.00103911
390.90564787,0.00109124
391.12259954,0.00118895
391.33956614,0.00197965
391.55654769,0.00108674
391.77354418,-0.00125314
391.99055559,0.00021230
392.20758194,0.00047515
392.42462321,-0.00097229
392.64167941,-0.00145343
392.85875053,-0.00181305
393.07583657,0.00187979
393.29293752,-0.00175505
393.51005339,-0.00070794
393.72718417,0.00398691
393.94432986,0.00012234
394.16149045,-0.00016112
394.37866594,0.00050060
394.59585634,-0.00039805
394.81306163,-0.00144550
395.03028181,0.00033530
395.24751689,-0.00042288
395.46476685,0.00126739
395.68203170,0.00066131
395.89931143,-0.00011884
396.11660604,-0.00098620
396.33391553,-0.00005842
396.55123990,0.00151662
396.76857913,0.00114582
396.98593324,0.00072594
397.20330221,0.00404986
397.42068604,0.00117251
397.63808474,0.00578840
397.85549829,0.00031542
398.07292670,0.00141424
398.29036996,0.00134031
398.50782807,-0.00179416
398.72530103,0.00008997
398.94278883,0.00122791
399.16029147,0.00019858
399.37780895,0.00178125
399.59534127,0.00011957
399.81288841,-0.00055394
400.03045039,0.00169367
400.24802720,-0.00226949
400.46561883,0.00253472
400.68322529,0.00175882
400.90084656,0.00322041
401.11848265,-0.00042698
401.33613355,0.00280284
401.55379926,0.00329434
401.77147978,-0.00095600
401.98917511,-0.00067615
402.20688524,0.00347599
402.42461017,0.00216148
402.64234989,0.00046474
402.86010441,0.00080659
403.07787372,0.00155209
403.29565782,0.00291762
403.51345670,0.00027043
403.73127037,0.00118371
403.94909882,0.00084431
404.16694205,-0.00006830
404.38480005,0.00257692
404.60267282,0.00208939
404.82056036,0.00301828
405.03846267,0.00162531
405.25637974,0.00046955
405.47431157,0.00139844
405.69225816,0.00303297
405.91021951,0.00147834
406.12819561,0.00478096
406.34618645,0.00305611
406.56419205,0.00333270
406.78221239,0.00007830
407.00024747,0.00233883
407.21829729,0.00444620
407.43636184,-0.00029528
407.65444113,0.00176736
407.87253515,0.00067020
408.09064390,0.00264133
408.30876737,0.00723687
408.52690556,0.00415282
408.74505847,0.00363468
408.96322610,0.00095021
409.18140844,0.00408149
409.39960550,0.00293193
409.61781726,0.00311892
409.83604372,0.00353909
410.05428489,0.00152132
410.27254076,0.00575744
410.49081133,0.00168906
410.70909659,0.00261316
410.92739654,0.00373807
411.14571118,0.00061544
411.36404051,0.00361768
411.58238452,0.00307637
411.80074321,0.00222984
412.01911658,0.00336727
412.23750462,0.00148207
412.45590734,0.00530685
412.67432472,0.00133989
412.89275677,0.00407894
413.11120349,0.00645693
413.32966486,0.00551010
413.54814090,0.00393452
413.76663159,0.00150592
413.98513693,0.00335802
414.20365692,0.00634435
414.42219156,0.00472877
414.64074084,0.00588795
414.85930477,0.00197759
415.07788333,0.00496148
415.29647653,0.00320000
415.51508437,0.00454764
415.73370683,0.00329292
415.95234392,0.00297047
416.17099564,0.00180044
416.38966198,0.00413175
416.60834294,0.00273259
416.82703851,0.00261695
417.04574870,0.00678880
417.26447350,0.00309121
417.48321291,0.00215001
417.70196692,0.00645143
417.92073554,0.00474801
418.13951875,0.00152966
418.35831657,0.00547577
418.57712898,0.00411959
418.79595598,0.00195216
419.01479757,0.00202584
419.23365374,0.00409268
419.45252450,0.00504844
419.67140984,0.00101260
419.89030975,0.00289407
420.10922425,-0.00074551
420.32815331,0.00266008
420.54709694,0.00443308
420.76605514,0.00268560
420.98502791,0.00166224
421.20401523,0.00493532
421.42301712,0.00414091
421.64203356,-0.00141305
421.86106455,0.00395305
422.08011009,0.00498458
422.29917018,0.00007399
422.51824482,0.00262310
422.73733399,0.00395387
422.95643771,0.00259114
423.17555596,0.00106798
423.39468875,0.00218178
423.61383606,0.00295088
423.83299790,0.00452853
424.05217427,0.00275751
424.27136516,0.00319893
424.49057057,0.00198292
424.70979050,0.00409268
424.92902494,0.00174256
425.14827390,0.00544045
425.36753736,0.00188922
425.58681532,0.00176334
425.80610779,0.00499500
426.02541476,-0.00024189
426.24473623,0.00354003
426.46407219,0.00296308
426.68342265,0.00270950
426.90278759,0.00487355
427.12216702,0.00386001
427.34156093,0.00606956
427.56096933,0.00375538
427.78039220,0.00191120
427.99982955,0.00132268
428.21928137,0.00588992
428.43874766,0.00332044
428.65822841,0.00179636
428.87772363,0.00370015
429.09723331,0.00631495
429.31675745,0.00703419
429.53629605,0.00324356
429.75584910,0.00561748
429.97541660,0.00351886
430.19499854,0.00621569
430.41459494,0.00340528
430.63420577,0.00700740
430.85383104,0.00436430
431.07347075,0.00264630
431.29312489,0.00316516
431.51279347,0.00376667
431.73247647,0.00335329
431.95217390,0.00273058
432.17188574,0.00423308
432.39161201,0.00561735
432.61135270,0.00624741
432.83110780,0.00493179
433.05087731,0.00419651
433.27066123,0.00495172
433.49045956,0.00411617
433.71027229,0.00613159
433.93009942,0.00260943
434.14994095,0.00454996
434.36979687,0.00511420
434.58966718,0.00449030
434.80955189,0.00296781
435.02945098,0.00554018
435.24936445,0.00261495
435.46929230,0.00553272
435.68923454,0.00485638
435.90919115,0.00234078
436.12916213,0.00486940
436.34914748,0.00553794
436.56914720,0.00809740
436.78916128,0.00668156
437.00918972,0.00544737
437.22923252,0.00707308
437.44928968,0.00585358
437.66936119,0.00624475
437.88944706,0.00919777
438.10954727,0.00342232
438.32966182,0.01131748
438.54979072,0.00559498
438.76993395,0.00618861
438.99009153,0.00577321
439.21026343,0.00570024
439.43044967,0.00496962
439.65065024,0.00409016
439.87086513,0.00954521
440.09109434,0.01077685
440.31133788,0.00824501
440.53159573,0.00617299
440.75186789,0.01052482
440.97215437,0.00977379
441.19245516,0.00850481
441.41277025,0.00793097
441.63309964,0.00978433
441.85344334,0.00693727
442.07380133,0.00796305
442.29417362,0.01005755
442.51456020,0.00809871
442.73496107,0.01007423
442.95537623,0.01132897
443.17580567,0.01061989
443.39624939,0.01134028
443.61670739,0.01384658
443.83717967,0.00980387
444.05766622,0.00951515
444.27816704,0.01230813
444.49868212,0.01537410
444.71921147,0.01245566
444.93975509,0.01147978
445.16031296,0.01245526
445.38088508,0.01401303
445.60147147,0.01534909
445.82207210,0.01785379
446.04268698,0.01318790
446.26331610,0.01117895
446.48395947,0.01726185
446.70461707,0.01320724
446.92528892,0.01316669
447.14597499,0.01246846
447.36667530,0.01615930
447.58738984,0.01265060
447.80811860,0.01153891
448.02886158,0.01484585
448.24961879,0.01414461
448.47039021,0.01330545
448.69117585,0.01437802
448.91197570,0.01441037
449.13278975,0.01638859
449.35361802,0.01477223
449.57446049,0.01349739
449.79531715,0.01611490
450.01618802,0.01478182
450.23707308,0.01519429
450.45797234,0.01072106
450.67888578,0.01467161
450.89981341,0.01362646
451.12075522,0.01436118
451.34171122,0.01383702
451.56268139,0.01249386
451.78366574,0.01205084
452.00466426,0.01394580
452.22567696,0.01673502
452.44670382,0.01796857
452.66774484,0.01933793
452.88880003,0.01520540
453.10986938,0.01493258
453.33095288,0.01870429
453.55205053,0.01937198
453.77316234,0.02315202
453.99428830,0.01925248
454.21542840,0.01669229
454.43658264,0.02116462
454.65775102,0.02038403
454.87893354,0.01983566
455.10013019,0.02247089
455.32134098,0.01844429
455.54256589,0.01780482
455.76380493,0.02473637
455.98505809,0.02047709
456.20632537,0.02146264
456.42760677,0.02278128
456.64890229,0.02194624
456.87021191,0.02051083
457.09153565,0.02026069
457.31287349,0.02186038
457.53422544,0.01940053
457.75559149,0.02250009
457.97697163,0.02329117
458.19836587,0.02258715
458.41977420,0.02136586
458.64119663,0.01955075
458.86263313,0.02396007
459.08408373,0.02137812
459.30554840,0.02308871
459.52702716,0.02190763
459.74851999,0.02273138
459.97002689,0.01699461
460.19154786,0.02600153
460.41308290,0.01932909
460.63463201,0.02594790
460.85619518,0.02540704
461.07777241,0.02540415
461.29936369,0.02527624
461.52096903,0.02428065
461.74258841,0.02934774
461.96422185,0.02609381
462.18586933,0.02926026
462.40753086,0.02323066
462.62920642,0.02592347
462.85089602,0.02866838
463.07259966,0.02875218
463.29431733,0.02722572
463.51604902,0.02928826
463.73779475,0.03325344
463.95955449,0.03075957
464.18132826,0.02813511
464.40311604,0.03335406
464.62491784,0.02892567
464.84673365,0.03129320
465.06856347,0.03031566
465.29040730,0.02798387
465.51226513,0.03025243
465.73413696,0.03093521
465.95602279,0.03079400
466.17792261,0.03194947
466.39983643,0.02641049
466.62176424,0.03106520
466.84370603,0.03013691
467.06566181,0.03113179
467.28763157,0.02896474
467.50961531,0.03311140
467.73161303,0.03169751
467.95362472,0.03391528
468.17565038,0.03611834
468.39769001,0.03316560
468.61974360,0.03345338
468.84181116,0.03170461
469.06389267,0.03322879
469.28598814,0.03061786
469.50809757,0.02954184
469.73022094,0.02886289
469.95235827,0.03003818
470.17450954,0.03096416
470.39667475,0.03457144
470.61885390,0.03163649
470.84104699,0.03117690
471.06325402,0.02825053
471.28547498,0.03502376
471.50770986,0.03033128
471.72995867,0.02858296
471.95222141,0.03138231
472.17449806,0.03223208
472.39678864,0.03242474
472.61909313,0.03140896
472.84141153,0.03121333
473.06374384,0.03040243
473.28609005,0.02900605
473.50845017,0.03307747
473.73082420,0.03013572
473.95321212,0.03216882
474.17561393,0.02963594
474.39802964,0.03007362
474.62045924,0.02843026
474.84290273,0.03101837
475.06536010,0.02868988
475.28783136,0.03073050
475.51031649,0.02929773
475.73281550,0.03052864
475.95532838,0.02914258
476.17785513,0.02696576
476.40039575,0.02909897
476.62295024,0.03167448
476.84551859,0.02538444
477.06810080,0.02919882
477.29069686,0.02940361
477.51330678,0.02938236
477.73593055,0.02694779
477.95856817,0.02718429
478.18121963,0.02646481
478.40388494,0.02920776
478.62656409,0.02628726
478.84925707,0.02414398
479.07196389,0.02788846
479.29468455,0.02605682
479.51741903,0.02530710
479.74016733,0.02656772
479.96292946,0.02650209
480.18570542,0.02428769
480.40849519,0.02824522
480.63129877,0.02710865
480.85411617,0.02513703
481.07694738,0.02719168
481.29979239,0.02447466
481.52265121,0.02224871
481.74552383,0.02486512
481.96841025,0.02677968
482.19131046,0.02453634
482.41422447,0.02350480
482.63715227,0.02450710
482.86009385,0.02479528
483.08304922,0.02743577
483.30601837,0.02780013
483.52900130,0.02179232
483.75199801,0.02623348
483.97500849,0.02571140
484.19803274,0.02358602
484.42107076,0.02653091
484.64412255,0.02266927
484.86718810,0.02645742
485.09026741,0.02851642
485.31336047,0.03336685
485.53646729,0.03076316
485.75958786,0.02925764
485.98272218,0.03044650
486.20587024,0.03240710
486.42903205,0.03077239
486.65220760,0.03320976
486.87539689,0.02824029
487.09859991,0.02827927
487.32181666,0.02909791
487.54504715,0.03195511
487.76829136,0.03145868
487.99154929,0.03064326
488.21482094,0.03111391
488.43810631,0.03296070
488.66140540,0.03187343
488.88471820,0.03458140
489.10804471,0.03642919
489.33138493,0.03961955
489.55473885,0.03802129
489.77810647,0.03883637
490.00148780,0.04027198
490.22488281,0.04244454
490.44829153,0.04055301
490.67171393,0.04444882
490.89515002,0.04073513
491.11859979,0.04355059
491.34206325,0.04532441
491.56554038,0.04637959
491.78903120,0.04488558
492.01253568,0.04561157
492.23605384,0.04391673
492.45958567,0.04325751
492.68313116,0.04563603
492.90669031,0.04661038
493.13026312,0.04571338
493.35384960,0.04464083
493.57744972,0.04423681
493.80106350,0.04065191
494.02469092,0.03922566
494.24833200,0.03804492
494.47198671,0.03735674
494.69565507,0.03749540
494.91933706,0.03378357
495.14303269,0.03323931
495.36674195,0.03593052
495.59046484,0.03561164
495.81420136,0.03494274
496.03795150,0.03399336
496.26171526,0.03626735
496.48549264,0.03635590
496.70928364,0.03530454
496.93308825,0.03243505
497.15690647,0.03188781
497.38073830,0.03338342
497.60458373,0.03528373
497.82844276,0.02934689
498.05231539,0.03356751
498.27620162,0.03394377
498.50010144,0.03275604
498.72401485,0.03615000
498.94794185,0.02937423
499.17188244,0.03613520
499.39583661,0.03528326
499.61980435,0.03777459
499.84378568,0.03732537
500.06778058,0.03680693
500.29178904,0.03309933
500.51581108,0.03866908
500.73984668,0.03196948
500.96389585,0.03368983
501.18795858,0.03154604
501.41203486,0.02976964
501.63612470,0.03146033
501.86022809,0.02699602
502.08434503,0.02815174
502.30847551,0.02636017
502.53261954,0.02950494
502.75677711,0.03066283
502.98094822,0.03113256
503.20513286,0.03164994
503.42933104,0.03110374
503.65354274,0.03119702
503.87776797,0.03390250
504.10200673,0.03638952
504.32625901,0.03239855
504.55052480,0.03690181
504.77480411,0.03668428
504.99909694,0.03962493
505.22340327,0.03917038
505.44772312,0.04264975
505.67205646,0.04240038
505.89640331,0.04511216
506.12076366,0.04450985
506.34513750,0.04972782
506.56952484,0.04813459
506.79392567,0.04575849
507.01833999,0.04645815
507.24276779,0.04562343
507.46720907,0.04681009
507.69166384,0.04858112
507.91613208,0.04665756
508.14061380,0.04715800
508.36510898,0.04502379
508.58961764,0.04404500
508.81413976,0.04413952
509.03867534,0.04432467
509.26322439,0.04409370
509.48778689,0.04216393
509.71236285,0.03866830
509.93695226,0.04125723
510.16155512,0.04414442
510.38617142,0.03865739
510.61080117,0.04092062
510.83544436,0.03748002
511.06010099,0.03745901
511.28477105,0.03726821
511.50945454,0.03724968
511.73415147,0.03810518
511.95886182,0.04199359
512.18358560,0.04185326
512.40832280,0.04646861
512.63307341,0.04419013
512.85783745,0.04462350
513.08261489,0.04491600
513.30740575,0.04349994
513.53221001,0.04586883
513.75702768,0.04220579
513.98185875,0.03918612
514.20670322,0.04229947
514.43156109,0.03998226
514.65643235,0.04277267
514.88131700,0.03622557
515.10621504,0.03398243
515.33112647,0.03941345
515.55605128,0.03208526
515.78098946,0.03652497
516.00594103,0.03907940
516.23090597,0.03525129
516.45588428,0.03593120
516.68087596,0.03681923
516.90588100,0.03603311
517.13089941,0.03872337
517.35593118,0.04281512
517.58097631,0.04113429
517.80603479,0.04327211
518.03110663,0.04476293
518.25619181,0.04644336
518.48129034,0.04582991
518.70640222,0.04749057
518.93152743,0.04817189
519.15666598,0.05231204
519.38181787,0.05241094
519.60698310,0.05151508
519.83216165,0.05871217
520.05735353,0.05592185
520.28255873,0.05938129
520.50777726,0.06516284
520.73300910,0.06304931
520.95825426,0.06596539
521.18351273,0.06820289
521.40878452,0.06917322
521.63406961,0.06963422
521.85936801,0.06950868
522.08467971,0.06908643
522.31000471,0.06901214
522.53534300,0.07239286
522.76069459,0.06750186
522.98605947,0.06996397
523.21143764,0.06643967
523.43682910,0.06823745
523.66223383,0.06787114
523.88765185,0.06923814
524.11308315,0.06870333
524.33852772,0.06721735
524.56398556,0.07197866
524.78945667,0.07101870
525.01494104,0.07044564
525.24043868,0.07044273
525.46594959,0.06638061
525.69147374,0.06529909
525.91701116,0.06819490
526.14256182,0.07627543
526.36812574,0.07243821
526.59370290,0.07368715
526.81929331,0.08060665
527.04489696,0.08118244
527.27051384,0.08239462
527.49614396,0.08320425
527.72178732,0.08501771
527.94744390,0.09387280
528.17311372,0.09336898
528.39879675,0.09796993
528.62449301,0.10280061
528.85020249,0.10040334
529.07592518,0.10441563
529.30166109,0.11212967
529.52741021,0.11279437
529.75317254,0.11181487
529.97894807,0.11286176
530.20473680,0.10874050
530.43053874,0.10821408
530.65635387,0.11185584
530.88218219,0.10940252
531.10802371,0.11451438
531.33387841,0.11574768
531.55974630,0.11534644
531.78562738,0.11814504
532.01152163,0.12277812
532.23742906,0.11788460
532.46334967,0.11908919
532.68928344,0.11832159
532.91523039,0.11600839
533.14119051,0.11141363
533.36716378,0.11240833
533.59315022,0.11120260
533.81914982,0.11075117
534.04516257,0.10445086
534.27118847,0.10337426
534.49722752,0.10467758
534.72327973,0.10697622
534.94934507,0.10303405
535.17542356,0.09590474
535.40151518,0.09538761
535.62761994,0.09463299
535.85373784,0.09654690
536.07986886,0.09725690
536.30601301,0.09611888
536.53217029,0.09241819
536.75834069,0.09666463
536.98452420,0.09338769
537.21072084,0.09552090
537.43693059,0.09356290
537.66315345,0.09167626
537.88938941,0.09527774
538.11563848,0.09838779
538.34190066,0.09312212
538.56817593,0.09235367
538.79446431,0.09736761
539.02076577,0.09328434
539.24708033,0.09188349
539.47340798,0.09299439
539.69974871,0.09480832
539.92610252,0.09767794
540.15246942,0.10254639
540.37884939,0.10166591
540.60524244,0.10169074
540.83164856,0.10316882
541.05806775,0.10333445
541.28450001,0.10382635
541.51094533,0.10312996
541.73740371,0.09879964
541.96387515,0.10054366
542.19035965,0.10323339
542.41685719,0.10006786
542.64336779,0.09926622
542.86989144,0.09756629
543.09642813,0.10799442
543.32297786,0.10441006
543.54954063,0.10574681
543.77611643,0.10151827
544.00270527,0.11230724
544.22930714,0.11639037
544.45592204,0.11810650
544.68254996,0.12024847
544.90919091,0.12748919
545.13584487,0.12053063
545.36251185,0.12961192
545.58919184,0.12965341
545.81588485,0.12922542
546.04259086,0.12778206
546.26930988,0.12806189
546.49604191,0.13068465
546.72278693,0.13146675
546.94954495,0.13147178
547.17631596,0.13525669
547.40309997,0.13806104
547.62989696,0.14246255
547.85670694,0.14771357
548.08352991,0.14693670
548.31036585,0.15450420
548.53721477,0.15647553
548.76407667,0.15684080
548.99095154,0.15638552
549.21783938,0.15877522
549.44474018,0.15805296
549.67165395,0.15655474
549.89858069,0.16002915
550.12552038,0.16384180
550.35247302,0.16291964
550.57943862,0.16313745
550.80641717,0.16191704
551.03340866,0.16871759
551.26041310,0.15961866
551.48743048,0.16259814
551.71446081,0.16423539
551.94150406,0.16829145
552.16856025,0.17011457
552.39562937,0.17534023
552.62271142,0.17690598
552.84980640,0.17997749
553.07691429,0.18465163
553.30403511,0.18534100
553.53116884,0.18917961
553.75831549,0.19748328
553.98547505,0.20422548
554.21264752,0.20283313
554.43983289,0.20991693
554.66703116,0.21222724
554.89424234,0.21513847
555.12146641,0.21588087
555.34870338,0.21859085
555.57595324,0.22523977
555.80321599,0.23833722
556.03049162,0.23573885
556.25778014,0.23412625
556.48508154,0.23920995
556.71239582,0.24265632
556.93972297,0.25098538
557.16706300,0.26426908
557.39441589,0.26642650
557.62178165,0.27412301
557.84916028,0.28257688
558.07655177,0.29193224
558.30395611,0.30186645
558.53137331,0.31104103
558.75880337,0.32285036
558.98624627,0.32861932
559.21370202,0.32272938
559.44117062,0.33102902
559.66865206,0.33712743
559.89614634,0.33406298
560.12365345,0.34634054
560.35117340,0.35876728
560.57870618,0.35917385
560.80625179,0.37899447
561.03381022,0.39289317
561.26138148,0.39911208
561.48896555,0.39794146
561.71656244,0.40728543
561.94417215,0.40749998
562.17179467,0.40373496
562.39942999,0.42421477
562.62707812,0.42644037
562.85473906,0.43749365
563.08241279,0.44031409
563.31009933,0.43365439
563.53779866,0.43669647
563.76551078,0.44254435
563.99323568,0.43630237
564.22097338,0.43467464
564.44872386,0.42812741
564.67648712,0.43010016
564.90426316,0.43691023
565.13205197,0.45023087
565.35985356,0.46247289
565.58766792,0.43981319
565.81549504,0.45584460
566.04333493,0.45810394
566.27118758,0.45171419
566.49905298,0.44977075
566.72693115,0.44367827
566.95482207,0.43344471
567.18272573,0.43108232
567.41064215,0.43222727
567.63857131,0.42640551
567.86651321,0.43401316
568.09446785,0.43327962
568.32243523,0.42753524
568.55041534,0.41322519
568.77840819,0.40752343
569.00641376,0.40257332
569.23443206,0.39491544
569.46246308,0.38303981
569.69050682,0.36133054
569.91856327,0.36494043
570.14663244,0.34811176
570.37471433,0.33766200
570.60280892,0.31427045
570.83091622,0.31967467
571.05903622,0.31817449
571.28716892,0.30711470
571.51531432,0.31090720
571.74347241,0.30677161
571.97164320,0.30006905
572.19982667,0.29806590
572.42802284,0.29263207
572.65623168,0.28652586
572.88445321,0.27146521
573.11268742,0.27374831
573.34093430,0.27328758
573.56919385,0.27220304
573.79746608,0.27750209
574.02575097,0.26829231
574.25404853,0.27160187
574.48235874,0.27846556
574.71068162,0.28385737
574.93901715,0.28591484
575.16736534,0.28591428
575.39572618,0.29628168
575.62409966,0.29785751
575.85248579,0.28862426
576.08088456,0.27988145
576.30929597,0.28157057
576.53772002,0.27868087
576.76615671,0.27995147
576.99460602,0.27419572
577.22306796,0.27139138
577.45154253,0.25886966
577.68002972,0.24533853
577.90852953,0.24294097
578.13704196,0.23778912
578.36556700,0.23304604
578.59410465,0.23736984
578.82265492,0.22989894
579.05121779,0.21464290
579.27979326,0.21311322
579.50838133,0.21215378
579.73698201,0.21159239
579.96559527,0.21316798
580.19422113,0.21378904
580.42285958,0.21663758
580.65151062,0.22051761
580.88017424,0.22516091
581.10885044,0.22643382
581.33753922,0.22686255
581.56624057,0.22857300
581.79495450,0.23410337
582.02368100,0.23119479
582.25242007,0.22865865
582.48117170,0.22312290
582.70993589,0.22286355
582.93871264,0.22802121
583.16750195,0.22986994
583.39630381,0.22462148
583.62511822,0.22620950
583.85394518,0.22628663
584.08278469,0.22505197
584.31163674,0.22119739
584.54050133,0.21837108
584.76937845,0.22105949
584.99826811,0.21074890
585.22717030,0.20757630
585.45608502,0.20396604
585.68501226,0.19693753
585.91395203,0.19396165
586.14290432,0.18348181
586.37186912,0.17865967
586.60084644,0.17773830
586.82983628,0.16476248
587.05883862,0.16829607
587.28785347,0.16665797
587.51688082,0.16262289
587.74592067,0.16488564
587.97497302,0.17043831
588.20403787,0.16875185
588.43311520,0.17169038
588.66220503,0.16980099
588.89130735,0.17920782
589.12042215,0.17940551
589.34954943,0.17530231
589.57868919,0.18640024
589.80784142,0.18753425
590.03700613,0.19845918
590.26618331,0.20138190
590.49537296,0.20304788
590.72457507,0.20836834
590.95378964,0.21296732
591.18301667,0.20941877
591.41225616,0.21525744
591.64150811,0.21281171
591.87077250,0.21962637
592.10004934,0.21836069
592.32933863,0.21645371
592.55864036,0.22084510
592.78795453,0.22760438
593.01728114,0.23233964
593.24662018,0.23689547
593.47597165,0.24942754
593.70533555,0.25939383
593.93471188,0.25796065
594.16410063,0.26626185
594.39350180,0.26776173
594.62291539,0.27010540
594.85234140,0.27362042
595.08177981,0.26683025
595.31123064,0.26870944
595.54069387,0.26939295
595.77016951,0.28030780
595.99965755,0.28459420
596.22915798,0.28552797
596.45867081,0.28342826
596.68819604,0.27861448
596.91773365,0.27049337
597.14728365,0.26076935
597.37684603,0.25078543
597.60642080,0.24960977
597.83600795,0.24151226
598.06560747,0.23193645
598.29521936,0.24026290
598.52484363,0.23040690
598.75448026,0.21600234
598.98412926,0.20961580
599.21379062,0.20665716
599.44346434,0.20778948
599.67315042,0.21471586
599.90284885,0.21847838
600.13255963,0.20551496
600.36228276,0.20586126
600.59201824,0.20336056
600.82176606,0.19851501
601.05152622,0.19280969
601.28129871,0.19362220
601.51108354,0.19861201
601.74088070,0.20089719
601.97069019,0.20222077
602.20051201,0.20512157
602.43034615,0.20066205
602.66019261,0.18926549
602.89005139,0.18838211
603.11992249,0.18525330
603.34980589,0.18684251
603.57970161,0.18434162
603.80960963,0.18471431
604.03952996,0.18762940
604.26946259,0.18476685
604.49940751,0.18275072
604.72936474,0.18340799
604.95933425,0.18642185
605.18931606,0.18859518
605.41931015,0.18912190
605.64931653,0.18872433
605.87933519,0.18836931
606.10936612,0.19169067
606.33940934,0.20088549
606.56946483,0.19780916
606.79953259,0.20785691
607.02961261,0.21079365
607.25970490,0.20846543
607.48980946,0.20316051
607.71992627,0.20353615
607.95005534,0.20646776
608.18019667,0.21146780
608.41035024,0.21891557
608.64051607,0.21474250
608.87069414,0.21361162
609.10088445,0.21375369
609.33108700,0.20958271
609.56130179,0.20885523
609.79152882,0.19379830
610.02176808,0.18936516
610.25201956,0.18214420
610.48228328,0.17293999
610.71255921,0.17162215
610.94284737,0.16818002
611.17314775,0.16466975
611.40346034,0.16575999
611.63378514,0.17027551
611.86412215,0.16521990
612.09447137,0.16817989
612.32483280,0.15930323
612.55520642,0.16244233
612.78559225,0.17040400
613.01599027,0.17792426
613.24640048,0.17438767
613.47682288,0.17443094
613.70725747,0.17533581
613.93770425,0.18289636
614.16816321,0.18354946
614.39863434,0.18333086
614.62911766,0.18092771
614.85961314,0.18010688
615.09012080,0.17452581
615.32064063,0.17995578
615.55117262,0.17887833
615.78171677,0.18784178
616.01227308,0.19455171
616.24284156,0.20431935
616.47342218,0.20941001
616.70401496,0.21690567
616.93461988,0.22535228
617.16523695,0.23123969
617.39586617,0.24173929
617.62650752,0.24645909
617.85716101,0.25409985
618.08782664,0.25645063
618.31850440,0.26073490
618.54919429,0.26298313
618.77989630,0.26846406
619.01061044,0.27253917
619.24133670,0.26737245
619.47207508,0.26755257
619.70282557,0.27400657
619.93358818,0.28861323
620.16436289,0.29165115
620.39514972,0.29918280
620.62594864,0.30721497
620.85675967,0.30187574
621.08758280,0.30966584
621.31841802,0.31623087
621.54926534,0.31643003
621.78012475,0.32733769
622.01099624,0.33447934
622.24187982,0.35012822
622.47277549,0.35396056
622.70368323,0.35774884
622.93460305,0.36429699
623.16553494,0.35664634
623.39647890,0.35918503
623.62743493,0.35506010
623.85840303,0.34687295
624.08938319,0.34767098
624.32037541,0.32856338
624.55137968,0.30817378
624.78239602,0.30476683
625.01342440,0.30021158
625.24446483,0.29552714
625.47551731,0.28465149
625.70658183,0.27532083
625.93765839,0.26244332
626.16874699,0.25605782
626.39984763,0.25094589
626.63096029,0.24333382
626.86208499,0.23728928
627.09322171,0.23106619
627.32437046,0.22351709
627.55553123,0.20837297
627.78670401,0.20203273
628.01788882,0.20360786
628.24908563,0.19735370
628.48029446,0.18989323
628.71151529,0.18813647
628.94274813,0.18534859
629.17399296,0.17936166
629.40524980,0.18049137
629.63651863,0.17914698
629.86779946,0.17983894
630.09909228,0.17041186
630.33039709,0.16198152
630.56171388,0.16383407
630.79304265,0.17476917
631.02438340,0.17496183
631.25573613,0.18222872
631.48710084,0.18411249
631.71847751,0.18496244
631.94986615,0.17518529
632.18126676,0.17204352
632.41267933,0.17264097
632.64410387,0.17681062
632.87554035,0.17164996
633.10698880,0.17535153
633.33844919,0.17636238
633.56992154,0.17568889
633.80140583,0.18169361
634.03290207,0.17873071
634.26441024,0.17690551
634.49593035,0.16997039
634.72746240,0.17393562
634.95900638,0.16652603
635.19056229,0.15948052
635.42213013,0.16726531
635.65370989,0.17385300
635.88530158,0.17757516
636.11690518,0.17345508
636.34852069,0.18241434
636.58014812,0.18743308
636.81178746,0.18415129
637.04343871,0.18818093
637.27510187,0.19903312
637.50677692,0.20097174
637.73846387,0.20035048
637.97016272,0.20230398
638.20187347,0.20510466
638.43359610,0.20953588
638.66533062,0.21394637
638.89707703,0.21406540
639.12883532,0.22840549
639.36060549,0.22841374
639.59238754,0.22549234
639.82418146,0.23562309
640.05598725,0.23970604
640.28780491,0.24577042
640.51963444,0.25150533
640.75147583,0.24755728
640.98332908,0.25275836
641.21519419,0.26342554
641.44707115,0.27522721
641.67895997,0.28798484
641.91086063,0.29619251
642.14277314,0.30720552
642.37469750,0.32433854
642.60663369,0.33708006
642.83858172,0.34236903
643.07054159,0.34594808
643.30251329,0.33906397
643.53449683,0.35581083
643.76649218,0.35520954
643.99849937,0.35538653
644.23051837,0.36768352
644.46254919,0.36836316
644.69459183,0.37469302
644.92664628,0.37737794
645.15871254,0.38213296
645.39079061,0.36430450
645.62288049,0.35398350
645.85498217,0.34969250
646.08709564,0.34496386
646.31922091,0.34598640
646.55135798,0.32905901
646.78350684,0.32448167
647.01566748,0.32205579
647.24783991,0.33765950
647.48002413,0.34015225
647.71222012,0.33241063
647.94442789,0.32833250
648.17664744,0.34293050
648.40887875,0.35559855
648.64112184,0.34598467
648.87337669,0.34936005
649.10564331,0.34004188
649.33792168,0.34893675
649.57021181,0.35368760
649.80251370,0.35238186
650.03482734,0.35772356
650.26715273,0.35791645
650.49948987,0.36238132
650.73183875,0.35593038
650.96419937,0.36008235
651.19657173,0.36222875
651.42895582,0.34608809
651.66135165,0.33389568
651.89375921,0.31409143
652.12617849,0.31056899
652.35860950,0.30596792
652.59105224,0.30766938
652.82350669,0.29865300
653.05597285,0.30005974
653.28845073,0.29619583
653.52094032,0.29963556
653.75344162,0.31142966
653.98595462,0.32802847
654.21847933,0.32094222
654.45101573,0.32927107
654.68356383,0.35455903
654.91612363,0.36357991
655.14869511,0.37029122
655.38127829,0.40116625
655.61387315,0.41866462
655.84647969,0.43610920
656.07909792,0.45122768
656.31172782,0.47308184
656.54436939,0.48214641
656.77702264,0.46719398
657.00968756,0.47312089
657.24236414,0.48024260
657.47505238,0.44965556
657.70775229,0.43588777
657.94046385,0.42403152
658.17318707,0.43566411
658.40592195,0.41844039
658.63866847,0.39188451
658.87142663,0.38239359
659.10419645,0.37537751
659.33697790,0.37325132
659.56977099,0.36708025
659.80257572,0.36864239
660.03539208,0.36663519
660.26822007,0.37597195
660.50105969,0.36401808
660.73391093,0.36260170
660.96677380,0.37500547
661.19964828,0.36596892
661.43253438,0.37419312
661.66543209,0.39252972
661.89834142,0.39076639
662.13126235,0.38285754
662.36419489,0.40347856
662.59713903,0.41442523
662.83009477,0.41435441
663.06306210,0.45580511
663.29604103,0.47592207
663.52903155,0.48418470
663.76203367,0.50902345
663.99504736,0.52513318
664.22807264,0.53447911
664.46110950,0.56074222
664.69415794,0.56263517
664.92721795,0.56343930
665.16028953,0.57177504
665.39337269,0.56220337
665.62646740,0.57379153
665.85957369,0.57352351
666.09269153,0.58243968
666.32582093,0.55897312
666.55896189,0.58141080
666.79211440,0.57649773
667.02527846,0.57034242
667.25845406,0.59261034
667.49164121,0.58515043
667.72483991,0.57186264
667.95805014,0.55709496
668.19127190,0.55013472
668.42450520,0.53519948
668.65775003,0.54455794
668.89100639,0.52986188
669.12427427,0.53950347
669.35755368,0.54112309
669.59084460,0.55034021
669.82414704,0.55506516
670.05746099,0.54147478
670.29078646,0.55208799
670.52412343,0.53238666
670.75747191,0.53081730
670.99083189,0.53384555
671.22420337,0.53387726
671.45758635,0.54307511
671.69098082,0.54663943
671.92438678,0.55314007
672.15780424,0.57491047
672.39123317,0.56473087
672.62467360,0.57465123
672.85812550,0.56108932
673.09158888,0.55140894
673.32506373,0.53884623
673.55855006,0.52672709
673.79204785,0.53439161
674.02555712,0.53027863
674.25907784,0.52131197
674.49261003,0.51489772
674.72615367,0.50780665
674.95970878,0.50186978
675.19327533,0.50380362
675.42685333,0.49786724
675.66044278,0.47104752
675.89404368,0.46671586
676.12765601,0.45879725
676.36127979,0.45419228
676.59491500,0.44379294
676.82856165,0.44131874
677.06221972,0.44157253
677.29588922,0.44982568
677.52957015,0.46035147
677.76326250,0.44722293
677.99696627,0.44416450
678.23068146,0.44715885
678.46440806,0.44065504
678.69814607,0.45510296
678.93189549,0.44849264
679.16565631,0.43435961
679.39942854,0.44505771
679.63321217,0.45587999
679.86700720,0.46030326
680.10081361,0.47221521
680.33463143,0.46731106
680.56846063,0.47620573
680.80230121,0.46519334
681.03615318,0.46502569
681.27001653,0.46423124
681.50389126,0.48768925
681.73777736,0.47095308
681.97167484,0.46895742
682.20558368,0.43948498
682.43950390,0.44265959
682.67343547,0.43761449
682.90737841,0.45374298
683.14133270,0.44045152
683.37529836,0.44482930
683.60927536,0.44390780
683.84326371,0.45504993
684.07726341,0.44191803
684.31127446,0.44204734
684.54529685,0.43556583
684.77933057,0.44320022
685.01337564,0.43965400
685.24743203,0.43019526
685.48149976,0.41613035
685.71557881,0.40956472
685.94966919,0.40424021
686.18377090,0.39418471
686.41788392,0.38827224
686.65200826,0.38860215
686.88614391,0.36102579
687.12029088,0.36039129
687.35444915,0.35500237
687.58861873,0.34468540
687.82279961,0.33851876
688.05699179,0.34058969
688.29119527,0.31853724
688.52541004,0.31662790
688.75963611,0.30934929
688.99387346,0.30952118
689.22812210,0.30190200
689.46238203,0.30499205
689.69665323,0.30937556
689.93093571,0.30913267
690.16522947,0.30153534
690.39953450,0.29334753
690.63385080,0.27349932
690.86817837,0.26160705
691.10251720,0.25731335
691.33686730,0.25376011
691.57122865,0.24293778
691.80560125,0.24250707
692.03998511,0.23821191
692.27438023,0.23566010
692.50878658,0.23557437
692.74320419,0.23311853
692.97763303,0.23038871
693.21207312,0.22022750
693.44652444,0.21627334
693.68098699,0.21333365
693.91546077,0.20529483
694.14994579,0.20346816
694.38444203,0.20514400
694.61894949,0.20882960
694.85346817,0.20447750
695.08799806,0.20994945
695.32253918,0.21251571
695.55709150,0.21718218
695.79165503,0.21647144
696.02622977,0.21989209
696.26081571,0.22170303
696.49541285,0.22496701
696.73002119,0.22505598
696.96464072,0.22750874
697.19927145,0.22782996
697.43391336,0.23137539
697.66856647,0.25431029
697.90323075,0.26000911
698.13790622,0.26389562
698.37259286,0.25319258
698.60729068,0.26219100
698.84199967,0.26553400
699.07671984,0.26480842
699.31145117,0.25525837
699.54619366,0.25328236
699.78094731,0.25699137
700.01571213,0.25646272
700.25048810,0.25294912
700.48527522,0.25231717
700.72007349,0.24904964
700.95488292,0.25921229
701.18970348,0.26020228
701.42453519,0.26222320
701.65937804,0.26438563
701.89423202,0.26144075
702.12909714,0.26375954
702.36397339,0.26181007
702.59886077,0.26407817
702.83375927,0.26602291
703.06866889,0.26495657
703.30358964,0.26901403
703.53852150,0.27174156
703.77346448,0.27149255
704.00841857,0.27793191
704.24338376,0.28252888
704.47836007,0.28528107
704.71334748,0.29163349
704.94834598,0.29409857
705.18335559,0.30721089
705.41837629,0.31457063
705.65340808,0.33021661
705.88845096,0.34852884
706.12350493,0.34607062
706.35856998,0.35898266
706.59364612,0.37195032
706.82873333,0.36332051
707.06383161,0.37492034
707.29894097,0.39029528
707.53406141,0.39189403
707.76919290,0.40682796
708.00433546,0.41907958
708.23948909,0.43459894
708.47465377,0.46685526
708.70982951,0.48078842
708.94501630,0.51318704
709.18021414,0.53129399
709.41542303,0.55002199
709.65064297,0.57314810
709.88587395,0.58206036
710.12111597,0.58782778
710.35636902,0.58097659
710.59163311,0.58735053
710.82690823,0.60027617
711.06219437,0.59672949
711.29749155,0.59482623
711.53279974,0.59570457
711.76811896,0.57192012
712.00344920,0.57651589
712.23879044,0.59338668
712.47414270,0.59551118
712.70950597,0.61617453
712.94488025,0.62469813
713.18026553,0.63545942
713.41566181,0.62100783
713.65106908,0.65057978
713.88648736,0.63732301
714.12191662,0.64055674
714.35735688,0.63453325
714.59280812,0.62579254
714.82827034,0.61989006
715.06374355,0.64253093
715.29922774,0.65303070
715.53472290,0.65105879
715.77022903,0.64112901
716.00574614,0.63011814
716.24127421,0.61761511
716.47681324,0.63473012
716.71236324,0.61628507
716.94792420,0.61608733
717.18349611,0.61162069
717.41907898,0.59870756
717.65467280,0.59235210
717.89027757,0.56409328
718.12589328,0.53907751
718.36151993,0.52418354
718.59715752,0.49601507
718.83280605,0.49488410
719.06846552,0.47853058
719.30413591,0.46629349
719.53981724,0.43480034
719.77550949,0.42249831
720.01121266,0.39925808
720.24692676,0.39016377
720.48265177,0.38485383
720.71838769,0.38075854
720.95413453,0.38299584
721.18989228,0.37541905
721.42566093,0.36069877
721.66144049,0.35754327
721.89723095,0.36112781
722.13303231,0.36940133
722.36884456,0.36901156
722.60466770,0.35949259
722.84050173,0.35840824
723.07634666,0.35101468
723.31220246,0.34545971
723.54806915,0.34464719
723.78394671,0.33306458
724.01983515,0.34153890
724.25573447,0.34073679
724.49164465,0.35108264
724.72756571,0.35177869
724.96349762,0.35700665
725.19944040,0.33848920
725.43539404,0.33463757
725.67135854,0.33422544
725.90733388,0.32847293
726.14332008,0.33373970
726.37931713,0.33800762
726.61532503,0.34356557
726.85134376,0.33724456
727.08737334,0.33873446
727.32341375,0.33814198
727.55946500,0.33966897
727.79552708,0.34062687
728.03159998,0.33655555
728.26768372,0.35026576
728.50377827,0.35365989
728.73988365,0.36797941
728.97599985,0.37980263
729.21212686,0.38475858
729.44826468,0.37818728
729.68441331,0.37845788
729.92057275,0.36501026
730.15674299,0.36605476
730.39292403,0.36956525
730.62911587,0.36704930
730.86531851,0.36054653
731.10153194,0.36627577
731.33775616,0.35559320
731.57399117,0.34970723
731.81023696,0.34798649
732.04649353,0.35956828
732.28276088,0.35717618
732.51903901,0.36863614
732.75532791,0.36510912
732.99162758,0.37478142
733.22793802,0.37309527
733.46425923,0.37242868
733.70059119,0.35615330
733.93693392,0.36854664
734.17328740,0.37302749
734.40965164,0.38333600
734.64602662,0.38157177
734.88241236,0.38347314
735.11880884,0.37489690
735.35521607,0.36750683
735.59163403,0.37242187
735.82806273,0.36780621
736.06450217,0.36707648
736.30095234,0.37149953
736.53741323,0.37881188
736.77388486,0.37654394
737.01036720,0.36728642
737.24686027,0.35827744
737.48336406,0.35954099
737.71987856,0.36079200
737.95640377,0.36650264
738.19293969,0.37185578
738.42948632,0.37155116
738.66604365,0.36999339
738.90261169,0.36304776
739.13919042,0.35950624
739.37577985,0.35051218
739.61237997,0.35206350
739.84899078,0.36019247
740.08561228,0.35173556
740.32224446,0.35947957
740.55888732,0.36936847
740.79554087,0.36311968
741.03220509,0.36953166
741.26887998,0.36986128
741.50556555,0.38455337
741.74226178,0.37964530
741.97896868,0.37744139
742.21568624,0.37262780
742.45241446,0.36682834
742.68915333,0.35923633
742.92590286,0.36142756
743.16266304,0.34943634
743.39943387,0.35495662
743.63621535,0.34878555
743.87300747,0.35579225
744.10981023,0.36981143
744.34662363,0.35548215
744.58344766,0.35187601
744.82028232,0.35195721
745.05712761,0.35295697
745.29398353,0.34448311
745.53085007,0.34563395
745.76772724,0.35231748
746.00461502,0.34600632
746.24151341,0.34430671
746.47842242,0.32300903
746.71534204,0.33891077
746.95227227,0.34545361
747.18921310,0.34277340
747.42616453,0.32345041
747.66312656,0.31985196
747.90009918,0.31681332
748.13708240,0.30319817
748.37407621,0.29711524
748.61108061,0.29466371
748.84809559,0.29422690
749.08512115,0.29822660
749.32215730,0.29951558
749.55920401,0.30175656
749.79626131,0.28603383
750.03332917,0.28155240
750.27040760,0.27290174
750.50749660,0.26371754
750.74459616,0.25650024
750.98170628,0.24670902
751.21882695,0.24806776
751.45595818,0.24954336
751.69309997,0.24447091
751.93025230,0.24585028
752.16741517,0.25468826
752.40458859,0.27301571
752.64177256,0.28026090
752.87896705,0.28338091
753.11617209,0.29438297
753.35338765,0.30762036
753.59061374,0.31191166
753.82785037,0.32472556
754.06509751,0.32851845
754.30235518,0.34178345
754.53962336,0.34101545
754.77690206,0.34616148
755.01419127,0.34409836
755.25149099,0.34005559
755.48880122,0.34561797
755.72612195,0.33770624
755.96345319,0.32603061
756.20079492,0.32929547
756.43814715,0.32456763
756.67550987,0.31459071
756.91288309,0.31306400
757.15026679,0.30400643
757.38766097,0.28715781
757.62506564,0.29131785
757.86248079,0.29019624
758.09990641,0.27659355
758.33734251,0.27021958
758.57478908,0.26138508
758.81224612,0.25419452
759.04971362,0.25280867
759.28719159,0.26925097
759.52468001,0.26514921
759.76217889,0.26854924
759.99968823,0.26490898
760.23720802,0.26738843
760.47473826,0.26273203
760.71227894,0.27474611
760.94983007,0.27929520
761.18739164,0.27991247
761.42496364,0.29061457
761.66254608,0.31761860
761.90013895,0.32520119
762.13774226,0.34413645
762.37535598,0.34245880
762.61298014,0.35895040
762.85061471,0.37452631
763.08825970,0.38036955
763.32591511,0.39758135
763.56358093,0.40334780
763.80125716,0.38756480
764.03894380,0.39682924
764.27664084,0.38430113
764.51434829,0.39697406
764.75206613,0.37883362
764.98979437,0.36935469
765.22753300,0.35250090
765.46528203,0.33155593
765.70304144,0.31412514
765.94081124,0.29979892
766.17859142,0.27613685
766.41638197,0.25825458
766.65418291,0.24187698
766.89199422,0.22673819
767.12981590,0.20551061
767.36764795,0.18437475
767.60549036,0.17102114
767.84334314,0.16052425
768.08120628,0.15060418
768.31907977,0.13424509
768.55696362,0.11931881
768.79485782,0.11621171
769.03276238,0.10386777
769.27067727,0.10018213
769.50860251,0.09795498
769.74653809,0.09007364
769.98448401,0.08735507
770.22244027,0.09435185
770.46040685,0.09388766
770.69838377,0.09999177
770.93637101,0.10527201
771.17436858,0.10986293
771.41237647,0.12009942
771.65039468,0.12843893
771.88842320,0.14451051
772.12646204,0.15760715
772.36451118,0.17618845
772.60257064,0.19294812
772.84064039,0.20666763
773.07872045,0.23204202
773.31681081,0.25545403
773.55491147,0.28192995
773.79302242,0.29586441
774.03114366,0.30835115
774.26927519,0.32386835
774.50741700,0.35223669
774.74556910,0.36489408
774.98373147,0.38772350
775.22190413,0.39274504
775.46008705,0.39734559
775.69828025,0.40260523
775.93648372,0.41612334
776.17469745,0.41197111
776.41292145,0.41189885
776.65115570,0.41739108
776.88940022,0.42051459
777.12765499,0.41545900
777.36592001,0.42412300
777.60419528,0.40853045
777.84248079,0.40228000
778.08077655,0.40112069
778.31908256,0.40066329
778.55739879,0.39669298
778.79572527,0.39315087
779.03406198,0.38790071
779.27240891,0.38425377
779.51076608,0.37834819
779.74913346,0.35766413
779.98751107,0.33519051
780.22589890,0.32445607
780.46429695,0.31210889
780.70270520,0.29540457
780.94112367,0.27510502
781.17955235,0.27068316
781.41799123,0.25594462
781.65644031,0.24298279
781.89489959,0.24267665
782.13336907,0.24777418
782.37184874,0.25282825
782.61033861,0.23921320
782.84883866,0.24041126
783.08734890,0.24542843
783.32586931,0.23567268
783.56439991,0.23756878
783.80294069,0.24628830
784.04149164,0.23759849
784.28005276,0.22783557
784.51862406,0.22941699
784.75720551,0.21955231
784.99579713,0.22172936
785.23439891,0.21956486
785.47301085,0.21945091
785.71163295,0.20941662
785.95026519,0.20515396
786.18890759,0.20086293
786.42756013,0.19928539
786.66622282,0.19453221
786.90489564,0.19408696
787.14357861,0.18477043
787.38227171,0.18882968
787.62097494,0.18233318
787.85968831,0.17548257
788.09841180,0.16467848
788.33714541,0.17058883
788.57588915,0.15998574
788.81464301,0.15740804
789.05340698,0.15253396
789.29218106,0.15913805
789.53096526,0.15932403
789.76975956,0.16053240
790.00856397,0.16346186
790.24737848,0.16528482
790.48620309,0.16654265
790.72503780,0.16327171
790.96388260,0.16186949
791.20273749,0.16035451
791.44160247,0.16585271
791.68047754,0.16321664
791.91936269,0.16092079
792.15825792,0.16821792
792.39716323,0.16736043
792.63607861,0.17077521
792.87500406,0.17450347
793.11393958,0.17905762
793.35288517,0.19076762
793.59184082,0.19637516
793.83080653,0.19631426
794.06978230,0.19991811
794.30876813,0.19197811
794.54776401,0.20841937
794.78676993,0.21880838
795.02578591,0.22205818
795.26481193,0.22443546
795.50384798,0.23586698
795.74289408,0.23885091
795.98195022,0.23782318
796.22101638,0.24122206
796.46009258,0.25099656
796.69917880,0.24094401
796.93827505,0.23485784
797.17738132,0.23744969
797.41649761,0.23886416
797.65562392,0.23172480
797.89476024,0.23280100
798.13390657,0.22740309
798.37306290,0.23658408
798.61222925,0.23939010
798.85140559,0.24252437
799.09059194,0.25711169
799.32978828,0.25420328
799.56899462,0.25377400
799.80821094,0.25017451
800.04743726,0.24506271
800.28667356,0.24133236
800.52591985,0.23643632
800.76517611,0.23482192
801.00444236,0.23062802
801.24371857,0.22895944
801.48300476,0.22429217
801.72230092,0.23237750
801.96160705,0.23403838
802.20092314,0.22525694
802.44024919,0.22416663
802.67958519,0.22944018
802.91893116,0.22403251
803.15828707,0.22205574
803.39765294,0.22225237
803.63702875,0.21947688
803.87641450,0.21226121
804.11581020,0.21147177
804.35521584,0.20682019
804.59463141,0.20045272
804.83405692,0.20073935
805.07349235,0.20394895
805.31293772,0.19740789
805.55239300,0.19773525
805.79185821,0.18690269
806.03133334,0.17409278
806.27081839,0.16031141
806.51031335,0.16218092
806.74981822,0.15237025
806.98933300,0.15145727
807.22885768,0.14887785
807.46839227,0.14646669
807.70793675,0.13901099
807.94749114,0.14223095
808.18705542,0.13999162
808.42662959,0.13620269
808.66621364,0.12798608
808.90580759,0.12703629
809.14541141,0.11442656
809.38502512,0.11167025
809.62464871,0.10977256
809.86428217,0.10684412
810.10392550,0.11310178
810.34357870,0.11130214
810.58324177,0.10201774
810.82291470,0.10726906
811.06259749,0.10330430
811.30229015,0.09386281
811.54199265,0.09011145
811.78170501,0.10071939
812.02142722,0.09052694
812.26115928,0.09381092
812.50090118,0.08776315
812.74065292,0.09230471
812.98041450,0.09126661
813.22018592,0.08749647
813.45996717,0.08815650
813.69975825,0.08573436
813.93955916,0.08617194
814.17936989,0.08403833
814.41919045,0.08961461
814.65902083,0.08666535
814.89886102,0.09305385
815.13871102,0.09626210
815.37857084,0.09981983
815.61844047,0.09791346
815.85831990,0.10470968
816.09820913,0.10557152
816.33810817,0.11220817
816.57801700,0.12186330
816.81793562,0.12838483
817.05786404,0.13367194
817.29780225,0.14522165
817.53775024,0.15993406
817.77770801,0.16611409
818.01767557,0.17391200
818.25765290,0.18286741
818.49764001,0.19410405
818.73763689,0.20801595
818.97764354,0.22309561
819.21765996,0.23345273
819.45768614,0.24069369
819.69772209,0.25471245
819.93776779,0.25659114
820.17782324,0.26815586
820.41788845,0.27987359
820.65796341,0.28779129
820.89804812,0.27114396
821.13814257,0.26925368
821.37824677,0.25911719
821.61836070,0.25105953
821.85848437,0.25154209
822.09861777,0.25305857
822.33876090,0.24693484
822.57891376,0.24292300
822.81907635,0.24835250
823.05924866,0.24357199
823.29943069,0.24360307
823.53962243,0.24575563
823.77982389,0.25018458
824.02003506,0.25190923
824.26025594,0.23942899
824.50048652,0.24941227
824.74072681,0.23448813
824.98097680,0.22509878
825.22123648,0.22733561
825.46150586,0.21839843
825.70178493,0.20508899
825.94207369,0.19949954
826.18237214,0.20213697
826.42268027,0.19442972
826.66299808,0.18165199
826.90332557,0.18579565
827.14366273,0.18120280
827.38400957,0.16309496
827.62436608,0.16662966
827.86473225,0.17064643
828.10510809,0.16506381
828.34549359,0.16622494
828.58588874,0.16775857
828.82629356,0.15752104
829.06670802,0.15207625
829.30713214,0.16341517
829.54756590,0.16176683
829.78800931,0.15603782
830.02846236,0.15168610
830.26892505,0.15653502
830.50939738,0.15202411
830.74987934,0.13777289
830.99037093,0.12895428
831.23087215,0.12770618
831.47138299,0.12324770
831.71190346,0.12084513
831.95243355,0.11175170
832.19297325,0.10962910
832.43352257,0.10298510
832.67408150,0.10205591
832.91465003,0.09742593
833.15522818,0.10248092
833.39581592,0.10255724
833.63641327,0.09885307
833.87702022,0.10258251
834.11763676,0.10682528
834.35826289,0.10717214
834.59889861,0.11174384
834.83954392,0.11216939
835.08019881,0.11347054
835.32086328,0.11360679
835.56153733,0.10579763
835.80222095,0.10288983
836.04291415,0.10096176
836.28361692,0.09438655
836.52432926,0.09588591
836.76505116,0.10044215
837.00578262,0.10207778
837.24652364,0.09946254
837.48727421,0.09888846
837.72803434,0.09484886
837.96880402,0.10081444
838.20958325,0.10580554
838.45037202,0.10180301
838.69117033,0.10089216
838.93197819,0.10496389
839.17279558,0.09968300
839.41362250,0.10569233
839.65445896,0.11076468
839.89530494,0.11345403
840.13616045,0.11155308
840.37702548,0.10907498
840.61790003,0.10847547
840.85878410,0.10605474
841.09967768,0.09796501
841.34058078,0.10745861
841.58149338,0.11523990
841.82241549,0.11315778
842.06334710,0.11368196
842.30428821,0.11627251
842.54523883,0.12302416
842.78619893,0.12278280
843.02716853,0.12001650
843.26814762,0.12411732
843.50913619,0.13253657
843.75013425,0.13310857
843.99114179,0.13404327
844.23215881,0.13519550
844.47318530,0.13978263
844.71422127,0.13884672
844.95526670,0.13339754
845.19632161,0.14744272
845.43738597,0.15134918
845.67845980,0.14837629
845.91954309,0.14995885
846.16063584,0.16421988
846.40173803,0.16536310
846.64284968,0.16373179
846.88397078,0.16844550
847.12510132,0.18034489
847.36624130,0.18878169
847.60739073,0.19456034
847.84854959,0.20063968
848.08971788,0.20899865
848.33089561,0.21112438
848.57208276,0.22453553
848.81327934,0.21465497
849.05448534,0.22344789
849.29570076,0.22683617
849.53692560,0.22370710
849.77815986,0.21254124
850.01940353,0.21775035
850.26065660,0.22116520
850.50191908,0.22524416
850.74319097,0.22230804
850.98447225,0.22525497
851.22576294,0.21922198
851.46706301,0.21757541
851.70837248,0.20756817
851.94969135,0.19204539
852.19101959,0.18412825
852.43235722,0.17832321
852.67370424,0.17044182
852.91506063,0.17035047
853.15642640,0.16319760
853.39780154,0.15700610
853.63918605,0.14531923
853.88057992,0.13670634
854.12198317,0.12259950
854.36339577,0.11976598
854.60481773,0.11973496
854.84624905,0.12225684
855.08768973,0.11708445
855.32913975,0.11081552
855.57059912,0.10639955
855.81206784,0.10339790
856.05354590,0.10343327
856.29503330,0.09004402
856.53653004,0.08352202
856.77803611,0.08546584
857.01955151,0.08911825
857.26107624,0.08979016
857.50261030,0.07787736
857.74415367,0.07862977
857.98570637,0.07905023
858.22726839,0.07714113
858.46883972,0.07693964
858.71042037,0.07643301
858.95201032,0.07550015
859.19360958,0.08026626
859.43521814,0.07599826
859.67683601,0.07873891
859.91846317,0.08252913
860.16009963,0.07540425
860.40174538,0.07296738
860.64340042,0.07636132
860.88506474,0.07375356
861.12673835,0.07277009
861.36842125,0.07117845
861.61011342,0.06762740
861.85181487,0.07073270
862.09352559,0.06449705
862.33524558,0.05958570
862.57697484,0.06732197
862.81871336,0.05978479
863.06046114,0.05658923
863.30221819,0.05494401
863.54398449,0.05134705
863.78576004,0.05394333
864.02754485,0.05602982
864.26933890,0.04865332
864.51114220,0.05195241
864.75295474,0.04863657
864.99477653,0.04411717
865.23660755,0.04186297
865.47844780,0.04569936
865.72029728,0.04708318
865.96215600,0.05073840
866.20402394,0.04764382
866.44590110,0.05156747
866.68778748,0.05513306
866.92968308,0.05750403
867.17158790,0.05451348
867.41350193,0.06064579
867.65542516,0.05883263
867.89735761,0.06038987
868.13929926,0.05832888
868.38125011,0.06346735
868.62321015,0.05890531
868.86517940,0.06352235
869.10715783,0.06769450
869.34914546,0.07387322
869.59114227,0.06913865
869.83314827,0.07060242
870.07516344,0.06911491
870.31718780,0.07356383
870.55922133,0.07030450
870.80126404,0.07202360
871.04331592,0.06882845
871.28537696,0.06844207
871.52744717,0.06969880
871.76952655,0.06892958
872.01161508,0.07341695
872.25371277,0.07156335
872.49581961,0.06799619
872.73793560,0.06634569
872.98006075,0.06417507
873.22219503,0.06180795
873.46433846,0.06544334
873.70649103,0.06148769
873.94865274,0.06169691
874.19082358,0.05836303
874.43300356,0.05349771
874.67519266,0.05744011
874.91739089,0.05763458
875.15959824,0.05734339
875.40181471,0.05661075
875.64404031,0.05620758
875.88627501,0.05893325
876.12851883,0.05970808
876.37077176,0.05844745
876.61303379,0.06583500
876.85530493,0.06434637
877.09758517,0.07052636
877.33987451,0.07733443
877.58217294,0.07995790
877.82448047,0.08263711
878.06679709,0.09007033
878.30912279,0.09613426
878.55145758,0.10590416
878.79380145,0.10608173
879.03615440,0.10966336
879.27851643,0.10781836
879.52088753,0.11496231
879.76326770,0.12056765
880.00565694,0.11622037
880.24805524,0.11975311
880.49046260,0.12149083
880.73287903,0.12978000
880.97530451,0.12464166
881.21773905,0.12428238
881.46018264,0.12976875
881.70263527,0.12376584
881.94509695,0.12252910
882.18756768,0.13030050
882.43004744,0.12940103
882.67253625,0.12930160
882.91503409,0.13307407
883.15754095,0.13539393
883.40005685,0.13527775
883.64258178,0.14634608
883.88511573,0.15280320
884.12765869,0.15518008
884.37021068,0.15175752
884.61277168,0.16084695
884.85534170,0.16653911
885.09792072,0.16487273
885.34050876,0.15707362
885.58310579,0.16003938
885.82571183,0.16267060
886.06832686,0.16477530
886.31095090,0.16312338
886.55358392,0.16904474
886.79622594,0.17717056
887.03887694,0.18266664
887.28153693,0.17716351
887.52420589,0.17925055
887.76688384,0.17777008
888.00957077,0.18127242
888.25226667,0.18634620
888.49497154,0.18760508
888.73768537,0.18109800
888.98040818,0.18873415
889.22313994,0.19199316
889.46588067,0.20105809
889.70863035,0.19912907
889.95138899,0.20126979
890.19415657,0.19350982
890.43693311,0.20231228
890.67971859,0.19643744
890.92251302,0.19350093
891.16531639,0.19190878
891.40812869,0.19685073
891.65094993,0.19704938
891.89378010,0.20083246
892.13661920,0.20422927
892.37946723,0.20772096
892.62232418,0.20668693
892.86519005,0.20567655
893.10806484,0.21705144
893.35094854,0.22244824
893.59384116,0.22686204
893.83674269,0.23269576
894.07965312,0.22002966
894.32257246,0.21043040
894.56550070,0.20185148
894.80843784,0.20174924
895.05138388,0.19833103
895.29433881,0.19597756
895.53730263,0.19385895
895.78027533,0.18849172
896.02325692,0.19081023
896.26624740,0.21001460
896.50924675,0.21591284
896.75225498,0.20757779
896.99527208,0.19261796
897.23829806,0.19755994
897.48133290,0.19829051
897.72437661,0.21087674
897.96742918,0.20833639
898.21049061,0.19927840
898.45356090,0.18480950
898.69664005,0.18233390
898.93972804,0.17672799
899.18282488,0.18328837
899.42593057,0.17135894
899.66904511,0.16352050
899.91216848,0.14070699
900.15530069,0.14569984
900.39844174,0.14086223
900.64159162,0.14528700
900.88475033,0.13498092
901.12791786,0.12676812
901.37109422,0.12520443
901.61427940,0.12784290
901.85747340,0.12711916
902.10067621,0.12973562
902.34388784,0.11437299
902.58710827,0.11561156
902.83033752,0.11650539
903.07357557,0.11728338
903.31682242,0.12538422
903.56007807,0.12798630
903.80334251,0.12482040
904.04661575,0.12470379
904.28989778,0.11662793
904.53318860,0.11458145
904.77648820,0.11236122
905.01979659,0.11577284
905.26311375,0.11284769
905.50643969,0.11068791
905.74977441,0.10384359
905.99311789,0.10504208
906.23647015,0.10817586
906.47983117,0.11706645
906.72320095,0.11029289
906.96657950,0.11104766
907.20996680,0.10184342
907.45336285,0.09115281
907.69676766,0.09156801
907.94018122,0.09836400
908.18360352,0.10418650
908.42703457,0.09932036
908.67047435,0.09990062
908.91392288,0.10570651
909.15738014,0.11239159
909.40084613,0.11628705
909.64432085,0.11038973
909.88780430,0.10978168
910.13129648,0.09799188
910.37479737,0.10562779
910.61830699,0.10132400
910.86182531,0.10612315
911.10535236,0.10749500
911.34888811,0.10909654
911.59243257,0.11586153
911.83598573,0.11508157
912.07954760,0.11258856
912.32311816,0.11439463
912.56669743,0.10698099
912.81028538,0.11200278
913.05388203,0.11197739
913.29748736,0.12042557
913.54110138,0.12020829
913.78472408,0.12533374
914.02835547,0.12483046
914.27199552,0.12124816
914.51564426,0.11398132
914.75930166,0.12076410
915.00296774,0.11701582
915.24664247,0.11459363
915.49032588,0.12018549
915.73401794,0.11366377
915.97771866,0.11623082
916.22142803,0.11752955
916.46514606,0.11854754
916.70887274,0.11283178
916.95260806,0.11075803
917.19635202,0.10718942
917.44010463,0.10420279
917.68386588,0.10116673
917.92763576,0.10081076
918.17141427,0.09476720
918.41520141,0.08891256
918.65899718,0.09394351
918.90280158,0.08585641
919.14661459,0.07840864
919.39043623,0.07603982
919.63426648,0.08058978
919.87810534,0.07162835
920.12195281,0.07162161
920.36580890,0.06648186
920.60967358,0.06657669
920.85354687,0.06058774
921.09742876,0.06008517
921.34131924,0.05863802
921.58521832,0.05436032
921.82912599,0.05312451
922.07304225,0.05162640
922.31696709,0.04992627
922.56090052,0.04806339
922.80484252,0.04285265
923.04879310,0.04396752
923.29275226,0.04115508
923.53671999,0.04494294
923.78069629,0.05008252
924.02468115,0.04396605
924.26867458,0.04521633
924.51267656,0.04684826
924.75668711,0.04895241
925.00070621,0.05551750
925.24473386,0.05604350
925.48877006,0.05884885
925.73281481,0.05952945
925.97686810,0.06732652
926.22092994,0.06863175
926.46500031,0.07687714
926.70907921,0.08279453
926.95316665,0.08491336
927.19726262,0.08604314
927.44136712,0.09116932
927.68548014,0.08843174
927.92960168,0.09404965
928.17373175,0.09245121
928.41787032,0.09935296
928.66201741,0.09389381
928.90617302,0.09690038
929.15033713,0.09671755
929.39450974,0.09610015
929.63869086,0.08821014
929.88288047,0.08439398
930.12707859,0.08385359
930.37128520,0.08297089
930.61550029,0.08682229
930.85972388,0.08485892
931.10395595,0.08270001
931.34819651,0.08600869
931.59244554,0.08399073
931.83670306,0.08341559
932.08096904,0.08197929
932.32524350,0.08338323
932.56952643,0.08002828
932.81381782,0.07881829
933.05811768,0.07063426
933.30242600,0.06181851
933.54674278,0.06006273
933.79106801,0.05037898
934.03540169,0.05196201
934.27974382,0.05615074
934.52409440,0.04943669
934.76845343,0.05208045
935.01282089,0.05089241
935.25719680,0.05360862
935.50158114,0.05203849
935.74597391,0.05137319
935.99037511,0.04824564
936.23478474,0.05008436
936.47920279,0.03728268
936.72362927,0.03806767
936.96806417,0.03719733
937.21250748,0.03465064
937.45695920,0.03637185
937.70141934,0.03850449
937.94588788,0.04080751
938.19036483,0.04270839
938.43485019,0.03672024
938.67934394,0.03751754
938.92384608,0.03433789
939.16835663,0.03235420
939.41287556,0.03095216
939.65740288,0.03092169
939.90193859,0.03266895
940.14648268,0.03193645
940.39103515,0.02937732
940.63559600,0.03183802
940.88016523,0.02758576
941.12474282,0.02553153
941.36932879,0.02629523
941.61392312,0.02423625
941.85852581,0.02023448
942.10313687,0.02081179
942.34775628,0.02056646
942.59238405,0.02086812
942.83702017,0.01856755
943.08166464,0.01551612
943.32631746,0.01768607
943.57097862,0.01367714
943.81564813,0.01507758
944.06032597,0.01318890
944.30501215,0.01470274
944.54970666,0.00984206
944.79440950,0.01559471
945.03912067,0.01533227
945.28384016,0.01138776
945.52856798,0.01145231
945.77330412,0.01262413
946.01804857,0.01472167
946.26280133,0.01535539
946.50756241,0.01161395
946.75233179,0.01531428
946.99710948,0.01444563
947.24189548,0.01975736
947.48668977,0.01593007
947.73149236,0.01896253
947.97630324,0.01869564
948.22112242,0.02369603
948.46594988,0.02215893
948.71078563,0.02304804
948.95562966,0.02577612
949.20048198,0.03202990
949.44534257,0.02565398
949.69021144,0.02896674
949.93508857,0.02992666
950.17997398,0.02895722
950.42486766,0.02896922
950.66976959,0.03410755
950.91467979,0.03804822
951.15959825,0.03990751
951.40452496,0.04524509
951.64945993,0.04598469
951.89440314,0.04232980
952.13935461,0.04601838
952.38431431,0.04635694
952.62928226,0.04925092
952.87425845,0.04609124
953.11924287,0.04513892
953.36423553,0.04574305
953.60923642,0.04834784
953.85424553,0.04786004
954.09926287,0.05321009
954.34428843,0.05199609
954.58932222,0.05343465
954.83436421,0.05308386
955.07941443,0.05745147
955.32447285,0.06210294
955.56953948,0.06722090
955.81461432,0.06706785
956.05969736,0.07092980
956.30478860,0.07036200
956.54988803,0.06453056
956.79499567,0.06614917
957.04011149,0.06772075
957.28523550,0.06783704
957.53036770,0.06709197
957.77550808,0.06921085
958.02065664,0.07270894
958.26581338,0.07150919
958.51097830,0.07787820
958.75615139,0.08194383
959.00133264,0.07982065
959.24652207,0.07540275
959.49171965,0.07132933
959.73692540,0.07219104
959.98213931,0.07207324
960.22736137,0.06776417
960.47259159,0.07154690
960.71782995,0.05754928
960.96307647,0.07830956
961.20833112,0.07878147
961.45359392,0.08186240
961.69886486,0.08312979
961.94414394,0.09093410
962.18943115,0.09279332
962.43472648,0.09654832
962.68002995,0.08740318
962.92534154,0.08593726
963.17066126,0.08464541
963.41598909,0.08586593
963.66132504,0.07922662
963.90666911,0.08244432
964.15202128,0.08205888
964.39738157,0.07487572
964.64274996,0.07571610
964.88812645,0.07736564
965.13351104,0.07344730
965.37890374,0.07283519
965.62430452,0.06780970
965.86971340,0.07173836
966.11513036,0.06210597
966.36055542,0.06036471
966.60598855,0.05574383
966.85142977,0.05722577
967.09687907,0.05074579
967.34233644,0.05020878
967.58780188,0.04451809
967.83327539,0.04380941
968.07875697,0.04066346
968.32424661,0.03729046
968.56974432,0.03789327
968.81525008,0.04349062
969.06076390,0.03769948
969.30628577,0.04253142
969.55181570,0.04290054
969.79735367,0.04314469
970.04289968,0.03926234
970.28845374,0.04107019
970.53401583,0.03926619
970.77958597,0.03760462
971.02516413,0.04062941
971.27075033,0.04544525
971.51634455,0.03935603
971.76194680,0.03983915
972.00755708,0.03657372
972.25317537,0.03262819
972.49880168,0.03091677
972.74443600,0.03079749
972.99007834,0.02766827
973.23572868,0.02531649
973.48138703,0.02479161
973.72705338,0.02321270
973.97272774,0.02452627
974.21841009,0.02186002
974.46410043,0.02325918
974.70979877,0.02276211
974.95550510,0.02132796
975.20121941,0.01877602
975.44694171,0.01873584
975.69267199,0.02055077
975.93841024,0.01871849
976.18415647,0.02046674
976.42991068,0.02001578
976.67567285,0.02126908
976.92144299,0.01936067
977.16722110,0.01725155
977.41300717,0.01271647
977.65880119,0.01582874
977.90460317,0.01601026
978.15041311,0.01317553
978.39623099,0.01196176
978.64205683,0.01636156
978.88789061,0.01270249
979.13373233,0.01398705
979.37958199,0.01360279
979.62543958,0.01565684
979.87130511,0.01438994
980.11717857,0.01265419
980.36305996,0.01523609
980.60894928,0.01337716
980.85484651,0.01379941
981.10075167,0.01387554
981.34666475,0.01082185
981.59258573,0.01636564
981.83851463,0.01302748
982.08445144,0.01218821
982.33039616,0.01066824
982.57634878,0.01302487
982.82230930,0.01112280
983.06827771,0.01241430
983.31425403,0.01252226
983.56023823,0.01207195
983.80623032,0.00982761
984.05223031,0.01487947
984.29823817,0.00903560
984.54425391,0.01331834
984.79027754,0.01438051
985.03630904,0.01420675
985.28234841,0.01380634
985.52839565,0.01182486
985.77445076,0.01242087
986.02051374,0.01240300
986.26658457,0.01408102
986.51266327,0.01149619
986.75874982,0.01041392
987.00484422,0.01478508
987.25094647,0.01006899
987.49705658,0.01278488
987.74317452,0.00987880
987.98930031,0.01390589
988.23543394,0.01188723
988.48157541,0.01221169
988.72772471,0.00680616
988.97388184,0.00658808
989.22004680,0.01063432
989.46621959,0.00782100
989.71240020,0.01140827
989.95858862,0.01042812
990.20478487,0.01211876
990.45098893,0.01084827
990.69720080,0.01240003
990.94342048,0.01192528
991.18964797,0.01297818
991.43588326,0.01315279
991.68212635,0.01549522
991.92837724,0.01491607
992.17463593,0.01283573
992.42090240,0.01329981
992.66717667,0.01463374
992.91345872,0.01745404
993.15974856,0.01656076
993.40604618,0.01402049
993.65235158,0.01449635
993.89866475,0.01462213
994.14498570,0.01188113
994.39131441,0.01634847
994.63765090,0.01338073
994.88399515,0.01605253
995.13034716,0.01164414
995.37670693,0.01535885
995.62307445,0.01406209
995.86944973,0.01760993
996.11583276,0.01493185
996.36222354,0.01221306
996.60862206,0.01349194
996.85502833,0.01115573
997.10144233,0.01078632
997.34786408,0.01422793
997.59429355,0.00953456
997.84073076,0.01144669
998.08717570,0.01295182
998.33362836,0.01173298
998.58008875,0.01231870
998.82655685,0.01111920
999.07303267,0.00506234
999.31951621,0.01012420
999.56600746,0.01201282
999.81250642,0.00708464
1000.05901309,0.00778329
1000.30552746,0.00898908
1000.55204953,0.00973816
1000.79857929,0.00964146
1001.04511676,0.00727565
1001.29166191,0.00741286
1001.53821476,0.00895864
1001.78477529,0.00636427
1002.03134351,0.00632911
1002.27791941,0.00849913
1002.52450299,0.00581726
1002.77109424,0.00741468
1003.01769317,0.00901961
1003.26429976,0.00596978
1003.51091403,0.00510450
1003.75753596,0.00667938
1004.00416555,0.00842205
1004.25080280,0.00700185
1004.49744771,0.00707133
1004.74410027,0.00671915
1004.99076048,0.00702758
1005.23742834,0.00854557
1005.48410384,0.00674539
1005.73078699,0.00675283
1005.97747778,0.00631710
1006.22417620,0.00866219
1006.47088226,0.00700219
1006.71759595,0.00713780
1006.96431727,0.00758124
1007.21104622,0.00562844
1007.45778279,0.00815016
1007.70452698,0.00751635
1007.95127879,0.00919671
1008.19803821,0.00843443
1008.44480524,0.00978588
1008.69157988,0.00922821
1008.93836213,0.01096562
1009.18515199,0.01278954
1009.43194944,0.01321179
1009.67875450,0.01020878
1009.92556715,0.01427268
1010.17238739,0.01128488
1010.41921522,0.01202544
1010.66605064,0.01186622
1010.91289364,0.01394241
1011.15974422,0.01125906
1011.40660239,0.01405564
1011.65346813,0.01236398
1011.90034144,0.01394012
1012.14722232,0.01448275
1012.39411078,0.01574900
1012.64100679,0.01650325
1012.88791037,0.01616085
1013.13482151,0.01793098
1013.38174020,0.01979382
1013.62866645,0.01258543
1013.87560025,0.01545694
1014.12254160,0.01915079
1014.36949049,0.01648550
1014.61644693,0.01445015
1014.86341091,0.01362553
1015.11038242,0.01421226
1015.35736147,0.01564527
1015.60434805,0.01529457
1015.85134216,0.01487665
1016.09834379,0.01524727
1016.34535295,0.01473915
1016.59236963,0.01106706
1016.83939383,0.01450553
1017.08642554,0.01017747
1017.33346476,0.01360653
1017.58051150,0.01610835
1017.82756574,0.01624554
1018.07462748,0.01754798
1018.32169673,0.01206344
1018.56877347,0.01262832
1018.81585771,0.01286752
1019.06294945,0.01440959
1019.31004867,0.01644860
1019.55715538,0.01463674
1019.80426957,0.01398854
1020.05139125,0.00989912
1020.29852041,0.01102322
1020.54565704,0.01269289
1020.79280114,0.01619719
1021.03995272,0.01447936
1021.28711177,0.01205155
1021.53427828,0.01205852
1021.78145225,0.01307165
1022.02863368,0.01322346
1022.27582257,0.01596209
1022.52301891,0.01209867
1022.77022270,0.01339595
1023.01743395,0.01468452
1023.26465263,0.01351290
1023.51187876,0.01490847
1023.75911234,0.01880555
1024.00635335,0.01529149
1024.25360179,0.01288277
1024.50085766,0.01295539
1024.74812097,0.01444789
1024.99539170,0.01360700
1025.24266985,0.01271883
1025.48995543,0.01382469
1025.73724842,0.01777982
1025.98454883,0.01511980
1026.23185665,0.01609076
1026.47917188,0.01381989
1026.72649452,0.01120474
1026.97382456,0.01200289
1027.22116200,0.01218837
1027.46850685,0.01174843
1027.71585908,0.01280909
1027.96321872,0.01112045
1028.21058574,0.00609862
1028.45796014,0.00508579
1028.70534194,0.00597456
1028.95273111,0.00416411
1029.20012767,0.00591579
1029.44753160,0.00624984
1029.69494290,0.00561896
