199.82001468,0.00267509
200.02220309,0.00395747
200.22440896,-0.00115139
200.42663230,0.00033783
200.62887310,0.00089629
200.83113136,0.00420568
201.03340708,0.00006895
201.23570025,0.00323355
201.43801087,0.00453662
201.64033894,0.00486756
201.84268445,0.00377132
202.04504741,0.00362654
202.24742780,0.00112381
202.44982564,0.00145475
202.65224090,-0.00158575
202.85467360,0.00457798
203.05712372,0.00232346
203.25959128,-0.00175122
203.46207625,0.00375064
203.66457864,0.00186842
203.86709846,0.00470209
204.06963568,0.00722549
204.27219032,0.00238552
204.47476237,0.00286124
204.67735182,0.00238552
204.87995868,0.00956275
205.08258293,0.00418499
205.28522459,0.00308876
205.48788364,0.00238552
205.69056008,0.00250962
205.89325391,0.00561217
206.09596513,0.00269577
206.29869374,0.00737028
206.50143972,0.00532260
206.70420308,0.00281987
206.90698382,0.00110313
207.10978194,0.00031715
207.31259742,0.00432978
207.51543027,-0.00059293
207.71828048,0.00253030
207.92114806,0.00128928
208.12403299,0.00728754
208.32693528,-0.00111002
208.52985493,0.00308876
208.73279193,-0.00053088
208.93574627,0.00906634
209.13871796,0.00534328
209.34170699,0.00360585
209.54471336,-0.00073772
209.74773707,0.00383337
209.95077811,0.00083424
210.15383649,0.00149612
210.35691219,0.00279919
210.56000522,0.00265440
210.76311557,-0.00038610
210.96624324,0.00480550
211.16938823,-0.00022063
211.37255053,0.00178569
211.57573015,-0.00146165
211.77892707,0.00426773
211.98214130,0.00097903
212.18537284,0.00259235
212.38862167,0.00039988
212.59188781,0.00199253
212.79517124,-0.00024131
212.99847196,-0.00243378
213.20178997,0.00253030
213.40512527,0.00521918
213.60847785,0.00201321
213.81184772,0.00147543
214.01523486,-0.00036541
214.21863928,0.00346107
214.42206097,0.00443320
214.62549993,0.00333696
214.82895616,-0.00024131
215.03242966,0.00298534
215.23592042,0.00143407
215.43942843,0.00368859
215.64295370,0.00393679
215.84649623,0.00432978
216.05005601,0.00594311
216.25363303,0.00308876
216.45722731,0.00133065
216.66083882,0.00013100
216.86446757,0.00321286
217.06811356,-0.00135823
217.27177679,0.00528123
217.47545724,0.00147543
217.67915493,-0.00032404
217.88286984,0.00350243
218.08660198,0.00513644
218.29035133,0.00573627
218.49411790,0.00592242
218.69790169,0.00275782
218.90170269,0.00261304
219.10552090,0.00652225
219.30935632,0.00546738
219.51320894,0.00139270
219.71707876,0.00106176
219.92096578,0.00323355
220.12486999,0.00186842
220.32879140,0.00476414
220.53272999,-0.00088250
220.73668578,0.00464004
220.94065875,0.00492961
221.14464890,0.00081356
221.34865623,0.00193048
221.55268073,0.00193048
221.75672241,-0.00261993
221.96078126,0.00093766
222.16485728,-0.00094455
222.36895046,-0.00057225
222.57306080,0.00304739
222.77718831,0.00153749
222.98133297,-0.00278540
223.18549478,0.00354380
223.38967375,-0.00015857
223.59386986,0.00042057
223.79808312,0.00058604
224.00231352,0.00234415
224.20656106,0.00395747
224.41082574,0.00416431
224.61510756,0.00954206
224.81940650,0.00017236
225.02372258,0.00042057
225.22805578,0.00201321
225.43240610,-0.00212352
225.63677355,0.00296466
225.84115811,-0.00036541
226.04555979,0.00217868
226.24997858,0.00120655
226.45441448,0.00056535
226.65886748,0.00534328
226.86333759,0.00217868
227.06782480,0.00050330
227.27232911,0.00265440
227.47685052,0.00180637
227.68138902,0.00430910
227.88594461,-0.00079977
228.09051728,0.00124791
228.29510704,0.00263372
228.49971389,0.00612926
228.70433781,0.00555012
228.90897881,0.00412294
229.11363688,0.00118586
229.31831202,0.00420568
229.52300423,0.00242688
229.72771350,0.00166159
229.93243984,0.00116518
230.13718324,0.00195116
230.34194369,0.00209594
230.54672120,0.00598447
230.75151576,0.00141338
230.95632737,0.00509508
231.16115602,0.00201321
231.36600172,0.00037920
231.57086446,0.00147543
231.77574423,0.00360585
231.98064104,-0.00144096
232.18555488,0.00137202
232.39048575,0.00486756
232.59543365,-0.00034473
232.80039857,-0.00007584
233.00538051,0.00341970
233.21037947,0.00335765
233.41539544,0.01765006
233.62042843,0.00089629
233.82547842,0.00155817
234.03054543,0.00592242
234.23562943,0.00081356
234.44073044,0.00159954
234.64584845,0.00381269
234.85098345,0.00054467
235.05613545,0.00354380
235.26130444,0.00555012
235.46649041,0.00068946
235.67169337,0.00337833
235.87691331,0.00598447
236.08215023,0.00153749
236.28740413,0.00304739
236.49267500,0.00281987
236.69796284,-0.00144096
236.90326765,0.00321286
237.10858942,0.00248893
237.31392816,0.00439183
237.51928386,0.00652225
237.72465651,0.00112381
237.93004612,0.00011031
238.13545268,0.00066877
238.34087619,0.00424705
238.54631664,0.00197184
238.75177404,0.00141338
238.95724838,-0.00086182
239.16273965,0.00317150
239.36824786,0.00544670
239.57377300,0.00172364
239.77931508,0.00472277
239.98487407,0.00143407
240.19045000,0.00534328
240.39604284,0.00377132
240.60165260,-0.00108934
240.80727928,0.00240620
241.01292287,0.00306808
241.21858337,0.00375064
241.42426077,0.00062740
241.62995508,0.00286124
241.83566630,0.00031715
242.04139441,0.00441251
242.24713941,0.00275782
242.45290131,0.00147543
242.65868010,0.00406089
242.86447578,0.00054467
243.07028835,0.00370927
243.27611779,0.00619131
243.48196412,0.00304739
243.68782732,0.00006895
243.89370739,0.00155817
244.09960434,0.00019305
244.30551816,0.00523986
244.51144884,0.00164090
244.71739638,0.00126860
244.92336078,0.00331628
245.12934204,0.00143407
245.33534016,0.00190979
245.54135512,-0.00175122
245.74738694,0.00104108
245.95343560,0.00302671
246.15950110,0.00689455
246.36558345,0.00201321
246.57168263,0.00362654
246.77779865,0.00253030
246.98393150,0.00492961
247.19008118,0.00095834
247.39624769,0.00555012
247.60243102,0.00222005
247.80863117,0.00528123
248.01484814,0.00031715
248.22108192,0.00259235
248.42733252,0.00029647
248.63359993,0.00116518
248.83988415,-0.00212352
249.04618517,0.00581900
249.25250299,0.00085492
249.45883761,-0.00117207
249.66518903,0.00240620
249.87155724,-0.00032404
250.07794224,0.00430910
250.28434403,0.00188911
250.49076260,0.00660498
250.69719796,-0.00282677
250.90365009,0.00039988
251.11011901,0.00073082
251.31660469,0.00364722
251.52310715,0.00265440
251.72962638,0.00259235
251.93616237,0.00275782
252.14271513,0.00186842
252.34928464,0.00073082
252.55587091,0.00029647
252.76247394,0.00224073
252.96909372,0.00277851
253.17573025,0.00323355
253.38238352,0.00083424
253.58905354,0.00159954
253.79574030,0.00253030
254.00244380,0.00356448
254.20916403,0.00755643
254.41590099,0.00464004
254.62265469,0.00112381
254.82942511,-0.00040678
255.03621225,0.00190979
255.24301612,0.00184774
255.44983670,-0.00026199
255.65667400,0.00294397
255.86352802,0.00006895
256.07039874,0.00139270
256.27728617,-0.00088250
256.48419031,0.00294397
256.69111115,0.00381269
256.89804868,0.00025510
257.10500292,0.00222005
257.31197384,0.00387474
257.51896146,0.00567422
257.72596577,-0.00131686
257.93298676,0.00275782
258.14002443,0.00474345
258.34707878,0.00172364
258.55414981,0.00211663
258.76123752,-0.00017926
258.96834190,0.00532260
259.17546294,0.00056535
259.38260065,-0.00168917
259.58975502,-0.00013789
259.79692606,0.00199253
260.00411375,0.00015168
260.21131810,-0.00183395
260.41853909,0.00193048
260.62577674,0.00068946
260.83303103,0.00250962
261.04030197,-0.00162711
261.24758955,0.00017236
261.45489377,0.00075151
261.66221462,0.00102039
261.86955210,0.00364722
262.07690622,0.00106176
262.28427696,0.00056535
262.49166433,-0.00235104
262.69906831,0.00217868
262.90648892,-0.00098592
263.11392614,0.00087561
263.32137998,0.00441251
263.52885042,0.00281987
263.73633747,0.00612926
263.94384113,0.00002758
264.15136139,0.00323355
264.35889825,0.00689455
264.56645171,0.00581900
264.77402176,0.00263372
264.98160840,0.00383337
265.18921163,-0.00022063
265.39683144,-0.00100660
265.60446784,0.00674977
265.81212081,0.00143407
266.01979037,0.00180637
266.22747650,0.00017236
266.43517920,0.00126860
266.64289847,-0.00247515
266.85063430,0.00122723
267.05838670,-0.00065498
267.26615566,0.00308876
267.47394117,-0.00086182
267.68174324,0.00054467
267.88956187,0.00313013
268.09739704,0.00290261
268.30524876,0.00540533
268.51311702,0.00687387
268.72100183,-0.00332318
268.92890317,-0.00152370
269.13682105,-0.00121344
269.34475546,0.00108245
269.55270640,0.00143407
269.76067387,0.00224073
269.96865786,-0.00115139
270.17665838,-0.00022063
270.38467541,0.00029647
270.59270896,0.00306808
270.80075902,0.00062740
271.00882560,0.00300603
271.21690868,-0.00038610
271.42500826,0.00130997
271.63312435,0.00153749
271.84125694,0.00031715
272.04940602,0.00648088
272.25757160,0.00193048
272.46575367,0.00538465
272.67395223,0.00180637
272.88216727,-0.00084114
273.09039880,0.00739096
273.29864681,0.00093766
273.50691129,0.00159954
273.71519225,0.00257167
273.92348968,0.00079287
274.13180358,0.00066877
274.34013395,0.00052399
274.54848077,0.00201321
274.75684406,0.00197184
274.96522381,0.00321286
275.17362001,-0.00175122
275.38203267,0.00420568
275.59046177,0.00242688
275.79890732,0.00023441
276.00736932,0.00269577
276.21584776,-0.00084114
276.42434263,0.00151680
276.63285394,-0.00423326
276.84138169,0.00044125
277.04992586,0.00269577
277.25848646,0.00213731
277.46706349,-0.00079977
277.67565694,-0.00350933
277.88426680,-0.00059293
278.09289309,-0.00075840
278.30153578,-0.00086182
278.51019489,0.00437115
278.71887041,0.00130997
278.92756233,0.00294397
279.13627065,0.00308876
279.34499537,0.00108245
279.55373649,0.00352312
279.76249401,0.00933523
279.97126791,0.00393679
280.18005820,0.00060672
280.38886488,0.00213731
280.59768795,-0.00042746
280.80652739,0.00240620
281.01538321,0.00281987
281.22425540,0.00166159
281.43314397,0.00209594
281.64204891,0.00128928
281.85097021,0.00263372
282.05990788,0.00352312
282.26886190,0.00238552
282.47783229,-0.00301292
282.68681903,0.00379201
282.89582212,-0.00024131
283.10484156,0.00149612
283.31387735,0.00039988
283.52292949,0.00025510
283.73199796,0.00164090
283.94108277,0.00250962
284.15018392,-0.00142028
284.35930141,0.00135133
284.56843522,0.00095834
284.77758536,0.00389542
284.98675183,0.00019305
285.19593461,0.00670840
285.40513372,0.00604652
285.61434914,0.00426773
285.82358088,-0.00243378
286.03282893,0.00064809
286.24209328,0.00271645
286.45137395,0.00170296
286.66067091,0.00143407
286.86998417,0.00151680
287.07931373,0.00344038
287.28865959,0.00435046
287.49802174,0.00135133
287.70740017,-0.00028268
287.91679489,0.00046194
288.12620590,0.00205458
288.33563318,-0.00071703
288.54507675,0.00263372
288.75453658,-0.00332318
288.96401269,-0.00162711
289.17350507,0.00207526
289.38301372,0.00372995
289.59253863,0.00114450
289.80207980,0.00464004
290.01163723,0.00046194
290.22121091,0.00275782
290.43080085,0.00172364
290.64040703,0.00126860
290.85002947,0.00250962
291.05966815,0.00213731
291.26932307,0.00372995
291.47899422,0.00139270
291.68868162,0.00302671
291.89838525,0.00168227
292.10810511,0.00495029
292.31784119,0.00222005
292.52759350,-0.00125481
292.73736204,0.00310944
292.94714679,0.00215800
293.15694776,0.00071014
293.36676494,-0.00026199
293.57659834,0.00145475
293.78644794,-0.00144096
293.99631375,-0.00146165
294.20619576,0.00279919
294.41609397,0.00739096
294.62600838,0.00162022
294.83593898,0.00321286
295.04588578,-0.00044815
295.25584876,-0.00177190
295.46582793,-0.00057225
295.67582328,0.00308876
295.88583481,-0.00210284
296.09586253,-0.00001379
296.30590641,0.00222005
296.51596647,0.00073082
296.72604270,0.00068946
296.93613509,0.00370927
297.14624365,-0.00324044
297.35636837,-0.00113071
297.56650925,0.00317150
297.77666629,-0.00082045
297.98683947,-0.00113071
298.19702881,0.00248893
298.40723429,0.00147543
298.61745592,0.00306808
298.82769369,0.00441251
299.03794760,0.00703934
299.24821765,0.00054467
299.45850383,0.00428841
299.66880614,0.00073082
299.87912458,-0.00156506
300.08945914,-0.00189600
300.29980983,0.00346107
300.51017663,0.00230278
300.72055955,0.00666703
300.93095859,0.00145475
301.14137374,0.00141338
301.35180499,-0.00115139
301.56225235,0.00056535
301.77271582,-0.00216489
301.98319538,0.00801147
302.19369105,-0.00315771
302.40420280,-0.00117207
302.61473065,0.00474345
302.82527459,0.00149612
303.03583461,-0.00175122
303.24641072,0.00093766
303.45700291,0.00166159
303.66761117,0.00182706
303.87823552,0.00416431
304.08887593,0.00097903
304.29953241,-0.00082045
304.51020496,-0.00183395
304.72089358,0.00385406
304.93159825,0.00492961
305.14231899,-0.00137891
305.35305578,0.00457798
305.56380862,0.00288192
305.77457752,0.00089629
305.98536246,0.00166159
306.19616344,0.00195116
306.40698047,0.00284056
306.61781354,-0.00011721
306.82866264,0.00404021
307.03952778,0.00186842
307.25040895,0.00004826
307.46130614,0.00211663
307.67221937,0.00050330
307.88314861,0.00025510
308.09409387,0.00461935
308.30505515,0.00217868
308.51603245,0.00269577
308.72702576,0.00015168
308.93803507,0.00013100
309.14906039,0.00073082
309.36010172,0.00147543
309.57115904,0.00354380
309.78223236,-0.00003447
309.99332168,0.00104108
310.20442699,0.00538465
310.41554829,0.00087561
310.62668557,-0.00175122
310.83783884,0.00315081
311.04900809,-0.00439873
311.26019332,0.00064809
311.47139452,0.00083424
311.68261169,0.00346107
311.89384484,0.00290261
312.10509395,0.00228210
312.31635903,0.00323355
312.52764007,0.00122723
312.73893706,-0.00226831
312.95025002,0.00037920
313.16157892,-0.00065498
313.37292378,0.00281987
313.58428458,0.00145475
313.79566133,0.00168227
314.00705402,0.00215800
314.21846266,0.00207526
314.42988722,-0.00057225
314.64132772,0.00116518
314.85278416,-0.00017926
315.06425652,0.00823899
315.27574480,-0.00228899
315.48724901,0.00157885
315.69876914,0.00011031
315.91030518,0.00215800
316.12185715,-0.00001379
316.33342502,0.00044125
316.54500880,0.00013100
316.75660848,0.00325423
316.96822407,0.00153749
317.17985556,0.00064809
317.39150295,0.00222005
317.60316624,0.00178569
317.81484541,-0.00003447
318.02654048,0.00164090
318.23825143,0.00240620
318.44997826,0.00178569
318.66172098,0.00182706
318.87347957,0.00555012
319.08525404,0.00159954
319.29704439,0.00091698
319.50885060,0.00027578
319.72067268,0.00387474
319.93251063,-0.00017926
320.14436443,0.00124791
320.35623410,0.00801147
320.56811962,0.00505371
320.78002100,-0.00104797
320.99193822,-0.00139959
321.20387130,-0.00146165
321.41582021,-0.00038610
321.62778498,0.00730823
321.83976558,0.00364722
322.05176201,0.00410226
322.26377428,-0.00015857
322.47580239,0.00412294
322.68784632,0.00404021
322.89990607,0.00110313
323.11198165,0.00087561
323.32407305,0.00188911
323.53618027,0.00443320
323.74830330,0.00182706
323.96044215,0.00182706
324.17259680,0.00575695
324.38476726,0.00480550
324.59695352,-0.00063430
324.80915558,0.00035852
325.02137344,-0.00005516
325.23360710,0.00017236
325.44585655,0.00106176
325.65812178,0.00271645
325.87040281,-0.00092387
326.08269962,0.00399884
326.29501221,-0.00150301
326.50734058,0.00408158
326.71968472,0.00091698
326.93204464,0.00648088
327.14442032,0.00459867
327.35681178,0.00298534
327.56921900,0.00015168
327.78164198,0.00102039
327.99408072,-0.00191669
328.20653522,0.00027578
328.41900547,-0.00075840
328.63149147,0.00083424
328.84399322,0.00021373
329.05651071,0.00362654
329.26904395,0.00139270
329.48159293,0.00391611
329.69415764,-0.00061362
329.90673809,0.00381269
330.11933427,-0.00022063
330.33194617,0.00308876
330.54457381,0.00062740
330.75721716,-0.00309566
330.96987624,-0.00003447
331.18255104,0.00232346
331.39524154,0.00526055
331.60794777,0.00182706
331.82066970,-0.00202010
332.03340733,0.00195116
332.24616067,0.00441251
332.45892971,0.00155817
332.67171445,0.00267509
332.88451489,0.00296466
333.09733102,0.00124791
333.31016283,0.00004826
333.52301034,-0.00113071
333.73587352,0.00019305
333.94875239,-0.00319907
334.16164694,-0.00038610
334.37455717,-0.00266130
334.58748306,0.00286124
334.80042463,0.00497097
335.01338187,-0.00146165
335.22635477,0.00310944
335.43934333,0.00015168
335.65234755,0.00399884
335.86536743,0.00257167
336.07840296,0.00093766
336.29145415,-0.00065498
336.50452098,0.00002758
336.71760345,0.00095834
336.93070157,0.00224073
337.14381533,0.00151680
337.35694473,0.00031715
337.57008976,0.00395747
337.78325042,0.00023441
337.99642671,0.00151680
338.20961863,0.00168227
338.42282617,0.00230278
338.63604933,-0.00053088
338.84928810,-0.00009652
339.06254250,0.00242688
339.27581250,0.00228210
339.48909812,0.00157885
339.70239934,0.00466072
339.91571616,0.00052399
340.12904859,0.00230278
340.34239661,-0.00053088
340.55576023,0.00279919
340.76913945,0.00683250
340.98253425,0.00106176
341.19594464,0.00170296
341.40937061,0.00042057
341.62281217,0.00228210
341.83626930,0.00724618
342.04974201,0.00155817
342.26323030,-0.00142028
342.47673415,0.00139270
342.69025357,0.00517781
342.90378856,-0.00104797
343.11733911,0.00501234
343.33090522,0.00133065
343.54448688,0.00021373
343.75808410,0.00174432
343.97169687,0.00114450
344.18532519,0.00087561
344.39896906,0.00255099
344.61262847,0.00002758
344.82630341,0.00269577
345.03999390,0.00447457
345.25369992,0.00619131
345.46742147,0.00610858
345.68115855,0.00383337
345.89491115,0.00133065
346.10867928,-0.00077908
346.32246293,0.00110313
346.53626210,-0.00133754
346.75007679,-0.00191669
346.96390698,0.00079287
347.17775269,0.00269577
347.39161390,0.00015168
347.60549061,0.00428841
347.81938283,-0.00063430
348.03329055,0.00184774
348.24721376,0.00110313
348.46115246,0.00509508
348.67510665,-0.00077908
348.88907634,0.00157885
349.10306150,-0.00111002
349.31706215,-0.00053088
349.53107828,0.00145475
349.74510988,0.00170296
349.95915696,0.00350243
350.17321950,0.00364722
350.38729752,0.00416431
350.60139100,-0.00024131
350.81549994,-0.00011721
351.02962435,-0.00090319
351.24376421,0.00325423
351.45791952,-0.00019994
351.67209028,-0.00017926
351.88627650,-0.00100660
352.10047816,0.00077219
352.31469526,0.00416431
352.52892780,0.00170296
352.74317578,0.00242688
352.95743919,0.00039988
353.17171804,0.00141338
353.38601232,0.00321286
353.60032202,-0.00009652
353.81464714,0.00579832
354.02898769,-0.00150301
354.24334365,-0.00094455
354.45771503,-0.00454351
354.67210182,0.00246825
354.88650403,0.00356448
355.10092164,0.00313013
355.31535465,0.00068946
355.52980306,0.00867335
355.74426687,0.00118586
355.95874608,0.00217868
356.17324069,0.00145475
356.38775068,-0.00042746
356.60227606,0.00178569
356.81681682,-0.00315771
357.03137297,-0.00082045
357.24594449,0.00286124
357.46053139,0.00428841
357.67513367,0.00521918
357.88975132,0.00209594
358.10438433,-0.00028268
358.31903271,0.00155817
358.53369645,0.00205458
358.74837556,-0.00340591
358.96307002,0.00329560
359.17777983,-0.00073772
359.39250499,-0.00051020
359.60724551,0.00135133
359.82200137,0.00331628
360.03677257,-0.00092387
360.25155911,0.00000689
360.46636100,0.00135133
360.68117821,-0.00214421
360.89601076,-0.00090319
361.11085864,0.00348175
361.32572184,-0.00228899
361.54060037,0.00222005
361.75549422,0.00306808
361.97040338,0.00445388
362.18532786,0.00416431
362.40026766,0.00052399
362.61522276,0.00126860
362.83019318,0.00552943
363.04517889,0.00224073
363.26017991,0.00108245
363.47519623,-0.00001379
363.69022784,0.00097903
363.90527474,0.00118586
364.12033694,0.00706002
364.33541442,-0.00241309
364.55050719,0.00008963
364.76561524,-0.00001379
364.98073857,0.00048262
365.19587718,-0.00034473
365.41103106,0.00337833
365.62620021,-0.00166848
365.84138463,0.00104108
366.05658432,0.00048262
366.27179927,0.00445388
366.48702948,-0.00059293
366.70227494,0.00060672
366.91753566,0.00288192
367.13281163,0.00137202
367.34810285,-0.00243378
367.56340932,0.00046194
367.77873103,-0.00028268
367.99406798,0.00354380
368.20942017,-0.00319907
368.42478759,0.00286124
368.64017025,-0.00044815
368.85556813,0.00387474
369.07098125,0.00182706
369.28640958,0.00124791
369.50185314,0.00217868
369.71731191,0.00203389
369.93278590,-0.00245446
370.14827511,0.00261304
370.36377952,-0.00059293
370.57929914,-0.00150301
370.79483397,0.00435046
371.01038400,0.00135133
371.22594922,-0.00108934
371.44152965,0.00143407
371.65712526,0.00302671
371.87273607,-0.00108934
372.08836206,0.00244757
372.30400324,0.00331628
372.51965960,-0.00055156
372.73533114,0.00302671
372.95101786,-0.00123413
373.16671976,0.00350243
373.38243682,0.00226141
373.59816905,0.00168227
373.81391645,-0.00309566
374.02967901,0.00228210
374.24545673,-0.00024131
374.46124961,-0.00127549
374.67705764,0.00093766
374.89288082,0.00017236
375.10871916,-0.00104797
375.32457264,0.00128928
375.54044126,-0.00017926
375.75632503,0.00679114
375.97222393,-0.00059293
376.18813797,-0.00259925
376.40406713,-0.00013789
376.62001143,-0.00067567
376.83597086,-0.00266130
377.05194541,-0.00028268
377.26793508,0.00135133
377.48393987,0.00263372
377.69995978,0.00304739
377.91599480,0.00039988
378.13204493,0.00035852
378.34811016,0.00313013
378.56419050,0.00441251
378.78028595,0.00333696
378.99639649,0.00042057
379.21252213,-0.00055156
379.42866286,0.00195116
379.64481868,-0.00152370
379.86098960,0.00352312
380.07717559,0.00035852
380.29337667,0.00097903
380.50959283,0.00104108
380.72582407,0.00275782
380.94207038,0.00292329
381.15833176,0.00095834
381.37460821,0.00153749
381.59089972,0.00091698
381.80720630,0.00248893
382.02352794,0.00060672
382.23986464,0.00188911
382.45621639,0.00180637
382.67258319,0.00089629
382.88896505,0.00021373
383.10536195,0.00263372
383.32177389,0.00130997
383.53820087,0.00211663
383.75464289,0.00019305
383.97109995,0.00073082
384.18757204,-0.00249583
384.40405916,0.00071014
384.62056131,-0.00284745
384.83707848,0.00029647
385.05361067,0.00377132
385.27015788,0.00110313
385.48672011,0.00552943
385.70329735,0.00395747
385.91988960,0.00395747
386.13649686,-0.00063430
386.35311912,0.00234415
386.56975639,0.00281987
386.78640865,0.00008963
387.00307592,-0.00011721
387.21975817,-0.00034473
387.43645542,0.00114450
387.65316765,0.00238552
387.86989487,0.00259235
388.08663707,-0.00117207
388.30339426,0.00048262
388.52016641,0.00304739
388.73695355,0.00339902
388.95375565,0.00377132
389.17057273,0.00025510
389.38740477,0.00490892
389.60425177,0.00313013
389.82111374,-0.00204079
390.03799066,0.00432978
390.25488253,0.00151680
390.47178936,0.00039988
390.68871114,0.00255099
390.90564787,0.00027578
391.12259954,-0.00001379
391.33956614,0.00319218
391.55654769,0.00013100
391.77354418,0.00162022
391.99055559,0.00176501
392.20758194,0.00168227
392.42462321,0.00296466
392.64167941,0.00308876
392.85875053,0.00354380
393.07583657,-0.00042746
393.29293752,0.00339902
393.51005339,0.00435046
393.72718417,0.00215800
393.94432986,0.00490892
394.16149045,0.00149612
394.37866594,0.00058604
394.59585634,0.00269577
394.81306163,0.00242688
395.03028181,0.00306808
395.24751689,0.00790805
395.46476685,0.00019305
395.68203170,0.00329560
395.89931143,0.00629473
396.11660604,0.00364722
396.33391553,0.00248893
396.55123990,0.00178569
396.76857913,0.00317150
396.98593324,0.00393679
397.20330221,-0.00264061
397.42068604,0.00383337
397.63808474,-0.00199942
397.85549829,0.00422636
398.07292670,0.00321286
398.29036996,0.00397816
398.50782807,0.00329560
398.72530103,0.00650157
398.94278883,0.00310944
399.16029147,0.00486756
399.37780895,0.00153749
399.59534127,0.00621199
399.81288841,0.00482619
400.03045039,0.00536396
400.24802720,0.00768053
400.46561883,0.00298534
400.68322529,0.00182706
400.90084656,0.00093766
401.11848265,0.00368859
401.33613355,0.00426773
401.55379926,0.00172364
401.77147978,0.00507439
401.98917511,0.00805284
402.20688524,0.00217868
402.42461017,0.00397816
402.64234989,0.00627404
402.86010441,0.00066877
403.07787372,0.00555012
403.29565782,0.00577764
403.51345670,0.00354380
403.73127037,0.00418499
403.94909882,0.00000689
404.16694205,0.00468140
404.38480005,0.00399884
404.60267282,0.00310944
404.82056036,0.00180637
405.03846267,0.00519849
405.25637974,0.00838378
405.47431157,0.00610858
405.69225816,0.00387474
405.91021951,0.00445388
406.12819561,0.00048262
406.34618645,0.00217868
406.56419205,0.00329560
406.78221239,0.00246825
407.00024747,0.00565353
407.21829729,0.00017236
407.43636184,0.00741165
407.65444113,0.00509508
407.87253515,0.00575695
408.09064390,0.00495029
408.30876737,0.00366790
408.52690556,0.00695661
408.74505847,0.00484687
408.96322610,0.00581900
409.18140844,0.00226141
409.39960550,0.00039988
409.61781726,0.00420568
409.83604372,0.00370927
410.05428489,0.00716344
410.27254076,-0.00059293
410.49081133,0.00550875
410.70909659,0.00495029
410.92739654,0.00186842
411.14571118,0.00687387
411.36404051,0.00509508
411.58238452,0.00677045
411.80074321,0.00414363
412.01911658,0.00625336
412.23750462,0.00623268
412.45590734,0.00521918
412.67432472,0.00499166
412.89275677,0.00517781
413.11120349,0.00321286
413.32966486,0.00230278
413.54814090,0.00313013
413.76663159,0.00658430
413.98513693,0.00271645
414.20365692,0.00015168
414.42219156,0.00346107
414.64074084,0.00046194
414.85930477,0.00648088
415.07788333,0.00029647
415.29647653,0.00298534
415.51508437,0.00079287
415.73370683,0.00321286
415.95234392,0.00370927
416.17099564,0.00550875
416.38966198,0.00821831
416.60834294,0.00346107
416.82703851,0.00397816
417.04574870,0.00093766
417.26447350,0.00470209
417.48321291,0.00555012
417.70196692,0.00050330
417.92073554,0.00412294
418.13951875,0.00674977
418.35831657,0.00068946
418.57712898,0.00211663
418.79595598,0.00875608
419.01479757,0.00749438
419.23365374,0.00528123
419.45252450,0.00294397
419.67140984,0.00706002
419.89030975,0.00712207
420.10922425,0.01127949
420.32815331,0.00428841
420.54709694,0.00797011
420.76605514,0.00604652
420.98502791,0.00476414
421.20401523,0.00240620
421.42301712,0.00406089
421.64203356,0.00784600
421.86106455,0.00428841
422.08011009,0.00507439
422.29917018,0.00801147
422.51824482,0.00507439
422.73733399,0.00414363
422.95643771,0.00825968
423.17555596,0.00534328
423.39468875,0.00449525
423.61383606,0.00515713
423.83299790,0.00424705
424.05217427,0.00499166
424.27136516,0.00569490
424.49057057,0.00486756
424.70979050,0.00550875
424.92902494,0.00552943
425.14827390,0.00600516
425.36753736,0.00486756
425.58681532,0.01146564
425.80610779,0.00809421
426.02541476,0.01059693
426.24473623,0.00542601
426.46407219,0.00854925
426.68342265,0.00387474
426.90278759,0.00732891
427.12216702,0.00888019
427.34156093,0.00635678
427.56096933,0.01076240
427.78039220,0.01200342
427.99982955,0.00792874
428.21928137,0.00701866
428.43874766,0.00308876
428.65822841,0.00916976
428.87772363,0.00728754
429.09723331,0.00856993
429.31675745,0.00263372
429.53629605,0.00432978
429.75584910,0.00718413
429.97541660,0.00774258
430.19499854,0.00455730
430.41459494,0.01045214
430.63420577,0.00954206
430.85383104,0.00871472
431.07347075,0.00863198
431.29312489,0.01312034
431.51279347,0.00617063
431.73247647,0.00666703
431.95217390,0.00397816
432.17188574,0.01016257
432.39161201,0.00517781
432.61135270,0.00747370
432.83110780,0.00863198
433.05087731,0.01330649
433.27066123,0.00490892
433.49045956,0.00714276
433.71027229,0.00881814
433.93009942,0.00964548
434.14994095,0.00856993
434.36979687,0.00815626
434.58966718,0.00807352
434.80955189,0.01053488
435.02945098,0.00852856
435.24936445,0.01407179
435.46929230,0.00929386
435.68923454,0.00877677
435.90919115,0.01208615
436.12916213,0.00834241
436.34914748,0.01107265
436.56914720,0.01005916
436.78916128,0.00757712
437.00918972,0.00952138
437.22923252,0.00701866
437.44928968,0.01113471
437.66936119,0.01264461
437.88944706,0.01262393
438.10954727,0.01082445
438.32966182,0.01332717
438.54979072,0.00937659
438.76993395,0.01657451
438.99009153,0.01442341
439.21026343,0.01405110
439.43044967,0.01359606
439.65065024,0.01527144
439.87086513,0.01177590
440.09109434,0.00950070
440.31133788,0.01032804
440.53159573,0.01419589
440.75186789,0.00813557
440.97215437,0.01134154
441.19245516,0.01353401
441.41277025,0.01204479
441.63309964,0.01152770
441.85344334,0.01175522
442.07380133,0.00974890
442.29417362,0.01293418
442.51456020,0.01053488
442.73496107,0.01177590
442.95537623,0.01132086
443.17580567,0.01181727
443.39624939,0.01338923
443.61670739,0.01032804
443.83717967,0.01082445
444.05766622,0.01043146
444.27816704,0.01392700
444.49868212,0.00865267
444.71921147,0.00976958
444.93975509,0.01088650
445.16031296,0.01154838
445.38088508,0.01334786
445.60147147,0.01233436
445.82207210,0.01045214
446.04268698,0.01301692
446.26331610,0.01562306
446.48395947,0.00801147
446.70461707,0.01150701
446.92528892,0.01103129
447.14597499,0.01369948
447.36667530,0.00790805
447.58738984,0.01369948
447.80811860,0.01287213
448.02886158,0.00908702
448.24961879,0.01206547
448.47039021,0.01535417
448.69117585,0.01744322
448.91197570,0.01601605
449.13278975,0.00873540
449.35361802,0.01163111
449.57446049,0.01425794
449.79531715,0.00848720
450.01618802,0.01018326
450.23707308,0.00830104
450.45797234,0.01682271
450.67888578,0.01041078
450.89981341,0.00974890
451.12075522,0.01423726
451.34171122,0.01496118
451.56268139,0.01833262
451.78366574,0.01560238
452.00466426,0.01365811
452.22567696,0.00983163
452.44670382,0.00985232
452.66774484,0.00768053
452.88880003,0.01636767
453.10986938,0.01163111
453.33095288,0.01216889
453.55205053,0.01067967
453.77316234,0.00674977
453.99428830,0.01115539
454.21542840,0.01088650
454.43658264,0.01171385
454.65775102,0.01055556
454.87893354,0.01289282
455.10013019,0.01148633
455.32134098,0.01597468
455.54256589,0.01527144
455.76380493,0.01053488
455.98505809,0.01419589
456.20632537,0.01504392
456.42760677,0.01359606
456.64890229,0.01278940
456.87021191,0.01481640
457.09153565,0.01413384
457.31287349,0.01301692
457.53422544,0.01767074
457.75559149,0.01843604
457.97697163,0.01283077
458.19836587,0.01692613
458.41977420,0.01785690
458.64119663,0.01951159
458.86263313,0.01328581
459.08408373,0.01756733
459.30554840,0.01657451
459.52702716,0.02220047
459.74851999,0.01285145
459.97002689,0.02143517
460.19154786,0.01527144
460.41308290,0.01938749
460.63463201,0.01651246
460.85619518,0.01547828
461.07777241,0.01717434
461.29936369,0.01700887
461.52096903,0.02017347
461.74258841,0.02077329
461.96422185,0.01824989
462.18586933,0.01928407
462.40753086,0.02195226
462.62920642,0.02311055
462.85089602,0.02021483
463.07259966,0.01804305
463.29431733,0.01494050
463.51604902,0.01787758
463.73779475,0.01748459
463.95955449,0.02184884
464.18132826,0.02418610
464.40311604,0.01936680
464.62491784,0.02019415
464.84673365,0.01808442
465.06856347,0.02375174
465.29040730,0.02149722
465.51226513,0.02182816
465.73413696,0.01891176
465.95602279,0.02327602
466.17792261,0.02162132
466.39983643,0.02619241
466.62176424,0.02292439
466.84370603,0.02699908
467.06566181,0.02126970
467.28763157,0.02273824
467.50961531,0.02120765
467.73161303,0.02118697
467.95362472,0.02137312
468.17565038,0.02499276
468.39769001,0.02286234
468.61974360,0.02308986
468.84181116,0.02348285
469.06389267,0.02871582
469.28598814,0.02406200
469.50809757,0.02848830
469.73022094,0.02935701
469.95235827,0.02486866
470.17450954,0.02362764
470.39667475,0.02153859
470.61885390,0.02590284
470.84104699,0.02879855
471.06325402,0.03016368
471.28547498,0.02619241
471.50770986,0.02701976
471.72995867,0.02282098
471.95222141,0.02222115
472.17449806,0.02249004
472.39678864,0.02199363
472.61909313,0.02447567
472.84141153,0.02387584
473.06374384,0.03219068
473.28609005,0.02956385
473.50845017,0.02743343
473.73082420,0.02720591
473.95321212,0.02687497
474.17561393,0.02981205
474.39802964,0.02604763
474.62045924,0.02577874
474.84290273,0.02058714
475.06536010,0.02935701
475.28783136,0.02689566
475.51031649,0.02739207
475.73281550,0.02215910
475.95532838,0.02033894
476.17785513,0.02466182
476.40039575,0.02311055
476.62295024,0.02153859
476.84551859,0.02428952
477.06810080,0.02519960
477.29069686,0.02164201
477.51330678,0.02164201
477.73593055,0.02778506
477.95856817,0.02451704
478.18121963,0.02722660
478.40388494,0.02757822
478.62656409,0.02906744
478.84925707,0.02811599
479.07196389,0.02848830
479.29468455,0.02842625
479.51741903,0.02970864
479.74016733,0.02466182
479.96292946,0.02592353
480.18570542,0.02875719
480.40849519,0.02737138
480.63129877,0.03010163
480.85411617,0.02693703
481.07694738,0.02296576
481.29979239,0.02826078
481.52265121,0.02658540
481.74552383,0.02737138
481.96841025,0.02871582
482.19131046,0.02991547
482.41422447,0.02850898
482.63715227,0.02745412
482.86009385,0.02842625
483.08304922,0.02524096
483.30601837,0.02575806
483.52900130,0.02701976
483.75199801,0.02637857
483.97500849,0.02594421
484.19803274,0.02774369
484.42107076,0.02486866
484.64412255,0.02871582
484.86718810,0.02784711
485.09026741,0.02284166
485.31336047,0.02373106
485.53646729,0.02439293
485.75958786,0.02263482
485.98272218,0.02178679
486.20587024,0.01876698
486.42903205,0.02486866
486.65220760,0.02292439
486.87539689,0.02594421
487.09859991,0.02509618
487.32181666,0.02540643
487.54504715,0.02610968
487.76829136,0.02513755
487.99154929,0.02950180
488.21482094,0.02693703
488.43810631,0.02548917
488.66140540,0.03123923
488.88471820,0.02757822
489.10804471,0.02565464
489.33138493,0.02778506
489.55473885,0.02730933
489.77810647,0.02743343
490.00148780,0.03051530
490.22488281,0.02857103
490.44829153,0.03349375
490.67171393,0.03001889
490.89515002,0.03208726
491.11859979,0.03502434
491.34206325,0.03252161
491.56554038,0.02840557
491.78903120,0.03109444
492.01253568,0.02859172
492.23605384,0.03134265
492.45958567,0.03136333
492.68313116,0.03196316
492.90669031,0.02931565
493.13026312,0.02515823
493.35384960,0.02329670
493.57744972,0.02273824
493.80106350,0.02240730
494.02469092,0.02166269
494.24833200,0.02480661
494.47198671,0.02590284
494.69565507,0.02104218
494.91933706,0.02743343
495.14303269,0.02269687
495.36674195,0.02013210
495.59046484,0.02437225
495.81420136,0.02122833
496.03795150,0.01833262
496.26171526,0.01872561
496.48549264,0.01924270
496.70928364,0.01942886
496.93308825,0.02234525
497.15690647,0.02644062
497.38073830,0.02184884
497.60458373,0.02828146
497.82844276,0.03237683
498.05231539,0.02714386
498.27620162,0.02662677
498.50010144,0.02623378
498.72401485,0.02751617
498.94794185,0.03175632
499.17188244,0.02902608
499.39583661,0.02883992
499.61980435,0.02476524
499.84378568,0.03061872
500.06778058,0.02879855
500.29178904,0.03109444
500.51581108,0.02335875
500.73984668,0.02892266
500.96389585,0.02641993
501.18795858,0.02391721
501.41203486,0.02873650
501.63612470,0.02724728
501.86022809,0.02654404
502.08434503,0.03138401
502.30847551,0.03010163
502.53261954,0.02952248
502.75677711,0.02670950
502.98094822,0.02888129
503.20513286,0.02950180
503.42933104,0.02943975
503.65354274,0.02861240
503.87776797,0.02579942
504.10200673,0.02335875
504.32625901,0.02873650
504.55052480,0.02615105
504.77480411,0.02462045
504.99909694,0.02253140
505.22340327,0.02613036
505.44772312,0.02325533
505.67205646,0.01980116
505.89640331,0.02383448
506.12076366,0.02168337
506.34513750,0.02040099
506.56952484,0.02191089
506.79392567,0.02124902
507.01833999,0.02315191
507.24276779,0.02364832
507.46720907,0.02275893
507.69166384,0.02267619
507.91613208,0.02064919
508.14061380,0.02486866
508.36510898,0.02273824
508.58961764,0.02381379
508.81413976,0.02505481
509.03867534,0.02809531
509.26322439,0.02613036
509.48778689,0.02553054
509.71236285,0.03289392
509.93695226,0.02778506
510.16155512,0.02908813
510.38617142,0.02770232
510.61080117,0.03003957
510.83544436,0.03084624
511.06010099,0.02931565
511.28477105,0.03516912
511.50945454,0.03452793
511.73415147,0.03293529
511.95886182,0.03066008
512.18358560,0.03117718
512.40832280,0.02472387
512.63307341,0.02888129
512.85783745,0.02852967
513.08261489,0.02468251
513.30740575,0.02983274
513.53221001,0.02933633
513.75702768,0.03144606
513.98185875,0.02778506
514.20670322,0.02815736
514.43156109,0.02898471
514.65643235,0.02780574
514.88131700,0.02842625
515.10621504,0.03438314
515.33112647,0.02821941
515.55605128,0.03010163
515.78098946,0.03258367
516.00594103,0.02861240
516.23090597,0.02883992
516.45588428,0.03785800
516.68087596,0.02795052
516.90588100,0.03037051
517.13089941,0.02768164
517.35593118,0.02929496
517.58097631,0.02683361
517.80603479,0.03055667
518.03110663,0.02621310
518.25619181,0.02852967
518.48129034,0.02662677
518.70640222,0.02948112
518.93152743,0.03001889
519.15666598,0.03150811
519.38181787,0.02625446
519.60698310,0.03097034
519.83216165,0.02848830
520.05735353,0.02544780
520.28255873,0.02803326
520.50777726,0.02666814
520.73300910,0.02985342
520.95825426,0.03136333
521.18351273,0.03409357
521.40878452,0.03614126
521.63406961,0.03206657
521.85936801,0.03293529
522.08467971,0.03026710
522.31000471,0.03163222
522.53534300,0.03090829
522.76069459,0.03531391
522.98605947,0.03645151
523.21143764,0.03554143
523.43682910,0.03727886
523.66223383,0.03893355
523.88765185,0.03982295
524.11308315,0.03901628
524.33852772,0.04269798
524.56398556,0.03814757
524.78945667,0.04381489
525.01494104,0.04400105
525.24043868,0.04437335
525.46594959,0.04704155
525.69147374,0.05386716
525.91701116,0.04882034
526.14256182,0.04718633
526.36812574,0.04776547
526.59370290,0.04987521
526.81929331,0.05010273
527.04489696,0.04627625
527.27051384,0.04844804
527.49614396,0.04896513
527.72178732,0.04962700
527.94744390,0.04824120
528.17311372,0.04766206
528.39879675,0.05192289
528.62449301,0.04995794
528.85020249,0.05732133
529.07592518,0.05291571
529.30166109,0.05558390
529.52741021,0.05889329
529.75317254,0.06104439
529.97894807,0.05444630
530.20473680,0.06385737
530.43053874,0.06013431
530.65635387,0.07072434
530.88218219,0.06435377
531.10802371,0.06722880
531.33387841,0.06422967
531.55974630,0.06524317
531.78562738,0.06284387
532.01152163,0.06307139
532.23742906,0.06027909
532.46334967,0.05785910
532.68928344,0.05998952
532.91523039,0.05459108
533.14119051,0.05996884
533.36716378,0.05661808
533.59315022,0.05444630
533.81914982,0.05736269
534.04516257,0.06553274
534.27118847,0.05665945
534.49722752,0.05608031
534.72327973,0.05603894
534.94934507,0.05382579
535.17542356,0.05852098
535.40151518,0.05779705
535.62761994,0.05204699
535.85373784,0.05142648
536.07986886,0.06025841
536.30601301,0.05868645
536.53217029,0.05374305
536.75834069,0.05186084
536.98452420,0.05694902
537.21072084,0.05802457
537.43693059,0.06029978
537.66315345,0.05874850
537.88938941,0.05852098
538.11563848,0.05972063
538.34190066,0.06276113
538.56817593,0.06352643
538.79446431,0.06425036
539.02076577,0.06185105
539.24708033,0.06892486
539.47340798,0.06898691
539.69974871,0.06737359
539.92610252,0.07062092
540.15246942,0.07124143
540.37884939,0.07405441
540.60524244,0.08061113
540.83164856,0.07798431
541.05806775,0.08110754
541.28450001,0.08067318
541.51094533,0.08129369
541.73740371,0.07928738
541.96387515,0.07879097
542.19035965,0.07506791
542.41685719,0.08110754
542.64336779,0.08181079
542.86989144,0.08003199
543.09642813,0.07082776
543.32297786,0.07386826
543.54954063,0.07337185
543.77611643,0.07651577
544.00270527,0.07666055
544.22930714,0.08085934
544.45592204,0.07411646
544.68254996,0.07318570
544.90919091,0.07130348
545.13584487,0.07579184
545.36251185,0.07204810
545.58919184,0.06921443
545.81588485,0.06900760
546.04259086,0.06671171
546.26930988,0.06433309
546.49604191,0.06691855
546.72278693,0.06205789
546.94954495,0.06584300
547.17631596,0.06638077
547.40309997,0.07163442
547.62989696,0.06677376
547.85670694,0.07196536
548.08352991,0.07475766
548.31036585,0.06300934
548.53721477,0.06737359
548.76407667,0.07169647
548.99095154,0.06582231
549.21783938,0.06207857
549.44474018,0.06805615
549.67165395,0.06731154
549.89858069,0.06584300
550.12552038,0.06319549
550.35247302,0.06226472
550.57943862,0.06061003
550.80641717,0.06135464
551.03340866,0.06598778
551.26041310,0.06627735
551.48743048,0.07113802
551.71446081,0.06946264
551.94150406,0.07469561
552.16856025,0.07788089
552.39562937,0.08123164
552.62271142,0.07604004
552.84980640,0.07792226
553.07691429,0.07982515
553.30403511,0.08170737
553.53116884,0.08454103
553.75831549,0.08437556
553.98547505,0.08793315
554.21264752,0.09018767
554.43983289,0.08745743
554.66703116,0.09206988
554.89424234,0.08915349
555.12146641,0.09178031
555.34870338,0.09078750
555.57595324,0.09250424
555.80321599,0.09320748
556.03049162,0.09320748
556.25778014,0.08954648
556.48508154,0.09370389
556.71239582,0.09513107
556.93972297,0.09157348
557.16706300,0.08412736
557.39441589,0.08491334
557.62178165,0.08791247
557.84916028,0.07949422
558.07655177,0.08499607
558.30395611,0.08578205
558.53137331,0.08499607
558.75880337,0.08569931
558.98624627,0.08387915
559.21370202,0.08090070
559.44117062,0.07368211
559.66865206,0.07397168
559.89614634,0.07324775
560.12365345,0.07223425
560.35117340,0.06737359
560.57870618,0.06927649
560.80625179,0.06083755
561.03381022,0.06230609
561.26138148,0.06648419
561.48896555,0.06396078
561.71656244,0.06162353
561.94417215,0.06094097
562.17179467,0.06023772
562.39942999,0.06050661
562.62707812,0.06013431
562.85473906,0.06416762
563.08241279,0.06271976
563.31009933,0.05732133
563.53779866,0.06404352
563.76551078,0.05982405
563.99323568,0.06052730
564.22097338,0.06307139
564.44872386,0.06001020
564.67648712,0.06350574
564.90426316,0.06507770
565.13205197,0.06441582
565.35985356,0.06187173
565.58766792,0.07167579
565.81549504,0.06981426
566.04333493,0.07444740
566.27118758,0.06662898
566.49905298,0.06836640
566.72693115,0.06724949
566.95482207,0.06971084
567.18272573,0.07169647
567.41064215,0.07560569
567.63857131,0.06946264
567.86651321,0.07512996
568.09446785,0.06902828
568.32243523,0.07649508
568.55041534,0.07384758
568.77840819,0.07885302
569.00641376,0.07471629
569.23443206,0.07732243
569.46246308,0.07781884
569.69050682,0.07837730
569.91856327,0.07856345
570.14663244,0.07928738
570.37471433,0.07709491
570.60280892,0.08495470
570.83091622,0.08257608
571.05903622,0.08656803
571.28716892,0.08559590
571.51531432,0.08900870
571.74347241,0.08987741
571.97164320,0.08681623
572.19982667,0.08652666
572.42802284,0.08987741
572.65623168,0.08919485
572.88445321,0.09662029
573.11268742,0.09397278
573.34093430,0.09132527
573.56919385,0.09726148
573.79746608,0.09875071
574.02575097,0.10239103
574.25404853,0.10075702
574.48235874,0.10162574
574.71068162,0.11023014
574.93901715,0.10148095
575.16736534,0.10872023
575.39572618,0.10276334
575.62409966,0.11018877
575.85248579,0.11014741
576.08088456,0.10555563
576.30929597,0.11362226
576.53772002,0.10867887
576.76615671,0.11182278
576.99460602,0.11469781
577.22306796,0.11533901
577.45154253,0.11765558
577.68002972,0.12307470
577.90852953,0.11531832
578.13704196,0.11556653
578.36556700,0.11941369
578.59410465,0.11651797
578.82265492,0.12090291
579.05121779,0.12458460
579.27979326,0.12098565
579.50838133,0.12115111
579.73698201,0.12206120
579.96559527,0.12086154
580.19422113,0.12050992
580.42285958,0.11726259
580.65151062,0.11695233
580.88017424,0.11668344
581.10885044,0.11246398
581.33753922,0.11571131
581.56624057,0.10903049
581.79495450,0.10665187
582.02368100,0.10255650
582.25242007,0.10495581
582.48117170,0.10942348
582.70993589,0.11087133
582.93871264,0.10791357
583.16750195,0.10729306
583.39630381,0.10423188
583.62511822,0.10416983
583.85394518,0.10427324
584.08278469,0.11035424
584.31163674,0.10685870
584.54050133,0.10636230
584.76937845,0.11254671
584.99826811,0.11337406
585.22717030,0.11378773
585.45608502,0.11384978
585.68501226,0.12369521
585.91395203,0.11999283
586.14290432,0.12967278
586.37186912,0.12518443
586.60084644,0.13112064
586.82983628,0.12878339
587.05883862,0.13083107
587.28785347,0.13385088
587.51688082,0.13703617
587.74592067,0.13474028
587.97497302,0.12963142
588.20403787,0.13167910
588.43311520,0.13484370
588.66220503,0.14061444
588.89130735,0.14104880
589.12042215,0.14137974
589.34954943,0.14795714
589.57868919,0.14295170
589.80784142,0.14353084
590.03700613,0.14065581
590.26618331,0.14357221
590.49537296,0.14255871
590.72457507,0.13660181
590.95378964,0.14005598
591.18301667,0.14036624
591.41225616,0.14150384
591.64150811,0.13676728
591.87077250,0.14266213
592.10004934,0.13815309
592.32933863,0.13604335
592.55864036,0.13126543
592.78795453,0.13155500
593.01728114,0.12787331
593.24662018,0.13531942
593.47597165,0.13265123
593.70533555,0.13577447
593.93471188,0.13744984
594.16410063,0.13447139
594.39350180,0.13252713
594.62291539,0.13215482
594.85234140,0.12911433
595.08177981,0.13598130
595.31123064,0.12987962
595.54069387,0.12872134
595.77016951,0.13087244
595.99965755,0.12727348
596.22915798,0.12799741
596.45867081,0.12328153
596.68819604,0.12685981
596.91773365,0.12470871
597.14728365,0.12042719
597.37684603,0.12195778
597.60642080,0.12495691
597.83600795,0.13310627
598.06560747,0.13201004
598.29521936,0.13316832
598.52484363,0.14117290
598.75448026,0.13871155
598.98412926,0.14024214
599.21379062,0.13856676
599.44346434,0.13703617
599.67315042,0.13443003
599.90284885,0.13095517
600.13255963,0.13163773
600.36228276,0.12752168
600.59201824,0.12456392
600.82176606,0.12547400
601.05152622,0.12160616
601.28129871,0.12073744
601.51108354,0.12481212
601.74088070,0.12406751
601.97069019,0.12899022
602.20051201,0.12979689
602.43034615,0.13536079
602.66019261,0.13947684
602.89005139,0.14282759
603.11992249,0.14448229
603.34980589,0.15250755
603.57970161,0.15141132
603.80960963,0.14808125
604.03952996,0.14837082
604.26946259,0.15842308
604.49940751,0.16036734
604.72936474,0.15598241
604.95933425,0.15412088
605.18931606,0.16032597
605.41931015,0.16059486
605.64931653,0.16355263
605.87933519,0.16518664
606.10936612,0.17099875
606.33940934,0.17625240
606.56946483,0.19414377
606.79953259,0.19271659
607.02961261,0.20039023
607.25970490,0.21315205
607.48980946,0.22535541
607.71992627,0.23168462
607.95005534,0.24322610
608.18019667,0.25482964
608.41035024,0.26163456
608.64051607,0.27969140
608.87069414,0.29528688
609.10088445,0.30240206
609.33108700,0.32064505
609.56130179,0.32844280
609.79152882,0.34569297
610.02176808,0.36267426
610.25201956,0.35047090
610.48228328,0.36277768
610.71255921,0.36890004
610.94284737,0.38484715
611.17314775,0.38292357
611.40346034,0.37204396
611.63378514,0.36135051
611.86412215,0.35045021
612.09447137,0.34178376
612.32483280,0.33708857
612.55520642,0.31510183
612.78559225,0.30444975
613.01599027,0.27989824
613.24640048,0.27110768
613.47682288,0.25602929
613.70725747,0.25172709
613.93770425,0.23060906
614.16816321,0.22341115
614.39863434,0.22266654
614.62911766,0.21317274
614.85961314,0.21662691
615.09012080,0.21031839
615.32064063,0.21040113
615.55117262,0.20415466
615.78171677,0.19784614
616.01227308,0.19064823
616.24284156,0.18413287
616.47342218,0.18163015
616.70401496,0.17902401
616.93461988,0.17319121
617.16523695,0.17304643
617.39586617,0.15896085
617.62650752,0.15660292
617.85716101,0.14431682
618.08782664,0.14510280
618.31850440,0.13252713
618.54919429,0.12973484
618.77989630,0.12446050
619.01061044,0.11434619
619.24133670,0.10867887
619.47207508,0.10977510
619.70282557,0.09947463
619.93358818,0.10181189
620.16436289,0.09124254
620.39514972,0.09138732
620.62594864,0.08038361
620.85675967,0.08203831
621.08758280,0.07899781
621.31841802,0.07395099
621.54926534,0.07182058
621.78012475,0.06602915
622.01099624,0.06207857
622.24187982,0.06460198
622.47277549,0.06497428
622.70368323,0.06267840
622.93460305,0.05475655
623.16553494,0.05684560
623.39647890,0.05467382
623.62743493,0.05405331
623.85840303,0.05299844
624.08938319,0.05051640
624.32037541,0.05390852
624.55137968,0.05190221
624.78239602,0.04551096
625.01342440,0.04681403
625.24446483,0.04598668
625.47551731,0.04499386
625.70658183,0.04586258
625.93765839,0.04879966
626.16874699,0.05012341
626.39984763,0.04340122
626.63096029,0.05190221
626.86208499,0.05082666
627.09322171,0.05663877
627.32437046,0.06036183
627.55553123,0.06094097
627.78670401,0.06602915
628.01788882,0.06882144
628.24908563,0.07825320
628.48029446,0.07204810
628.71151529,0.07492313
628.94274813,0.08234856
629.17399296,0.09103570
629.40524980,0.08933964
629.63651863,0.09711670
629.86779946,0.10007446
630.09909228,0.10917527
630.33039709,0.11384978
630.56171388,0.12251624
630.79304265,0.12214393
631.02438340,0.12675639
631.25573613,0.13169978
631.48710084,0.13519532
631.71847751,0.13747053
631.94986615,0.15050123
632.18126676,0.16045008
632.41267933,0.17015071
632.64410387,0.17017140
632.87554035,0.18043050
633.10698880,0.18152673
633.33844919,0.17974794
633.56992154,0.18694585
633.80140583,0.19174446
634.03290207,0.18998635
634.26441024,0.18330553
634.49593035,0.18994498
634.72746240,0.19480564
634.95900638,0.19399898
635.19056229,0.20450628
635.42213013,0.21824023
635.65370989,0.22665849
635.88530158,0.22876822
636.11690518,0.23195350
636.34852069,0.24177824
636.58014812,0.25855270
636.81178746,0.26777761
637.04343871,0.28322831
637.27510187,0.27896747
637.50677692,0.28790281
637.73846387,0.28521394
637.97016272,0.29778961
638.20187347,0.30099557
638.43359610,0.28719957
638.66533062,0.27627860
638.89707703,0.27423091
639.12883532,0.27491347
639.36060549,0.28175977
639.59238754,0.28308086
639.82418146,0.28698426
640.05598725,0.27227396
640.28780491,0.26326313
640.51963444,0.26085583
640.75147583,0.25193459
640.98332908,0.25372916
641.21519419,0.25590142
641.44707115,0.24594858
641.67895997,0.23572821
641.91086063,0.22565868
642.14277314,0.22112590
642.37469750,0.21618902
642.60663369,0.21831645
642.83858172,0.21785045
643.07054159,0.21261786
643.30251329,0.20073541
643.53449683,0.19976534
643.76649218,0.19673031
643.99849937,0.19324792
644.23051837,0.19745226
644.46254919,0.18853729
644.69459183,0.19246394
644.92664628,0.18094039
645.15871254,0.18591947
645.39079061,0.17428688
645.62288049,0.17261500
645.85498217,0.16243095
646.08709564,0.16337449
646.31922091,0.15695519
646.55135798,0.15462965
646.78350684,0.15340501
647.01566748,0.14778097
647.24783991,0.14614832
647.48002413,0.14268557
647.71222012,0.15204377
647.94442789,0.15035850
648.17664744,0.15138519
648.40887875,0.15308653
648.64112184,0.14749946
648.87337669,0.14022695
649.10564331,0.13529139
649.33792168,0.14758461
649.57021181,0.14407373
649.80251370,0.14199393
650.03482734,0.14178326
650.26715273,0.14150990
650.49948987,0.13794914
650.73183875,0.13450314
650.96419937,0.13237530
651.19657173,0.12685710
651.42895582,0.12835900
651.66135165,0.12827322
651.89375921,0.13230892
652.12617849,0.13218667
652.35860950,0.13620477
652.59105224,0.14000605
652.82350669,0.14023195
653.05597285,0.14302002
653.28845073,0.14297439
653.52094032,0.15015460
653.75344162,0.15204738
653.98595462,0.15648700
654.21847933,0.15460101
654.45101573,0.15034118
654.68356383,0.15425594
654.91612363,0.16156648
655.14869511,0.15228637
655.38127829,0.16276107
655.61387315,0.15719673
655.84647969,0.15723109
656.07909792,0.16041032
656.31172782,0.15841179
656.54436939,0.15015667
656.77702264,0.15741133
657.00968756,0.15500523
657.24236414,0.16160036
657.47505238,0.16247286
657.70775229,0.16113854
657.94046385,0.16217308
658.17318707,0.16661412
658.40592195,0.15856227
658.63866847,0.15988367
658.87142663,0.16320142
659.10419645,0.16187177
659.33697790,0.16247217
659.56977099,0.17063312
659.80257572,0.16192011
660.03539208,0.16208307
660.26822007,0.15911745
660.50105969,0.16537326
660.73391093,0.16597112
660.96677380,0.16574103
661.19964828,0.16515033
661.43253438,0.16691708
661.66543209,0.15885966
661.89834142,0.15759753
662.13126235,0.16000288
662.36419489,0.16042389
662.59713903,0.17740979
662.83009477,0.17195115
663.06306210,0.16989558
663.29604103,0.17408394
663.52903155,0.18337158
663.76203367,0.17850588
663.99504736,0.17927245
664.22807264,0.17718229
664.46110950,0.17419468
664.69415794,0.17552774
664.92721795,0.16776947
665.16028953,0.16727091
665.39337269,0.17321046
665.62646740,0.16750502
665.85957369,0.16707842
666.09269153,0.16275603
666.32582093,0.16926026
666.55896189,0.16883401
666.79211440,0.16957157
667.02527846,0.17333600
667.25845406,0.16328374
667.49164121,0.16419382
667.72483991,0.16398698
667.95805014,0.16458681
668.19127190,0.16371810
668.42450520,0.16272528
668.65775003,0.15308669
668.89100639,0.15519643
669.12427427,0.15792667
669.35755368,0.15558942
669.59084460,0.16026392
669.82414704,0.16744115
670.05746099,0.16510390
670.29078646,0.16138084
670.52412343,0.15608582
670.75747191,0.15761641
670.99083189,0.15691317
671.22420337,0.15602377
671.45758635,0.15364515
671.69098082,0.15962273
671.92438678,0.15813351
672.15780424,0.16291143
672.39123317,0.15447250
672.62467360,0.15763710
672.85812550,0.15186636
673.09158888,0.15873333
673.32506373,0.15085286
673.55855006,0.14903269
673.79204785,0.14311717
674.02555712,0.14458571
674.25907784,0.14212435
674.49261003,0.14518553
674.72615367,0.14096607
674.95970878,0.14890859
675.19327533,0.14890859
675.42685333,0.15225935
675.66044278,0.15436908
675.89404368,0.16291143
676.12765601,0.16047076
676.36127979,0.16477296
676.59491500,0.17110216
676.82856165,0.16615877
677.06221972,0.16229092
677.29588922,0.16568304
677.52957015,0.16644834
677.76326250,0.15860923
677.99696627,0.15182499
678.23068146,0.15873333
678.46440806,0.15643745
678.69814607,0.14779167
678.93189549,0.14706775
679.16565631,0.15134926
679.39942854,0.14071786
679.63321217,0.14495801
679.86700720,0.14615766
680.10081361,0.13922864
680.33463143,0.13958026
680.56846063,0.13540216
680.80230121,0.13815309
681.03615318,0.14621972
681.27001653,0.15221798
681.50389126,0.15680975
681.73777736,0.15509301
681.97167484,0.15161815
682.20558368,0.15321079
682.43950390,0.16131879
682.67343547,0.16200135
682.90737841,0.16446271
683.14133270,0.15889880
683.37529836,0.15672702
683.60927536,0.15350037
683.84326371,0.15575488
684.07726341,0.15583762
684.31127446,0.15571352
684.54529685,0.15842308
684.77933057,0.16876491
685.01337564,0.16979909
685.24743203,0.18007887
685.48149976,0.19466086
685.71557881,0.20558183
685.94966919,0.21433102
686.18377090,0.22485901
686.41788392,0.23530426
686.65200826,0.23911005
686.88614391,0.23797245
687.12029088,0.23844817
687.35444915,0.23590408
687.58861873,0.23859296
687.82279961,0.22903711
688.05699179,0.22430055
688.29119527,0.21782656
688.52541004,0.21526179
688.75963611,0.21530315
688.99387346,0.21269701
689.22812210,0.21358641
689.46238203,0.21546862
689.69665323,0.20746404
689.93093571,0.22533473
690.16522947,0.22655507
690.39953450,0.22483832
690.63385080,0.22742378
690.86817837,0.23780698
691.10251720,0.24916231
691.33686730,0.24947257
691.57122865,0.24322610
691.80560125,0.24312268
692.03998511,0.24810744
692.27438023,0.25472622
692.50878658,0.25123068
692.74320419,0.25108589
692.97763303,0.25029991
693.21207312,0.26173798
693.44652444,0.25553288
693.68098699,0.26277216
693.91546077,0.26037286
694.14994579,0.26664001
694.38444203,0.26399250
694.61894949,0.27375519
694.85346817,0.28579308
695.08799806,0.28053943
695.32253918,0.27431365
695.55709150,0.28750982
695.79165503,0.29474911
696.02622977,0.29352877
696.26081571,0.28581376
696.49541285,0.28244233
696.73002119,0.27311399
696.96464072,0.27139725
697.19927145,0.26827402
697.43391336,0.25867680
697.66856647,0.25021718
697.90323075,0.25232691
698.13790622,0.24881069
698.37259286,0.25830449
698.60729068,0.25627749
698.84199967,0.25904910
699.07671984,0.27069401
699.31145117,0.26692958
699.54619366,0.28355924
699.78094731,0.28480026
700.01571213,0.30107831
700.25048810,0.30577350
700.48527522,0.33034569
700.72007349,0.33233132
700.95488292,0.33783318
701.18970348,0.34666510
701.42453519,0.34335572
701.65937804,0.35003654
701.89423202,0.35264268
702.12909714,0.35086389
702.36397339,0.34922988
702.59886077,0.34579639
702.83375927,0.32711904
703.06866889,0.32536093
703.30358964,0.31036527
703.53852150,0.30552530
703.77346448,0.29288758
704.00841857,0.28076695
704.24338376,0.27108700
704.47836007,0.26457164
704.71334748,0.25770466
704.94834598,0.24490148
705.18335559,0.23954441
705.41837629,0.23344273
705.65340808,0.23292564
705.88845096,0.24076474
706.12350493,0.24769377
706.35856998,0.24231602
706.59364612,0.25445733
706.82873333,0.25778740
707.06383161,0.27069401
707.29894097,0.28155293
707.53406141,0.29673474
707.76919290,0.30633196
708.00433546,0.33260021
708.23948909,0.33936377
708.47465377,0.35196012
708.70982951,0.34519656
708.94501630,0.35433874
709.18021414,0.35146371
709.41542303,0.35241516
709.65064297,0.34529998
709.88587395,0.33373781
710.12111597,0.32457495
710.35636902,0.30451180
710.59163311,0.29234980
710.82690823,0.28815102
711.06219437,0.28035328
711.29749155,0.27176956
711.53279974,0.26810855
711.76811896,0.26833607
712.00344920,0.26060038
712.23879044,0.26616428
712.47414270,0.26175866
712.70950597,0.26430275
712.94488025,0.26479916
713.18026553,0.28341446
713.41566181,0.28068422
713.65106908,0.28235959
713.88648736,0.29584534
714.12191662,0.28440728
714.35735688,0.28451069
714.59280812,0.28235959
714.82827034,0.28798555
715.06374355,0.28988845
715.29922774,0.29261869
715.53472290,0.28895768
715.77022903,0.28169772
716.00574614,0.29102605
716.24127421,0.28074627
716.47681324,0.26912205
716.71236324,0.26517147
716.94792420,0.25487100
717.18349611,0.24196440
717.41907898,0.23964783
717.65467280,0.23116752
717.89027757,0.23561451
718.12589328,0.22126005
718.36151993,0.21013224
718.59715752,0.21261428
718.83280605,0.20148647
719.06846552,0.19426787
719.30413591,0.20268612
719.53981724,0.19979041
719.77550949,0.20018340
720.01121266,0.20632644
720.24692676,0.20851891
720.48265177,0.21124916
720.71838769,0.21652349
720.95413453,0.20686422
721.18989228,0.21582025
721.42566093,0.21360709
721.66144049,0.21253154
721.89723095,0.21364846
722.13303231,0.21662691
722.36884456,0.21513768
722.60466770,0.22800292
722.84050173,0.22270791
723.07634666,0.23282222
723.31220246,0.22583114
723.54806915,0.22585182
723.78394671,0.21799203
724.01983515,0.21164215
724.25573447,0.20903600
724.49164465,0.21840570
724.72756571,0.21240744
724.96349762,0.21828160
725.19944040,0.22097048
725.43539404,0.22878890
725.67135854,0.21929510
725.90733388,0.22113595
726.14332008,0.22967830
726.37931713,0.22326636
726.61532503,0.22382482
726.85134376,0.22297679
727.08737334,0.21962604
727.32341375,0.21896416
727.55946500,0.21354504
727.79552708,0.21635802
728.03159998,0.21414487
728.26768372,0.21023566
728.50377827,0.23480785
728.73988365,0.22713421
728.97599985,0.22581045
729.21212686,0.23797245
729.44826468,0.24163346
729.68441331,0.24126115
729.92057275,0.24045449
730.15674299,0.25220281
730.39292403,0.26279285
730.62911587,0.25145820
730.86531851,0.24483943
731.10153194,0.23129163
731.33775616,0.21708195
731.57399117,0.19991451
731.81023696,0.18702858
732.04649353,0.17641787
732.28276088,0.16442134
732.51903901,0.15666497
732.75532791,0.15649950
732.99162758,0.15612719
733.22793802,0.14638518
733.46425923,0.14249666
733.70059119,0.14137974
733.93693392,0.13078970
734.17328740,0.12917638
734.40965164,0.12737690
734.64602662,0.12654955
734.88241236,0.12824561
735.11880884,0.13132748
735.35521607,0.13118269
735.59163403,0.13060355
735.82806273,0.13978710
736.06450217,0.15064602
736.30095234,0.15720274
736.53741323,0.16853739
736.77388486,0.19029660
737.01036720,0.19844597
737.24686027,0.21352436
737.48336406,0.22456944
737.71987856,0.25102384
737.95640377,0.26980461
738.19293969,0.27764372
738.42948632,0.28833717
738.66604365,0.29526620
738.90261169,0.29075716
739.13919042,0.30227796
739.37577985,0.31011707
739.61237997,0.30914494
739.84899078,0.31487431
740.08561228,0.30686973
740.32224446,0.29698294
740.55888732,0.28438659
740.79554087,0.27278306
741.03220509,0.26883248
741.26887998,0.25243033
741.50556555,0.25058948
741.74226178,0.23621434
741.97896868,0.22947146
742.21568624,0.22208740
742.45241446,0.20390645
742.68915333,0.19854939
742.92590286,0.20187946
743.16266304,0.19327505
743.39943387,0.19126874
743.63621535,0.18748363
743.87300747,0.18390535
744.10981023,0.17439087
744.34662363,0.17712111
744.58344766,0.18022366
744.82028232,0.17985135
745.05712761,0.18119579
745.29398353,0.17945836
745.53085007,0.17410129
745.76772724,0.17606624
746.00461502,0.17046097
746.24151341,0.16148426
746.47842242,0.15846444
746.71534204,0.16237366
746.95227227,0.16260118
747.18921310,0.16117400
747.42616453,0.16458681
747.66312656,0.17494933
747.90009918,0.16545552
748.13708240,0.17412198
748.37407621,0.17892059
748.61108061,0.18216792
748.84809559,0.18189904
749.08512115,0.18748363
749.32215730,0.17579736
749.55920401,0.17770025
749.79626131,0.18779388
750.03332917,0.18812482
750.27040760,0.18613919
750.50749660,0.18990361
750.74459616,0.19499180
750.98170628,0.18951062
751.21882695,0.18955199
751.45595818,0.19224087
751.69309997,0.20494064
751.93025230,0.20678148
752.16741517,0.20456833
752.40458859,0.21089753
752.64177256,0.20938763
752.87896705,0.21937784
753.11617209,0.21774383
753.35338765,0.22690669
753.59061374,0.23218102
753.82785037,0.24436370
754.06509751,0.24479806
754.30235518,0.24401208
754.53962336,0.25141683
754.77690206,0.26171730
755.01419127,0.26471643
755.25149099,0.26097268
755.48880122,0.26717778
755.72612195,0.26953572
755.96345319,0.26641249
756.20079492,0.25681527
756.43814715,0.25106521
756.67550987,0.25458143
756.91288309,0.23975124
757.15026679,0.23807587
757.38766097,0.23404255
757.62506564,0.23013334
757.86248079,0.23050565
758.09990641,0.22183919
758.33734251,0.22510721
758.57478908,0.22436260
758.81224612,0.23062975
759.04971362,0.21954330
759.28719159,0.21203513
759.52468001,0.19602598
759.76217889,0.19248907
759.99968823,0.18100964
760.23720802,0.17836213
760.47473826,0.17329463
760.71227894,0.16644834
760.94983007,0.16162905
761.18739164,0.15670633
761.42496364,0.14361357
761.66254608,0.14903269
761.90013895,0.15424498
762.13774226,0.15647881
762.37535598,0.15664428
762.61298014,0.15217661
762.85061471,0.14911543
763.08825970,0.16437997
763.32591511,0.15918837
763.56358093,0.16131879
763.80125716,0.16615877
764.03894380,0.17213635
764.27664084,0.17997546
764.51434829,0.17705906
764.75206613,0.17927221
764.98979437,0.17774162
765.22753300,0.17786572
765.46528203,0.18369851
765.70304144,0.18593235
765.94081124,0.18098895
766.17859142,0.18851781
766.41638197,0.19685333
766.65418291,0.19108258
766.89199422,0.19451607
767.12981590,0.18845576
767.36764795,0.18781456
767.60549036,0.18620124
767.84334314,0.18936584
768.08120628,0.18326416
768.31907977,0.18022366
768.55696362,0.18522911
768.79485782,0.18229203
769.03276238,0.17703838
769.27067727,0.17461839
769.50860251,0.16361468
769.74653809,0.17079191
769.98448401,0.17236387
770.22244027,0.17097806
770.46040685,0.17875512
770.69838377,0.18326416
770.93637101,0.18903490
771.17436858,0.19825981
771.41237647,0.20971856
771.65039468,0.21615118
771.88842320,0.20887053
772.12646204,0.21631665
772.36451118,0.21011155
772.60257064,0.20094869
772.84064039,0.19577777
773.07872045,0.19819776
773.31681081,0.19317163
773.55491147,0.19122737
773.79302242,0.19753589
774.03114366,0.18309869
774.26927519,0.18291254
774.50741700,0.17571462
774.74556910,0.16915790
774.98373147,0.17265344
775.22190413,0.17075054
775.46008705,0.16799961
775.69828025,0.16957157
775.93648372,0.18107169
776.17469745,0.18142331
776.41292145,0.18299527
776.65115570,0.18605645
776.88940022,0.19689469
777.12765499,0.19408171
777.36592001,0.20010066
777.60419528,0.19484701
777.84248079,0.19526068
778.08077655,0.19480564
778.31908256,0.20117621
778.55739879,0.19271659
778.79572527,0.19631555
779.03406198,0.19720495
779.27240891,0.19670854
779.51076608,0.18872465
779.74913346,0.19364736
779.98751107,0.18522911
780.22589890,0.20293432
780.46429695,0.18706995
780.70270520,0.17850692
780.94112367,0.17544573
781.17955235,0.17974794
781.41799123,0.16938542
781.65644031,0.17031618
781.89489959,0.16318032
782.13336907,0.16481433
782.37184874,0.15796804
782.61033861,0.15457592
782.84883866,0.15685112
783.08734890,0.15298327
783.32586931,0.15298327
783.56439991,0.14727458
783.80294069,0.15335558
784.04149164,0.15858855
784.28005276,0.15709932
784.51862406,0.16584851
784.75720551,0.16942679
784.99579713,0.16529005
785.23439891,0.16620014
785.47301085,0.16289075
785.71163295,0.15898154
785.95026519,0.16051213
786.18890759,0.15691317
786.42756013,0.14926021
786.66622282,0.13606404
786.90489564,0.13796693
787.14357861,0.12648750
787.38227171,0.12808014
787.62097494,0.12394341
787.85968831,0.11877249
788.09841180,0.11482191
788.33714541,0.11523559
788.57588915,0.11556653
788.81464301,0.11711780
789.05340698,0.11906206
789.29218106,0.12179231
789.53096526,0.12377794
789.76975956,0.12867997
790.00856397,0.12754237
790.24737848,0.13672591
790.48620309,0.13569173
790.72503780,0.15407951
790.96388260,0.15215593
791.20273749,0.16220819
791.44160247,0.15848513
791.68047754,0.15809214
791.91936269,0.15691317
792.15825792,0.15875402
792.39716323,0.15614787
792.63607861,0.15602377
792.87500406,0.14930158
793.11393958,0.16216682
793.35288517,0.15573420
793.59184082,0.15759573
793.83080653,0.15335558
794.06978230,0.15199046
794.30876813,0.15867128
794.54776401,0.15039782
794.78676993,0.14245529
795.02578591,0.15240413
795.26481193,0.15492754
795.50384798,0.14967389
795.74289408,0.14533032
795.98195022,0.14857765
796.22101638,0.14590946
796.46009258,0.13927000
796.69917880,0.14067649
796.93827505,0.13587788
797.17738132,0.13784283
797.41649761,0.13552626
797.65562392,0.14497870
797.89476024,0.14158657
798.13390657,0.14235187
798.37306290,0.14260007
798.61222925,0.13418182
798.85140559,0.13523669
799.09059194,0.12750100
799.32978828,0.14034556
799.56899462,0.12712869
799.80821094,0.13225824
800.04743726,0.12717006
800.28667356,0.12255760
800.52591985,0.12266102
800.76517611,0.12429503
801.00444236,0.12692186
801.24371857,0.12119248
801.48300476,0.12381931
801.72230092,0.12330222
801.96160705,0.12228872
802.20092314,0.12793536
802.44024919,0.13308559
802.67958519,0.14247597
802.91893116,0.14803988
803.15828707,0.15335558
803.39765294,0.16506253
803.63702875,0.17374967
803.87641450,0.17116421
804.11581020,0.18148536
804.35521584,0.18020298
804.59463141,0.18109237
804.83405692,0.18444313
805.07349235,0.19139284
805.31293772,0.19490906
805.55239300,0.19426787
805.79185821,0.19743247
806.03133334,0.21011155
806.27081839,0.19689469
806.51031335,0.20500269
806.74981822,0.21098027
806.98933300,0.21435171
807.22885768,0.21594435
807.46839227,0.22157030
807.70793675,0.21776451
807.94749114,0.21745425
808.18705542,0.21764041
808.42662959,0.22485901
808.66621364,0.22105321
808.90580759,0.21807476
809.14541141,0.21358641
809.38502512,0.20380304
809.62464871,0.19759794
809.86428217,0.19575709
810.10392550,0.19093780
810.34357870,0.16791688
810.58324177,0.17058507
810.82291470,0.15434840
811.06259749,0.14971525
811.30229015,0.14506143
811.54199265,0.13263055
811.78170501,0.12183368
812.02142722,0.11002330
812.26115928,0.10030198
812.50090118,0.09128390
812.74065292,0.08485128
812.98041450,0.07757063
813.22018592,0.07945285
813.45996717,0.06611188
813.69975825,0.06646351
813.93955916,0.06280250
814.17936989,0.06069276
814.41919045,0.05521159
814.65902083,0.05876918
814.89886102,0.05022683
815.13871102,0.05177811
815.37857084,0.04865487
815.61844047,0.05181947
815.85831990,0.04861351
816.09820913,0.05194357
816.33810817,0.04809641
816.57801700,0.04822052
816.81793562,0.05012341
817.05786404,0.04993726
817.29780225,0.04518002
817.53775024,0.04840667
817.77770801,0.04888239
818.01767557,0.04629693
818.25765290,0.04828257
818.49764001,0.05210904
818.73763689,0.05504612
818.97764354,0.05283297
819.21765996,0.05957585
819.45768614,0.05907944
819.69772209,0.05996884
819.93776779,0.06404352
820.17782324,0.06071345
820.41788845,0.06054798
820.65796341,0.05969995
820.89804812,0.06009294
821.13814257,0.06456061
821.37824677,0.06586368
821.61836070,0.06749769
821.85848437,0.06855256
822.09861777,0.08005267
822.33876090,0.08230719
822.57891376,0.09120117
822.81907635,0.09370389
823.05924866,0.10646571
823.29943069,0.12059266
823.53962243,0.13612609
823.77982389,0.15031508
824.02003506,0.16469023
824.26025594,0.18758704
824.50048652,0.21340026
824.74072681,0.22138415
824.98097680,0.24899684
825.22123648,0.26072448
825.46150586,0.28953682
825.70178493,0.29237049
825.94207369,0.30225728
826.18237214,0.31247501
826.42268027,0.32430606
826.66299808,0.32927014
826.90332557,0.33462721
827.14366273,0.32587802
827.38400957,0.32294094
827.62436608,0.31222680
827.86473225,0.31781139
828.10510809,0.30519436
828.34549359,0.29814123
828.58588874,0.29032280
828.82629356,0.28674453
829.06670802,0.27191434
829.30713214,0.26275148
829.54756590,0.25636023
829.78800931,0.25063085
830.02846236,0.25133410
830.26892505,0.25487100
830.50939738,0.25356793
830.74987934,0.24330883
830.99037093,0.24417755
831.23087215,0.24086816
831.47138299,0.24221260
831.71190346,0.24192303
831.95243355,0.22740310
832.19297325,0.22037065
832.43352257,0.21582025
832.67408150,0.21217992
832.91465003,0.20148647
833.15522818,0.18754568
833.39581592,0.18872465
833.63641327,0.18324347
833.87702022,0.17317053
834.11763676,0.15784393
834.35826289,0.15302464
834.59889861,0.14599220
834.83954392,0.12834903
835.08019881,0.12146137
835.32086328,0.11236056
835.56153733,0.10925801
835.80222095,0.10321838
836.04291415,0.09345569
836.28361692,0.08611299
836.52432926,0.08127301
836.76505116,0.07651577
837.00578262,0.07484039
837.24652364,0.06882144
837.48727421,0.06549137
837.72803434,0.05996884
837.96880402,0.06149943
838.20958325,0.06108575
838.45037202,0.06274045
838.69117033,0.06027909
838.93197819,0.06141669
839.17279558,0.06102370
839.41362250,0.06793205
839.65445896,0.07126212
839.89530494,0.07465424
840.13616045,0.07339253
840.37702548,0.07575047
840.61790003,0.07914259
840.85878410,0.08311386
841.09967768,0.07531612
841.34058078,0.07630893
841.58149338,0.07684671
841.82241549,0.07529543
842.06334710,0.07304091
842.30428821,0.06935922
842.54523883,0.06695992
842.78619893,0.06671171
843.02716853,0.05996884
843.26814762,0.06143738
843.50913619,0.05485997
843.75013425,0.05649398
843.99114179,0.05434288
844.23215881,0.05543911
844.47318530,0.05318459
844.71422127,0.06104439
844.95526670,0.05643193
845.19632161,0.05537706
845.43738597,0.05374305
845.67845980,0.05597689
845.91954309,0.05699039
846.16063584,0.05808662
846.40173803,0.05734201
846.64284968,0.06491223
846.88397078,0.05938969
847.12510132,0.06774589
847.36624130,0.06559479
847.60739073,0.06869734
847.84854959,0.07132417
848.08971788,0.07903917
848.33089561,0.08005267
848.57208276,0.08327933
848.81327934,0.09345569
849.05448534,0.09446919
849.29570076,0.10079839
849.53692560,0.11353953
849.77815986,0.11608362
850.01940353,0.12152342
850.26065660,0.11829677
850.50191908,0.12625998
850.74319097,0.12739758
850.98447225,0.12925911
851.22576294,0.13050013
851.46706301,0.13141021
851.70837248,0.13149295
851.94969135,0.14049034
852.19101959,0.14603356
852.43235722,0.16177383
852.67370424,0.16458681
852.91506063,0.17226045
853.15642640,0.17863102
853.39780154,0.18022366
853.63918605,0.17538368
853.88057992,0.18247818
854.12198317,0.18158878
854.36339577,0.17633513
854.60481773,0.17414266
854.84624905,0.17736931
855.08768973,0.17290164
855.32913975,0.16636560
855.57059912,0.16204272
855.81206784,0.16404903
856.05354590,0.15629266
856.29503330,0.15509301
856.53653004,0.15072875
856.77803611,0.15304532
857.01955151,0.13744984
857.26107624,0.16518664
857.50261030,0.13457481
857.74415367,0.13366473
857.98570637,0.11573199
858.22726839,0.12249555
858.46883972,0.11114022
858.71042037,0.11225714
858.95201032,0.10557632
859.19360958,0.10052950
859.43521814,0.09910233
859.67683601,0.09506901
859.91846317,0.10861681
860.16009963,0.09093228
860.40174538,0.09103570
860.64340042,0.08960853
860.88506474,0.08718854
861.12673835,0.08739538
861.36842125,0.08845024
861.61011342,0.09051861
861.85181487,0.09153211
862.09352559,0.09260766
862.33524558,0.09633072
862.57697484,0.08793315
862.81871336,0.09175963
863.06046114,0.10044677
863.30221819,0.09659961
863.54398449,0.09804746
863.78576004,0.09591704
864.02754485,0.09662029
864.26933890,0.09676507
864.51114220,0.09500696
864.75295474,0.09728217
864.99477653,0.10278402
865.23660755,0.10079839
865.47844780,0.09573089
865.72029728,0.09089091
865.96215600,0.09271108
866.20402394,0.08933964
866.44590110,0.08851229
866.68778748,0.07738448
866.92968308,0.08236924
867.17158790,0.07939080
867.41350193,0.08406531
867.65542516,0.08106617
867.89735761,0.08437556
868.13929926,0.08280360
868.38125011,0.08098344
868.62321015,0.08538906
868.86517940,0.08524427
869.10715783,0.07601936
869.34914546,0.07982515
869.59114227,0.08274155
869.83314827,0.08791247
870.07516344,0.08631982
870.31718780,0.07848072
870.55922133,0.08576137
870.80126404,0.08718854
871.04331592,0.08989810
871.28537696,0.08681623
871.52744717,0.08092139
871.76952655,0.08090070
872.01161508,0.09053929
872.25371277,0.09297996
872.49581961,0.08741606
872.73793560,0.08559590
872.98006075,0.08346548
873.22219503,0.08644393
873.46433846,0.08919485
873.70649103,0.09306270
873.94865274,0.08600957
874.19082358,0.08530633
874.43300356,0.08861571
874.67519266,0.09192510
874.91739089,0.08627846
875.15959824,0.08340343
875.40181471,0.07450945
875.64404031,0.07903917
875.88627501,0.07517133
876.12851883,0.07663987
876.37077176,0.07572979
876.61303379,0.06803547
876.85530493,0.06834572
877.09758517,0.06724949
877.33987451,0.06915238
877.58217294,0.06948332
877.82448047,0.06679445
878.06679709,0.07477834
878.30912279,0.07471629
878.55145758,0.07790157
878.79380145,0.08152121
879.03615440,0.07525406
879.27851643,0.08193489
879.52088753,0.08102481
879.76326770,0.08218309
880.00565694,0.08842956
880.24805524,0.08936032
880.49046260,0.08894665
880.73287903,0.08394120
880.97530451,0.08811930
881.21773905,0.09101502
881.46018264,0.08996015
881.70263527,0.09473808
881.94509695,0.08921554
882.18756768,0.09420030
882.43004744,0.09529653
882.67253625,0.09775789
882.91503409,0.09275244
883.15754095,0.09360047
883.40005685,0.09161484
883.64258178,0.09142869
883.88511573,0.08766426
884.12765869,0.08677487
884.37021068,0.08096276
884.61277168,0.08414804
884.85534170,0.07479902
885.09792072,0.07461287
885.34050876,0.06886281
885.58310579,0.06844914
885.82571183,0.06791136
886.06832686,0.06185105
886.31095090,0.06369190
886.55358392,0.05943106
886.79622594,0.05632851
887.03887694,0.04865487
887.28153693,0.04946154
887.52420589,0.05335006
887.76688384,0.04954427
888.00957077,0.04398036
888.25226667,0.04114670
888.49497154,0.04242909
888.73768537,0.04455951
888.98040818,0.04087781
889.22313994,0.03771321
889.46588067,0.04292550
889.70863035,0.03694792
889.95138899,0.03734091
890.19415657,0.03829236
890.43693311,0.03777527
890.67971859,0.03620331
890.92251302,0.03268708
891.16531639,0.03336964
891.40812869,0.03250093
891.65094993,0.03076350
891.89378010,0.03425904
892.13661920,0.03318349
892.37946723,0.03490024
892.62232418,0.03258367
892.86519005,0.03647219
893.10806484,0.03622399
893.35094854,0.04358737
893.59384116,0.03709270
893.83674269,0.04288413
894.07965312,0.04203610
894.32257246,0.04412515
894.56550070,0.04650377
894.80843784,0.05411536
895.05138388,0.04987521
895.29433881,0.05475655
895.53730263,0.05084734
895.78027533,0.05492202
896.02325692,0.05252272
896.26624740,0.05409468
896.50924675,0.05717654
896.75225498,0.06013431
896.99527208,0.05883124
897.23829806,0.06032046
897.48133290,0.06069276
897.72437661,0.05914149
897.96742918,0.05887260
898.21049061,0.05814867
898.45356090,0.05595621
898.69664005,0.06038251
898.93972804,0.05620441
899.18282488,0.05978268
899.42593057,0.06218199
899.66904511,0.05928628
899.91216848,0.06427104
900.15530069,0.05932764
900.39844174,0.06166490
900.64159162,0.05506681
900.88475033,0.05763158
901.12791786,0.06294728
901.37109422,0.06453993
901.61427940,0.06613257
901.85747340,0.07093118
902.10067621,0.07062092
902.34388784,0.07726038
902.58710827,0.07663987
902.83033752,0.07612278
903.07357557,0.08119028
903.31682242,0.07959763
903.56007807,0.08125233
903.80334251,0.08265882
904.04661575,0.08212104
904.28989778,0.08683692
904.53318860,0.09002220
904.77648820,0.08733332
905.01979659,0.09318680
905.26311375,0.09480013
905.50643969,0.09887481
905.74977441,0.10123275
905.99311789,0.10431461
906.23647015,0.10594862
906.47983117,0.10284607
906.72320095,0.10381820
906.96657950,0.10567973
907.20996680,0.10009514
907.45336285,0.10812041
907.69676766,0.10321838
907.94018122,0.10894775
908.18360352,0.10747921
908.42703457,0.10869955
908.67047435,0.09988831
908.91392288,0.09647550
909.15738014,0.09322817
909.40084613,0.08958784
909.64432085,0.09140801
909.88780430,0.09297996
910.13129648,0.09229740
910.37479737,0.09397278
910.61830699,0.08578205
910.86182531,0.08503744
911.10535236,0.07823251
911.34888811,0.08350685
911.59243257,0.07624688
911.83598573,0.08234856
912.07954760,0.07808773
912.32311816,0.08125233
912.56669743,0.08625777
912.81028538,0.08009404
913.05388203,0.08253471
913.29748736,0.08603025
913.54110138,0.08389984
913.78472408,0.08114891
914.02835547,0.07889439
914.27199552,0.08435488
914.51564426,0.07653645
914.75930166,0.07889439
915.00296774,0.07612278
915.24664247,0.08555453
915.49032588,0.07752927
915.73401794,0.08067318
915.97771866,0.07608141
916.22142803,0.08580273
916.46514606,0.08371368
916.70887274,0.08828477
916.95260806,0.08152121
917.19635202,0.09256629
917.44010463,0.09099433
917.68386588,0.09610320
917.92763576,0.09537927
918.17141427,0.10956826
918.41520141,0.11471850
918.65899718,0.12059266
918.90280158,0.12522580
919.14661459,0.12985894
919.39043623,0.12696322
919.63426648,0.13103791
919.87810534,0.13476097
920.12195281,0.14069718
920.36580890,0.14038692
920.60967358,0.14684023
920.85354687,0.14874312
921.09742876,0.14621972
921.34131924,0.14297238
921.58521832,0.14555784
921.82912599,0.13622951
922.07304225,0.13430593
922.31696709,0.12276444
922.56090052,0.12251624
922.80484252,0.11198825
923.04879310,0.10489375
923.29275226,0.09662029
923.53671999,0.09165621
923.78069629,0.08028019
924.02468115,0.08230719
924.26867458,0.07190331
924.51267656,0.06569821
924.75668711,0.05957585
925.00070621,0.05593552
925.24473386,0.05053709
925.48877006,0.04724838
925.73281481,0.04577984
925.97686810,0.03775458
926.22092994,0.03849919
926.46500031,0.03614126
926.70907921,0.03039120
926.95316665,0.03132196
927.19726262,0.02784711
927.44136712,0.02619241
927.68548014,0.02164201
927.92960168,0.02522028
928.17373175,0.01851877
928.41787032,0.01920133
928.66201741,0.02048372
928.90617302,0.01827057
929.15033713,0.01669861
929.39450974,0.01595400
929.63869086,0.01841536
929.88288047,0.01835330
930.12707859,0.01907723
930.37128520,0.02464114
930.61550029,0.01963569
930.85972388,0.02447567
931.10395595,0.02286234
931.34819651,0.02586147
931.59244554,0.02886061
931.83670306,0.02627515
932.08096904,0.03264572
932.32524350,0.03746501
932.56952643,0.03957474
932.81381782,0.04191200
933.05811768,0.03928517
933.30242600,0.04811710
933.54674278,0.04764137
933.79106801,0.05165400
934.03540169,0.05026820
934.27974382,0.04842735
934.52409440,0.05173674
934.76845343,0.05825209
935.01282089,0.05357758
935.25719680,0.05800389
935.50158114,0.05893465
935.74597391,0.05533570
935.99037511,0.05303981
936.23478474,0.05126101
936.47920279,0.05324665
936.72362927,0.06085823
936.96806417,0.05696971
937.21250748,0.05876918
937.45695920,0.05759022
937.70141934,0.05181947
937.94588788,0.05028888
938.19036483,0.04749659
938.43485019,0.05035093
938.67934394,0.04838598
938.92384608,0.04675198
939.16835663,0.04793094
939.41287556,0.04786889
939.65740288,0.05399126
939.90193859,0.04908923
940.14648268,0.04687608
940.39103515,0.04108465
940.63559600,0.04470429
940.88016523,0.04040209
941.12474282,0.04429062
941.36932879,0.04166379
941.61392312,0.04708291
941.85852581,0.04877897
942.10313687,0.04445609
942.34775628,0.04317370
942.59238405,0.04149832
942.83702017,0.04253251
943.08166464,0.04170516
943.32631746,0.04464224
943.57097862,0.04170516
943.81564813,0.04251182
944.06032597,0.04515933
944.30501215,0.04255319
944.54970666,0.04526275
944.79440950,0.04298755
945.03912067,0.04298755
945.28384016,0.04664856
945.52856798,0.04164311
945.77330412,0.04238772
946.01804857,0.03696860
946.26280133,0.03392810
946.50756241,0.03729954
946.75233179,0.03947133
946.99710948,0.03556211
947.24189548,0.03914039
947.48668977,0.03527254
947.73149236,0.03845783
947.97630324,0.03297666
948.22112242,0.03289392
948.46594988,0.03448656
948.71078563,0.03314212
948.95562966,0.03876808
949.20048198,0.03008094
949.44534257,0.03351443
949.69021144,0.03365922
949.93508857,0.03585168
950.17997398,0.03268708
950.42486766,0.03109444
950.66976959,0.03554143
950.91467979,0.03070145
951.15959825,0.03285255
951.40452496,0.02910881
951.64945993,0.02770232
951.89440314,0.03308007
952.13935461,0.02350354
952.38431431,0.02445499
952.62928226,0.01926339
952.87425845,0.02399994
953.11924287,0.02519960
953.36423553,0.02168337
953.60923642,0.01713297
953.85424553,0.01967706
954.09926287,0.01671930
954.34428843,0.01624357
954.58932222,0.01589195
954.83436421,0.01843604
955.07941443,0.01535417
955.32447285,0.01322376
955.56953948,0.01762938
955.81461432,0.01587126
956.05969736,0.01241709
956.30478860,0.01028668
956.54988803,0.01065898
956.79499567,0.01005916
957.04011149,0.01206547
957.28523550,0.00954206
957.53036770,0.00890087
957.77550808,0.01237573
958.02065664,0.01208615
958.26581338,0.00966617
958.51097830,0.01394768
958.75615139,0.01303760
959.00133264,0.01665724
959.24652207,0.01359606
959.49171965,0.01936680
959.73692540,0.01856014
959.98213931,0.02025620
960.22736137,0.01742254
960.47259159,0.02259346
960.71782995,0.05043367
960.96307647,0.02360696
961.20833112,0.02478592
961.45359392,0.02867445
961.69886486,0.02815736
961.94414394,0.03276982
962.18943115,0.02960522
962.43472648,0.02745412
962.68002995,0.03413494
962.92534154,0.03221136
963.17066126,0.03359716
963.41598909,0.03382469
963.66132504,0.03523117
963.90666911,0.03667903
964.15202128,0.03367990
964.39738157,0.04259456
964.64274996,0.03709270
964.88812645,0.04290481
965.13351104,0.03700997
965.37890374,0.04077440
965.62430452,0.03825099
965.86971340,0.03942996
966.11513036,0.04153969
966.36055542,0.04002978
966.60598855,0.04102260
966.85142977,0.03729954
967.09687907,0.03531391
967.34233644,0.03572758
967.58780188,0.03649288
967.83327539,0.03537596
968.07875697,0.03971953
968.32424661,0.04685539
968.56974432,0.04143627
968.81525008,0.04069166
969.06076390,0.04278071
969.30628577,0.03872671
969.55181570,0.04203610
969.79735367,0.04265661
970.04289968,0.03508639
970.28845374,0.03998842
970.53401583,0.04002978
970.77958597,0.04404242
971.02516413,0.03971953
971.27075033,0.03854056
971.51634455,0.03781663
971.76194680,0.04242909
972.00755708,0.03624467
972.25317537,0.04201542
972.49880168,0.04073303
972.74443600,0.03895423
972.99007834,0.03721681
973.23572868,0.04145696
973.48138703,0.04445609
973.72705338,0.04259456
973.97272774,0.04458019
974.21841009,0.04660719
974.46410043,0.04786889
974.70979877,0.04633830
974.95550510,0.03998842
975.20121941,0.04358737
975.44694171,0.03936791
975.69267199,0.03903697
975.93841024,0.03518981
976.18415647,0.04224294
976.42991068,0.03928517
976.67567285,0.03514844
976.92144299,0.03322486
977.16722110,0.03190110
977.41300717,0.03942996
977.65880119,0.03835441
977.90460317,0.03353511
978.15041311,0.04213952
978.39623099,0.03599647
978.64205683,0.04005047
978.88789061,0.03779595
979.13373233,0.03781663
979.37958199,0.03760980
979.62543958,0.03616194
979.87130511,0.03887150
980.11717857,0.03835441
980.36305996,0.03423836
980.60894928,0.03641014
980.85484651,0.03388674
981.10075167,0.03698929
981.34666475,0.03248025
981.59258573,0.03099102
981.83851463,0.02776437
982.08445144,0.03132196
982.33039616,0.02635788
982.57634878,0.02433088
982.82230930,0.02466182
983.06827771,0.02466182
983.31425403,0.02362764
983.56023823,0.02095945
983.80623032,0.02387584
984.05223031,0.01868424
984.29823817,0.02126970
984.54425391,0.01913928
984.79027754,0.01707092
985.03630904,0.01996663
985.28234841,0.01733981
985.52839565,0.02267619
985.77445076,0.01988390
986.02051374,0.02147654
986.26658457,0.01702955
986.51266327,0.02497208
986.75874982,0.02271756
987.00484422,0.02308986
987.25094647,0.02898471
987.49705658,0.02532370
987.74317452,0.02488934
987.98930031,0.02408268
988.23543394,0.02656472
988.48157541,0.02397926
988.72772471,0.02759890
988.97388184,0.03216999
989.22004680,0.02191089
989.46621959,0.02867445
989.71240020,0.02608899
989.95858862,0.02919154
990.20478487,0.02575806
990.45098893,0.03427973
990.69720080,0.02507550
990.94342048,0.02623378
991.18964797,0.02685429
991.43588326,0.02389653
991.68212635,0.02172474
991.92837724,0.02509618
992.17463593,0.02379311
992.42090240,0.02246935
992.66717667,0.01973911
992.91345872,0.01868424
993.15974856,0.01653314
993.40604618,0.02098013
993.65235158,0.01611947
993.89866475,0.01812578
994.14498570,0.01564374
994.39131441,0.01667793
994.63765090,0.01938749
994.88399515,0.01494050
995.13034716,0.01599537
995.37670693,0.01599537
995.62307445,0.01351333
995.86944973,0.01125881
996.11583276,0.01297555
996.36222354,0.01446478
996.60862206,0.01281008
996.85502833,0.01496118
997.10144233,0.01276872
997.34786408,0.01235504
997.59429355,0.01349264
997.84073076,0.01338923
998.08717570,0.00844583
998.33362836,0.01444409
998.58008875,0.00921113
998.82655685,0.01570580
999.07303267,0.02025620
999.31951621,0.01649177
999.56600746,0.01274803
999.81250642,0.01419589
1000.05901309,0.01353401
1000.30552746,0.01425794
1000.55204953,0.01318239
1000.79857929,0.01688476
1001.04511676,0.01928407
1001.29166191,0.01798100
1001.53821476,0.01179658
1001.78477529,0.01607810
1002.03134351,0.01653314
1002.27791941,0.01783621
1002.52450299,0.01680203
1002.77109424,0.01713297
1003.01769317,0.01427862
1003.26429976,0.01570580
1003.51091403,0.01411315
1003.75753596,0.01626425
1004.00416555,0.01202410
1004.25080280,0.01909792
1004.49744771,0.01665724
1004.74410027,0.01312034
1004.99076048,0.01212752
1005.23742834,0.01152770
1005.48410384,0.01760869
1005.73078699,0.01258256
1005.97747778,0.01593332
1006.22417620,0.01105197
1006.47088226,0.01223094
1006.71759595,0.01355469
1006.96431727,0.01423726
1007.21104622,0.01152770
1007.45778279,0.01463025
1007.70452698,0.00865267
1007.95127879,0.01165180
1008.19803821,0.01320307
1008.44480524,0.01438204
1008.69157988,0.01549896
1008.93836213,0.01686408
1009.18515199,0.01103129
1009.43194944,0.01309965
1009.67875450,0.01496118
1009.92556715,0.01072103
1010.17238739,0.01496118
1010.41921522,0.01372016
1010.66605064,0.01190000
1010.91289364,0.01223094
1011.15974422,0.01231367
1011.40660239,0.01289282
1011.65346813,0.01264461
1011.90034144,0.01756733
1012.14722232,0.01427862
1012.39411078,0.01309965
1012.64100679,0.01510597
1012.88791037,0.01781553
1013.13482151,0.01489913
1013.38174020,0.01742254
1013.62866645,0.02131107
1013.87560025,0.02292439
1014.12254160,0.01667793
1014.36949049,0.02042167
1014.61644693,0.02306918
1014.86341091,0.02108355
1015.11038242,0.02277961
1015.35736147,0.02249004
1015.60434805,0.01984253
1015.85134216,0.01889108
1016.09834379,0.01827057
1016.34535295,0.01808442
1016.59236963,0.02027689
1016.83939383,0.01851877
1017.08642554,0.02089740
1017.33346476,0.01899450
1017.58051150,0.01872561
1017.82756574,0.01471298
1018.07462748,0.01609879
1018.32169673,0.01798100
1018.56877347,0.01305829
1018.81585771,0.01818784
1019.06294945,0.01473366
1019.31004867,0.01123812
1019.55715538,0.00939728
1019.80426957,0.01351333
1020.05139125,0.01657451
1020.29852041,0.01514734
1020.54565704,0.01045214
1020.79280114,0.01115539
1021.03995272,0.00759780
1021.28711177,0.01347196
1021.53427828,0.00956275
1021.78145225,0.01125881
1022.02863368,0.00805284
1022.27582257,0.00656362
1022.52301891,0.01276872
1022.77022270,0.01022462
1023.01743395,0.00792874
1023.26465263,0.00706002
1023.51187876,0.00348175
1023.75911234,0.00650157
1024.00635335,0.00521918
1024.25360179,0.00681182
1024.50085766,0.00625336
1024.74812097,0.00770122
1024.99539170,0.00548807
1025.24266985,0.00772190
1025.48995543,0.00399884
1025.73724842,0.00654293
1025.98454883,0.00757712
1026.23185665,0.00441251
1026.47917188,0.00377132
1026.72649452,0.00807352
1026.97382456,0.00883882
1027.22116200,0.00426773
1027.46850685,0.00530191
1027.71585908,0.00561217
1027.96321872,0.00677045
1028.21058574,0.00370927
1028.45796014,-0.00973511
1028.70534194,-0.00948691
1028.95273111,-0.01099681
1029.20012767,-0.01012810
1029.44753160,-0.01095545
1029.69494290,-0.01165869
