195.95165235,0.00097020
196.15151677,-0.00134798
196.35139989,-0.00175900
196.55130171,0.00076921
196.75122222,-0.00029830
196.95116143,-0.00185869
197.15111932,-0.00225311
197.35109589,-0.00150819
197.55109115,0.00178407
197.75110507,-0.00346340
197.95113767,-0.00235350
198.15118894,-0.01453248
198.35125887,-0.00044954
198.55134747,-0.00231613
198.75145472,-0.00139669
198.95158062,-0.00024725
199.15172517,-0.00310782
199.35188837,-0.00012658
199.55207021,-0.00607919
199.75227069,-0.00080981
199.95248980,-0.00008808
200.15272755,-0.00030807
200.35298392,0.00006200
200.55325891,-0.00286126
200.75355253,0.00031993
200.95386476,-0.00157711
201.15419561,-0.00135002
201.35454506,-0.00130579
201.55491312,-0.00129790
201.75529978,-0.00149953
201.95570504,-0.00003529
202.15612889,-0.00179325
202.35657133,-0.00308601
202.55703236,-0.00247926
202.75751198,-0.00106757
202.95801017,-0.00043305
203.15852694,-0.00095510
203.35906228,-0.00277184
203.55961619,-0.00601850
203.76018866,0.00014440
203.96077969,-0.00263351
204.16138928,-0.00184306
204.36201743,-0.00238970
204.56266412,-0.00224565
204.76332936,-0.00185976
204.96401315,-0.00427673
205.16471547,-0.00103225
205.36543633,0.00163998
205.56617572,-0.00296287
205.76693363,-0.00021617
205.96771007,-0.00112976
206.16850503,0.00072234
206.36931851,-0.00097246
206.57015050,-0.00058995
206.77100100,-0.00139291
206.97187001,-0.00014796
207.17275752,0.00067681
207.37366352,-0.00006539
207.57458802,-0.00196604
207.77553101,0.00071368
207.97649249,-0.00149956
208.17747245,-0.00069352
208.37847089,-0.00410073
208.57948781,-0.00211324
208.78052320,-0.00409484
208.98157706,0.00111191
209.18264938,0.00055183
209.38374017,0.00184268
209.58484941,0.00184656
209.78597710,-0.00196203
209.98712325,-0.00082412
210.18828784,-0.00250384
210.38947088,-0.00313565
210.59067235,-0.00472080
210.79189226,-0.00307189
210.99313061,-0.00193680
211.19438738,-0.00303813
211.39566257,-0.00385518
211.59695619,-0.00314131
211.79826822,-0.00150826
211.99959866,-0.00130563
212.20094752,-0.00240990
212.40231478,-0.00152338
212.60370044,-0.00118670
212.80510450,-0.00222464
213.00652696,-0.00258235
213.20796781,-0.00185778
213.40942704,-0.00334260
213.61090466,0.00157083
213.81240066,-0.00062127
214.01391504,0.00012483
214.21544779,-0.00293714
214.41699890,-0.00416864
214.61856839,-0.00065826
214.82015623,-0.00198718
215.02176243,0.00213637
215.22338699,-0.00397628
215.42502990,-0.00383942
215.62669115,-0.00249123
215.82837075,-0.00239997
216.03006868,0.00145736
216.23178496,-0.00091445
216.43351956,-0.00239371
216.63527249,-0.00251087
216.83704375,0.00031718
217.03883333,-0.00124394
217.24064123,-0.00525522
217.44246744,-0.00167355
217.64431195,-0.00367751
217.84617478,-0.00214960
218.04805591,-0.00094727
218.24995534,-0.00064635
218.45187306,-0.00468691
218.65380907,-0.00327506
218.85576337,-0.00122437
219.05773596,-0.00154760
219.25972683,-0.00408484
219.46173597,-0.00147045
219.66376339,-0.00282661
219.86580907,-0.00070641
220.06787302,-0.00410411
220.26995524,-0.00024712
220.47205571,-0.00488840
220.67417443,0.00494740
220.87631141,-0.00285738
221.07846663,0.00139560
221.28064010,0.00112871
221.48283181,0.00528327
221.68504175,-0.00634100
221.88726993,0.00008853
222.08951633,-0.00086634
222.29178096,0.00236670
222.49406382,-0.00048504
222.69636488,-0.00019553
222.89868417,-0.00486629
223.10102166,-0.00101522
223.30337736,0.00045545
223.50575126,0.00280464
223.70814337,-0.00151642
223.91055366,0.00176072
224.11298215,-0.00024350
224.31542883,-0.00142770
224.51789369,-0.00119834
224.72037673,-0.00076789
224.92287795,0.00133545
225.12539735,-0.00125648
225.32793491,-0.00191222
225.53049064,-0.00335618
225.73306453,-0.00403978
225.93565658,0.00024392
226.13826679,-0.00287260
226.34089514,0.00189921
226.54354164,0.00070869
226.74620629,-0.00193058
226.94888908,-0.00307624
227.15159000,0.00223027
227.35430906,0.00051684
227.55704625,-0.00014582
227.75980156,0.00249971
227.96257499,0.00087175
228.16536654,-0.00352265
228.36817621,-0.00169035
228.57100398,-0.00224742
228.77384987,0.00118390
228.97671385,-0.00057670
229.17959594,-0.00504112
229.38249612,-0.00009249
229.58541439,0.00031842
229.78835076,0.00153045
229.99130520,-0.00421313
230.19427773,-0.00306480
230.39726834,0.00083505
230.60027702,-0.00463506
230.80330377,-0.00151772
231.00634858,-0.00373160
231.20941146,-0.00217325
231.41249240,-0.00229027
231.61559139,0.00091219
231.81870844,0.00069986
232.02184353,-0.00156199
232.22499666,-0.00458809
232.42816784,-0.00019219
232.63135705,0.00219562
232.83456430,-0.00347147
233.03778958,-0.00151696
233.24103288,-0.00082001
233.44429420,-0.00464576
233.64757355,-0.00116218
233.85087090,-0.00257711
234.05418627,-0.00398030
234.25751965,0.00101550
234.46087103,-0.00070102
234.66424040,-0.00176512
234.86762778,-0.00342644
235.07103315,-0.00336936
235.27445650,-0.00311745
235.47789784,-0.00152151
235.68135717,-0.00318527
235.88483447,0.00176302
236.08832974,-0.00024320
236.29184299,-0.00230547
236.49537420,-0.00528055
236.69892338,0.00157284
236.90249051,-0.00320256
237.10607560,-0.00326224
237.30967864,-0.00089284
237.51329963,-0.00295520
237.71693857,-0.00080646
237.92059544,-0.00026936
238.12427025,-0.00540235
238.32796300,-0.00093586
238.53167367,0.00057471
238.73540228,0.00166584
238.93914880,0.00105882
239.14291324,-0.00282858
239.34669560,-0.00091977
239.55049587,-0.00264576
239.75431405,0.00041902
239.95815013,-0.00340335
240.16200411,-0.00304335
240.36587599,-0.00167322
240.56976576,-0.00046266
240.77367342,-0.00126428
240.97759896,-0.00324136
241.18154239,-0.00476445
241.38550369,0.00211603
241.58948287,-0.00170052
241.79347992,-0.00138565
241.99749484,-0.00337110
242.20152762,-0.00060350
242.40557826,-0.00201040
242.60964676,-0.00441975
242.81373311,0.00051175
243.01783730,-0.00505915
243.22195934,-0.00123855
243.42609923,0.00080139
243.63025695,-0.00227850
243.83443250,-0.00075729
244.03862589,-0.00132800
244.24283710,-0.00180476
244.44706613,-0.00430801
244.65131298,-0.00100635
244.85557765,-0.00127070
245.05986013,-0.00254834
245.26416042,-0.00101763
245.46847851,-0.00204215
245.67281440,-0.00150659
245.87716809,0.00106829
246.08153957,0.00045284
246.28592885,-0.00071520
246.49033590,-0.00108460
246.69476074,-0.00210862
246.89920336,-0.00494802
247.10366375,-0.00222250
247.30814192,-0.00262495
247.51263785,-0.00304727
247.71715155,-0.00223494
247.92168300,-0.00332915
248.12623221,0.00084669
248.33079918,-0.00107082
248.53538389,-0.00015451
248.73998635,-0.00093657
248.94460655,-0.00135845
249.14924448,-0.00152619
249.35390016,0.00008314
249.55857356,-0.00599475
249.76326469,-0.00046885
249.96797354,-0.00090776
250.17270011,-0.00077077
250.37744440,0.00057391
250.58220640,0.00062697
250.78698610,-0.00065124
250.99178352,-0.00151080
251.19659863,-0.00150113
251.40143144,-0.00277301
251.60628194,-0.00208875
251.81115014,-0.00164111
252.01603602,0.00309864
252.22093958,-0.00198942
252.42586082,0.00064246
252.63079974,0.00299128
252.83575632,-0.00437388
253.04073058,0.00044933
253.24572250,0.00118216
253.45073208,-0.00361753
253.65575931,-0.00086939
253.86080420,-0.00035430
254.06586674,-0.00036902
254.27094692,-0.00274401
254.47604475,-0.00093740
254.68116021,0.00357158
254.88629331,0.00164513
255.09144404,-0.00256309
255.29661240,-0.00494480
255.50179838,0.00217521
255.70700198,0.00000569
255.91222319,0.00001229
256.11746202,0.00051710
256.32271846,-0.00265084
256.52799250,-0.00061056
256.73328414,0.00210476
256.93859338,-0.00209454
257.14392021,0.00136490
257.34926464,0.00046130
257.55462665,-0.00073106
257.76000624,-0.00053408
257.96540341,-0.00266021
258.17081816,0.00032785
258.37625048,-0.00043162
258.58170037,-0.00401412
258.78716782,-0.00163913
258.99265284,-0.00125090
259.19815541,-0.00407076
259.40367553,-0.00192925
259.60921320,0.00001710
259.81476842,-0.00332835
260.02034118,-0.00095560
260.22593148,-0.00122170
260.43153931,-0.00078074
260.63716468,-0.00234855
260.84280757,-0.00358932
261.04846799,-0.00080446
261.25414593,-0.00322802
261.45984138,0.00194803
261.66555434,-0.00221929
261.87128482,-0.00534849
262.07703280,0.00184428
262.28279828,0.00128627
262.48858126,-0.00220363
262.69438173,-0.00020449
262.90019970,-0.00113444
263.10603515,-0.00262876
263.31188808,0.00238022
263.51775850,-0.00174217
263.72364639,-0.00502519
263.92955175,-0.00133192
264.13547458,-0.00079057
264.34141487,-0.00113645
264.54737263,-0.00143637
264.75334784,0.00112095
264.95934051,-0.00165291
265.16535062,0.00041899
265.37137818,-0.00025675
265.57742319,-0.00320788
265.78348563,-0.00087428
265.98956551,-0.00159868
266.19566282,0.00109361
266.40177756,-0.00036400
266.60790972,0.00224750
266.81405931,-0.00463341
267.02022631,-0.00168617
267.22641072,-0.00571003
267.43261254,-0.00367430
267.63883177,-0.00102347
267.84506840,0.00017116
268.05132243,0.00035699
268.25759385,0.00003042
268.46388266,-0.00400063
268.67018886,-0.00353871
268.87651245,-0.00135604
269.08285341,-0.00307902
269.28921175,-0.00281520
269.49558746,0.00052403
269.70198054,-0.00161371
269.90839099,0.00143471
270.11481880,-0.00325977
270.32126396,0.00026339
270.52772648,-0.00316329
270.73420635,-0.00183102
270.94070356,0.00061509
271.14721812,-0.00214137
271.35375002,0.00002667
271.56029925,-0.00106787
271.76686582,-0.00175471
271.97344971,-0.00354462
272.18005093,-0.00293058
272.38666947,-0.00208773
272.59330532,-0.00223360
272.79995849,-0.00393286
273.00662897,-0.00211411
273.21331676,-0.00105583
273.42002184,0.00096298
273.62674423,0.00012242
273.83348391,0.00253819
274.04024088,-0.00471474
274.24701514,0.00308683
274.45380668,-0.00368480
274.66061550,-0.00106928
274.86744160,0.00101884
275.07428498,-0.00092971
275.28114562,-0.00354205
275.48802352,-0.00254366
275.69491869,-0.00366115
275.90183112,-0.00364522
276.10876080,-0.00056285
276.31570773,-0.00127679
276.52267191,-0.00271420
276.72965333,-0.00048936
276.93665199,-0.00131570
277.14366789,-0.00104064
277.35070102,0.00097599
277.55775137,0.00000225
277.76481895,-0.00192185
277.97190376,0.00058073
278.17900578,0.00068216
278.38612501,0.00081481
278.59326146,-0.00531962
278.80041511,-0.00064448
279.00758596,-0.00294169
279.21477401,0.00059629
279.42197926,-0.00472993
279.62920170,-0.00514803
279.83644133,0.00009705
280.04369814,-0.00209587
280.25097213,-0.00031784
280.45826330,-0.00368393
280.66557164,-0.00194597
280.87289715,0.00041420
281.08023982,-0.00369266
281.28759966,0.00160850
281.49497666,-0.00334360
281.70237081,-0.00214184
281.90978211,0.00446680
282.11721056,-0.00035052
282.32465616,-0.00012658
282.53211889,-0.00425228
282.73959876,0.00020785
282.94709576,0.00206494
283.15460989,-0.00273839
283.36214115,-0.00035975
283.56968952,-0.00050708
283.77725502,-0.00088240
283.98483763,0.00216129
284.19243735,-0.00199903
284.40005417,0.00043872
284.60768810,-0.00007737
284.81533913,0.00266772
285.02300725,0.00177196
285.23069247,0.00060311
285.43839477,-0.00139301
285.64611416,0.00271035
285.85385063,0.00079982
286.06160417,0.00131254
286.26937479,-0.00144466
286.47716248,-0.00085537
286.68496724,0.00024057
286.89278906,-0.00215593
287.10062793,-0.00291355
287.30848386,-0.00457919
287.51635685,-0.00282279
287.72424688,-0.00069352
287.93215395,0.00187235
288.14007806,0.00306318
288.34801921,0.00112590
288.55597740,0.00061248
288.76395261,-0.00021179
288.97194485,0.00165423
289.17995411,-0.00317938
289.38798039,-0.00579570
289.59602368,0.00196689
289.80408398,-0.00169058
290.01216129,-0.00018857
290.22025561,-0.00112668
290.42836692,0.00003396
290.63649523,-0.00305998
290.84464053,0.00053393
291.05280282,-0.00025300
291.26098209,-0.00181045
291.46917835,0.00145535
291.67739158,0.00385500
291.88562179,-0.00292238
292.09386897,-0.00006841
292.30213311,-0.00195748
292.51041422,-0.00184895
292.71871228,-0.00148561
292.92702730,-0.00227128
293.13535928,-0.00007510
293.34370820,-0.00353178
293.55207406,-0.00142395
293.76045686,-0.00573110
293.96885661,-0.00025033
294.17727328,0.00157448
294.38570689,0.00033732
294.59415742,0.00100801
294.80262487,0.00177664
295.01110924,-0.00281189
295.21961052,-0.00186728
295.42812872,0.00018497
295.63666382,-0.00132383
295.84521583,-0.00299073
296.05378474,-0.00208192
296.26237054,0.00150707
296.47097324,0.00021819
296.67959282,-0.00102806
296.88822929,0.00045174
297.09688264,0.00065416
297.30555287,-0.00111919
297.51423998,0.00053440
297.72294395,-0.00190830
297.93166479,-0.00238957
298.14040250,0.00274333
298.34915706,-0.00034630
298.55792848,-0.00308788
298.76671675,-0.00009196
298.97552187,0.00278772
299.18434383,0.00139359
299.39318264,0.00009529
299.60203828,0.00069494
299.81091075,-0.00066144
300.01980006,-0.00154867
300.22870619,0.00046833
300.43762914,0.00044745
300.64656892,-0.00165716
300.85552550,0.00040517
301.06449890,0.00223687
301.27348911,0.00172154
301.48249612,0.00033866
301.69151993,-0.00306801
301.90056054,-0.00246029
302.10961794,-0.00229687
302.31869213,-0.00079991
302.52778310,-0.00052344
302.73689086,-0.00036129
302.94601539,-0.00151558
303.15515670,0.00158090
303.36431478,-0.00629155
303.57348963,0.00065567
303.78268124,-0.00046818
303.99188961,-0.00004867
304.20111474,-0.00103649
304.41035662,0.00058595
304.61961524,-0.00156774
304.82889062,-0.00221771
305.03818273,-0.00007617
305.24749158,0.00036693
305.45681716,-0.00265047
305.66615948,-0.00520136
305.87551852,-0.00544253
306.08489429,0.00093190
306.29428677,0.00089627
306.50369597,-0.00151067
306.71312188,-0.00248200
306.92256450,-0.00315539
307.13202382,-0.00489409
307.34149984,-0.00166797
307.55099256,-0.00070302
307.76050198,-0.00138244
307.97002808,0.00302467
308.17957087,-0.00004398
308.38913034,0.00227838
308.59870649,-0.00285109
308.80829931,-0.00088471
309.01790881,-0.00094406
309.22753497,-0.00122665
309.43717780,-0.00620280
309.64683728,-0.00084494
309.85651343,-0.00140977
310.06620622,-0.00307389
310.27591567,-0.00270965
310.48564176,-0.00309832
310.69538449,0.00172546
310.90514386,0.00013071
311.11491986,-0.00183129
311.32471250,0.00047820
311.53452176,-0.00245560
311.74434764,-0.00288060
311.95419014,0.00102249
312.16404926,-0.00365365
312.37392499,0.00012492
312.58381733,0.00123817
312.79372628,-0.00246534
313.00365182,-0.00112548
313.21359397,-0.00130111
313.42355270,-0.00352231
313.63352803,-0.00287454
313.84351994,-0.00056921
314.05352843,-0.00428101
314.26355351,-0.00146738
314.47359516,-0.00212495
314.68365338,-0.00095774
314.89372816,0.00116731
315.10381952,-0.00524559
315.31392743,-0.00119647
315.52405190,0.00199275
315.73419292,-0.00301017
315.94435049,-0.00697766
316.15452461,-0.00178131
316.36471526,0.00151922
316.57492246,-0.00092021
316.78514619,-0.00190027
316.99538646,-0.00334828
317.20564324,0.00305852
317.41591656,-0.00075060
317.62620639,-0.00263040
317.83651274,0.00080698
318.04683560,-0.00194878
318.25717497,-0.00291587
318.46753084,-0.00150512
318.67790322,-0.00089475
318.88829209,-0.00243045
319.09869746,0.00042915
319.30911932,-0.00033349
319.51955766,0.00194077
319.73001249,-0.00103706
319.94048380,-0.00194597
320.15097158,-0.00101843
320.36147583,-0.00001562
320.57199655,-0.00170433
320.78253374,0.00201175
320.99308739,-0.00207657
321.20365749,0.00039195
321.41424405,-0.00472504
321.62484706,-0.00089545
321.83546651,-0.00020195
322.04610240,-0.00073323
322.25675474,0.00014142
322.46742351,0.00175831
322.67810870,-0.00231560
322.88881033,-0.00202636
323.09952838,-0.00069607
323.31026285,-0.00529824
323.52101374,-0.00094975
323.73178104,-0.00256266
323.94256475,-0.00299100
324.15336487,0.00080558
324.36418138,-0.00211638
324.57501430,-0.00319119
324.78586360,-0.00051589
324.99672930,-0.00287712
325.20761139,-0.00002980
325.41850986,-0.00168911
325.62942471,-0.00136648
325.84035593,-0.00114505
326.05130353,-0.00028355
326.26226749,-0.00294570
326.47324782,-0.00031449
326.68424451,0.00170013
326.89525756,-0.00167479
327.10628696,-0.00371554
327.31733271,-0.00095801
327.52839481,-0.00236849
327.73947325,-0.00064860
327.95056803,-0.00045215
328.16167915,-0.00328900
328.37280659,0.00094554
328.58395037,0.00015376
328.79511046,-0.00127521
329.00628688,0.00294629
329.21747962,-0.00032412
329.42868867,-0.00163257
329.63991403,-0.00011741
329.85115569,-0.00107677
330.06241365,-0.00105579
330.27368792,-0.00259360
330.48497848,0.00088811
330.69628533,-0.00366981
330.90760846,-0.00130419
331.11894788,-0.00239238
331.33030358,0.00028534
331.54167556,-0.00283032
331.75306381,-0.00101950
331.96446832,-0.00128716
332.17588911,0.00124356
332.38732615,-0.00213716
332.59877945,0.00117681
332.81024901,0.00058023
333.02173481,-0.00024611
333.23323686,-0.00111157
333.44475516,0.00067246
333.65628969,-0.00214853
333.86784046,-0.00220119
334.07940747,-0.00101709
334.29099070,-0.00149310
334.50259015,0.00263410
334.71420583,0.00174101
334.92583772,-0.00086220
335.13748582,-0.00291784
335.34915014,0.00015510
335.56083066,-0.00085082
335.77252739,0.00012526
335.98424031,-0.00006195
336.19596943,0.00028182
336.40771473,-0.00175019
336.61947623,0.00032230
336.83125391,0.00161800
337.04304777,-0.00119985
337.25485781,-0.00299408
337.46668402,-0.00377114
337.67852640,-0.00069339
337.89038494,-0.00071042
338.10225965,-0.00159905
338.31415051,-0.00207657
338.52605753,0.00060846
338.73798070,-0.00119952
338.94992001,-0.00135042
339.16187547,0.00085783
339.37384707,-0.00195801
339.58583481,0.00024476
339.79783867,-0.00120128
340.00985867,-0.00311990
340.22189479,-0.00160193
340.43394703,-0.00114693
340.64601539,0.00114788
340.85809986,-0.00212521
341.07020044,0.00221502
341.28231713,-0.00222036
341.49444992,0.00129360
341.70659882,0.00141139
341.91876380,0.00027932
342.13094488,-0.00331098
342.34314204,-0.00241282
342.55535529,-0.00069941
342.76758462,-0.00194142
342.97983003,0.00042762
343.19209151,-0.00327482
343.40436906,-0.00259859
343.61666268,-0.00042221
343.82897235,0.00004386
344.04129809,-0.00025769
344.25363988,0.00025228
344.46599772,-0.00239050
344.67837161,-0.00003007
344.89076154,-0.00254997
345.10316751,0.00034535
345.31558952,0.00012563
345.52802756,-0.00006008
345.74048163,-0.00494768
345.95295173,-0.00173962
346.16543784,-0.00090843
346.37793998,-0.00060778
346.59045813,-0.00252890
346.80299228,-0.00378369
347.01554245,-0.00034882
347.22810862,-0.00482915
347.44069079,0.00038824
347.65328895,-0.00446162
347.86590310,0.00098917
348.07853325,0.00057696
348.29117938,-0.00185778
348.50384148,-0.00064234
348.71651957,0.00107123
348.92921363,0.00007806
349.14192366,0.00046515
349.35464966,0.00133278
349.56739161,0.00109539
349.78014953,0.00021211
349.99292340,-0.00013699
350.20571322,-0.00101522
350.41851899,0.00030313
350.63134071,-0.00154563
350.84417836,-0.00208099
351.05703196,0.00077480
351.26990148,-0.00269865
351.48278693,-0.00262535
351.69568831,-0.00101535
351.90860561,0.00327544
352.12153883,0.00159940
352.33448796,-0.00158326
352.54745301,-0.00229081
352.76043396,0.00207771
352.97343081,-0.00304134
353.18644357,0.00079042
353.39947222,0.00124325
353.61251676,-0.00127130
353.82557719,0.00171823
354.03865351,-0.00058500
354.25174570,-0.00233892
354.46485378,0.00323466
354.67797773,-0.00097139
354.89111754,0.00023696
355.10427323,0.00003939
355.31744478,0.00022937
355.53063218,-0.00189693
355.74383545,-0.00035845
355.95705456,-0.00129643
356.17028952,-0.00046069
356.38354033,-0.00056619
356.59680697,-0.00120018
356.81008946,-0.00013217
357.02338777,-0.00139421
357.23670192,-0.00106961
357.45003189,-0.00068509
357.66337769,-0.00364215
357.87673930,-0.00092021
358.09011673,-0.00252355
358.30350996,0.00225038
358.51691901,-0.00405610
358.73034386,-0.00246641
358.94378451,0.00030340
359.15724095,-0.00179228
359.37071319,-0.00553938
359.58420122,-0.00237521
359.79770503,-0.00103439
360.01122463,-0.00031576
360.22476000,0.00081300
360.43831115,0.00179537
360.65187806,-0.00119673
360.86546075,-0.00200407
361.07905919,-0.00138538
361.29267340,-0.00347655
361.50630336,-0.00243225
361.71994907,-0.00179415
361.93361053,0.00096017
362.14728774,0.00086646
362.36098069,0.00025302
362.57468937,0.00024586
362.78841379,0.00112081
363.00215394,0.00061894
363.21590981,-0.00285758
363.42968141,-0.00299207
363.64346873,-0.00332393
363.85727176,-0.00384585
364.07109050,0.00173245
364.28492495,0.00079704
364.49877510,0.00076875
364.71264096,-0.00110952
364.92652251,-0.00390312
365.14041975,0.00006334
365.35433268,0.00145973
365.56826130,-0.00071694
365.78220560,-0.00257974
365.99616558,-0.00146323
366.21014124,-0.00326191
366.42413256,0.00244772
366.63813955,-0.00303897
366.85216221,0.00091638
367.06620052,-0.00023962
367.28025449,-0.00016512
367.49432411,-0.00096992
367.70840938,0.00167186
367.92251030,-0.00085885
368.13662686,-0.00123186
368.35075905,0.00136439
368.56490688,-0.00525736
368.77907034,-0.00036805
368.99324943,-0.00049712
369.20744414,-0.00089599
369.42165446,-0.00119834
369.63588041,-0.00001297
369.85012196,0.00010887
370.06437912,-0.00238442
370.27865189,0.00070428
370.49294026,-0.00322651
370.70724422,0.00126817
370.92156378,-0.00258751
371.13589893,-0.00111491
371.35024966,0.00089346
371.56461598,0.00130966
371.77899788,-0.00068188
371.99339534,0.00181311
372.20780838,0.00210583
372.42223699,0.00271783
372.63668116,-0.00030981
372.85114090,0.00221696
373.06561618,0.00098687
373.28010703,0.00164319
373.49461342,-0.00036701
373.70913535,0.00127209
373.92367283,-0.00313890
374.13822584,-0.00211464
374.35279439,0.00168381
374.56737847,0.00091631
374.78197808,0.00030648
374.99659321,0.00074981
375.21122386,0.00352815
375.42587002,-0.00049792
375.64053170,-0.00619765
375.85520888,-0.00117609
376.06990157,-0.00139960
376.28460976,-0.00179910
376.49933345,0.00421245
376.71407263,0.00311309
376.92882731,-0.00055727
377.14359746,-0.00091579
377.35838311,-0.00192720
377.57318422,-0.00104264
377.78800082,-0.00119245
378.00283289,-0.00137063
378.21768042,0.00331833
378.43254342,-0.00300706
378.64742188,-0.00161424
378.86231579,-0.00073209
379.07722516,0.00106869
379.29214998,0.00049827
379.50709024,0.00081565
379.72204595,0.00049543
379.93701709,0.00000908
380.15200367,-0.00221848
380.36700568,0.00154768
380.58202311,0.00314524
380.79705597,0.00183883
381.01210425,0.00265300
381.22716795,0.00076821
381.44224706,-0.00109875
381.65734157,-0.00096734
381.87245150,-0.00274970
382.08757682,0.00029323
382.30271754,-0.00351883
382.51787365,0.00232997
382.73304516,0.00238115
382.94823205,0.00402909
383.16343433,0.00040216
383.37865198,-0.00049989
383.59388501,-0.00061936
383.80913341,0.00223252
384.02439718,0.00492297
384.23967631,0.00092915
384.45497081,0.00493335
384.67028066,0.00110395
384.88560586,0.00088209
385.10094642,0.00275992
385.31630232,0.00036462
385.53167356,0.00059990
385.74706014,0.00076975
385.96246206,0.00175082
386.17787931,0.00001550
386.39331188,0.00008087
386.60875978,0.00380200
386.82422300,-0.00008229
387.03970154,0.00138811
387.25519539,0.00319241
387.47070454,0.00026269
387.68622901,0.00083371
387.90176877,0.00111158
388.11732383,0.00314644
388.33289419,-0.00221771
388.54847984,0.00132809
388.76408077,0.00168541
388.97969699,0.00046405
389.19532849,0.00406529
389.41097526,0.00052049
389.62663730,0.00405675
389.84231462,0.00106227
390.05800720,0.00036011
390.27371504,0.00008993
390.48943813,0.00270699
390.70517648,0.00331686
390.92093008,0.00030832
391.13669893,0.00123817
391.35248302,0.00130825
391.56828235,0.00329692
391.78409691,0.00054082
391.99992671,0.00195599
392.21577173,0.00425862
392.43163198,0.00087272
392.64750745,0.00309182
392.86339813,0.00526427
393.07930403,0.00264845
393.29522514,0.00407770
393.51116145,0.00236189
393.72711297,0.00630542
393.94307968,0.00538992
394.15906159,0.00502333
394.37505869,0.00102855
394.59107097,0.00425634
394.80709844,0.00224918
395.02314109,0.00463520
395.23919892,0.00235633
395.45527192,0.00296653
395.67136009,0.00429906
395.88746342,0.00145000
396.10358191,0.00336255
396.31971556,0.00106080
396.53586437,0.00552739
396.75202832,0.00307666
396.96820743,0.00324386
397.18440167,-0.00026852
397.40061106,0.00158197
397.61683558,0.00354184
397.83307523,0.00217832
398.04933001,0.00652448
398.26559992,0.00457398
398.48188494,0.00216314
398.69818509,0.00273155
398.91450034,0.00313427
399.13083071,0.00180892
399.34717618,0.00539291
399.56353676,0.00105678
399.77991243,0.00448624
399.99630320,0.00789143
400.21270906,0.00557727
400.42913001,0.00525340
400.64556604,0.00414253
400.86201715,0.00286650
401.07848334,0.00422259
401.29496460,0.00183516
401.51146093,0.00363226
401.72797232,0.00550072
401.94449878,0.00440651
402.16104030,0.00390692
402.37759687,0.00493415
402.59416849,0.00594057
402.81075515,0.00210239
403.02735686,0.00443388
403.24397361,0.00636424
403.46060540,0.00427431
403.67725222,0.00410242
403.89391407,0.00206810
404.11059094,0.00373222
404.32728283,0.00657723
404.54398974,0.00405953
404.76071167,0.00592345
404.97744860,0.00753224
405.19420054,0.00755382
405.41096749,0.00635153
405.62774943,0.00570533
405.84454637,0.00363109
406.06135830,0.00095994
406.27818521,0.00392174
406.49502712,-0.00084410
406.71188400,0.00543830
406.92875586,0.00669195
407.14564269,0.00326641
407.36254449,0.00710902
407.57946126,0.00253497
407.79639299,-0.00039177
408.01333968,0.00663648
408.23030132,0.00607286
408.44727792,0.00785431
408.66426946,0.00887903
408.88127594,0.00546179
409.09829737,0.00582727
409.31533373,0.00452645
409.53238502,0.00305846
409.74945125,0.00558971
409.96653239,0.00436333
410.18362846,0.00392555
410.40073945,0.00731626
410.61786535,0.00819874
410.83500616,0.00678037
411.05216188,0.00834046
411.26933250,0.00651267
411.48651803,0.00632001
411.70371844,0.00907296
411.92093375,0.00686745
412.13816395,0.00569570
412.35540903,0.00604793
412.57266899,0.00690713
412.78994383,0.00381368
413.00723355,0.00305325
413.22453813,0.00655422
413.44185758,0.00713488
413.65919189,0.00386015
413.87654106,0.00656389
414.09390509,0.00581252
414.31128396,0.00409429
414.52867769,0.00900900
414.74608626,0.00777198
414.96350966,0.00669547
415.18094791,0.00609185
415.39840099,0.00502036
415.61586890,0.00560668
415.83335163,0.00543415
416.05084918,0.00404696
416.26836156,0.00524661
416.48588875,0.00639000
416.70343074,0.00530435
416.92098755,0.00910009
417.13855916,0.00496165
417.35614557,0.00330307
417.57374677,0.00699719
417.79136277,0.00750535
418.00899355,0.00680288
418.22663913,0.00740325
418.44429948,0.00949451
418.66197461,0.00839847
418.87966451,0.00753562
419.09736918,0.00884788
419.31508862,0.00640940
419.53282283,0.00592830
419.75057179,0.00694643
419.96833550,0.00982330
420.18611397,0.00587200
420.40390719,0.00341157
420.62171515,0.00421750
420.83953785,0.00523152
421.05737529,0.00920320
421.27522746,0.00420711
421.49309437,0.00807798
421.71097599,0.00557794
421.92887234,0.00652301
422.14678341,0.00364531
422.36470920,0.00546741
422.58264969,0.00844841
422.80060489,0.00954081
423.01857480,0.00651445
423.23655940,0.00815422
423.45455870,0.00592158
423.67257270,0.00878415
423.89060138,0.00341635
424.10864475,0.00829378
424.32670280,0.00585296
424.54477553,0.00724434
424.76286293,0.00764100
424.98096500,0.00422072
425.19908174,0.00512240
425.41721315,0.00478367
425.63535921,0.00839361
425.85351993,0.00662739
426.07169530,0.00617974
426.28988531,0.00684149
426.50808998,0.00676488
426.72630928,0.00460336
426.94454322,0.00636825
427.16279180,0.00878041
427.38105500,0.00564545
427.59933283,0.00589940
427.81762529,0.00911802
428.03593236,0.00610768
428.25425405,0.00519088
428.47259035,0.00733534
428.69094125,0.00422406
428.90930676,0.00767797
429.12768688,0.00567606
429.34608158,0.00875996
429.56449089,0.00755412
429.78291478,0.00830430
430.00135325,0.00631292
430.21980631,0.01019577
430.43827395,0.00715609
430.65675616,0.01075151
430.87525294,0.00527578
431.09376429,0.00487307
431.31229020,0.00882316
431.53083067,0.00690840
431.74938570,0.00923715
431.96795528,0.01109424
432.18653941,0.00713247
432.40513808,0.01004801
432.62375130,0.00937094
432.84237905,0.01031420
433.06102134,0.00970607
433.27967815,0.00991643
433.49834950,0.00688893
433.71703536,0.00863469
433.93573575,0.01029814
434.15445065,0.01024352
434.37318007,0.00746691
434.59192399,0.01019524
434.81068241,0.01221364
435.02945534,0.01094675
435.24824276,0.00992851
435.46704468,0.01226064
435.68586109,0.01187710
435.90469198,0.01046548
436.12353735,0.01412112
436.34239721,0.01138486
436.56127153,0.01149619
436.78016033,0.01131671
436.99906360,0.01060391
437.21798133,0.01219474
437.43691352,0.00825552
437.65586017,0.00754975
437.87482127,0.00984852
438.09379682,0.01007868
438.31278681,0.01253623
438.53179125,0.01167570
438.75081012,0.00777800
438.96984343,0.01192590
439.18889117,0.00831861
439.40795333,0.00843075
439.62702992,0.00938489
439.84612093,0.01469117
440.06522636,0.01427784
440.28434619,0.01050984
440.50348044,0.01214376
440.72262909,0.01146859
440.94179214,0.01395873
441.16096958,0.01325624
441.38016143,0.01136198
441.59936766,0.01047013
441.81858828,0.01077379
442.03782328,0.01196103
442.25707266,0.01205246
442.47633641,0.01279116
442.69561454,0.01282498
442.91490703,0.01484057
443.13421389,0.01412513
443.35353511,0.00925703
443.57287068,0.01155816
443.79222061,0.01422964
444.01158489,0.01570328
444.23096351,0.01513069
444.45035648,0.01694880
444.66976378,0.02361123
444.88918542,0.01559623
445.10862139,0.01565518
445.32807169,0.01499540
445.54753631,0.01405561
445.76701525,0.01574283
445.98650851,0.01865538
446.20601607,0.01798587
446.42553795,0.01863381
446.64507413,0.01902251
446.86462462,0.01800996
447.08418940,0.01833142
447.30376848,0.02321869
447.52336184,0.02077937
447.74296949,0.02058988
447.96259143,0.02111217
448.18222765,0.02317296
448.40187814,0.02129315
448.62154290,0.02029998
448.84122193,0.02146829
449.06091522,0.02199421
449.28062278,0.02053780
449.50034459,0.02065522
449.72008066,0.02161110
449.93983098,0.01682138
450.15959554,0.02428319
450.37937434,0.02181099
450.59916739,0.02073407
450.81897466,0.01557937
451.03879617,0.02632757
451.25863191,0.02128258
451.47848187,0.01925093
451.69834605,0.02218386
451.91822445,0.02285873
452.13811706,0.02314208
452.35802388,0.02191634
452.57794490,0.02268801
452.79788013,0.02132735
453.01782956,0.02190047
453.23779317,0.02318002
453.45777098,0.02360793
453.67776298,0.02018784
453.89776916,0.02064666
454.11778952,0.02286462
454.33782406,0.02260381
454.55787276,0.02300974
454.77793564,0.02713520
454.99801268,0.02335003
455.21810388,0.02764417
455.43820924,0.02380772
455.65832876,0.02251362
455.87846242,0.02622272
456.09861023,0.02209250
456.31877218,0.02519655
456.53894827,0.03028652
456.75913850,0.02745582
456.97934286,0.02843244
457.19956135,0.02798918
457.41979396,0.02552677
457.64004069,0.02600296
457.86030154,0.02738855
458.08057650,0.02985710
458.30086557,0.03059239
458.52116874,0.02979137
458.74148602,0.03018191
458.96181740,0.03030342
459.18216287,0.02517738
459.40252243,0.02974688
459.62289608,0.03513321
459.84328382,0.03210477
460.06368563,0.03028897
460.28410152,0.03496899
460.50453148,0.03118690
460.72497551,0.03076819
460.94543361,0.03429707
461.16590577,0.03228526
461.38639198,0.03107165
461.60689225,0.03234483
461.82740657,0.03056897
462.04793494,0.03257868
462.26847735,0.03425819
462.48903380,0.03658488
462.70960428,0.03444286
462.93018880,0.03146165
463.15078734,0.03745284
463.37139991,0.03461033
463.59202650,0.03575613
463.81266711,0.03652918
464.03332173,0.03536733
464.25399036,0.03886914
464.47467300,0.03321645
464.69536964,0.03331798
464.91608028,0.03949908
465.13680491,0.03228064
465.35754354,0.03697773
465.57829615,0.03992207
465.79906274,0.03597799
466.01984332,0.03560786
466.24063787,0.03511519
466.46144640,0.03869863
466.68226889,0.03205958
466.90310535,0.03812754
467.12395578,0.03625961
467.34482016,0.03793340
467.56569849,0.03850403
467.78659078,0.04229267
468.00749701,0.03973998
468.22841719,0.03938078
468.44935130,0.04342883
468.67029935,0.04098463
468.89126134,0.04038426
469.11223725,0.03894240
469.33322709,0.04201962
469.55423085,0.04192746
469.77524852,0.03664265
469.99628011,0.03680450
470.21732561,0.03800282
470.43838502,0.03874841
470.65945833,0.03707180
470.88054554,0.03697231
471.10164664,0.03683531
471.32276164,0.03686653
471.54389052,0.03726941
471.76503329,0.03621997
471.98618994,0.03736586
472.20736046,0.03681645
472.42854486,0.03671525
472.64974313,0.03753591
472.87095527,0.03492777
473.09218126,0.03580166
473.31342112,0.03731936
473.53467483,0.03424348
473.75594239,0.03464244
473.97722379,0.03364422
474.19851905,0.03511461
474.41982814,0.03497163
474.64115107,0.03111062
474.86248783,0.03390613
475.08383842,0.03322618
475.30520283,0.03220697
475.52658107,0.02847891
475.74797312,0.03415907
475.96937899,0.03117723
476.19079867,0.03289180
476.41223216,0.03248363
476.63367944,0.02994164
476.85514053,0.03414325
477.07661542,0.03524923
477.29810409,0.03386618
477.51960656,0.03567543
477.74112281,0.03243744
477.96265284,0.03600315
478.18419664,0.03301027
478.40575422,0.03190810
478.62732557,0.03405554
478.84891069,0.03185775
479.07050957,0.03413285
479.29212221,0.03594500
479.51374860,0.03642574
479.73538875,0.03401198
479.95704264,0.03528065
480.17871027,0.03641299
480.40039165,0.03763851
480.62208676,0.03722425
480.84379561,0.03919498
481.06551819,0.03572822
481.28725449,0.03667453
481.50900451,0.03453249
481.73076825,0.03379600
481.95254571,0.03431922
482.17433688,0.03830143
482.39614175,0.03806508
482.61796033,0.03670277
482.83979260,0.03756588
483.06163858,0.03573023
483.28349824,0.03908950
483.50537160,0.03784713
483.72725864,0.04129642
483.94915936,0.04212306
484.17107375,0.03701473
484.39300183,0.04255341
484.61494357,0.04102430
484.83689898,0.04313166
485.05886805,0.03955418
485.28085078,0.04243191
485.50284716,0.04511123
485.72485720,0.04413063
485.94688089,0.04345295
486.16891822,0.04329719
486.39096919,0.04377211
486.61303380,0.04473701
486.83511204,0.04006194
487.05720391,0.04385972
487.27930941,0.04063738
487.50142853,0.03921087
487.72356126,0.03880802
487.94570762,0.04286363
488.16786758,0.04088724
488.39004115,0.03856511
488.61222833,0.03799997
488.83442910,0.04101481
489.05664347,0.03520641
489.27887144,0.03534123
489.50111299,0.03709615
489.72336813,0.03216144
489.94563685,0.02906068
490.16791915,0.03691517
490.39021502,0.03750590
490.61252446,0.03573063
490.83484747,0.03962835
491.05718404,0.03928163
491.27953418,0.03931481
491.50189786,0.03818973
491.72427510,0.04261788
491.94666589,0.03980632
492.16907023,0.04461096
492.39148810,0.04423327
492.61391951,0.04747528
492.83636446,0.04243686
493.05882293,0.04681604
493.28129494,0.04396416
493.50378046,0.05031953
493.72627950,0.04418690
493.94879206,0.04921638
494.17131813,0.04401194
494.39385771,0.04245958
494.61641079,0.04331549
494.83897737,0.04687743
495.06155745,0.04594844
495.28415102,0.04428780
495.50675808,0.04225169
495.72937863,0.04052297
495.95201266,0.04599267
496.17466017,0.04102002
496.39732115,0.04329559
496.61999560,0.04489445
496.84268352,0.04202013
497.06538491,0.04193445
497.28809975,0.04557647
497.51082805,0.04549829
497.73356980,0.04004695
497.95632500,0.04412036
498.17909365,0.04673428
498.40187573,0.04485036
498.62467126,0.03752654
498.84748022,0.04285564
499.07030261,0.04343231
499.29313842,0.04499872
499.51598766,0.04272878
499.73885032,0.04511293
499.96172639,0.04398243
500.18461588,0.04426083
500.40751877,0.04280586
500.63043507,0.04050189
500.85336476,0.04268044
501.07630786,0.04484922
501.29926435,0.04358417
501.52223423,0.03970535
501.74521749,0.04071607
501.96821414,0.04709544
502.19122417,0.04484451
502.41424757,0.04338745
502.63728434,0.04202033
502.86033448,0.04954821
503.08339798,0.04291920
503.30647484,0.04354619
503.52956506,0.04866972
503.75266864,0.05164554
503.97578556,0.04701522
504.19891582,0.04940794
504.42205943,0.04526251
504.64521638,0.04550632
504.86838666,0.04671939
505.09157027,0.04645825
505.31476721,0.04308239
505.53797747,0.04843608
505.76120105,0.04844906
505.98443795,0.05079919
506.20768816,0.05410710
506.43095168,0.05152230
506.65422850,0.05089470
506.87751863,0.05289497
507.10082205,0.05119307
507.32413876,0.05398289
507.54746877,0.05213394
507.77081206,0.05103122
507.99416863,0.05640629
508.21753849,0.05863468
508.44092162,0.05400039
508.66431802,0.05438598
508.88772768,0.05881008
509.11115062,0.06172906
509.33458681,0.06015503
509.55803626,0.06018260
509.78149896,0.05939007
510.00497491,0.05829519
510.22846411,0.05973762
510.45196655,0.06023936
510.67548223,0.05942386
510.89901114,0.05364745
511.12255328,0.05315230
511.34610865,0.05684942
511.56967725,0.05376159
511.79325906,0.05492402
512.01685409,0.05182054
512.24046234,0.05185964
512.46408379,0.05331318
512.68771845,0.05464103
512.91136631,0.05364531
513.13502736,0.05594108
513.35870161,0.05699972
513.58238905,0.05363625
513.80608968,0.05517669
514.02980349,0.05448564
514.25353048,0.05662173
514.47727065,0.05174383
514.70102398,0.05084087
514.92479049,0.05113279
515.14857016,0.05077574
515.37236299,0.04786331
515.59616898,0.04734153
515.81998812,0.04182000
516.04382041,0.04004611
516.26766585,0.04485597
516.49152443,0.03901022
516.71539615,0.03768407
516.93928100,0.04083820
517.16317899,0.03826684
517.38709010,0.03955197
517.61101433,0.03882157
517.83495169,0.04157803
518.05890216,0.03981167
518.28286575,0.03913480
518.50684245,0.03835800
518.73083225,0.04057455
518.95483515,0.04259885
519.17885115,0.04147731
519.40288024,0.04298537
519.62692243,0.04393338
519.85097770,0.04623233
520.07504606,0.04586049
520.29912749,0.04736943
520.52322201,0.04319600
520.74732959,0.04932314
520.97145024,0.05240976
521.19558396,0.05238216
521.41973074,0.05503361
521.64389057,0.05742165
521.86806346,0.05251396
522.09224940,0.05331693
522.31644839,0.05342227
522.54066042,0.05758350
522.76488549,0.05641238
522.98912359,0.05571597
523.21337473,0.05549370
523.43763889,0.05707781
523.66191608,0.06023809
523.88620629,0.05756891
524.11050951,0.05419506
524.33482575,0.05787665
524.55915500,0.05228300
524.78349725,0.06373141
525.00785250,0.06083170
525.23222076,0.06181832
525.45660201,0.06432990
525.68099625,0.06186094
525.90540347,0.06684309
526.12982368,0.06640257
526.35425688,0.06981797
526.57870304,0.07546090
526.80316218,0.07038840
527.02763429,0.06967329
527.25211936,0.07587935
527.47661740,0.07447107
527.70112839,0.07775838
527.92565234,0.07860865
528.15018924,0.08134383
528.37473908,0.08913349
528.59930187,0.09381272
528.82387760,0.09582149
529.04846626,0.09835425
529.27306785,0.10097244
529.49768238,0.09978313
529.72230982,0.10141367
529.94695019,0.10323817
530.17160348,0.10541485
530.39626968,0.10433242
530.62094879,0.11039349
530.84564080,0.11404350
531.07034572,0.11300543
531.29506354,0.11235388
531.51979425,0.11344890
531.74453785,0.11133053
531.96929434,0.11334532
532.19406372,0.11281936
532.41884597,0.11415337
532.64364110,0.11044534
532.86844911,0.10779955
533.09326998,0.11335924
533.31810372,0.10903877
533.54295032,0.11571251
533.76780978,0.11286178
533.99268209,0.11136071
534.21756726,0.10933280
534.44246527,0.10878777
534.66737613,0.10397089
534.89229982,0.10673972
535.11723635,0.10250039
535.34218572,0.10105303
535.56714791,0.09970414
535.79212292,0.09886445
536.01711076,0.09725800
536.24211142,0.09245109
536.46712489,0.09264997
536.69215117,0.09663917
536.91719025,0.09148055
537.14224214,0.09907765
537.36730683,0.09570440
537.59238431,0.09234313
537.81747459,0.09021037
538.04257765,0.09377575
538.26769350,0.09592760
538.49282213,0.09053013
538.71796353,0.09478783
538.94311771,0.09580115
539.16828466,0.09709832
539.39346438,0.10051393
539.61865685,0.10213607
539.84386209,0.10239106
540.06908008,0.09940570
540.29431082,0.10277585
540.51955431,0.10464591
540.74481054,0.10458657
540.97007951,0.10843794
541.19536122,0.11292932
541.42065566,0.11455338
541.64596283,0.11924337
541.87128272,0.11931587
542.09661534,0.12404949
542.32196068,0.12371468
542.54731873,0.12668154
542.77268948,0.12511201
542.99807295,0.13121557
543.22346912,0.12930696
543.44887799,0.13425094
543.67429955,0.13945820
543.89973381,0.14312160
544.12518076,0.15031428
544.35064039,0.15240504
544.57611270,0.16652244
544.80159769,0.16977679
545.02709535,0.17565658
545.25260568,0.17749109
545.47812868,0.17687008
545.70366434,0.17740240
545.92921266,0.17203915
546.15477363,0.18027368
546.38034726,0.18226863
546.60593353,0.18214432
546.83153245,0.18031104
547.05714401,0.18199380
547.28276820,0.18636305
547.50840503,0.19572611
547.73405449,0.19987446
547.95971657,0.20239086
548.18539128,0.19543145
548.41107860,0.19746123
548.63677854,0.20354869
548.86249109,0.19765918
549.08821624,0.19852373
549.31395400,0.20644396
549.53970436,0.20861421
549.76546732,0.20240535
549.99124286,0.20768440
550.21703100,0.20298591
550.44283172,0.20423212
550.66864502,0.20208218
550.89447090,0.20375919
551.12030936,0.21004353
551.34616038,0.20266471
551.57202397,0.19537733
551.79790013,0.19390957
552.02378884,0.18952176
552.24969011,0.18659910
552.47560393,0.18416269
552.70153030,0.17461666
552.92746921,0.16919721
553.15342067,0.17524593
553.37938466,0.16105296
553.60536118,0.16231726
553.83135024,0.16199191
554.05735182,0.16319772
554.28336592,0.16694466
554.50939254,0.16313490
554.73543167,0.17078453
554.96148332,0.16899381
555.18754748,0.16593492
555.41362413,0.16215149
555.63971329,0.16023180
555.86581495,0.16054052
556.09192909,0.16133628
556.31805573,0.17117513
556.54419485,0.17284803
556.77034646,0.17593318
556.99651054,0.18037240
557.22268709,0.18315225
557.44887612,0.19005351
557.67507761,0.19635967
557.90129157,0.20451003
558.12751799,0.20185091
558.35375686,0.20632821
558.58000818,0.20840934
558.80627196,0.21562801
559.03254817,0.21762341
559.25883683,0.22758971
559.48513793,0.23386773
559.71145146,0.23545642
559.93777742,0.25096402
560.16411580,0.26065577
560.39046661,0.27656428
560.61682984,0.29118984
560.84320548,0.29072042
561.06959353,0.29205178
561.29599400,0.29039297
561.52240686,0.28998995
561.74883213,0.27818425
561.97526979,0.27655053
562.20171985,0.27238901
562.42818230,0.26954376
562.65465713,0.27428112
562.88114434,0.27408338
563.10764393,0.26889368
563.33415590,0.27939765
563.56068024,0.28122163
563.78721694,0.29863978
564.01376601,0.29458748
564.24032744,0.30553479
564.46690122,0.30855119
564.69348736,0.31647714
564.92008585,0.31799234
565.14669668,0.32298084
565.37331985,0.32349570
565.59995536,0.33024046
565.82660320,0.32539303
566.05326338,0.32240082
566.27993588,0.32557211
566.50662070,0.32237573
566.73331785,0.32150579
566.96002731,0.33252158
567.18674908,0.33195755
567.41348316,0.34366081
567.64022954,0.34533581
567.86698822,0.34760649
568.09375920,0.34167265
568.32054248,0.34956913
568.54733804,0.33589333
568.77414589,0.33326194
569.00096603,0.32419790
569.22779844,0.32986294
569.45464313,0.32888996
569.68150008,0.32266002
569.90836931,0.31544669
570.13525080,0.30418817
570.36214455,0.29830595
570.58905055,0.29116214
570.81596881,0.27561573
571.04289932,0.27168183
571.26984207,0.26474062
571.49679707,0.25957648
571.72376430,0.26677669
571.95074377,0.26313567
572.17773547,0.25228856
572.40473940,0.25599574
572.63175554,0.25130244
572.85878391,0.24522106
573.08582450,0.24591560
573.31287729,0.24805695
573.53994230,0.24820167
573.76701951,0.25361865
573.99410892,0.26539093
574.22121053,0.27015864
574.44832433,0.27815337
574.67545032,0.28638068
574.90258850,0.28797426
575.12973886,0.29416516
575.35690140,0.29352061
575.58407612,0.28528825
575.81126301,0.28740792
576.03846206,0.28078218
576.26567328,0.28098815
576.49289666,0.28298374
576.72013220,0.28571937
576.94737989,0.27824802
577.17463973,0.27736992
577.40191171,0.28244671
577.62919584,0.28037330
577.85649211,0.27342906
578.08380051,0.27068594
578.31112104,0.26653589
578.53845370,0.27127694
578.76579848,0.25967805
578.99315538,0.25831520
579.22052440,0.25071830
579.44790553,0.25502829
579.67529877,0.24896746
579.90270412,0.24505383
580.13012157,0.24888456
580.35755111,0.25289919
580.58499275,0.24955310
580.81244648,0.25273915
581.03991229,0.25853359
581.26739019,0.25600294
581.49488017,0.26106575
581.72238223,0.26948080
581.94989635,0.27521054
582.17742255,0.27892672
582.40496080,0.28043272
582.63251112,0.27450764
582.86007350,0.26987040
583.08764793,0.27439353
583.31523441,0.27308103
583.54283294,0.27689695
583.77044351,0.27778940
583.99806611,0.28303924
584.22570076,0.28411254
584.45334743,0.28954983
584.68100613,0.29087972
584.90867686,0.28492260
585.13635960,0.28203747
585.36405437,0.27562751
585.59176114,0.26445108
585.81947993,0.25590666
586.04721072,0.24667591
586.27495351,0.25192137
586.50270830,0.24242044
586.73047508,0.23535983
586.95825386,0.22816816
587.18604462,0.22571750
587.41384737,0.22562824
587.64166209,0.21785424
587.86948879,0.21167564
588.09732747,0.20402237
588.32517811,0.20270871
588.55304072,0.20916402
588.78091529,0.20302782
589.00880181,0.20234740
589.23670029,0.19726750
589.46461072,0.20129545
589.69253310,0.20089644
589.92046742,0.20225540
590.14841368,0.19544069
590.37637187,0.19679457
590.60434200,0.19995418
590.83232405,0.19386311
591.06031803,0.19317509
591.28832393,0.20155267
591.51634174,0.19635960
591.74437147,0.19432771
591.97241311,0.20259466
592.20046665,0.20262714
592.42853210,0.19689051
592.65660944,0.19994455
592.88469868,0.20515485
593.11279981,0.20811876
593.34091283,0.19835114
593.56903773,0.20261677
593.79717452,0.20417295
594.02532317,0.20584336
594.25348370,0.21097652
594.48165610,0.21056514
594.70984037,0.20862817
594.93803650,0.20362404
595.16624448,0.20146442
595.39446432,0.20728298
595.62269601,0.21032952
595.85093954,0.20702776
596.07919492,0.20515619
596.30746214,0.20443606
596.53574120,0.20403134
596.76403208,0.21081039
596.99233480,0.21381716
597.22064934,0.21481465
597.44897570,0.20724277
597.67731387,0.19907144
597.90566386,0.19991169
598.13402567,0.19436106
598.36239927,0.19566737
598.59078468,0.19520798
598.81918189,0.19058463
599.04759090,0.19036674
599.27601169,0.18980940
599.50444427,0.19147236
599.73288864,0.18919709
599.96134479,0.19815971
600.18981271,0.19723268
600.41829241,0.19394925
600.64678387,0.19603927
600.87528711,0.19682424
601.10380210,0.19856648
601.33232885,0.19842634
601.56086736,0.18980886
601.78941762,0.19358413
602.01797962,0.18214813
602.24655337,0.18419851
602.47513886,0.18228406
602.70373608,0.18054151
602.93234504,0.18146607
603.16096572,0.18772068
603.38959813,0.18970409
603.61824226,0.18933428
603.84689811,0.18688379
604.07556567,0.18566694
604.30424495,0.17895235
604.53293593,0.17904990
604.76163861,0.17805311
604.99035299,0.18274759
605.21907907,0.18073631
605.44781683,0.18394443
605.67656629,0.18695605
605.90532743,0.18574784
606.13410025,0.19255623
606.36288475,0.19251565
606.59168093,0.18846938
606.82048877,0.19840219
607.04930828,0.20248289
607.27813945,0.21119006
607.50698227,0.20996140
607.73583676,0.21683359
607.96470289,0.21441979
608.19358067,0.22444454
608.42247010,0.22184548
608.65137117,0.23179640
608.88028387,0.23031513
609.10920820,0.23944770
609.33814417,0.24325685
609.56709176,0.24430978
609.79605097,0.23173197
610.02502180,0.22046662
610.25400424,0.22907071
610.48299830,0.22275416
610.71200396,0.21932045
610.94102122,0.21153550
611.17005008,0.20851553
611.39909054,0.20288323
611.62814260,0.19390663
611.85720624,0.18843451
612.08628146,0.17874343
612.31536827,0.17390015
612.54446665,0.17227921
612.77357661,0.17245738
613.00269813,0.16993169
613.23183122,0.16677939
613.46097588,0.16210770
613.69013210,0.16821085
613.91929986,0.16639063
614.14847919,0.16760996
614.37767005,0.17357993
614.60687247,0.16582536
614.83608642,0.17451536
615.06531191,0.17496043
615.29454894,0.17657572
615.52379749,0.17547044
615.75305757,0.17510997
615.98232917,0.17287786
616.21161229,0.17202710
616.44090692,0.17136043
616.67021306,0.18268868
616.89953072,0.18569504
617.12885987,0.18935436
617.35820053,0.20197981
617.58755268,0.20336811
617.81691632,0.20901964
618.04629145,0.21828833
618.27567807,0.22420341
618.50507617,0.23589640
618.73448574,0.24066127
618.96390679,0.24402659
619.19333932,0.24708174
619.42278330,0.24715259
619.65223875,0.25704402
619.88170566,0.26975518
620.11118403,0.28262856
620.34067384,0.28350549
620.57017511,0.29359039
620.79968782,0.30256833
621.02921197,0.30711588
621.25874756,0.30745002
621.48829458,0.30257633
621.71785303,0.30699666
621.94742290,0.31167728
622.17700420,0.30906541
622.40659692,0.32366263
622.63620105,0.31989576
622.86581660,0.31233164
623.09544355,0.32050863
623.32508190,0.32769281
623.55473166,0.33051181
623.78439281,0.32155831
624.01406536,0.32311261
624.24374929,0.32452183
624.47344461,0.33284608
624.70315131,0.32921473
624.93286939,0.32043169
625.16259884,0.31719192
625.39233967,0.31258907
625.62209186,0.31611156
625.85185541,0.30977831
626.08163032,0.29520511
626.31141659,0.28372548
626.54121422,0.27410817
626.77102319,0.25650669
627.00084350,0.24778085
627.23067516,0.24096583
627.46051815,0.24204502
627.69037248,0.24171129
627.92023814,0.24198420
628.15011512,0.24056857
628.38000343,0.24913212
628.60990305,0.24343653
628.83981399,0.24787931
629.06973624,0.24796077
629.29966980,0.24053314
629.52961467,0.23702256
629.75957083,0.22829030
629.98953830,0.21970035
630.21951705,0.22082230
630.44950710,0.20868009
630.67950843,0.20756503
630.90952104,0.20896953
631.13954493,0.21258234
631.36958009,0.22125462
631.59962653,0.21293608
631.82968423,0.20406683
632.05975320,0.20668614
632.28983343,0.19770849
632.51992491,0.19950704
632.75002765,0.19180235
632.98014163,0.18643042
633.21026686,0.19577710
633.44040333,0.18663276
633.67055104,0.18899524
633.90070999,0.18024394
634.13088016,0.18013889
634.36106156,0.17507435
634.59125418,0.17292343
634.82145802,0.16849528
635.05167308,0.16183341
635.28189935,0.16898123
635.51213683,0.16135378
635.74238551,0.15553706
635.97264540,0.15937753
636.20291648,0.15566502
636.43319875,0.15748524
636.66349222,0.15333242
636.89379687,0.15616930
637.12411270,0.15358268
637.35443971,0.16624346
637.58477790,0.16062031
637.81512726,0.15795915
638.04548778,0.16861691
638.27585947,0.16645195
638.50624232,0.17005225
638.73663633,0.17493816
638.96704149,0.17881422
639.19745779,0.18017389
639.42788525,0.18273608
639.65832384,0.17940750
639.88877358,0.18508955
640.11923445,0.19880784
640.34970644,0.20128162
640.58018957,0.19764984
640.81068382,0.19852632
641.04118919,0.20812468
641.27170567,0.20751968
641.50223327,0.21207675
641.73277198,0.21931814
641.96332179,0.22020100
642.19388270,0.22598208
642.42445471,0.23362837
642.65503781,0.23930314
642.88563200,0.24490927
643.11623728,0.24759939
643.34685365,0.26695608
643.57748109,0.27249161
643.80811960,0.28034125
644.03876919,0.30951134
644.26942985,0.33129745
644.50010157,0.32727293
644.73078435,0.34388265
644.96147819,0.35161570
645.19218308,0.33957353
645.42289902,0.34401816
645.65362601,0.35761034
645.88436404,0.34082770
646.11511310,0.34737367
646.34587321,0.33454122
646.57664434,0.32788743
646.80742650,0.32833484
647.03821969,0.32095459
647.26902389,0.31443226
647.49983911,0.31191603
647.73066534,0.29927827
647.96150259,0.30437142
648.19235083,0.30372269
648.42321008,0.31795596
648.65408033,0.31404541
648.88496157,0.31963713
649.11585380,0.32004660
649.34675702,0.33050671
649.57767122,0.32249358
649.80859640,0.31700314
650.03953256,0.31410792
650.27047969,0.30758050
650.50143778,0.30538356
650.73240684,0.30811783
650.96338687,0.28772143
651.19437785,0.28306280
651.42537978,0.27166961
651.65639266,0.27330543
651.88741649,0.27239542
652.11845126,0.26064895
652.34949697,0.26272457
652.58055362,0.26778805
652.81162119,0.27499980
653.04269970,0.26773668
653.27378913,0.26789831
653.50488948,0.25447081
653.73600074,0.24725830
653.96712292,0.26070077
654.19825601,0.25641186
654.42940000,0.24474925
654.66055490,0.24779803
654.89172069,0.26270845
655.12289738,0.26925400
655.35408496,0.27320358
655.58528342,0.27633686
655.81649277,0.28646646
656.04771300,0.29004583
656.27894411,0.29958575
656.51018608,0.32300915
656.74143893,0.33561632
656.97270264,0.34114553
657.20397721,0.35074971
657.43526264,0.35069007
657.66655893,0.36535579
657.89786606,0.37119112
658.12918404,0.37406854
658.36051286,0.38920519
658.59185253,0.39736505
658.82320303,0.38321805
659.05456435,0.38532796
659.28593651,0.39391740
659.51731949,0.38885162
659.74871330,0.37953098
659.98011792,0.37883547
660.21153335,0.37414972
660.44295959,0.36067785
660.67439664,0.34559585
660.90584449,0.33695107
661.13730314,0.32872179
661.36877259,0.32312523
661.60025282,0.30828001
661.83174384,0.30505298
662.06324565,0.29291753
662.29475824,0.29598542
662.52628160,0.29866146
662.75781573,0.31774234
662.98936064,0.31872976
663.22091631,0.33034457
663.45248274,0.34348347
663.68405993,0.36065567
663.91564787,0.35672277
664.14724657,0.37523128
664.37885601,0.39541727
664.61047619,0.40067180
664.84210712,0.41054718
665.07374878,0.43167573
665.30540117,0.44374234
665.53706429,0.45198316
665.76873813,0.44519009
666.00042270,0.45453114
666.23211798,0.46862351
666.46382398,0.47114366
666.69554069,0.45825107
666.92726810,0.46602535
667.15900621,0.44873804
667.39075503,0.44151572
667.62251454,0.43798603
667.85428474,0.43921369
668.08606563,0.43143523
668.31785720,0.43780736
668.54965945,0.43460639
668.78147238,0.42050295
669.01329599,0.39186457
669.24513026,0.39289130
669.47697520,0.39339569
669.70883080,0.38394464
669.94069705,0.36887505
670.17257397,0.37779428
670.40446153,0.36621065
670.63635974,0.38693939
670.86826860,0.38724988
671.10018809,0.37972306
671.33211822,0.38376175
671.56405898,0.39257998
671.79601037,0.37806737
672.02797239,0.38421876
672.25994503,0.37256467
672.49192828,0.38045785
672.72392215,0.37983052
672.95592663,0.39415938
673.18794172,0.38329242
673.41996741,0.39940607
673.65200370,0.39963691
673.88405058,0.40502883
674.11610806,0.40915182
674.34817612,0.41312052
674.58025477,0.41508493
674.81234400,0.42984437
675.04444381,0.42106671
675.27655419,0.41864914
675.50867513,0.42837287
675.74080665,0.43965321
675.97294873,0.43685553
676.20510136,0.44585237
676.43726455,0.45800134
676.66943830,0.46784712
676.90162259,0.45374828
677.13381742,0.45630704
677.36602279,0.47101877
677.59823870,0.48560904
677.83046515,0.49333628
678.06270212,0.50889008
678.29494962,0.48931623
678.52720764,0.48302837
678.75947617,0.47728983
678.99175522,0.47339855
679.22404479,0.47417722
679.45634486,0.48455701
679.68865543,0.48292366
679.92097650,0.48549031
680.15330807,0.48010280
680.38565013,0.48513272
680.61800268,0.48493333
680.85036571,0.50170804
681.08273922,0.49539637
681.31512321,0.49817204
681.54751768,0.48170367
681.77992262,0.48742565
682.01233802,0.47747397
682.24476388,0.49698603
682.47720020,0.49611087
682.70964698,0.50131248
682.94210421,0.48565501
683.17457189,0.48522034
683.40705001,0.46661491
683.63953858,0.47945038
683.87203758,0.45494236
684.10454701,0.46296984
684.33706687,0.45902630
684.56959716,0.46269693
684.80213787,0.47094631
685.03468900,0.47270986
685.26725054,0.45805467
685.49982249,0.46453923
685.73240485,0.46917470
685.96499762,0.47723403
686.19760078,0.46020853
686.43021434,0.46091742
686.66283829,0.45459695
686.89547264,0.46093806
687.12811736,0.45999865
687.36077247,0.45066431
687.59343796,0.43392169
687.82611382,0.43012027
688.05880005,0.40974328
688.29149665,0.40362143
688.52420361,0.38764621
688.75692093,0.38400158
688.98964860,0.37744991
689.22238663,0.37457639
689.45513500,0.37685059
689.68789372,0.38645355
689.92066278,0.37884416
690.15344218,0.37449359
690.38623191,0.35566141
690.61903197,0.35359995
690.85184236,0.34192318
691.08466307,0.31615134
691.31749410,0.31337353
691.55033544,0.30481975
691.78318709,0.30438030
692.01604906,0.30132442
692.24892132,0.29535906
692.48180389,0.27590845
692.71469675,0.28288542
692.94759991,0.25657202
693.18051335,0.25698387
693.41343708,0.25089102
693.64637109,0.25341130
693.87931538,0.24402285
694.11226995,0.24081803
694.34523478,0.24268272
694.57820988,0.24470089
694.81119525,0.24121018
695.04419087,0.24284192
695.27719676,0.23191683
695.51021289,0.22917760
695.74323927,0.22520582
695.97627590,0.22151482
696.20932276,0.21647159
696.44237987,0.21566127
696.67544721,0.21488648
696.90852478,0.22046839
697.14161257,0.21307843
697.37471059,0.21972203
697.60781883,0.21637350
697.84093728,0.21607744
698.07406595,0.22314804
698.30720482,0.23528818
698.54035389,0.22649055
698.77351317,0.23396929
699.00668264,0.23496394
699.23986231,0.24216736
699.47305217,0.24121543
699.70625221,0.24935398
699.93946243,0.24546484
700.17268284,0.25648417
700.40591342,0.25640037
700.63915416,0.26242300
700.87240508,0.26661172
701.10566616,0.26735641
701.33893740,0.26715385
701.57221879,0.27013957
701.80551034,0.26526805
702.03881204,0.25579666
702.27212388,0.25036436
702.50544587,0.24813887
702.73877799,0.24414843
702.97212024,0.25328053
703.20547263,0.24713623
703.43883514,0.24981746
703.67220778,0.25334643
703.90559054,0.25747571
704.13898341,0.25970377
704.37238639,0.26344154
704.60579948,0.25910699
704.83922268,0.27269899
705.07265598,0.27674597
705.30609937,0.28669083
705.53955286,0.28070603
705.77301643,0.27860534
706.00649010,0.28218643
706.23997384,0.29003980
706.47346767,0.29602212
706.70697157,0.29059985
706.94048554,0.28968355
707.17400958,0.29878437
707.40754368,0.30505610
707.64108785,0.30911114
707.87464207,0.30565947
708.10820634,0.31300012
708.34178066,0.31455067
708.57536503,0.32884761
708.80895944,0.33093236
709.04256389,0.34481574
709.27617837,0.34688834
709.50980288,0.36294596
709.74343742,0.36725124
709.97708198,0.38744231
710.21073657,0.38178185
710.44440117,0.40387688
710.67807578,0.41392994
710.91176040,0.42761751
711.14545502,0.43066111
711.37915965,0.43992221
711.61287427,0.45183924
711.84659889,0.47555264
712.08033350,0.48285348
712.31407809,0.48579541
712.54783267,0.48222097
712.78159723,0.48425302
713.01537176,0.48647061
713.24915626,0.50248705
713.48295073,0.49512245
713.71675517,0.49999420
713.95056956,0.49733559
714.18439392,0.51758176
714.41822822,0.54044288
714.65207248,0.53541574
714.88592668,0.52482619
715.11979083,0.52923434
715.35366491,0.51755818
715.58754893,0.52678558
715.82144288,0.51800244
716.05534675,0.54054262
716.28926055,0.50938874
716.52318427,0.52340206
716.75711791,0.52449226
716.99106146,0.52904503
717.22501491,0.52162683
717.45897828,0.53906911
717.69295154,0.53816739
717.92693470,0.53660145
718.16092776,0.51928530
718.39493071,0.53975454
718.62894354,0.51867098
718.86296626,0.51927627
719.09699886,0.49326667
719.33104133,0.48692026
719.56509367,0.45674756
719.79915588,0.45252726
720.03322796,0.42749571
720.26730990,0.42418133
720.50140170,0.41600293
720.73550335,0.41067394
720.96961484,0.39316589
721.20373619,0.39199789
721.43786738,0.37894466
721.67200841,0.36750548
721.90615927,0.35797458
722.14031996,0.34621003
722.37449048,0.34859312
722.60867083,0.35696668
722.84286099,0.35497480
723.07706098,0.35533012
723.31127077,0.34738570
723.54549038,0.33776089
723.77971979,0.33215717
724.01395900,0.34601051
724.24820801,0.35115939
724.48246681,0.35572598
724.71673541,0.33174478
724.95101379,0.32894423
725.18530196,0.32544094
725.41959990,0.33488121
725.65390763,0.32605763
725.88822512,0.32692090
726.12255238,0.33087043
726.35688941,0.32457181
726.59123620,0.31755958
726.82559275,0.31714896
727.05995905,0.31605321
727.29433510,0.31995875
727.52872090,0.30441833
727.76311644,0.31118672
727.99752172,0.29932993
728.23193674,0.30727800
728.46636149,0.30900784
728.70079596,0.31615545
728.93524016,0.31552592
729.16969408,0.31504013
729.40415772,0.31329327
729.63863107,0.32575497
729.87311413,0.32782934
730.10760690,0.33103884
730.34210937,0.32518729
730.57662153,0.33234992
730.81114340,0.32238937
731.04567495,0.31657834
731.28021619,0.30925619
731.51476712,0.31677097
731.74932772,0.30695898
731.98389800,0.30170392
732.21847796,0.29912466
732.45306758,0.30059529
732.68766687,0.28245560
732.92227582,0.28181119
733.15689443,0.27979398
733.39152269,0.29227057
733.62616060,0.29987915
733.86080816,0.30472273
734.09546537,0.30079364
734.33013221,0.31416307
734.56480869,0.31323620
734.79949480,0.31298349
735.03419054,0.30638265
735.26889590,0.31143872
735.50361089,0.31007334
735.73833549,0.32126435
735.97306970,0.31182164
736.20781353,0.31727014
736.44256696,0.30873455
736.67733000,0.31001386
736.91210263,0.30042140
737.14688486,0.30845354
737.38167668,0.29778246
737.61647809,0.30039407
737.85128908,0.30375728
738.08610965,0.29905093
738.32093980,0.28256738
738.55577953,0.28056262
738.79062882,0.27393923
739.02548768,0.28055396
739.26035610,0.27735606
739.49523407,0.27691471
739.73012161,0.27511017
739.96501869,0.27874146
740.19992532,0.28305129
740.43484150,0.28072477
740.66976721,0.28068265
740.90470246,0.27670107
741.13964724,0.27422258
741.37460156,0.28036106
741.60956539,0.28006837
741.84453875,0.28534568
742.07952163,0.28081453
742.31451402,0.28248177
742.54951592,0.29167569
742.78452733,0.30322821
743.01954823,0.30557701
743.25457864,0.30683691
743.48961855,0.28839113
743.72466795,0.29499612
743.95972683,0.29436829
744.19479520,0.30351428
744.42987305,0.29937296
744.66496038,0.31579592
744.90005718,0.31450149
745.13516345,0.32574597
745.37027918,0.32462567
745.60540438,0.34297437
745.84053904,0.34953216
746.07568315,0.36975043
746.31083672,0.37704302
746.54599973,0.37913210
746.78117218,0.37190962
747.01635408,0.38085093
747.25154541,0.38854646
747.48674617,0.38616457
747.72195637,0.38754555
747.95717599,0.38847918
748.19240503,0.36564531
748.42764349,0.37821868
748.66289136,0.38294661
748.89814864,0.39719909
749.13341533,0.39621247
749.36869143,0.40258239
749.60397692,0.40343453
749.83927181,0.41598587
750.07457609,0.40945551
750.30988976,0.41789382
750.54521282,0.41567856
750.78054526,0.41308007
751.01588707,0.40285423
751.25123826,0.41019708
751.48659882,0.41763432
751.72196874,0.39661328
751.95734803,0.38611041
752.19273667,0.38145812
752.42813467,0.38795305
752.66354203,0.38351152
752.89895873,0.38914695
753.13438477,0.38563422
753.36982016,0.39952600
753.60526488,0.40371476
753.84071893,0.41935334
754.07618232,0.41084034
754.31165503,0.43467521
754.54713706,0.42877592
754.78262841,0.44072929
755.01812908,0.44515553
755.25363905,0.44353680
755.48915834,0.43830211
755.72468693,0.45638546
755.96022481,0.46348968
756.19577200,0.47486827
756.43132847,0.46326812
756.66689424,0.47673727
756.90246929,0.48344283
757.13805362,0.48432850
757.37364723,0.47142638
757.60925011,0.48493244
757.84486227,0.47268792
758.08048369,0.46005795
758.31611437,0.44618945
758.55175432,0.42477086
758.78740352,0.40406593
759.02306197,0.39353837
759.25872967,0.37690147
759.49440661,0.36282817
759.73009279,0.34305760
759.96578822,0.35203260
760.20149287,0.35845491
760.43720676,0.36217069
760.67292987,0.36613331
760.90866220,0.37673928
761.14440375,0.38277165
761.38015452,0.39063635
761.61591450,0.39415586
761.85168368,0.40966106
762.08746207,0.41893256
762.32324967,0.43609372
762.55904645,0.44116575
762.79485243,0.46285008
763.03066760,0.47630375
763.26649196,0.49154402
763.50232549,0.48624794
763.73816821,0.49270996
763.97402010,0.47751160
764.20988116,0.49049323
764.44575138,0.47527022
764.68163077,0.45993494
764.91751932,0.45901984
765.15341703,0.45187119
765.38932389,0.42607218
765.62523989,0.42535456
765.86116505,0.39677115
766.09709934,0.37991228
766.33304277,0.37565414
766.56899533,0.34908174
766.80495703,0.31609249
767.04092785,0.29999811
767.27690779,0.26734544
767.51289685,0.25230800
767.74889503,0.23363569
767.98490232,0.21108411
768.22091872,0.18384491
768.45694422,0.17915107
768.69297882,0.16992630
768.92902252,0.15470359
769.16507532,0.14333811
769.40113720,0.13397989
769.63720817,0.12662229
769.87328822,0.12160023
770.10937735,0.11215032
770.34547555,0.10998468
770.58158282,0.11595713
770.81769917,0.11513316
771.05382457,0.11270020
771.28995904,0.11942061
771.52610256,0.12482903
771.76225513,0.13013467
771.99841676,0.13605029
772.23458743,0.15002875
772.47076714,0.15877513
772.70695589,0.18086227
772.94315367,0.19391532
773.17936048,0.21091744
773.41557632,0.24710140
773.65180118,0.26548607
773.88803507,0.29274484
774.12427796,0.31836240
774.36052987,0.34084426
774.59679079,0.37115630
774.83306072,0.40463762
775.06933964,0.41684045
775.30562756,0.43356337
775.54192448,0.46329452
775.77823038,0.47031966
776.01454527,0.48485579
776.25086914,0.48851196
776.48720200,0.50826332
776.72354382,0.52438360
776.95989462,0.53520810
777.19625439,0.54274378
777.43262312,0.55494737
777.66900081,0.55272209
777.90538746,0.56043210
778.14178306,0.54166158
778.37818761,0.53962444
778.61460110,0.52475430
778.85102354,0.52315975
779.08745492,0.51823394
779.32389523,0.50519533
779.56034447,0.48932964
779.79680263,0.48235946
780.03326972,0.44285595
780.26974574,0.43143192
780.50623066,0.42613928
780.74272450,0.42415115
780.97922725,0.39394389
781.21573890,0.39909426
781.45225946,0.38697027
781.68878891,0.37553621
781.92532726,0.36495884
782.16187449,0.36197901
782.39843061,0.34660519
782.63499562,0.36333121
782.87156950,0.35939730
783.10815226,0.36128658
783.34474390,0.34363619
783.58134440,0.36310158
783.81795376,0.35053150
784.05457199,0.34897291
784.29119907,0.33916160
784.52783500,0.34736245
784.76447979,0.35214782
785.00113342,0.35849780
785.23779589,0.35442867
785.47446720,0.34507788
785.71114735,0.33143958
785.94783633,0.33135240
786.18453413,0.31388909
786.42124076,0.30647976
786.65795621,0.29963741
786.89468048,0.29500803
787.13141355,0.28999601
787.36815544,0.27961166
787.60490613,0.26246763
787.84166563,0.25638605
788.07843392,0.24789536
788.31521101,0.23791785
788.55199688,0.23995706
788.78879155,0.24104545
789.02559499,0.23086778
789.26240722,0.23351660
789.49922822,0.22859787
789.73605800,0.22106055
789.97289654,0.22265781
790.20974385,0.22561607
790.44659991,0.22976889
790.68346474,0.23304292
790.92033832,0.22552123
791.15722065,0.23295601
791.39411172,0.23631769
791.63101154,0.24299548
791.86792010,0.24288718
792.10483739,0.24690981
792.34176341,0.24271547
792.57869817,0.24852627
792.81564164,0.25161128
793.05259384,0.24841326
793.28955475,0.25271195
793.52652438,0.26913137
793.76350271,0.26858821
794.00048975,0.27825627
794.23748550,0.27660566
794.47448994,0.28843404
794.71150307,0.29584769
794.94852490,0.31182926
795.18555541,0.30143462
795.42259461,0.31817734
795.65964249,0.31119029
795.89669904,0.31793540
796.13376427,0.32158127
796.37083816,0.31863194
796.60792072,0.31334218
796.84501194,0.31832219
797.08211182,0.31504556
797.31922035,0.31178012
797.55633753,0.29944840
797.79346336,0.30632888
798.03059784,0.30821187
798.26774095,0.31971344
798.50489270,0.31341745
798.74205307,0.31337995
798.97922208,0.30341415
799.21639971,0.30811562
799.45358597,0.30038530
799.69078084,0.31032267
799.92798432,0.30867273
800.16519641,0.31761424
800.40241711,0.33006108
800.63964641,0.34019191
800.87688431,0.34388736
801.11413080,0.35985204
801.35138589,0.35885248
801.58864956,0.35273420
801.82592182,0.35009506
802.06320266,0.34401649
802.30049207,0.35226661
802.53779006,0.36490515
802.77509661,0.36928683
803.01241173,0.37514688
803.24973542,0.35699317
803.48706766,0.36537032
803.72440845,0.36199640
803.96175780,0.36374025
804.19911569,0.36460236
804.43648213,0.35707915
804.67385710,0.35680496
804.91124061,0.36832644
805.14863266,0.35452662
805.38603323,0.33215971
805.62344232,0.32024803
805.86085994,0.31639264
806.09828608,0.30878553
806.33572073,0.30783521
806.57316388,0.29453603
806.81061555,0.30069100
807.04807572,0.29457353
807.28554438,0.27921533
807.52302155,0.27203447
807.76050720,0.27251998
807.99800134,0.25650716
808.23550397,0.26503538
808.47301507,0.25720016
808.71053466,0.25767874
808.94806271,0.24740112
809.18559924,0.24781702
809.42314423,0.24849385
809.66069769,0.24627927
809.89825960,0.24249708
810.13582996,0.24448133
810.37340878,0.22669382
810.61099605,0.22631204
810.84859175,0.22435626
811.08619590,0.21140999
811.32380849,0.21018042
811.56142950,0.21459609
811.79905895,0.21206003
812.03669682,0.20838807
812.27434311,0.19810017
812.51199782,0.18863279
812.74966095,0.18967217
812.98733248,0.18810774
813.22501242,0.19384470
813.46270077,0.19040397
813.70039751,0.19862921
813.93810265,0.19902022
814.17581618,0.20071251
814.41353810,0.21424372
814.65126841,0.21369562
814.88900709,0.21524353
815.12675415,0.22713578
815.36450959,0.22858369
815.60227339,0.23467520
815.84004556,0.23551971
816.07782610,0.25128076
816.31561499,0.25480589
816.55341224,0.25965744
816.79121784,0.26906968
817.02903178,0.28433227
817.26685407,0.27687483
817.50468470,0.29277064
817.74252367,0.29938573
817.98037097,0.30354686
818.21822660,0.30500835
818.45609055,0.32137706
818.69396283,0.32689381
818.93184342,0.34206469
819.16973233,0.35327689
819.40762955,0.36384520
819.64553508,0.35686859
819.88344891,0.35929925
820.12137104,0.36212490
820.35930146,0.36670215
820.59724018,0.35760401
820.83518719,0.36677572
821.07314248,0.35439241
821.31110605,0.35524290
821.54907790,0.36010605
821.78705802,0.34623237
822.02504642,0.33634914
822.26304308,0.33710717
822.50104800,0.35378897
822.73906118,0.36022305
822.97708262,0.35347169
823.21511231,0.35773585
823.45315024,0.35372169
823.69119643,0.35787869
823.92925085,0.35563378
824.16731351,0.34354463
824.40538440,0.34948339
824.64346352,0.34500191
824.88155087,0.33876447
825.11964643,0.35902299
825.35775022,0.34444724
825.59586222,0.33677651
825.83398244,0.32276988
826.07211086,0.31931624
826.31024748,0.30780560
826.54839231,0.31986521
826.78654533,0.31334335
827.02470654,0.31559667
827.26287594,0.31606375
827.50105353,0.30420717
827.73923930,0.28875122
827.97743325,0.27860106
828.21563537,0.27661761
828.45384566,0.27722533
828.69206412,0.27205587
828.93029074,0.26070087
829.16852552,0.25223818
829.40676846,0.25109760
829.64501954,0.23748493
829.88327878,0.22961434
830.12154616,0.22477025
830.35982168,0.21236553
830.59810534,0.20251374
830.83639714,0.20354606
831.07469706,0.19042582
831.31300511,0.18728493
831.55132128,0.17477982
831.78964557,0.17516089
832.02797798,0.16187897
832.26631849,0.15532135
832.50466712,0.15741837
832.74302384,0.15092079
832.98138867,0.14203287
833.21976160,0.14062219
833.45814262,0.13175799
833.69653172,0.12960390
833.93492892,0.12620642
834.17333419,0.12441417
834.41174755,0.12887571
834.65016897,0.13033396
834.88859847,0.12331042
835.12703604,0.12408752
835.36548167,0.11627066
835.60393535,0.11108525
835.84239710,0.11033146
836.08086690,0.12031446
836.31934474,0.10873685
836.55783063,0.10977887
836.79632456,0.11137930
837.03482653,0.12590440
837.27333654,0.11950291
837.51185457,0.12912638
837.75038063,0.12720860
837.98891471,0.13862306
838.22745681,0.13661569
838.46600693,0.14382580
838.70456506,0.14534956
838.94313120,0.15296878
839.18170534,0.15568228
839.42028748,0.16010124
839.65887762,0.16710283
839.89747575,0.17202928
840.13608187,0.17460676
840.37469598,0.17522800
840.61331807,0.17584017
840.85194814,0.18032205
841.09058618,0.18047865
841.32923220,0.17953505
841.56788618,0.17520963
841.80654812,0.16696888
842.04521803,0.16863732
842.28389589,0.16912823
842.52258171,0.17026091
842.76127547,0.16797209
842.99997718,0.16608362
843.23868683,0.17717190
843.47740442,0.18002127
843.71612994,0.18436957
843.95486339,0.19558073
844.19360477,0.19735993
844.43235408,0.19938704
844.67111130,0.20372396
844.90987644,0.20523755
845.14864949,0.22942201
845.38743045,0.23113227
845.62621931,0.24085553
845.86501608,0.25219274
846.10382074,0.26513531
846.34263329,0.26698932
846.58145374,0.27446268
846.82028207,0.28566634
847.05911828,0.29967414
847.29796238,0.31276895
847.53681435,0.32928117
847.77567419,0.34765915
848.01454189,0.37034759
848.25341746,0.36474390
848.49230090,0.36827041
848.73119218,0.37606408
848.97009133,0.38960828
849.20899832,0.37915743
849.44791315,0.37904154
849.68683583,0.38202138
849.92576635,0.40237123
850.16470470,0.39108346
850.40365088,0.37981821
850.64260489,0.37019313
850.88156673,0.38402945
851.12053638,0.38499439
851.35951385,0.36278902
851.59849913,0.34147427
851.83749222,0.35098664
852.07649311,0.35034289
852.31550181,0.34001116
852.55451830,0.31576642
852.79354259,0.30985499
853.03257467,0.32025124
853.27161453,0.31039289
853.51066218,0.30054900
853.74971761,0.28490838
853.98878081,0.27438871
854.22785178,0.26450008
854.46693053,0.23773707
854.70601703,0.22449435
854.94511130,0.21860076
855.18421332,0.20457610
855.42332310,0.18969980
855.66244063,0.17920149
855.90156590,0.17012247
856.14069892,0.15983127
856.37983967,0.15852790
856.61898816,0.15325831
856.85814438,0.14531671
857.09730833,0.13364205
857.33648000,0.12838253
857.57565939,0.12327189
857.81484650,0.11259619
858.05404132,0.10628127
858.29324385,0.10357726
858.53245409,0.10428401
858.77167203,0.10130127
859.01089766,0.09746695
859.25013099,0.09884970
859.48937201,0.09658508
859.72862072,0.10158689
859.96787711,0.11499657
860.20714118,0.11476724
860.44641292,0.12148659
860.68569234,0.12783643
860.92497943,0.13296052
861.16427418,0.13631611
861.40357659,0.14204010
861.64288666,0.14197095
861.88220438,0.15242137
862.12152976,0.15377846
862.36086277,0.15912060
862.60020344,0.16599725
862.83955174,0.16770520
863.07890767,0.17751852
863.31827124,0.17972102
863.55764244,0.17459499
863.79702126,0.18160548
864.03640770,0.17723731
864.27580175,0.18525061
864.51520342,0.18608776
864.75461270,0.19680493
864.99402959,0.20176517
865.23345408,0.19179783
865.47288616,0.19542867
865.71232584,0.20300795
865.95177311,0.19655112
866.19122797,0.19579419
866.43069041,0.20006742
866.67016043,0.20537876
866.90963803,0.20095248
867.14912320,0.20221844
867.38861594,0.20042297
867.62811625,0.20202310
867.86762411,0.19949546
868.10713954,0.20414009
868.34666251,0.20678753
868.58619304,0.21123900
868.82573112,0.21100871
869.06527673,0.21940743
869.30482989,0.21631024
869.54439058,0.22509797
869.78395881,0.22721081
870.02353456,0.23940588
870.26311784,0.23419922
870.50270863,0.23670669
870.74230695,0.22776417
870.98191278,0.22807198
871.22152611,0.23200990
871.46114696,0.23487874
871.70077530,0.23776798
871.94041115,0.23432180
872.18005449,0.23026281
872.41970532,0.23490988
872.65936364,0.24058650
872.89902944,0.22895041
873.13870273,0.22312633
873.37838349,0.21781322
873.61807172,0.21194143
873.85776742,0.19693092
874.09747059,0.19498822
874.33718122,0.18745284
874.57689930,0.18119734
874.81662484,0.17390644
875.05635784,0.17234518
875.29609827,0.17241527
875.53584616,0.16566896
875.77560148,0.16165002
876.01536424,0.15652586
876.25513443,0.15920875
876.49491204,0.16458375
876.73469709,0.16162630
876.97448955,0.15858012
877.21428943,0.16646051
877.45409673,0.17441537
877.69391143,0.18017459
877.93373355,0.18154342
878.17356306,0.18510043
878.41339998,0.18383711
878.65324428,0.19013417
878.89309599,0.19893850
879.13295507,0.20738181
879.37282155,0.21725204
879.61269540,0.23210708
879.85257663,0.23506912
880.09246523,0.22511754
880.33236121,0.23886182
880.57226455,0.23306698
880.81217525,0.22986484
881.05209331,0.22740699
881.29201872,0.23394099
881.53195149,0.23320748
881.77189160,0.22805238
882.01183905,0.23044737
882.25179385,0.23261809
882.49175598,0.23479429
882.73172545,0.23498351
882.97170224,0.22988799
883.21168636,0.24023978
883.45167780,0.25304395
883.69167656,0.25490408
883.93168263,0.25917952
884.17169601,0.26362162
884.41171670,0.26826475
884.65174469,0.27434398
884.89177999,0.27021577
885.13182257,0.27196856
885.37187245,0.27780759
885.61192962,0.29411273
885.85199407,0.28941036
886.09206581,0.30057127
886.33214482,0.29739165
886.57223110,0.29215763
886.81232465,0.28540610
887.05242547,0.28200438
887.29253356,0.27730438
887.53264890,0.26244613
887.77277149,0.26554569
888.01290134,0.27240182
888.25303843,0.25988733
888.49318277,0.25333406
888.73333435,0.24611906
888.97349317,0.24350060
889.21365922,0.24121660
889.45383250,0.24357921
889.69401300,0.24962075
889.93420072,0.25538753
890.17439567,0.26686327
890.41459783,0.28166807
890.65480719,0.28115790
890.89502377,0.27971573
891.13524755,0.27185733
891.37547853,0.29256680
891.61571670,0.29961386
891.85596207,0.30144937
892.09621463,0.31439096
892.33647437,0.31890128
892.57674129,0.32462964
892.81701539,0.32329417
893.05729666,0.33536141
893.29758510,0.32492384
893.53788071,0.31986307
893.77818349,0.32329618
894.01849342,0.33969673
894.25881051,0.33954870
894.49913474,0.34867066
894.73946613,0.35885445
894.97980466,0.36625729
895.22015033,0.37233549
895.46050314,0.38230500
895.70086308,0.37689019
895.94123016,0.37241771
896.18160435,0.37854565
896.42198567,0.39055372
896.66237411,0.40230519
896.90276966,0.39631527
897.14317233,0.39089321
897.38358210,0.37935661
897.62399897,0.37108909
897.86442295,0.35193201
898.10485402,0.35818337
898.34529218,0.36266641
898.58573744,0.35461638
898.82618978,0.35277498
899.06664920,0.35151129
899.30711569,0.33809325
899.54758927,0.34588134
899.78806991,0.33425369
900.02855762,0.32765622
900.26905239,0.31845969
900.50955422,0.31450176
900.75006311,0.30391606
900.99057905,0.29203087
901.23110204,0.28258624
901.47163207,0.28309658
901.71216914,0.27174519
901.95271325,0.27626136
902.19326440,0.27267598
902.43382257,0.27277055
902.67438777,0.26569064
902.91495999,0.26423731
903.15553924,0.26149358
903.39612549,0.26441635
903.63671876,0.27392906
903.87731904,0.27153296
904.11792632,0.27417741
904.35854060,0.26929637
904.59916188,0.26325989
904.83979015,0.27830840
905.08042541,0.27453236
905.32106765,0.27279654
905.56171688,0.26064674
905.80237308,0.26231140
906.04303626,0.25553177
906.28370641,0.24642791
906.52438353,0.23647268
906.76506761,0.22996570
907.00575865,0.22634094
907.24645665,0.22291196
907.48716160,0.20867895
907.72787350,0.20561123
907.96859234,0.19531139
908.20931812,0.19049831
908.45005085,0.17422559
908.69079050,0.17251225
908.93153709,0.16775072
909.17229060,0.17184806
909.41305104,0.16416842
909.65381839,0.16217855
909.89459266,0.15983194
910.13537384,0.16499119
910.37616193,0.15786883
910.61695693,0.16766462
910.85775882,0.17097478
911.09856761,0.17854187
911.33938330,0.17664751
911.58020588,0.17484164
911.82103534,0.18178883
912.06187168,0.19076434
912.30271490,0.20114791
912.54356500,0.21116677
912.78442197,0.21330511
913.02528580,0.21925592
913.26615650,0.23490607
913.50703406,0.25077942
913.74791848,0.26294823
913.98880974,0.27311726
914.22970786,0.27708576
914.47061282,0.29590690
914.71152463,0.30257074
914.95244327,0.30019532
915.19336875,0.29919973
915.43430105,0.30333095
915.67524019,0.31095806
915.91618615,0.32792706
916.15713892,0.32602487
916.39809852,0.31966586
916.63906492,0.30788144
916.88003813,0.29748141
917.12101815,0.29115304
917.36200497,0.29522896
917.60299859,0.28352560
917.84399900,0.28446843
918.08500620,0.27438701
918.32602018,0.26861826
918.56704095,0.26014295
918.80806850,0.24603332
919.04910282,0.23579313
919.29014392,0.22643100
919.53119178,0.22034112
919.77224640,0.21069477
920.01330779,0.20228822
920.25437593,0.19570062
920.49545083,0.19717931
920.73653248,0.19123956
920.97762087,0.17866465
921.21871600,0.16727411
921.45981787,0.15518245
921.70092648,0.14767096
921.94204182,0.13898161
922.18316388,0.13159561
922.42429267,0.12721810
922.66542818,0.12531518
922.90657040,0.12154553
923.14771934,0.12218968
923.38887498,0.10768273
923.63003734,0.10608209
923.87120639,0.10743282
924.11238214,0.11214460
924.35356458,0.11388527
924.59475371,0.11963930
924.83594953,0.12728307
925.07715204,0.12582890
925.31836122,0.12574794
925.55957708,0.12723981
925.80079961,0.13957622
926.04202881,0.15910896
926.28326467,0.16709426
926.52450719,0.17861276
926.76575637,0.18395772
927.00701221,0.18706213
927.24827469,0.18003063
927.48954382,0.18032526
927.73081959,0.18726848
927.97210200,0.19465626
928.21339105,0.19931204
928.45468673,0.20554191
928.69598903,0.21169076
928.93729796,0.21683663
929.17861351,0.21478411
929.41993567,0.21713772
929.66126445,0.21850859
929.90259984,0.23115241
930.14394183,0.22433780
930.38529042,0.23853628
930.62664561,0.22865247
930.86800740,0.23149789
931.10937578,0.22425680
931.35075074,0.21303059
931.59213229,0.20308984
931.83352042,0.20643804
932.07491512,0.20884785
932.31631639,0.20710240
932.55772424,0.20491114
932.79913864,0.19427305
933.04055961,0.18410769
933.28198714,0.17222297
933.52342122,0.16772825
933.76486185,0.15619503
934.00630903,0.15385520
934.24776275,0.15232465
934.48922301,0.14776974
934.73068980,0.12885935
934.97216313,0.11942379
935.21364298,0.11718529
935.45512936,0.11306946
935.69662225,0.10355759
935.93812167,0.09589646
936.17962760,0.08890842
936.42114004,0.09076022
936.66265898,0.08223361
936.90418442,0.08808003
937.14571637,0.08902631
937.38725481,0.07674814
937.62879973,0.07678313
937.87035115,0.07179215
938.11190905,0.06919115
938.35347343,0.06178269
938.59504429,0.06687815
938.83662162,0.06583469
939.07820541,0.07057252
939.31979568,0.07109651
939.56139240,0.07001492
939.80299558,0.06324858
940.04460522,0.06599099
940.28622131,0.06220003
940.52784384,0.06178135
940.76947282,0.05459353
941.01110823,0.05773785
941.25275008,0.05585240
941.49439837,0.05857253
941.73605308,0.05768413
941.97771421,0.05456897
942.21938177,0.05013185
942.46105574,0.04613057
942.70273613,0.04403950
942.94442293,0.04221145
943.18611613,0.04185175
943.42781574,0.03592413
943.66952174,0.03921733
943.91123414,0.03554871
944.15295293,0.03472605
944.39467811,0.03121811
944.63640967,0.03167446
944.87814762,0.03159938
945.11989194,0.03034439
945.36164263,0.02912738
945.60339969,0.02894071
945.84516312,0.02980676
946.08693290,0.03206607
946.32870905,0.03280429
946.57049155,0.03479433
946.81228040,0.03400877
947.05407560,0.03748646
947.29587714,0.03959971
947.53768503,0.04083680
947.77949924,0.04053260
948.02131979,0.03939665
948.26314667,0.04881668
948.50497988,0.04912332
948.74681940,0.05077815
948.98866524,0.05502086
949.23051740,0.06038342
949.47237587,0.06446536
949.71424064,0.06741679
949.95611171,0.07232243
950.19798909,0.08021289
950.43987276,0.08212317
950.68176272,0.08486629
950.92365897,0.09295426
951.16556150,0.09244549
951.40747032,0.09894099
951.64938541,0.10655215
951.89130677,0.11630492
952.13323441,0.11772674
952.37516831,0.12708706
952.61710847,0.14172443
952.85905489,0.14560715
953.10100756,0.14310918
953.34296649,0.15199115
953.58493166,0.15587053
953.82690308,0.16033685
954.06888074,0.15901101
954.31086463,0.16722343
954.55285476,0.17176185
954.79485111,0.17900819
955.03685369,0.18563102
955.27886249,0.19148123
955.52087751,0.19255168
955.76289875,0.20049280
956.00492619,0.20749067
956.24695984,0.22188753
956.48899970,0.21711792
956.73104575,0.22357735
956.97309800,0.22290209
957.21515644,0.22452801
957.45722107,0.23424489
957.69929189,0.23741066
957.94136888,0.23811811
958.18345205,0.24900540
958.42554140,0.24946810
958.66763692,0.25897050
958.90973860,0.27560169
959.15184644,0.29413957
959.39396044,0.30802697
959.63608060,0.31981630
959.87820691,0.33362639
960.12033937,0.33920890
960.36247797,0.32318568
960.60462271,0.33023859
960.84677359,0.32038920
961.08893060,0.32311569
961.33109374,0.32690317
961.57326301,0.33363469
961.81543840,0.33140957
962.05761991,0.33974116
962.29980753,0.33249566
962.54200126,0.34088909
962.78420110,0.34524803
963.02640704,0.35006830
963.26861908,0.33667039
963.51083722,0.33405942
963.75306145,0.33696435
963.99529177,0.34291345
964.23752817,0.34869665
964.47977066,0.35231435
964.72201922,0.36008518
964.96427386,0.36017173
965.20653456,0.34819696
965.44880134,0.34418985
965.69107417,0.33373385
965.93335307,0.32858928
966.17563802,0.31449132
966.41792902,0.30700740
966.66022607,0.29936937
966.90252917,0.28030700
967.14483830,0.26670232
967.38715347,0.25710966
967.62947468,0.24838961
967.87180192,0.22935517
968.11413518,0.20989349
968.35647446,0.20369004
968.59881976,0.19248858
968.84117108,0.19287618
969.08352841,0.19189491
969.32589174,0.17696318
969.56826108,0.16344281
969.81063642,0.17482047
970.05301776,0.16914709
970.29540509,0.17112412
970.53779840,0.16506061
970.78019771,0.17577758
971.02260299,0.17087887
971.26501425,0.17153731
971.50743149,0.16784694
971.74985470,0.16691810
971.99228387,0.16948551
972.23471901,0.16669900
972.47716011,0.15714167
972.71960716,0.15728643
972.96206016,0.15383185
973.20451911,0.15138156
973.44698401,0.14464362
973.68945485,0.13886831
973.93193163,0.13408672
974.17441434,0.13221129
974.41690298,0.12371936
974.65939754,0.12029553
974.90189803,0.11825314
975.14440444,0.11498670
975.38691676,0.10438290
975.62943499,0.10645302
975.87195913,0.10009107
976.11448918,0.09635702
976.35702513,0.09346038
976.59956697,0.08980421
976.84211470,0.09108499
977.08466833,0.09281760
977.32722784,0.08961637
977.56979323,0.08848041
977.81236450,0.08756956
978.05494165,0.08577868
978.29752467,0.08749275
978.54011355,0.08373595
978.78270830,0.08045677
979.02530890,0.08546367
979.26791537,0.08704370
979.51052768,0.08293670
979.75314585,0.08298477
979.99576986,0.08172765
980.23839971,0.07647208
980.48103540,0.08465054
980.72367692,0.08798007
980.96632427,0.08764865
981.20897745,0.08697097
981.45163645,0.09071339
981.69430127,0.09370289
981.93697191,0.09848739
982.17964836,0.08949513
982.42233061,0.08869987
982.66501868,0.09244469
982.90771254,0.08721686
983.15041220,0.09797401
983.39311765,0.09571691
983.63582889,0.09454265
983.87854592,0.09557059
984.12126873,0.09425903
984.36399732,0.08661492
984.60673168,0.08845910
984.84947182,0.08416908
985.09221772,0.07884068
985.33496939,0.08769271
985.57772681,0.08511776
985.82049000,0.08672134
986.06325893,0.08344553
986.30603362,0.08188990
986.54881405,0.07862336
986.79160022,0.07817378
987.03439213,0.07074057
987.27718977,0.07327663
987.51999315,0.07145681
987.76280225,0.06625594
988.00561707,0.06821711
988.24843762,0.07473070
988.49126388,0.07235746
988.73409585,0.07520461
988.97693353,0.07578149
989.21977692,0.07622020
989.46262601,0.07441828
989.70548079,0.07493357
989.94834127,0.07176465
990.19120744,0.07129084
990.43407929,0.06759630
990.67695683,0.07140964
990.91984004,0.07453162
991.16272893,0.07523532
991.40562350,0.07611071
991.64852373,0.07989414
991.89142962,0.08245958
992.13434118,0.08025953
992.37725839,0.07888691
992.62018126,0.07801373
992.86310977,0.08370490
993.10604393,0.08235534
993.34898373,0.07890939
993.59192917,0.08000454
993.83488025,0.07660148
994.07783696,0.07386495
994.32079929,0.07857097
994.56376725,0.07880830
994.80674082,0.07477052
995.04972002,0.07638282
995.29270482,0.07523586
995.53569524,0.07401974
995.77869126,0.07457237
996.02169288,0.08009710
996.26470010,0.07939909
996.50771291,0.07601236
996.75073131,0.07512088
996.99375530,0.07939026
997.23678488,0.08268808
997.47982003,0.08162879
997.72286076,0.08051428
997.96590706,0.08575157
998.20895892,0.08134520
998.45201636,0.07871091
998.69507935,0.08029626
998.93814790,0.07655150
999.18122200,0.08151461
999.42430166,0.07593709
999.66738686,0.07032520
999.91047760,0.07140911
1000.15357388,0.07102151
1000.39667569,0.07284521
1000.63978304,0.06605555
1000.88289592,0.06418869
1001.12601431,0.06340611
1001.36913823,0.06661624
1001.61226767,0.06201874
1001.85540262,0.06373466
1002.09854307,0.06362797
1002.34168904,0.05886488
1002.58484050,0.06310519
1002.82799746,0.06177694
1003.07115992,0.05838271
1003.31432787,0.05571878
1003.55750130,0.06048134
1003.80068022,0.05895811
1004.04386462,0.05529696
1004.28705449,0.05390097
1004.53024984,0.05375945
1004.77345065,0.05313420
1005.01665693,0.05611909
1005.25986867,0.05438973
1005.50308587,0.05769363
1005.74630852,0.05716960
1005.98953662,0.05461694
1006.23277017,0.05580697
1006.47600916,0.05604221
1006.71925359,0.06086318
1006.96250346,0.05963900
1007.20575875,0.06020614
1007.44901948,0.05795885
1007.69228563,0.06303296
1007.93555720,0.05578669
1008.17883418,0.05348761
1008.42211658,0.05423323
1008.66540439,0.05013520
1008.90869761,0.04921231
1009.15199622,0.05446034
1009.39530024,0.04897170
1009.63860965,0.04932167
1009.88192445,0.04877182
1010.12524464,0.05019722
1010.36857021,0.05372242
1010.61190116,0.05557302
1010.85523749,0.05380743
1011.09857919,0.05657908
1011.34192626,0.05663629
1011.58527870,0.05708376
1011.82863649,0.05897120
1012.07199965,0.05841178
1012.31536816,0.05861662
1012.55874202,0.06068755
1012.80212122,0.06413416
1013.04550577,0.06563587
1013.28889566,0.06939137
1013.53229088,0.07358334
1013.77569144,0.07551423
1014.01909732,0.07994706
1014.26250853,0.07741113
1014.50592506,0.08114940
1014.74934691,0.08516088
1014.99277407,0.08477703
1015.23620654,0.08925008
1015.47964432,0.08762222
1015.72308739,0.08901360
1015.96653577,0.08852608
1016.20998944,0.08487528
1016.45344841,0.08723870
1016.69691266,0.08061992
1016.94038220,0.08333353
1017.18385701,0.07899363
1017.42733710,0.08008479
1017.67082247,0.07839785
1017.91431310,0.04593912
1018.15780900,0.00353677
1018.40131017,0.00563891
1018.64481659,0.00413874
1018.88832826,0.00446726
1019.13184519,0.00370411
1019.37536736,0.00099398
