195.95165235,0.00136926
196.15151677,-0.00110340
196.35139989,0.00051803
196.55130171,0.00181341
196.75122222,0.00081975
196.95116143,0.00010436
197.15111932,0.00181176
197.35109589,-0.00050079
197.55109115,-0.00231313
197.75110507,0.00335410
197.95113767,-0.00099386
198.15118894,0.00054675
198.35125887,0.00186687
198.55134747,0.00346381
198.75145472,0.00005218
198.95158062,0.00241645
199.15172517,-0.00019673
199.35188837,0.00142733
199.55207021,-0.00011256
199.75227069,0.00090434
199.95248980,0.00219672
200.15272755,-0.00011544
200.35298392,0.00137235
200.55325891,0.00231063
200.75355253,0.00181459
200.95386476,0.00343675
201.15419561,0.00126188
201.35454506,0.00101435
201.55491312,0.00010548
201.75529978,0.00109736
201.95570504,0.00087546
202.15612889,0.00010841
202.35657133,0.00274590
202.55703236,-0.00132628
202.75751198,0.00060311
202.95801017,0.00252910
203.15852694,0.00368516
203.35906228,0.00286086
203.55961619,0.00225378
203.76018866,-0.00110504
203.96077969,-0.00011306
204.16138928,0.00214201
204.36201743,0.00016025
204.56266412,-0.00168225
204.76332936,-0.00066673
204.96401315,0.00321549
205.16471547,0.00043417
205.36543633,0.00142528
205.56617572,0.00252708
205.76693363,-0.00058460
205.96771007,-0.00094057
206.16850503,-0.00119096
206.36931851,0.00225261
206.57015050,-0.00011450
206.77100100,0.00263635
206.97187001,0.00018731
207.17275752,-0.00107866
207.37366352,0.00503565
207.57458802,0.00407042
207.77553101,0.00351989
207.97649249,-0.00143832
208.17747245,0.00285768
208.37847089,0.00093164
208.57948781,0.00026978
208.78052320,0.00175762
208.98157706,-0.00138186
209.18264938,0.00126284
209.38374017,0.00285571
209.58484941,0.00142430
209.78597710,0.00445508
209.98712325,0.00329986
210.18828784,-0.00050003
210.38947088,-0.00137796
210.59067235,-0.00138125
210.79189226,0.00027298
210.99313061,0.00063182
211.19438738,-0.00170994
211.39566257,-0.00028190
211.59695619,0.00016125
211.79826822,-0.00124425
211.99959866,0.00092884
212.20094752,0.00181381
212.40231478,0.00192222
212.60370044,0.00010469
212.80510450,0.00274743
213.00652696,0.00278001
213.20796781,0.00035394
213.40942704,-0.00146171
213.61090466,-0.00000722
213.81240066,0.00456279
214.01391504,-0.00127096
214.21544779,0.00112332
214.41699890,0.00005246
214.61856839,0.00170397
214.82015623,0.00065921
215.02176243,0.00059978
215.22338699,0.00010477
215.42502990,-0.00124404
215.62669115,-0.00025124
215.82837075,0.00026856
216.03006868,-0.00066699
216.23178496,0.00227968
216.43351956,-0.00011501
216.63527249,-0.00171048
216.83704375,0.00153379
217.03883333,-0.00083335
217.24064123,0.00197903
217.44246744,0.00065807
217.64431195,-0.00055552
217.84617478,0.00412523
218.04805591,-0.00033497
218.24995534,0.00016088
218.45187306,-0.00017040
218.65380907,0.00260772
218.85576337,0.00258108
219.05773596,0.00046566
219.25972683,0.00054770
219.46173597,-0.00264701
219.66376339,0.00260979
219.86580907,0.00106737
220.06787302,0.00252596
220.26995524,0.00492150
220.47205571,0.00175742
220.67417443,0.00285733
220.87631141,0.00170507
221.07846663,0.00280171
221.28064010,0.00197500
221.48283181,0.00109492
221.68504175,0.00120726
221.88726993,0.00175763
222.08951633,-0.00105018
222.29178096,-0.00110540
222.49406382,0.00137227
222.69636488,0.00181108
222.89868417,0.00189565
223.10102166,-0.00008892
223.30337736,0.00252985
223.50575126,-0.00154885
223.70814337,-0.00138094
223.91055366,0.00230808
224.11298215,0.00296693
224.31542883,-0.00038807
224.51789369,0.00159245
224.72037673,0.00181127
224.92287795,0.00178300
225.12539735,0.00104286
225.32793491,0.00115039
225.53049064,0.00132000
225.73306453,0.00159256
225.93565658,0.00002156
226.13826679,-0.00187513
226.34089514,0.00120412
226.54354164,-0.00143716
226.74620629,-0.00000721
226.94888908,0.00197963
227.15159000,-0.00047586
227.35430906,0.00230721
227.55704625,-0.00237203
227.75980156,-0.00088807
227.96257499,0.00035256
228.16536654,0.00197513
228.36817621,0.00032330
228.57100398,0.00456376
228.77384987,0.00274581
228.97671385,0.00048946
229.17959594,0.00431932
229.38249612,0.00241753
229.58541439,0.00395938
229.78835076,-0.00143664
229.99130520,0.00181378
230.19427773,0.00225371
230.39726834,0.00321584
230.60027702,0.00104115
230.80330377,0.00008038
231.00634858,0.00065854
231.20941146,0.00225237
231.41249240,0.00005118
231.61559139,0.00087404
231.81870844,0.00181174
232.02184353,0.00142543
232.22499666,-0.00261907
232.42816784,0.00065462
232.63135705,0.00511614
232.83456430,0.00230583
233.03778958,0.00016097
233.24103288,0.00131533
233.44429420,-0.00074759
233.64757355,0.00054611
233.85087090,0.00054762
234.05418627,0.00065599
234.25751965,0.00153602
234.46087103,0.00054601
234.66424040,0.00379137
234.86762778,0.00109581
235.07103315,0.00285746
235.27445650,0.00073995
235.47789784,-0.00066474
235.68135717,-0.00135369
235.88483447,0.00043288
236.08832974,0.00230893
236.29184299,0.00252433
236.49537420,0.00214409
236.69892338,-0.00039262
236.90249051,0.00197601
237.10607560,-0.00044573
237.30967864,0.00046699
237.51329963,0.00225413
237.71693857,-0.00008665
237.92059544,0.00021338
238.12427025,-0.00058253
238.32796300,-0.00198468
238.53167367,-0.00118948
238.73540228,0.00068275
238.93914880,-0.00055832
239.14291324,0.00032813
239.34669560,-0.00143814
239.55049587,0.00131448
239.75431405,-0.00014443
239.95815013,0.00120936
240.16200411,-0.00088380
240.36587599,0.00148400
240.56976576,0.00307945
240.77367342,-0.00262094
240.97759896,0.00109906
241.18154239,-0.00022304
241.38550369,-0.00069206
241.58948287,-0.00096881
241.79347992,0.00478576
241.99749484,0.00161900
242.20152762,0.00161865
242.40557826,0.00123404
242.60964676,0.00142700
242.81373311,0.00016010
243.01783730,0.00038215
243.22195934,0.00318839
243.42609923,0.00164533
243.63025695,0.00057270
243.83443250,0.00236323
244.03862589,-0.00000237
244.24283710,0.00197541
244.44706613,0.00357390
244.65131298,0.00082209
244.85557765,-0.00038986
245.05986013,0.00112279
245.26416042,0.00186742
245.46847851,0.00305154
245.67281440,0.00043467
245.87716809,0.00164575
246.08153957,0.00071402
246.28592885,-0.00025064
246.49033590,0.00247333
246.69476074,-0.00077673
246.89920336,0.00010638
247.10366375,0.00225205
247.30814192,-0.00055405
247.51263785,0.00159182
247.71715155,0.00241807
247.92168300,0.00186729
248.12623221,-0.00066660
248.33079918,0.00247173
248.53538389,0.00519893
248.73998635,0.00247204
248.94460655,0.00329905
249.14924448,0.00087686
249.35390016,0.00197559
249.55857356,-0.00126641
249.76326469,0.00214118
249.96797354,0.00142571
250.17270011,0.00181144
250.37744440,-0.00017084
250.58220640,0.00302258
250.78698610,0.00071230
250.99178352,-0.00132711
251.19659863,0.00098702
251.40143144,-0.00072046
251.60628194,-0.00187390
251.81115014,0.00205835
252.01603602,0.00423549
252.22093958,0.00329966
252.42586082,0.00082144
252.63079974,0.00225013
252.83575632,0.00137544
253.04073058,-0.00165618
253.24572250,0.00203024
253.45073208,-0.00053082
253.65575931,0.00263576
253.86080420,-0.00022641
254.06586674,0.00035324
254.27094692,0.00354624
254.47604475,0.00065791
254.68116021,-0.00193162
254.88629331,-0.00061170
255.09144404,-0.00083279
255.29661240,-0.00000412
255.50179838,0.00577262
255.70700198,0.00225082
255.91222319,0.00076669
256.11746202,-0.00121653
256.32271846,-0.00000649
256.52799250,0.00084567
256.73328414,0.00277400
256.93859338,0.00192244
257.14392021,0.00230919
257.34926464,0.00420598
257.55462665,0.00136966
257.76000624,0.00197813
257.96540341,0.00687618
258.17081816,0.00098471
258.37625048,-0.00011687
258.58170037,-0.00016895
258.78716782,0.00087720
258.99265284,-0.00036466
259.19815541,-0.00121753
259.40367553,-0.00022753
259.60921320,0.00148132
259.81476842,0.00409782
260.02034118,0.00120493
260.22593148,0.00423189
260.43153931,0.00142768
260.63716468,0.00104225
260.84280757,0.00170470
261.04846799,0.00005027
261.25414593,-0.00352925
261.45984138,0.00203328
261.66555434,0.00159110
261.87128482,0.00170186
262.07703280,0.00125880
262.28279828,-0.00066674
262.48858126,-0.00198937
262.69438173,0.00274835
262.90019970,0.00186718
263.10603515,0.00252916
263.31188808,0.00059961
263.51775850,0.00197810
263.72364639,-0.00212404
263.92955175,0.00148276
264.13547458,-0.00093941
264.34141487,-0.00149057
264.54737263,-0.00198677
264.75334784,0.00148062
264.95934051,0.00828296
265.16535062,0.00137218
265.37137818,0.00087561
265.57742319,0.00021739
265.78348563,-0.00039138
265.98956551,-0.00105069
266.19566282,0.00148056
266.40177756,0.00090304
266.60790972,0.00059947
266.81405931,0.00032830
267.02022631,0.00087613
267.22641072,0.00277660
267.43261254,0.00126060
267.63883177,0.00054865
267.84506840,-0.00215434
268.05132243,0.00186579
268.25759385,0.00318704
268.46388266,-0.00148897
268.67018886,-0.00176685
268.87651245,0.00373905
269.08285341,0.00203239
269.28921175,0.00109745
269.49558746,-0.00091187
269.70198054,-0.00132784
269.90839099,-0.00000667
270.11481880,0.00170142
270.32126396,0.00027269
270.52772648,0.00153729
270.73420635,0.00214005
270.94070356,-0.00094335
271.14721812,0.00280203
271.35375002,0.00582920
271.56029925,0.00236103
271.76686582,0.00153620
271.97344971,0.00159510
272.18005093,-0.00011574
272.38666947,0.00286515
272.59330532,0.00137196
272.79995849,0.00236346
273.00662897,0.00459201
273.21331676,-0.00336552
273.42002184,0.00026900
273.62674423,0.00098636
273.83348391,0.00423361
274.04024088,0.00126347
274.24701514,-0.00237306
274.45380668,0.00032594
274.66061550,0.00095781
274.86744160,-0.00022696
275.07428498,0.00197884
275.28114562,-0.00088562
275.48802352,0.00010426
275.69491869,-0.00077442
275.90183112,0.00241734
276.10876080,0.00016307
276.31570773,-0.00129801
276.52267191,-0.00275866
276.72965333,0.00150753
276.93665199,0.00280440
277.14366789,-0.00278347
277.35070102,0.00200443
277.55775137,-0.00322406
277.76481895,0.00032478
277.97190376,0.00321432
278.17900578,0.00192130
278.38612501,0.00236157
278.59326146,0.00360143
278.80041511,-0.00061007
279.00758596,-0.00005992
279.21477401,0.00043550
279.42197926,0.00092924
279.62920170,-0.00005783
279.83644133,0.00461753
280.04369814,0.00153679
280.25097213,-0.00151790
280.45826330,0.00351954
280.66557164,0.00148077
280.87289715,-0.00193327
281.08023982,0.00382005
281.28759966,0.00255479
281.49497666,-0.00052607
281.70237081,0.00214162
281.90978211,0.00065391
282.11721056,-0.00160057
282.32465616,-0.00413320
282.53211889,0.00076620
282.73959876,0.00285524
282.94709576,0.00054341
283.15460989,0.00142573
283.36214115,-0.00286582
283.56968952,0.00175649
283.77725502,0.00316271
283.98483763,0.00137009
284.19243735,-0.00008870
284.40005417,0.00274667
284.60768810,-0.00215356
284.81533913,0.00161664
285.02300725,0.00115067
285.23069247,0.00112209
285.43839477,0.00208845
285.64611416,0.00242583
285.85385063,0.00082233
286.06160417,0.00511359
286.26937479,0.00269401
286.47716248,0.00032620
286.68496724,0.00390331
286.89278906,0.00024071
287.10062793,0.00126177
287.30848386,0.00010451
287.51635685,0.00225187
287.72424688,0.00296803
287.93215395,-0.00083296
288.14007806,0.00324216
288.34801921,0.00065492
288.55597740,0.00252595
288.76395261,-0.00069250
288.97194485,0.00414920
289.17995411,0.00393081
289.38798039,-0.00049908
289.59602368,-0.00055603
289.80408398,0.00318851
290.01216129,-0.00011639
290.22025561,-0.00143729
290.42836692,0.00010308
290.63649523,0.00076709
290.84464053,0.00032568
291.05280282,-0.00105112
291.26098209,0.00406867
291.46917835,-0.00006112
291.67739158,0.00236149
291.88562179,0.00104208
292.09386897,0.00043334
292.30213311,0.00379395
292.51041422,0.00349121
292.71871228,0.00137143
292.92702730,0.00522410
293.13535928,0.00186544
293.34370820,0.00164881
293.55207406,-0.00272842
293.76045686,0.00016389
293.96885661,0.00104077
294.17727328,0.00137150
294.38570689,0.00010641
294.59415742,0.00357325
294.80262487,-0.00077665
295.01110924,0.00015869
295.21961052,0.00054760
295.42812872,0.00291226
295.63666382,0.00296794
295.84521583,0.00079345
296.05378474,0.00214397
296.26237054,-0.00182298
296.47097324,0.00148090
296.67959282,-0.00016933
296.88822929,0.00428944
297.09688264,-0.00171258
297.30555287,-0.00330934
297.51423998,0.00115117
297.72294395,0.00123519
297.93166479,0.00329821
298.14040250,0.00131713
298.34915706,-0.00005925
298.55792848,0.00170033
298.76671675,-0.00066590
298.97552187,0.00082066
299.18434383,0.00258220
299.39318264,0.00329863
299.60203828,-0.00017208
299.81091075,0.00104073
300.01980006,0.00104407
300.22870619,0.00208576
300.43762914,0.00335402
300.64656892,0.00057358
300.85552550,0.00230681
301.06449890,0.00365553
301.27348911,-0.00009108
301.48249612,0.00280386
301.69151993,0.00200632
301.90056054,-0.00055398
302.10961794,0.00120549
302.31869213,0.00170116
302.52778310,0.00420602
302.73689086,0.00214434
302.94601539,0.00184229
303.15515670,0.00032510
303.36431478,0.00247432
303.57348963,-0.00341659
303.78268124,0.00131580
303.99188961,0.00054691
304.20111474,0.00354731
304.41035662,0.00373665
304.61961524,0.00065532
304.82889062,0.00159385
305.03818273,0.00153520
305.24749158,0.00115187
305.45681716,0.00038154
305.66615948,0.00082313
305.87551852,0.00010647
306.08489429,0.00148014
306.29428677,0.00073777
306.50369597,-0.00055584
306.71312188,0.00387729
306.92256450,-0.00132664
307.13202382,0.00016235
307.34149984,0.00065474
307.55099256,0.00368465
307.76050198,0.00071127
307.97002808,0.00018800
308.17957087,0.00093197
308.38913034,0.00007571
308.59870649,0.00175892
308.80829931,0.00167461
309.01790881,-0.00179390
309.22753497,0.00164532
309.43717780,0.00101485
309.64683728,0.00291136
309.85651343,0.00076594
310.06620622,0.00093296
310.27591567,-0.00072176
310.48564176,0.00318781
310.69538449,-0.00066688
310.90514386,0.00175629
311.11491986,0.00114992
311.32471250,0.00038087
311.53452176,0.00079480
311.74434764,0.00032574
311.95419014,0.00137183
312.16404926,0.00395898
312.37392499,-0.00127378
312.58381733,0.00037827
312.79372628,0.00059973
313.00365182,0.00070974
313.21359397,0.00175719
313.42355270,0.00153965
313.63352803,-0.00231558
313.84351994,0.00439773
314.05352843,0.00269330
314.26355351,-0.00027991
314.47359516,-0.00027950
314.68365338,0.00181090
314.89372816,0.00043550
315.10381952,0.00164660
315.31392743,0.00398763
315.52405190,0.00225171
315.73419292,-0.00011581
315.94435049,-0.00099411
316.15452461,-0.00121694
316.36471526,0.00054617
316.57492246,-0.00055504
316.78514619,0.00005037
316.99538646,-0.00088283
317.20564324,-0.00127475
317.41591656,0.00445485
317.62620639,0.00098559
317.83651274,0.00139920
318.04683560,0.00404112
318.25717497,0.00092810
318.46753084,0.00274655
318.67790322,0.00263850
318.88829209,0.00186547
319.09869746,0.00109656
319.30911932,0.00200732
319.51955766,0.00478415
319.73001249,-0.00008866
319.94048380,0.00362768
320.15097158,0.00087523
320.36147583,-0.00011767
320.57199655,-0.00105163
320.78253374,0.00087341
320.99308739,0.00129023
321.20365749,-0.00108094
321.41424405,0.00187020
321.62484706,0.00384675
321.83546651,0.00428885
322.04610240,0.00597016
322.25675474,0.00315959
322.46742351,0.00016127
322.67810870,-0.00011423
322.88881033,0.00434350
323.09952838,0.00115131
323.31026285,0.00307881
323.52101374,-0.00044424
323.73178104,0.00076612
323.94256475,0.00197681
324.15336487,-0.00088540
324.36418138,0.00010467
324.57501430,0.00406734
324.78586360,-0.00025446
324.99672930,0.00026939
325.20761139,-0.00281375
325.41850986,0.00137222
325.62942471,-0.00237074
325.84035593,0.00079261
326.05130353,0.00236221
326.26226749,0.00379416
326.47324782,0.00093137
326.68424451,0.00021345
326.89525756,0.00605025
327.10628696,-0.00077442
327.31733271,0.00178323
327.52839481,0.00181541
327.73947325,0.00202994
327.95056803,0.00384925
328.16167915,-0.00027720
328.37280659,0.00180912
328.58395037,-0.00116102
328.79511046,0.00076914
329.00628688,0.00087521
329.21747962,0.00346501
329.42868867,0.00046396
329.63991403,-0.00297778
329.85115569,0.00004979
330.06241365,0.00175784
330.27368792,0.00032668
330.48497848,-0.00107786
330.69628533,-0.00121123
330.90760846,0.00137210
331.11894788,-0.00077530
331.33030358,0.00241823
331.54167556,-0.00165345
331.75306381,0.00274767
331.96446832,-0.00088415
332.17588911,0.00302353
332.38732615,0.00090265
332.59877945,0.00263679
332.81024901,-0.00027897
333.02173481,-0.00063890
333.23323686,0.00214027
333.44475516,0.00417911
333.65628969,-0.00055525
333.86784046,0.00153665
334.07940747,0.00054523
334.29099070,0.00018803
334.50259015,0.00230532
334.71420583,0.00561123
334.92583772,0.00010588
335.13748582,0.00131733
335.34915014,-0.00047289
335.56083066,-0.00044606
335.77252739,0.00103860
335.98424031,0.00412389
336.19596943,-0.00006172
336.40771473,0.00131769
336.61947623,0.00274727
336.83125391,0.00081934
337.04304777,0.00296635
337.25485781,0.00302323
337.46668402,-0.00033392
337.67852640,0.00139883
337.89038494,0.00222356
338.10225965,0.00126452
338.31415051,0.00049232
338.52605753,0.00164507
338.73798070,0.00348956
338.94992001,0.00109670
339.16187547,0.00120721
339.37384707,0.00351895
339.58583481,-0.00071858
339.79783867,0.00280493
340.00985867,0.00266355
340.22189479,-0.00154896
340.43394703,0.00263641
340.64601539,0.00137024
340.85809986,0.00093219
341.07020044,0.00159070
341.28231713,0.00148042
341.49444992,0.00170320
341.70659882,0.00274496
341.91876380,0.00115219
342.13094488,0.00101506
342.34314204,0.00357314
342.55535529,0.00093146
342.76758462,0.00395818
342.97983003,0.00137106
343.19209151,-0.00033488
343.40436906,-0.00000578
343.61666268,-0.00066525
343.82897235,-0.00146694
344.04129809,0.00137144
344.25363988,0.00164492
344.46599772,-0.00149185
344.67837161,-0.00011494
344.89076154,0.00280532
345.10316751,0.00038011
345.31558952,0.00200424
345.52802756,0.00291254
345.74048163,0.00550204
345.95295173,-0.00072031
346.16543784,-0.00044592
346.37793998,0.00214212
346.59045813,0.00027023
346.80299228,-0.00033535
347.01554245,0.00095691
347.22810862,-0.00002930
347.44069079,0.00038124
347.65328895,0.00311008
347.86590310,0.00269141
348.07853325,-0.00099512
348.29117938,0.00214375
348.50384148,0.00142720
348.71651957,0.00059876
348.92921363,0.00236196
349.14192366,0.00024481
349.35464966,0.00340774
349.56739161,0.00054752
349.78014953,-0.00066610
349.99292340,0.00214082
350.20571322,0.00354544
350.41851899,-0.00000652
350.63134071,-0.00022489
350.84417836,0.00032753
351.05703196,0.00189309
351.26990148,0.00363003
351.48278693,0.00181351
351.69568831,0.00054460
351.90860561,0.00043252
352.12153883,0.00038096
352.33448796,-0.00011339
352.54745301,0.00263872
352.76043396,0.00143477
352.97343081,0.00038289
353.18644357,0.00071009
353.39947222,0.00169941
353.61251676,0.00101377
353.82557719,0.00004987
354.03865351,0.00043577
354.25174570,0.00164745
354.46485378,0.00125975
354.67797773,-0.00044527
354.89111754,0.00227983
355.10427323,0.00332908
355.31744478,0.00225568
355.53063218,0.00010571
355.74383545,-0.00022592
355.95705456,0.00051877
356.17028952,0.00103885
356.38354033,0.00181542
356.59680697,-0.00022087
356.81008946,0.00478309
357.02338777,0.00307919
357.23670192,0.00456389
357.45003189,0.00599527
357.66337769,0.00048973
357.87673930,0.00357369
358.09011673,0.00280230
358.30350996,-0.00011667
358.51691901,0.00164960
358.73034386,0.00192155
358.94378451,0.00296727
359.15724095,-0.00110602
359.37071319,0.00286072
359.58420122,0.00412565
359.79770503,0.00280108
360.01122463,0.00307899
360.22476000,0.00203224
360.43831115,0.00285499
360.65187806,0.00043637
360.86546075,0.00021768
361.07905919,0.00021629
361.29267340,-0.00176775
361.50630336,0.00401871
361.71994907,0.00214245
361.93361053,0.00137019
362.14728774,-0.00016996
362.36098069,0.00500365
362.57468937,0.00131520
362.78841379,0.00010411
363.00215394,0.00269261
363.21590981,0.00043795
363.42968141,0.00208664
363.64346873,0.00115156
363.85727176,0.00313390
364.07109050,-0.00105012
364.28492495,0.00304927
364.49877510,0.00027104
364.71264096,0.00153727
364.92652251,0.00139953
365.14041975,0.00324420
365.35433268,0.00186749
365.56826130,-0.00016753
365.78220560,0.00233964
365.99616558,0.00522565
366.21014124,0.00244456
366.42413256,0.00324031
366.63813955,0.00192055
366.85216221,-0.00083029
367.06620052,0.00032350
367.28025449,0.00079275
367.49432411,0.00093141
367.70840938,0.00203009
367.92251030,0.00038032
368.13662686,0.00051772
368.35075905,0.00170124
368.56490688,0.00021733
368.77907034,0.00093350
368.99324943,0.00093005
369.20744414,0.00351689
369.42165446,0.00283120
369.63588041,0.00544526
369.85012196,0.00379245
370.06437912,0.00208670
370.27865189,0.00313246
370.49294026,0.00071229
370.70724422,0.00142403
370.92156378,0.00440011
371.13589893,0.00059901
371.35024966,0.00313301
371.56461598,-0.00121654
371.77899788,0.00280141
371.99339534,0.00352008
372.20780838,0.00172837
372.42223699,0.00018542
372.63668116,0.00291277
372.85114090,0.00715089
373.06561618,0.00098789
373.28010703,-0.00006089
373.49461342,0.00230701
373.70913535,0.00362940
373.92367283,0.00203215
374.13822584,0.00225201
374.35279439,-0.00143591
374.56737847,0.00360131
374.78197808,0.00208520
374.99659321,-0.00000708
375.21122386,0.00406874
375.42587002,0.00002231
375.64053170,0.00440019
375.85520888,0.00104355
376.06990157,0.00104055
376.28460976,0.00054678
376.49933345,0.00142553
376.71407263,0.00357342
376.92882731,0.00439957
377.14359746,0.00175634
377.35838311,0.00412468
377.57318422,0.00294232
377.78800082,0.00296809
378.00283289,0.00330067
378.21768042,0.00175537
378.43254342,-0.00182055
378.64742188,0.00412257
378.86231579,0.00065662
379.07722516,0.00128820
379.29214998,0.00164518
379.50709024,0.00302494
379.72204595,0.00283240
379.93701709,0.00346372
380.15200367,0.00032480
380.36700568,0.00574836
380.58202311,0.00483881
380.79705597,0.00464839
381.01210425,0.00384755
381.22716795,0.00307951
381.44224706,0.00483943
381.65734157,0.00517246
381.87245150,0.00241789
382.08757682,0.00032523
382.30271754,0.00228298
382.51787365,0.00434277
382.73304516,0.00076463
382.94823205,0.00456308
383.16343433,0.00445461
383.37865198,0.00445648
383.59388501,0.00186727
383.80913341,0.00324330
384.02439718,0.00271696
384.23967631,0.00318751
384.45497081,0.00613453
384.67028066,0.00577675
384.88560586,0.00252850
385.10094642,0.00519692
385.31630232,0.00533319
385.53167356,0.00313251
385.74706014,0.00274953
385.96246206,0.00423634
386.17787931,0.00362933
386.39331188,0.00533413
386.60875978,0.00489410
386.82422300,0.00258448
387.03970154,0.00307846
387.25519539,0.00577575
387.47070454,0.00211478
387.68622901,0.00643678
387.90176877,0.00445440
388.11732383,0.00693115
388.33289419,0.00153897
388.54847984,0.00440009
388.76408077,0.00657444
388.97969699,0.00538996
389.19532849,0.00473000
389.41097526,0.00318991
389.62663730,0.00291077
389.84231462,0.00398626
390.05800720,0.00363022
390.27371504,0.00500598
390.48943813,0.00566469
390.70517648,0.00670981
390.92093008,0.00621736
391.13669893,0.00654496
391.35248302,0.00384845
391.56828235,0.00459223
391.78409691,0.00629882
391.99992671,0.00731791
392.21577173,-0.00028022
392.43163198,0.00302569
392.64750745,0.00500670
392.86339813,0.00613438
393.07930403,0.00335238
393.29522514,0.00453879
393.51116145,0.00698830
393.72711297,0.00142730
393.94307968,0.00445426
394.15906159,0.00533270
394.37505869,0.00682499
394.59107097,0.00536355
394.80709844,0.00577449
395.02314109,0.00439693
395.23919892,0.00627226
395.45527192,0.00439990
395.67136009,0.00638045
395.88746342,0.00660012
396.10358191,0.00541741
396.31971556,0.00544499
396.53586437,0.00863758
396.75202832,0.00274837
396.96820743,0.00572111
397.18440167,0.00517155
397.40061106,0.00649100
397.61683558,0.00605192
397.83307523,0.00770291
398.04933001,0.00693285
398.26559992,0.00508638
398.48188494,0.00423569
398.69818509,0.00635554
398.91450034,0.00693280
399.13083071,0.00580208
399.34717618,0.00638253
399.56353676,0.00888666
399.77991243,0.00538936
399.99630320,0.00599366
400.21270906,0.00616315
400.42913001,0.00428894
400.64556604,0.00649216
400.86201715,0.00704160
401.07848334,0.00550130
401.29496460,0.00506135
401.51146093,0.00577594
401.72797232,0.00913349
401.94449878,0.00896748
402.16104030,0.00935404
402.37759687,0.00473112
402.59416849,0.00781151
402.81075515,0.00737519
403.02735686,0.00643837
403.24397361,0.00489519
403.46060540,0.00646564
403.67725222,0.00594329
403.89391407,0.01095415
404.11059094,0.00676793
404.32728283,0.00445265
404.54398974,0.00764865
404.76071167,0.00627182
404.97744860,0.00814118
405.19420054,0.00935342
405.41096749,0.00621748
405.62774943,0.01062098
405.84454637,0.01062300
406.06135830,0.01089744
406.27818521,0.00916281
406.49502712,0.00693310
406.71188400,0.01073023
406.92875586,0.00715235
407.14564269,0.00682523
407.36254449,0.00918918
407.57946126,0.00503307
407.79639299,0.00602645
408.01333968,0.01073149
408.23030132,0.01139348
408.44727792,0.01227347
408.66426946,0.00687757
408.88127594,0.00897212
409.09829737,0.00924640
409.31533373,0.00709805
409.53238502,0.00949450
409.74945125,0.00847474
409.96653239,0.01031830
410.18362846,0.01119927
410.40073945,0.01006853
410.61786535,0.01235517
410.83500616,0.00965629
411.05216188,0.01365082
411.26933250,0.00516934
411.48651803,0.00863778
411.70371844,0.01034555
411.92093375,0.01210611
412.13816395,0.01034690
412.35540903,0.00979672
412.57266899,0.00946501
412.78994383,0.01023596
413.00723355,0.00660487
413.22453813,0.01293308
413.44185758,0.01020744
413.65919189,0.00869219
413.87654106,0.01040283
414.09390509,0.01282360
414.31128396,0.00935435
414.52867769,0.00946566
414.74608626,0.01040220
414.96350966,0.00820044
415.18094791,0.01238216
415.39840099,0.00731761
415.61586890,0.00814520
415.83335163,0.00866682
416.05084918,0.00808979
416.26836156,0.00930205
416.48588875,0.00869623
416.70343074,0.00627339
416.92098755,0.01018023
417.13855916,0.01150522
417.35614557,0.01128154
417.57374677,0.01293548
417.79136277,0.01276852
418.00899355,0.01034555
418.22663913,0.00682221
418.44429948,0.01249172
418.66197461,0.00660341
418.87966451,0.01078674
419.09736918,0.01202513
419.31508862,0.00654751
419.53282283,0.01194503
419.75057179,0.01006925
419.96833550,0.01100531
420.18611397,0.00963026
420.40390719,0.00698942
420.62171515,0.01053927
420.83953785,0.00907989
421.05737529,0.00594216
421.27522746,0.01230524
421.49309437,0.01183276
421.71097599,0.00913641
421.92887234,0.01106159
422.14678341,0.00935814
422.36470920,0.01092570
422.58264969,0.00781258
422.80060489,0.00896936
423.01857480,0.00748352
423.23655940,0.00897122
423.45455870,0.00742822
423.67257270,0.00836265
423.89060138,0.00929878
424.10864475,0.00819679
424.32670280,0.01271195
424.54477553,0.00731746
424.76286293,0.00963076
424.98096500,0.00825465
425.19908174,0.00987860
425.41721315,0.00814300
425.63535921,0.00822522
425.85351993,0.01045684
426.07169530,0.01111616
426.28988531,0.00864064
426.50808998,0.00869712
426.72630928,0.00861269
426.94454322,0.01172101
427.16279180,0.01257437
427.38105500,0.01128248
427.59933283,0.01073623
427.81762529,0.01061935
428.03593236,0.01387064
428.25425405,0.01222020
428.47259035,0.01166855
428.69094125,0.01337460
428.90930676,0.01172187
429.12768688,0.01436518
429.34608158,0.01072997
429.56449089,0.01023718
429.78291478,0.00776065
430.00135325,0.00874869
430.21980631,0.01199672
430.43827395,0.01070683
430.65675616,0.01012453
430.87525294,0.00968444
431.09376429,0.01095283
431.31229020,0.01012621
431.53083067,0.01012518
431.74938570,0.01453001
431.96795528,0.01238255
432.18653941,0.01128107
432.40513808,0.00819963
432.62375130,0.01332409
432.84237905,0.00951841
433.06102134,0.01089569
433.27967815,0.01122751
433.49834950,0.01249512
433.71703536,0.01188928
433.93573575,0.01075922
434.15445065,0.01089947
434.37318007,0.00908078
434.59192399,0.01510818
434.81068241,0.01425509
435.02945534,0.01199837
435.24824276,0.01023743
435.46704468,0.00929834
435.68586109,0.01497150
435.90469198,0.01480560
436.12353735,0.01312707
436.34239721,0.01015472
436.56127153,0.01656807
436.78016033,0.01331881
436.99906360,0.01271586
437.21798133,0.01433725
437.43691352,0.01563321
437.65586017,0.01756241
437.87482127,0.01340333
438.09379682,0.00858407
438.31278681,0.01089467
438.53179125,0.01353907
438.75081012,0.01397977
438.96984343,0.01441941
439.18889117,0.01667883
439.40795333,0.01568751
439.62702992,0.01081552
439.84612093,0.01689649
440.06522636,0.01348307
440.28434619,0.01243931
440.50348044,0.01530003
440.72262909,0.01750449
440.94179214,0.01557711
441.16096958,0.01461570
441.38016143,0.01464347
441.59936766,0.01508312
441.81858828,0.01607349
442.03782328,0.01800006
442.25707266,0.01452976
442.47633641,0.01612732
442.69561454,0.01860363
442.91490703,0.01618212
443.13421389,0.01926606
443.35353511,0.01869007
443.57287068,0.01838888
443.79222061,0.01530194
444.01158489,0.02091876
444.23096351,0.02141651
444.45035648,0.02262323
444.66976378,0.02432952
444.88918542,0.02262484
445.10862139,0.02119336
445.32807169,0.02625874
445.54753631,0.02367212
445.76701525,0.02469137
445.98650851,0.02554335
446.20601607,0.02576207
446.42553795,0.02631355
446.64507413,0.02521387
446.86462462,0.02480175
447.08418940,0.02372581
447.30376848,0.02488059
447.52336184,0.02482831
447.74296949,0.02499043
447.96259143,0.02625909
448.18222765,0.02581832
448.40187814,0.02347777
448.62154290,0.02691924
448.84122193,0.02713972
449.06091522,0.02901133
449.28062278,0.02515851
449.50034459,0.02488213
449.72008066,0.02708429
449.93983098,0.02857421
450.15959554,0.02636982
450.37937434,0.02658868
450.59916739,0.02829646
450.81897466,0.02994831
451.03879617,0.02610247
451.25863191,0.02697461
451.47848187,0.02967276
451.69834605,0.02744284
451.91822445,0.03127000
452.13811706,0.03055342
452.35802388,0.02771999
452.57794490,0.02735896
452.79788013,0.03121479
453.01782956,0.02625742
453.23779317,0.02895887
453.45777098,0.02835112
453.67776298,0.03093897
453.89776916,0.02780167
454.11778952,0.03016861
454.33782406,0.03181851
454.55787276,0.02959251
454.77793564,0.02994727
454.99801268,0.03055412
455.21810388,0.02862440
455.43820924,0.03215137
455.65832876,0.02700553
455.87846242,0.03314506
456.09861023,0.03003112
456.31877218,0.03369330
456.53894827,0.03286554
456.75913850,0.03594944
456.97934286,0.03242439
457.19956135,0.03137874
457.41979396,0.03440697
457.64004069,0.03292208
457.86030154,0.03380118
458.08057650,0.03539795
458.30086557,0.03561768
458.52116874,0.03793323
458.74148602,0.03479421
458.96181740,0.03495892
459.18216287,0.03661162
459.40252243,0.03473874
459.62289608,0.03358095
459.84328382,0.03248152
460.06368563,0.03595074
460.28410152,0.03677670
460.50453148,0.03975045
460.72497551,0.03941842
460.94543361,0.03545452
461.16590577,0.03622663
461.38639198,0.04035401
461.60689225,0.03798498
461.82740657,0.04211716
462.04793494,0.04148521
462.26847735,0.04035292
462.48903380,0.03925132
462.70960428,0.04525543
462.93018880,0.04153671
463.15078734,0.05122948
463.37139991,0.04156760
463.59202650,0.04646738
463.81266711,0.04619143
464.03332173,0.04657845
464.25399036,0.04470644
464.47467300,0.04382734
464.69536964,0.04723846
464.91608028,0.04745668
465.13680491,0.04778952
465.35754354,0.04508928
465.57829615,0.04690694
465.79906274,0.04442958
466.01984332,0.04822768
466.24063787,0.04916653
466.46144640,0.04696667
466.68226889,0.05290996
466.90310535,0.04965898
467.12395578,0.05169682
467.34482016,0.04927389
467.56569849,0.04767687
467.78659078,0.05007110
468.00749701,0.04960398
468.22841719,0.04528251
468.44935130,0.05010037
468.67029935,0.05031849
468.89126134,0.05235516
469.11223725,0.05301789
469.33322709,0.04833641
469.55423085,0.05356826
469.77524852,0.05155903
469.99628011,0.05131148
470.21732561,0.05043150
470.43838502,0.05122906
470.65945833,0.04641139
470.88054554,0.05109094
471.10164664,0.04751322
471.32276164,0.04624539
471.54389052,0.04459408
471.76503329,0.04404506
471.98618994,0.04475803
472.20736046,0.04437630
472.42854486,0.04013313
472.64974313,0.04101607
472.87095527,0.04288696
473.09218126,0.04492396
473.31342112,0.04062843
473.53467483,0.04073938
473.75594239,0.04327050
473.97722379,0.04214665
474.19851905,0.03925347
474.41982814,0.04409657
474.64115107,0.04139879
474.86248783,0.04178696
475.08383842,0.04084964
475.30520283,0.03930649
475.52658107,0.04101640
475.74797312,0.03930834
475.96937899,0.03974805
476.19079867,0.03773762
476.41223216,0.03996717
476.63367944,0.04282941
476.85514053,0.04321564
477.07661542,0.03710398
477.29810409,0.03721541
477.51960656,0.04123409
477.74112281,0.04544734
477.96265284,0.04225242
478.18419664,0.04106985
478.40575422,0.03991465
478.62732557,0.04288912
478.84891069,0.04437627
479.07050957,0.04437605
479.29212221,0.04321674
479.51374860,0.04522738
479.73538875,0.04231013
479.95704264,0.04090785
480.17871027,0.04646548
480.40039165,0.04195100
480.62208676,0.04288703
480.84379561,0.04151289
481.06551819,0.04002309
481.28725449,0.04123512
481.50900451,0.03848345
481.73076825,0.04200726
481.95254571,0.04506451
482.17433688,0.04635447
482.39614175,0.04401870
482.61796033,0.04258671
482.83979260,0.04456522
483.06163858,0.04712484
483.28349824,0.04068379
483.50537160,0.04189654
483.72725864,0.04674135
483.94915936,0.04139919
484.17107375,0.04277848
484.39300183,0.04613471
484.61494357,0.04354745
484.83689898,0.04492412
485.05886805,0.04613706
485.28085078,0.04368606
485.50284716,0.04652171
485.72485720,0.04580589
485.94688089,0.04558507
486.16891822,0.04602456
486.39096919,0.04789822
486.61303380,0.04569537
486.83511204,0.04660393
487.05720391,0.04635634
487.27930941,0.04685159
487.50142853,0.04442645
487.72356126,0.04349257
487.94570762,0.04954798
488.16786758,0.04844793
488.39004115,0.04789659
488.61222833,0.04657506
488.83442910,0.04955017
489.05664347,0.04710116
489.27887144,0.05075986
489.50111299,0.04899761
489.72336813,0.04712722
489.94563685,0.04578079
490.16791915,0.04580560
490.39021502,0.04597188
490.61252446,0.04844688
490.83484747,0.05120348
491.05718404,0.05230147
491.27953418,0.05092727
491.50189786,0.05142237
491.72427510,0.05345995
491.94666589,0.05356982
492.16907023,0.05558007
492.39148810,0.05880053
492.61391951,0.05758796
492.83636446,0.06039632
493.05882293,0.06334204
493.28129494,0.05990155
493.50378046,0.06083726
493.72627950,0.05714829
493.94879206,0.06342220
494.17131813,0.06116881
494.39385771,0.05692779
494.61641079,0.05555120
494.83897737,0.05467195
495.06155745,0.05588129
495.28415102,0.05604819
495.50675808,0.05722931
495.72937863,0.05290817
495.95201266,0.05263297
496.17466017,0.05202675
496.39732115,0.04822731
496.61999560,0.05004552
496.84268352,0.05263364
497.06538491,0.05180876
497.28809975,0.05219339
497.51082805,0.04850414
497.73356980,0.04800957
497.95632500,0.04877676
498.17909365,0.04668925
498.40187573,0.04784170
498.62467126,0.04635728
498.84748022,0.04685334
499.07030261,0.05075954
499.29313842,0.04806117
499.51598766,0.05191566
499.73885032,0.04679454
499.96172639,0.04635525
500.18461588,0.04825394
500.40751877,0.04988108
500.63043507,0.04916678
500.85336476,0.05169772
501.07630786,0.05103569
501.29926435,0.04718575
501.52223423,0.04663089
501.74521749,0.04856103
501.96821414,0.04599761
502.19122417,0.05062549
502.41424757,0.04668750
502.63728434,0.04767865
502.86033448,0.04586055
503.08339798,0.04988041
503.30647484,0.04453773
503.52956506,0.05626637
503.75266864,0.05274364
503.97578556,0.05395606
504.19891582,0.05018289
504.42205943,0.04867027
504.64521638,0.05086978
504.86838666,0.05263407
505.09157027,0.05296283
505.31476721,0.05571750
505.53797747,0.05761767
505.76120105,0.05511117
505.98443795,0.05761676
506.20768816,0.06284409
506.43095168,0.05640651
506.65422850,0.06309348
506.87751863,0.06182916
507.10082205,0.06094644
507.32413876,0.06463775
507.54746877,0.06348376
507.77081206,0.06645213
507.99416863,0.06661863
508.21753849,0.06796591
508.44092162,0.06535482
508.66431802,0.06386734
508.88772768,0.06601298
509.11115062,0.07016773
509.33458681,0.06832555
509.55803626,0.06832767
509.78149896,0.06615027
510.00497491,0.06265455
510.22846411,0.06783028
510.45196655,0.06579230
510.67548223,0.06606917
510.89901114,0.06628745
511.12255328,0.06403328
511.34610865,0.05957144
511.56967725,0.06133158
511.79325906,0.06075539
512.01685409,0.06216053
512.24046234,0.06207659
512.46408379,0.06425101
512.68771845,0.06182711
512.91136631,0.06425079
513.13502736,0.06328418
513.35870161,0.06807567
513.58238905,0.06563115
513.80608968,0.06656426
514.02980349,0.06948243
514.25353048,0.06331545
514.47727065,0.06359160
514.70102398,0.06232500
514.92479049,0.06155297
515.14857016,0.05992828
515.37236299,0.05478154
515.59616898,0.05224407
515.81998812,0.04982403
516.04382041,0.05070471
516.26766585,0.04649256
516.49152443,0.04404519
516.71539615,0.04657587
516.93928100,0.04343694
517.16317899,0.04586184
517.38709010,0.04338487
517.61101433,0.04773411
517.83495169,0.04718061
518.05890216,0.04679707
518.28286575,0.04800711
518.50684245,0.04465002
518.73083225,0.04806427
518.95483515,0.05054077
519.17885115,0.05065121
519.40288024,0.05136693
519.62692243,0.05378721
519.85097770,0.05422767
520.07504606,0.05340397
520.29912749,0.05979006
520.52322201,0.06232450
520.74732959,0.06496629
520.97145024,0.06326062
521.19558396,0.06353565
521.41973074,0.06645402
521.64389057,0.06648089
521.86806346,0.06826889
522.09224940,0.06760983
522.31644839,0.06903935
522.54066042,0.07168384
522.76488549,0.07173870
522.98912359,0.06959301
523.21337473,0.07710813
523.43763889,0.07598014
523.66191608,0.07818107
523.88620629,0.07757797
524.11050951,0.07669657
524.33482575,0.08203606
524.55915500,0.07578439
524.78349725,0.08236666
525.00785250,0.07782386
525.23222076,0.07796165
525.45660201,0.08531147
525.68099625,0.08583592
525.90540347,0.07933836
526.12982368,0.08594521
526.35425688,0.08715714
526.57870304,0.08737618
526.80316218,0.08434914
527.02763429,0.08523128
527.25211936,0.08897498
527.47661740,0.08946869
527.70112839,0.09406563
527.92565234,0.09057247
528.15018924,0.09197588
528.37473908,0.09739723
528.59930187,0.10576591
528.82387760,0.10912606
529.04846626,0.11182441
529.27306785,0.11176785
529.49768238,0.11380636
529.72230982,0.11859705
529.94695019,0.12377084
530.17160348,0.12420963
530.39626968,0.13456522
530.62094879,0.13015860
530.84564080,0.12900448
531.07034572,0.13241805
531.29506354,0.13638114
531.51979425,0.13778486
531.74453785,0.13373643
531.96929434,0.13258070
532.19406372,0.13429230
532.41884597,0.13428914
532.64364110,0.13962874
532.86844911,0.13462041
533.09326998,0.13759101
533.31810372,0.13412447
533.54295032,0.13709514
533.76780978,0.13461817
533.99268209,0.13104183
534.21756726,0.12894925
534.44246527,0.12983050
534.66737613,0.12658163
534.89229982,0.12820293
535.11723635,0.13060066
535.34218572,0.12355059
535.56714791,0.11727471
535.79212292,0.12258990
536.01711076,0.11540126
536.24211142,0.11502094
536.46712489,0.11826898
536.69215117,0.11600808
536.91719025,0.11523641
537.14224214,0.11074992
537.36730683,0.10995222
537.59238431,0.11143897
537.81747459,0.11077756
538.04257765,0.10857462
538.26769350,0.11496263
538.49282213,0.11562424
538.71796353,0.11468665
538.94311771,0.11592757
539.16828466,0.11534740
539.39346438,0.11609182
539.61865685,0.11292457
539.84386209,0.11083429
540.06908008,0.10774914
540.29431082,0.11270603
540.51955431,0.11760569
540.74481054,0.11881680
540.97007951,0.12388233
541.19536122,0.12060599
541.42065566,0.12834374
541.64596283,0.13748231
541.87128272,0.14051097
542.09661534,0.14095148
542.32196068,0.14579735
542.54731873,0.14921277
542.77268948,0.15256946
542.99807295,0.14898995
543.22346912,0.15295361
543.44887799,0.15350508
543.67429955,0.15923273
543.89973381,0.16159976
544.12518076,0.16347184
544.35064039,0.16630813
544.57611270,0.16853746
544.80159769,0.17255676
545.02709535,0.17542143
545.25260568,0.18125836
545.47812868,0.18990186
545.70366434,0.19050929
545.92921266,0.20058522
546.15477363,0.21352230
546.38034726,0.20719051
546.60593353,0.22425960
546.83153245,0.22056910
547.05714401,0.22249443
547.28276820,0.22046094
547.50840503,0.22282619
547.73405449,0.22348754
547.95971657,0.22260707
548.18539128,0.21985544
548.41107860,0.22216663
548.63677854,0.21621941
548.86249109,0.22029405
549.08821624,0.21608572
549.31395400,0.21704719
549.53970436,0.21644037
549.76546732,0.21396309
549.99124286,0.21489925
550.21703100,0.22010480
550.44283172,0.22398224
550.66864502,0.22690255
550.89447090,0.22246888
551.12030936,0.22563858
551.34616038,0.22200123
551.57202397,0.21842384
551.79790013,0.20834716
552.02378884,0.20498930
552.24969011,0.19606670
552.47560393,0.19953527
552.70153030,0.19639764
552.92746921,0.19604079
553.15342067,0.19457809
553.37938466,0.19711140
553.60536118,0.19681382
553.83135024,0.19827006
554.05735182,0.20427108
554.28336592,0.20184856
554.50939254,0.20553846
554.73543167,0.21121002
554.96148332,0.21134620
555.18754748,0.20856593
555.41362413,0.20834696
555.63971329,0.21153721
555.86581495,0.20597813
556.09192909,0.21357652
556.31805573,0.21164984
556.54419485,0.22302218
556.77034646,0.21715884
556.99651054,0.22981791
557.22268709,0.24132958
557.44887612,0.25223073
557.67507761,0.25443329
557.90129157,0.26373896
558.12751799,0.27524386
558.35375686,0.27645963
558.58000818,0.28058621
558.80627196,0.30137120
559.03254817,0.30685190
559.25883683,0.31042932
559.48513793,0.31720298
559.71145146,0.32375716
559.93777742,0.33135168
560.16411580,0.34280588
560.39046661,0.34236615
560.61682984,0.34941086
560.84320548,0.34693554
561.06959353,0.34421077
561.29599400,0.33884217
561.52240686,0.35018405
561.74883213,0.35194815
561.97526979,0.36488379
562.20171985,0.37072110
562.42818230,0.36733490
562.65465713,0.37220736
562.88114434,0.38586421
563.10764393,0.39012913
563.33415590,0.38666074
563.56068024,0.39533580
563.78721694,0.40436291
564.01376601,0.40932085
564.24032744,0.41127482
564.46690122,0.40667711
564.69348736,0.42049678
564.92008585,0.42292151
565.14669668,0.42663545
565.37331985,0.44021132
565.59995536,0.42919754
565.82660320,0.43872380
566.05326338,0.44896685
566.27993588,0.45166436
566.50662070,0.44643028
566.73331785,0.44406258
566.96002731,0.44904570
567.18674908,0.45623298
567.41348316,0.45716604
567.64022954,0.44615817
567.86698822,0.43090552
568.09375920,0.41504620
568.32054248,0.42154376
568.54733804,0.40607196
568.77414589,0.40711633
569.00096603,0.40800171
569.22779844,0.41694877
569.45464313,0.41334031
569.68150008,0.41072297
569.90836931,0.40193952
570.13525080,0.39709697
570.36214455,0.38432406
570.58905055,0.38052242
570.81596881,0.37204569
571.04289932,0.36290471
571.26984207,0.34831403
571.49679707,0.34120866
571.72376430,0.33289652
571.95074377,0.33176662
572.17773547,0.32601245
572.40473940,0.33614203
572.63175554,0.31516334
572.85878391,0.30767676
573.08582450,0.31021253
573.31287729,0.29154354
573.53994230,0.28386474
573.76701951,0.28262491
573.99410892,0.29104828
574.22121053,0.29013760
574.44832433,0.29401939
574.67545032,0.28901022
574.90258850,0.29352745
575.12973886,0.30624459
575.35690140,0.30093344
575.58407612,0.30787188
575.81126301,0.30712634
576.03846206,0.29743811
576.26567328,0.30602518
576.49289666,0.31648370
576.72013220,0.30789739
576.94737989,0.31483597
577.17463973,0.31918598
577.40191171,0.31987207
577.62919584,0.32149655
577.85649211,0.31802973
578.08380051,0.32072636
578.31112104,0.30781689
578.53845370,0.30079629
578.76579848,0.29870094
578.99315538,0.29561731
579.22052440,0.29181821
579.44790553,0.29060800
579.67529877,0.28218264
579.90270412,0.28025809
580.13012157,0.27879885
580.35755111,0.28306138
580.58499275,0.28835070
580.81244648,0.28780132
581.03991229,0.29261692
581.26739019,0.29358255
581.49488017,0.29187505
581.72238223,0.30379546
581.94989635,0.31703577
582.17742255,0.31689861
582.40496080,0.31268618
582.63251112,0.31703740
582.86007350,0.32011981
583.08764793,0.31880419
583.31523441,0.31857984
583.54283294,0.31720265
583.77044351,0.31681713
583.99806611,0.32425039
584.22570076,0.32416702
584.45334743,0.32372660
584.68100613,0.32028667
584.90867686,0.31467030
585.13635960,0.30431757
585.36405437,0.30908094
585.59176114,0.30415391
585.81947993,0.29671889
586.04721072,0.28108334
586.27495351,0.27653904
586.50270830,0.26142542
586.73047508,0.25927697
586.95825386,0.24584218
587.18604462,0.24322923
587.41384737,0.24339172
587.64166209,0.24083242
587.86948879,0.23488597
588.09732747,0.23012575
588.32517811,0.22580352
588.55304072,0.22494472
588.78091529,0.22205767
589.00880181,0.21547808
589.23670029,0.21710139
589.46461072,0.21115391
589.69253310,0.21071232
589.92046742,0.20867682
590.14841368,0.21588989
590.37637187,0.21792871
590.60434200,0.21957850
590.83232405,0.22382023
591.06031803,0.22525017
591.28832393,0.22866282
591.51634174,0.23285012
591.74437147,0.23777546
591.97241311,0.23708986
592.20046665,0.24700035
592.42853210,0.24719483
592.65660944,0.25382810
592.88469868,0.25470683
593.11279981,0.26093033
593.34091283,0.24782632
593.56903773,0.25239686
593.79717452,0.25217626
594.02532317,0.24765884
594.25348370,0.25019221
594.48165610,0.25751628
594.70984037,0.25798556
594.93803650,0.26087641
595.16624448,0.25768304
595.39446432,0.26423297
595.62269601,0.26459039
595.85093954,0.27210755
596.07919492,0.27282228
596.30746214,0.27689709
596.53574120,0.27166896
596.76403208,0.27056438
596.99233480,0.26558192
597.22064934,0.26605139
597.44897570,0.26596604
597.67731387,0.27147739
597.90566386,0.27805334
598.13402567,0.27750203
598.36239927,0.26902360
598.59078468,0.26302370
598.81918189,0.24496459
599.04759090,0.24325454
599.27601169,0.24435636
599.50444427,0.23312397
599.73288864,0.22827694
599.96134479,0.22882897
600.18981271,0.22943661
600.41829241,0.22373747
600.64678387,0.21930173
600.87528711,0.22913318
601.10380210,0.21941340
601.33232885,0.22662592
601.56086736,0.22547083
601.78941762,0.22783860
602.01797962,0.21913945
602.24655337,0.22244052
602.47513886,0.21644169
602.70373608,0.21996458
602.93234504,0.21429129
603.16096572,0.22332403
603.38959813,0.21682511
603.61824226,0.22511105
603.84689811,0.21996259
604.07556567,0.22332254
604.30424495,0.22844161
604.53293593,0.22893825
604.76163861,0.23367447
604.99035299,0.23226984
605.21907907,0.23741907
605.44781683,0.23606973
605.67656629,0.23081289
605.90532743,0.22580299
606.13410025,0.22387247
606.36288475,0.22805790
606.59168093,0.22998802
606.82048877,0.23516209
607.04930828,0.23576540
607.27813945,0.23620969
607.50698227,0.23951235
607.73583676,0.25179065
607.96470289,0.25267028
608.19358067,0.25046828
608.42247010,0.25600119
608.65137117,0.26087417
608.88028387,0.26280283
609.10920820,0.26850070
609.33814417,0.25688232
609.56709176,0.25674275
609.79605097,0.24906523
610.02502180,0.24832371
610.25400424,0.24341970
610.48299830,0.24490954
610.71200396,0.23802564
610.94102122,0.23818986
611.17005008,0.23549657
611.39909054,0.23725301
611.62814260,0.23262915
611.85720624,0.22657268
612.08628146,0.21946916
612.31536827,0.22255318
612.54446665,0.21011031
612.77357661,0.21776128
613.00269813,0.21104561
613.23183122,0.20972271
613.46097588,0.21258789
613.69013210,0.21154052
613.91929986,0.20617354
614.14847919,0.21104541
614.37767005,0.20245473
614.60687247,0.20143795
614.83608642,0.19601202
615.06531191,0.20482111
615.29454894,0.20168480
615.52379749,0.20190359
615.75305757,0.21148444
615.98232917,0.21720988
616.21161229,0.21478774
616.44090692,0.21566967
616.67021306,0.22101243
616.89953072,0.22464607
617.12885987,0.22872143
617.35820053,0.23114083
617.58755268,0.23147245
617.81691632,0.23675859
618.04629145,0.23752820
618.27567807,0.23976110
618.50507617,0.24528909
618.73448574,0.24884294
618.96390679,0.24656024
619.19333932,0.26409716
619.42278330,0.26850068
619.65223875,0.27607176
619.88170566,0.28449630
620.11118403,0.29010996
620.34067384,0.28537706
620.57017511,0.28603830
620.79968782,0.30891424
621.02921197,0.31907528
621.25874756,0.31406422
621.48829458,0.33779633
621.71785303,0.34390893
621.94742290,0.36056390
622.17700420,0.37121710
622.40659692,0.38358078
622.63620105,0.39412211
622.86581660,0.39539112
623.09544355,0.40034328
623.32508190,0.40006846
623.55473166,0.40403725
623.78439281,0.39560896
624.01406536,0.37865098
624.24374929,0.37328340
624.47344461,0.35937896
624.70315131,0.35205795
624.93286939,0.34489842
625.16259884,0.32747069
625.39233967,0.33289485
625.62209186,0.32667587
625.85185541,0.32854477
626.08163032,0.32218589
626.31141659,0.32204818
626.54121422,0.31720223
626.77102319,0.31064994
627.00084350,0.30238898
627.23067516,0.28873785
627.46051815,0.27992597
627.69037248,0.26599597
627.92023814,0.27254896
628.15011512,0.26472941
628.38000343,0.26670993
628.60990305,0.25316607
628.83981399,0.25581076
629.06973624,0.25256216
629.29966980,0.25030421
629.52961467,0.24986489
629.75957083,0.24416470
629.98953830,0.24369688
630.21951705,0.24766034
630.44950710,0.23587870
630.67950843,0.23527191
630.90952104,0.23125209
631.13954493,0.22792066
631.36958009,0.22409310
631.59962653,0.21974153
631.82968423,0.22062649
632.05975320,0.21121239
632.28983343,0.21096213
632.51992491,0.20253800
632.75002765,0.20069366
632.98014163,0.20322471
633.21026686,0.19904084
633.44040333,0.19997865
633.67055104,0.20465998
633.90070999,0.20339092
634.13088016,0.20718952
634.36106156,0.19810651
634.59125418,0.19185597
634.82145802,0.18213727
635.05167308,0.18279648
635.28189935,0.17486975
635.51213683,0.17685231
635.74238551,0.17096018
635.97264540,0.17253063
636.20291648,0.16974933
636.43319875,0.17635471
636.66349222,0.16479228
636.89379687,0.17247399
637.12411270,0.17321604
637.35443971,0.17112359
637.58477790,0.17442906
637.81512726,0.18153249
638.04548778,0.17932743
638.27585947,0.18593581
638.50624232,0.18175186
638.73663633,0.19199350
638.96704149,0.18896348
639.19745779,0.20363990
639.42788525,0.20770821
639.65832384,0.20551039
639.88877358,0.21250158
640.11923445,0.21542043
640.34970644,0.22771152
640.58018957,0.23060401
640.81068382,0.23186290
641.04118919,0.24007977
641.27170567,0.24885710
641.50223327,0.25494687
641.73277198,0.26286087
641.96332179,0.27892650
642.19388270,0.27972590
642.42445471,0.29401918
642.65503781,0.30456019
642.88563200,0.31273913
643.11623728,0.32379655
643.34685365,0.34077054
643.57748109,0.35252522
643.80811960,0.36948278
644.03876919,0.37523119
644.26942985,0.39523011
644.50010157,0.39837082
644.73078435,0.41760813
644.96147819,0.42796674
645.19218308,0.43356658
645.42289902,0.44485025
645.65362601,0.45071936
645.88436404,0.44262535
646.11511310,0.44480612
646.34587321,0.44251960
646.57664434,0.44437865
646.80742650,0.45163536
647.03821969,0.44071566
647.26902389,0.42994348
647.49983911,0.40885170
647.73066534,0.40014169
647.96150259,0.40458460
648.19235083,0.41160125
648.42321008,0.40856957
648.65408033,0.41312572
648.88496157,0.40867676
649.11585380,0.40777853
649.34675702,0.41381845
649.57767122,0.39481162
649.80859640,0.39449788
650.03953256,0.39609597
650.27047969,0.39276675
650.50143778,0.37995105
650.73240684,0.39285897
650.96338687,0.37331117
651.19437785,0.36483189
651.42537978,0.34099634
651.65639266,0.35102112
651.88741649,0.35478685
652.11845126,0.33913154
652.34949697,0.33528925
652.58055362,0.33070847
652.81162119,0.33013326
653.04269970,0.33035198
653.27378913,0.32806007
653.50488948,0.31939659
653.73600074,0.31153227
653.96712292,0.30892913
654.19825601,0.31334636
654.42940000,0.29890915
654.66055490,0.29853924
654.89172069,0.32151446
655.12289738,0.33600247
655.35408496,0.33147645
655.58528342,0.34700223
655.81649277,0.34432919
656.04771300,0.37513374
656.27894411,0.39643851
656.51018608,0.41336017
656.74143893,0.41719658
656.97270264,0.44065505
657.20397721,0.46457435
657.43526264,0.47467888
657.66655893,0.46548915
657.89786606,0.46633641
658.12918404,0.47542113
658.36051286,0.48156038
658.59185253,0.48161304
658.82320303,0.46316936
659.05456435,0.46757441
659.28593651,0.45711387
659.51731949,0.45215730
659.74871330,0.43968830
659.98011792,0.43811786
660.21153335,0.41920196
660.44295959,0.41502086
660.67439664,0.38691190
660.90584449,0.38244926
661.13730314,0.38415625
661.36877259,0.38454310
661.60025282,0.37501536
661.83174384,0.38762422
662.06324565,0.39715045
662.29475824,0.39506063
662.52628160,0.38993948
662.75781573,0.41796556
662.98936064,0.42165479
663.22091631,0.43586109
663.45248274,0.45028726
663.68405993,0.46135444
663.91564787,0.46198706
664.14724657,0.47310902
664.37885601,0.48494525
664.61047619,0.48508236
664.84210712,0.48624075
665.07374878,0.49086533
665.30540117,0.48671011
665.53706429,0.49235016
665.76873813,0.49961907
666.00042270,0.50942031
666.23211798,0.51602904
666.46382398,0.52492047
666.69554069,0.52439680
666.92726810,0.54529101
667.15900621,0.54959077
667.39075503,0.53298733
667.62251454,0.52329665
667.85428474,0.52624297
668.08606563,0.51448604
668.31785720,0.51121008
668.54965945,0.50105127
668.78147238,0.49764021
669.01329599,0.49235314
669.24513026,0.51511973
669.47697520,0.51272681
669.70883080,0.51647023
669.94069705,0.49290410
670.17257397,0.47206069
670.40446153,0.47660496
670.63635974,0.48420279
670.86826860,0.48899174
671.10018809,0.50848428
671.33211822,0.50551186
671.56405898,0.51371489
671.79601037,0.50518295
672.02797239,0.51137666
672.25994503,0.50303257
672.49192828,0.49350997
672.72392215,0.47858617
672.95592663,0.48816888
673.18794172,0.48142288
673.41996741,0.48813605
673.65200370,0.48849902
673.88405058,0.51272441
674.11610806,0.50369785
674.34817612,0.51140206
674.58025477,0.50771437
674.81234400,0.52274611
675.04444381,0.52390232
675.27655419,0.52885871
675.50867513,0.52216757
675.74080665,0.52979469
675.97294873,0.54708410
676.20510136,0.55253530
676.43726455,0.55297483
676.66943830,0.55911567
676.90162259,0.55627751
677.13381742,0.55759904
677.36602279,0.55082589
677.59823870,0.55093921
677.83046515,0.54488062
678.06270212,0.54741364
678.29494962,0.54201798
678.52720764,0.54020079
678.75947617,0.52891380
678.99175522,0.53890746
679.22404479,0.52753616
679.45634486,0.54422041
679.68865543,0.52450785
679.92097650,0.53656667
680.15330807,0.54733237
680.38565013,0.55649888
680.61800268,0.55060592
680.85036571,0.55633264
681.08273922,0.57929611
681.31512321,0.60066080
681.54751768,0.60836799
681.77992262,0.61547016
682.01233802,0.60399181
682.24476388,0.59851149
682.47720020,0.56657634
682.70964698,0.57042927
682.94210421,0.56288737
683.17457189,0.57001583
683.40705001,0.56181380
683.63953858,0.54755117
683.87203758,0.51955531
684.10454701,0.51779153
684.33706687,0.49502373
684.56959716,0.49758321
684.80213787,0.48717758
685.03468900,0.49763724
685.26725054,0.49769277
685.49982249,0.50094317
685.73240485,0.48359709
685.96499762,0.49372942
686.19760078,0.49700489
686.43021434,0.49733564
686.66283829,0.49615261
686.89547264,0.50837632
687.12811736,0.49968011
687.36077247,0.48805783
687.59343796,0.48508346
687.82611382,0.47258720
688.05880005,0.45716693
688.29149665,0.44521823
688.52420361,0.43027047
688.75692093,0.42319670
688.98964860,0.41735942
689.22238663,0.41518445
689.45513500,0.40205394
689.68789372,0.40783447
689.92066278,0.39139816
690.15344218,0.40067591
690.38623191,0.38707292
690.61903197,0.38715718
690.85184236,0.38355095
691.08466307,0.35580254
691.31749410,0.35216661
691.55033544,0.33944799
691.78318709,0.33669480
692.01604906,0.33807162
692.24892132,0.33454801
692.48180389,0.31863444
692.71469675,0.30883263
692.94759991,0.29617001
693.18051335,0.28444250
693.41343708,0.28083538
693.64637109,0.27395231
693.87931538,0.26307901
694.11226995,0.26291233
694.34523478,0.25570066
694.57820988,0.24545700
694.81119525,0.24314434
695.04419087,0.24779692
695.27719676,0.24710868
695.51021289,0.24562500
695.74323927,0.24006148
695.97627590,0.24215387
696.20932276,0.24165975
696.44237987,0.24716466
696.67544721,0.24485450
696.90852478,0.24793650
697.14161257,0.24947895
697.37471059,0.26205839
697.60781883,0.25101963
697.84093728,0.25996799
698.07406595,0.26208672
698.30720482,0.26024224
698.54035389,0.26357326
698.77351317,0.27298916
699.00668264,0.25933343
699.23986231,0.27205392
699.47305217,0.26200548
699.70625221,0.27133524
699.93946243,0.28201794
700.17268284,0.28868009
700.40591342,0.29242483
700.63915416,0.30208638
700.87240508,0.29467968
701.10566616,0.29947190
701.33893740,0.28934216
701.57221879,0.28471738
701.80551034,0.28664279
702.03881204,0.28727611
702.27212388,0.28240552
702.50544587,0.28292669
702.73877799,0.27370466
702.97212024,0.27565917
703.20547263,0.26654568
703.43883514,0.26175729
703.67220778,0.25057672
703.90559054,0.25779256
704.13898341,0.25509294
704.37238639,0.26395894
704.60579948,0.26148190
704.83922268,0.26139966
705.07265598,0.25658059
705.30609937,0.26676495
705.53955286,0.27238195
705.77301643,0.28416660
706.00649010,0.28526568
706.23997384,0.29732594
706.47346767,0.30674149
706.70697157,0.31968150
706.94048554,0.33091317
707.17400958,0.33234516
707.40754368,0.34264291
707.64108785,0.34916924
707.87464207,0.36301604
708.10820634,0.38605673
708.34178066,0.39142671
708.57536503,0.41441512
708.80895944,0.42523663
709.04256389,0.42435299
709.27617837,0.43954928
709.50980288,0.44291268
709.74343742,0.46438472
709.97708198,0.46251111
710.21073657,0.46697403
710.44440117,0.49037046
710.67807578,0.49951400
710.91176040,0.52517041
711.14545502,0.52866551
711.37915965,0.53232968
711.61287427,0.53877028
711.84659889,0.55440578
712.08033350,0.57577176
712.31407809,0.58904265
712.54783267,0.59691585
712.78159723,0.62747453
713.01537176,0.61998811
713.24915626,0.62307220
713.48295073,0.62053757
713.71675517,0.63749590
713.95056956,0.63259615
714.18439392,0.63606452
714.41822822,0.64732095
714.65207248,0.64991133
714.88592668,0.65615973
715.11979083,0.67058713
715.35366491,0.68925354
715.58754893,0.69261076
715.82144288,0.68842714
716.05534675,0.70505563
716.28926055,0.67851361
716.52318427,0.68278127
716.75711791,0.67454972
716.99106146,0.67223878
717.22501491,0.68721353
717.45897828,0.68462895
717.69295154,0.69255414
717.92693470,0.68583717
718.16092776,0.66444708
718.39493071,0.67020187
718.62894354,0.64346857
718.86296626,0.64603034
719.09699886,0.60820549
719.33104133,0.59600472
719.56509367,0.57243812
719.79915588,0.55168384
720.03322796,0.52604966
720.26730990,0.50716363
720.50140170,0.47401502
720.73550335,0.45408600
720.96961484,0.42385578
721.20373619,0.42754702
721.43786738,0.41658894
721.67200841,0.41196213
721.90615927,0.42154218
722.14031996,0.43459539
722.37449048,0.41493754
722.60867083,0.41895604
722.84286099,0.41201754
723.07706098,0.41190823
723.31127077,0.41769117
723.54549038,0.40552374
723.77971979,0.39599405
724.01395900,0.39093009
724.24820801,0.40271271
724.48246681,0.40103508
724.71673541,0.39450868
724.95101379,0.39340834
725.18530196,0.39517079
725.41959990,0.38800959
725.65390763,0.37298011
725.88822512,0.38269694
726.12255238,0.38591887
726.35688941,0.40122732
726.59123620,0.38900274
726.82559275,0.38701797
727.05995905,0.38266809
727.29433510,0.39126070
727.52872090,0.38850646
727.76311644,0.37994592
727.99752172,0.38123941
728.23193674,0.38828702
728.46636149,0.39076642
728.70079596,0.39935227
728.93524016,0.38165337
729.16969408,0.37501485
729.40415772,0.37922955
729.63863107,0.38316730
729.87311413,0.38112673
730.10760690,0.39236047
730.34210937,0.38300079
730.57662153,0.39632297
730.81114340,0.38410054
731.04567495,0.38261760
731.28021619,0.36835399
731.51476712,0.36323370
731.74932772,0.35381876
731.98389800,0.35954501
732.21847796,0.35811216
732.45306758,0.36009459
732.68766687,0.36232408
732.92227582,0.37721939
733.15689443,0.36309506
733.39152269,0.36807974
733.62616060,0.37053156
733.86080816,0.37903571
734.09546537,0.38101721
734.33013221,0.39825407
734.56480869,0.39417904
734.79949480,0.39362510
735.03419054,0.38735378
735.26889590,0.40232678
735.50361089,0.41190762
735.73833549,0.40865848
735.97306970,0.40089580
736.20781353,0.40863302
736.44256696,0.39621497
736.67733000,0.40023604
736.91210263,0.39349044
737.14688486,0.39401354
737.38167668,0.37295129
737.61647809,0.37229146
737.85128908,0.37821054
738.08610965,0.37589819
738.32093980,0.36830106
738.55577953,0.36466494
738.79062882,0.36554639
739.02548768,0.35784036
739.26035610,0.35365105
739.49523407,0.35918775
739.73012161,0.34577731
739.96501869,0.35844409
740.19992532,0.34897738
740.43484150,0.35282913
740.66976721,0.35392583
740.90470246,0.36213280
741.13964724,0.34247462
741.37460156,0.35293755
741.60956539,0.34247504
741.84453875,0.34219963
742.07952163,0.32986794
742.31451402,0.34043978
742.54951592,0.33724551
742.78452733,0.34032996
743.01954823,0.34198110
743.25457864,0.35288047
743.48961855,0.34985437
743.72466795,0.36549255
743.95972683,0.35547190
744.19479520,0.37347726
744.42987305,0.37947787
744.66496038,0.39665530
744.90005718,0.40659387
745.13516345,0.41534821
745.37027918,0.41515771
745.60540438,0.42280918
745.84053904,0.42338937
746.07568315,0.42859000
746.31083672,0.42253896
746.54599973,0.42683079
746.78117218,0.40959667
747.01635408,0.41672683
747.25154541,0.42716153
747.48674617,0.43255829
747.72195637,0.42608721
747.95717599,0.43360399
748.19240503,0.42914191
748.42764349,0.45199726
748.66289136,0.44466849
748.89814864,0.45056101
749.13341533,0.45430603
749.36869143,0.45447085
749.60397692,0.45326183
749.83927181,0.46099519
750.07457609,0.45138564
750.30988976,0.44934909
750.54521282,0.44681462
750.78054526,0.43682349
751.01588707,0.44290858
751.25123826,0.45006487
751.48659882,0.44665298
751.72196874,0.44670791
751.95734803,0.45939845
752.19273667,0.44511008
752.42813467,0.45122325
752.66354203,0.45750169
752.89895873,0.46399829
753.13438477,0.45347787
753.36982016,0.45501819
753.60526488,0.47445713
753.84071893,0.48007566
754.07618232,0.46597817
754.31165503,0.48332274
754.54713706,0.47412975
754.78262841,0.48376505
755.01812908,0.48318365
755.25363905,0.47564114
755.48915834,0.46553866
755.72468693,0.46658496
755.96022481,0.46572916
756.19577200,0.48087052
756.43132847,0.47479024
756.66689424,0.47825466
756.90246929,0.48392775
757.13805362,0.48398735
757.37364723,0.49626326
757.60925011,0.52346300
757.84486227,0.51658032
758.08048369,0.50545758
758.31611437,0.48844317
758.55175432,0.49516234
758.78740352,0.47847694
759.02306197,0.45843526
759.25872967,0.44549460
759.49440661,0.44389991
759.73009279,0.42358109
759.96578822,0.42203820
760.20149287,0.42297518
760.43720676,0.41543155
760.67292987,0.39957727
760.90866220,0.41868067
761.14440375,0.40296185
761.38015452,0.40926350
761.61591450,0.42963688
761.85168368,0.43787061
762.08746207,0.44921225
762.32324967,0.45942667
762.55904645,0.47137304
762.79485243,0.49081182
763.03066760,0.49554602
763.26649196,0.51525628
763.50232549,0.53524296
763.73816821,0.53199888
763.97402010,0.53265904
764.20988116,0.54438526
764.44575138,0.54578921
764.68163077,0.56778594
764.91751932,0.55132159
765.15341703,0.53513495
765.38932389,0.52431508
765.62523989,0.51164949
765.86116505,0.48580049
766.09709934,0.48065310
766.33304277,0.43498023
766.56899533,0.41182784
766.80495703,0.38927701
767.04092785,0.36477660
767.27690779,0.34385218
767.51289685,0.32353517
767.74889503,0.30492484
767.98490232,0.29501174
768.22091872,0.25938895
768.45694422,0.22860950
768.69297882,0.21514518
768.92902252,0.20292386
769.16507532,0.19480204
769.40113720,0.18131051
769.63720817,0.16716022
769.87328822,0.15416794
770.10937735,0.14794564
770.34547555,0.14161427
770.58158282,0.13605153
770.81769917,0.13170211
771.05382457,0.13092828
771.28995904,0.12509306
771.52610256,0.13220100
771.76225513,0.14260212
771.99841676,0.15020080
772.23458743,0.16044155
772.47076714,0.17079836
772.70695589,0.19595805
772.94315367,0.20132570
773.17936048,0.22640656
773.41557632,0.24680676
773.65180118,0.28281744
773.88803507,0.29363607
774.12427796,0.32356344
774.36052987,0.35216685
774.59679079,0.37655919
774.83306072,0.39164562
775.06933964,0.41592583
775.30562756,0.43371160
775.54192448,0.46317213
775.77823038,0.48062637
776.01454527,0.50854029
776.25086914,0.52921722
776.48720200,0.55495630
776.72354382,0.54532106
776.95989462,0.55294940
777.19625439,0.56613685
777.43262312,0.56938180
777.66900081,0.56359938
777.90538746,0.59025169
778.14178306,0.57849491
778.37818761,0.58166153
778.61460110,0.56024173
778.85102354,0.54939497
779.08745492,0.52065361
779.32389523,0.53417091
779.56034447,0.53045624
779.79680263,0.50964046
780.03326972,0.52519795
780.26974574,0.51250642
780.50623066,0.48711976
780.74272450,0.48579806
780.97922725,0.45237622
781.21573890,0.44158816
781.45225946,0.43139823
781.68878891,0.44345702
781.92532726,0.41460831
782.16187449,0.40725743
782.39843061,0.38173503
782.63499562,0.38495452
782.87156950,0.37732686
783.10815226,0.38534172
783.34474390,0.38225627
783.58134440,0.40081274
783.81795376,0.40097692
784.05457199,0.41185167
784.29119907,0.38649599
784.52783500,0.40409152
784.76447979,0.40989752
785.00113342,0.39241697
785.23779589,0.38509081
785.47446720,0.38415774
785.71114735,0.37077718
785.94783633,0.36020410
786.18453413,0.35860953
786.42124076,0.36224332
786.65795621,0.33416072
786.89468048,0.32169058
787.13141355,0.31632308
787.36815544,0.31607434
787.60490613,0.30412496
787.84166563,0.29168167
788.07843392,0.27838409
788.31521101,0.27315317
788.55199688,0.25922166
788.78879155,0.25999252
789.02559499,0.25066045
789.26240722,0.24028464
789.49922822,0.23595695
789.73605800,0.23312301
789.97289654,0.23262887
790.20974385,0.22822383
790.44659991,0.22533329
790.68346474,0.22453313
790.92033832,0.23356598
791.15722065,0.24110911
791.39411172,0.22839007
791.63101154,0.22965511
791.86792010,0.23047882
792.10483739,0.23573900
792.34176341,0.23675971
792.57869817,0.24427310
792.81564164,0.24468721
793.05259384,0.24765966
793.28955475,0.25619694
793.52652438,0.26982265
793.76350271,0.28779961
794.00048975,0.29286301
794.23748550,0.29567225
794.47448994,0.30431716
794.71150307,0.29996942
794.94852490,0.30106860
795.18555541,0.29952749
795.42259461,0.32293276
795.65964249,0.33495723
795.89669904,0.34418306
796.13376427,0.34341442
796.37083816,0.35021115
796.60792072,0.35673721
796.84501194,0.35734193
797.08211182,0.35387587
797.31922035,0.34049440
797.55633753,0.33686147
797.79346336,0.34186941
798.03059784,0.33796329
798.26774095,0.33350187
798.50489270,0.32281760
798.74205307,0.32557191
798.97922208,0.32358814
799.21639971,0.33482084
799.45358597,0.34346849
799.69078084,0.35282666
799.92798432,0.36070163
800.16519641,0.36348140
800.40241711,0.35426086
800.63964641,0.35852549
800.87688431,0.34572644
801.11413080,0.35414758
801.35138589,0.35552832
801.58864956,0.37567777
801.82592182,0.37072116
802.06320266,0.38635920
802.30049207,0.39907918
802.53779006,0.38856134
802.77509661,0.38677359
803.01241173,0.39109461
803.24973542,0.37628186
803.48706766,0.37487867
803.72440845,0.36725426
803.96175780,0.36009344
804.19911569,0.35425802
804.43648213,0.35904952
804.67385710,0.34679882
804.91124061,0.34756798
805.14863266,0.34481409
805.38603323,0.34506277
805.62344232,0.34203756
805.86085994,0.34200980
806.09828608,0.33041765
806.33572073,0.32229521
806.57316388,0.30357520
806.81061555,0.29638758
807.04807572,0.29534351
807.28554438,0.29655483
807.52302155,0.27279739
807.76050720,0.27761331
807.99800134,0.27791510
808.23550397,0.28741628
808.47301507,0.27668020
808.71053466,0.27546631
808.94806271,0.25790109
809.18559924,0.25627884
809.42314423,0.25253371
809.66069769,0.24677690
809.89825960,0.24964403
810.13582996,0.25523330
810.37340878,0.24612017
810.61099605,0.24510123
810.84859175,0.23907074
811.08619590,0.23700773
811.32380849,0.22354332
811.56142950,0.22238566
811.79905895,0.21894652
812.03669682,0.21187246
812.27434311,0.21451304
812.51199782,0.20366708
812.74966095,0.19185316
812.98733248,0.19232440
813.22501242,0.19628748
813.46270077,0.19540536
813.70039751,0.20017167
813.93810265,0.20818169
814.17581618,0.20757636
814.41353810,0.20702269
814.65126841,0.21737370
814.88900709,0.21495524
815.12675415,0.22420759
815.36450959,0.23427891
815.60227339,0.24721824
815.84004556,0.23967785
816.07782610,0.24832062
816.31561499,0.25715823
816.55341224,0.27398056
816.79121784,0.29082893
817.02903178,0.30354661
817.26685407,0.31034603
817.50468470,0.31923960
817.74252367,0.33190335
817.98037097,0.34407180
818.21822660,0.34842028
818.45609055,0.35684765
818.69396283,0.36375785
818.93184342,0.38564589
819.16973233,0.39984965
819.40762955,0.41102890
819.64553508,0.41510089
819.88344891,0.42451657
820.12137104,0.42264658
820.35930146,0.43530923
820.59724018,0.43305139
820.83518719,0.42471050
821.07314248,0.41108299
821.31110605,0.41246047
821.54907790,0.40915338
821.78705802,0.42055258
822.02504642,0.41730580
822.26304308,0.40987077
822.50104800,0.38806701
822.73906118,0.38630455
822.97708262,0.38269822
823.21511231,0.38002795
823.45315024,0.37262232
823.69119643,0.36416692
823.92925085,0.36037070
824.16731351,0.37050306
824.40538440,0.36670207
824.64346352,0.36796895
824.88155087,0.36799389
825.11964643,0.37220918
825.35775022,0.36951137
825.59586222,0.35747974
825.83398244,0.35981895
826.07211086,0.36879445
826.31024748,0.37413567
826.54839231,0.35750618
826.78654533,0.35538553
827.02470654,0.36381409
827.26287594,0.34440276
827.50105353,0.33660980
827.73923930,0.32177014
827.97743325,0.31858093
828.21563537,0.32078103
828.45384566,0.31056687
828.69206412,0.30095886
828.93029074,0.30453894
829.16852552,0.30850335
829.40676846,0.29974743
829.64501954,0.28730531
829.88327878,0.29677385
830.12154616,0.27912755
830.35982168,0.26531033
830.59810534,0.24347593
830.83639714,0.24193509
831.07469706,0.23884911
831.31300511,0.22456041
831.55132128,0.21093643
831.78964557,0.19648059
832.02797798,0.19728022
832.26631849,0.18656913
832.50466712,0.17316044
832.74302384,0.17013373
832.98138867,0.16143394
833.21976160,0.15510157
833.45814262,0.15146854
833.69653172,0.14747846
833.93492892,0.15149640
834.17333419,0.15110906
834.41174755,0.14290659
834.65016897,0.13425943
834.88859847,0.13951754
835.12703604,0.14246520
835.36548167,0.13767664
835.60393535,0.14213664
835.84239710,0.14210759
836.08086690,0.14194186
836.31934474,0.13880453
836.55783063,0.14794385
836.79632456,0.13704113
837.03482653,0.14639988
837.27333654,0.14987218
837.51185457,0.15491092
837.75038063,0.15152390
837.98891471,0.15125062
838.22745681,0.15857167
838.46600693,0.16253630
838.70456506,0.15614992
838.94313120,0.16231802
839.18170534,0.16649921
839.42028748,0.17641307
839.65887762,0.17310637
839.89747575,0.17817391
840.13608187,0.17431999
840.37469598,0.17674024
840.61331807,0.17475931
840.85194814,0.17734690
841.09058618,0.17679520
841.32923220,0.18043034
841.56788618,0.18202504
841.80654812,0.18390008
842.04521803,0.18924209
842.28389589,0.19656490
842.52258171,0.19516266
842.76127547,0.20559358
842.99997718,0.20977535
843.23868683,0.21277804
843.47740442,0.22098346
843.71612994,0.23843716
843.95486339,0.25575633
844.19360477,0.26090173
844.43235408,0.25635910
844.67111130,0.27141857
844.90987644,0.28295574
845.14864949,0.28598213
845.38743045,0.30398825
845.62621931,0.30836381
845.86501608,0.32045007
846.10382074,0.32328704
846.34263329,0.33691573
846.58145374,0.34145669
846.82028207,0.34732350
847.05911828,0.36097748
847.29796238,0.38107417
847.53681435,0.40409004
847.77567419,0.40524669
848.01454189,0.40502490
848.25341746,0.41014506
848.49230090,0.41835243
848.73119218,0.42297422
848.97009133,0.43585949
849.20899832,0.43811814
849.44791315,0.45193903
849.68683583,0.45375602
849.92576635,0.44444920
850.16470470,0.42055185
850.40365088,0.42875597
850.64260489,0.41108403
850.88156673,0.41207334
851.12053638,0.40439410
851.35951385,0.41790965
851.59849913,0.41758210
851.83749222,0.40609937
852.07649311,0.38586580
852.31550181,0.38927707
852.55451830,0.38245195
852.79354259,0.35536213
853.03257467,0.34539592
853.27161453,0.33405150
853.51066218,0.32865903
853.74971761,0.31659648
853.98878081,0.29564546
854.22785178,0.27948337
854.46693053,0.26957625
854.70601703,0.26855341
854.94511130,0.26302164
855.18421332,0.24958955
855.42332310,0.24061272
855.66244063,0.22861165
855.90156590,0.21456930
856.14069892,0.19865778
856.37983967,0.18428591
856.61898816,0.17467533
856.85814438,0.17316224
857.09730833,0.16837490
857.33648000,0.16198606
857.57565939,0.14618412
857.81484650,0.15072529
858.05404132,0.14398028
858.29324385,0.13896680
858.53245409,0.13445235
858.77167203,0.12448957
859.01089766,0.12919479
859.25013099,0.13610564
859.48937201,0.13748440
859.72862072,0.14243757
859.96787711,0.13990618
860.20714118,0.14188667
860.44641292,0.14791649
860.68569234,0.15053353
860.92497943,0.15854358
861.16427418,0.16275667
861.40357659,0.16396675
861.64288666,0.17010453
861.88220438,0.17013406
862.12152976,0.16914383
862.36086277,0.18326487
862.60020344,0.17720988
862.83955174,0.18098016
863.07890767,0.17932849
863.31827124,0.18164265
863.55764244,0.17679737
863.79702126,0.17897494
864.03640770,0.17371253
864.27580175,0.17508935
864.51520342,0.17030237
864.75461270,0.16762869
864.99402959,0.17484089
865.23345408,0.17453729
865.47288616,0.17002231
865.71232584,0.16523149
865.95177311,0.17332834
866.19122797,0.17217164
866.43069041,0.16661239
866.67016043,0.17376985
866.90963803,0.17085091
867.14912320,0.17517135
867.38861594,0.17459311
867.62811625,0.18021057
867.86762411,0.18109287
868.10713954,0.19047936
868.34666251,0.19317701
868.58619304,0.19570940
868.82573112,0.19587574
869.06527673,0.19771741
869.30482989,0.20449083
869.54439058,0.21979881
869.78395881,0.20680351
870.02353456,0.22098179
870.26311784,0.21903082
870.50270863,0.21798349
870.74230695,0.22712292
870.98191278,0.23130763
871.22152611,0.22921489
871.46114696,0.23568404
871.70077530,0.23092059
871.94041115,0.23645650
872.18005449,0.23351020
872.41970532,0.22993041
872.65936364,0.22054077
872.89902944,0.21792655
873.13870273,0.21421014
873.37838349,0.19320345
873.61807172,0.19160667
873.85776742,0.19788352
874.09747059,0.19986560
874.33718122,0.19149859
874.57689930,0.18734055
874.81662484,0.17993529
875.05635784,0.18202712
875.29609827,0.17440275
875.53584616,0.17035175
875.77560148,0.15967407
876.01536424,0.15719703
876.25513443,0.15422004
876.49491204,0.15411039
876.73469709,0.14965149
876.97448955,0.15300948
877.21428943,0.14931864
877.45409673,0.15625944
877.69391143,0.15466064
877.93373355,0.16143559
878.17356306,0.16595025
878.41339998,0.17005034
878.65324428,0.18070685
878.89309599,0.20006539
879.13295507,0.20873154
879.37282155,0.21735230
879.61269540,0.22811261
879.85257663,0.23477597
880.09246523,0.24292566
880.33236121,0.25757209
880.57226455,0.26021752
880.81217525,0.26588804
881.05209331,0.27106223
881.29201872,0.26654467
881.53195149,0.25002912
881.77189160,0.25575631
882.01183905,0.25267189
882.25179385,0.25971847
882.49175598,0.26147783
882.73172545,0.25575528
882.97170224,0.25145845
883.21168636,0.26076450
883.45167780,0.26236268
883.69167656,0.27331763
883.93168263,0.27364976
884.17169601,0.29614214
884.41171670,0.29327993
884.65174469,0.29611461
884.89177999,0.31103350
885.13182257,0.31544340
885.37187245,0.32854404
885.61192962,0.32793681
885.85199407,0.32915074
886.09206581,0.33267574
886.33214482,0.33129775
886.57223110,0.35062541
886.81232465,0.34908194
887.05242547,0.34206268
887.29253356,0.35282713
887.53264890,0.35497816
887.77277149,0.35178133
888.01290134,0.35508492
888.25303843,0.35971040
888.49318277,0.36576646
888.73333435,0.34638549
888.97349317,0.34817597
889.21365922,0.33457214
889.45383250,0.32887509
889.69401300,0.33201312
889.93420072,0.34630416
890.17439567,0.33796311
890.41459783,0.34197835
890.65480719,0.35266161
890.89502377,0.34853105
891.13524755,0.33812587
891.37547853,0.33168483
891.61571670,0.32711511
891.85596207,0.32788555
892.09621463,0.33842816
892.33647437,0.34435062
892.57674129,0.35524838
892.81701539,0.37655854
893.05729666,0.38118405
893.29758510,0.40007087
893.53788071,0.39599496
893.77818349,0.38212024
894.01849342,0.37171389
894.25881051,0.37347614
894.49913474,0.38586312
894.73946613,0.39456361
894.97980466,0.38608477
895.22015033,0.37771732
895.46050314,0.38591903
895.70086308,0.40138955
895.94123016,0.42044198
896.18160435,0.42451714
896.42198567,0.43354777
896.66237411,0.43228171
896.90276966,0.42991255
897.14317233,0.44188884
897.38358210,0.45738616
897.62399897,0.45246021
897.86442295,0.43597089
898.10485402,0.42875780
898.34529218,0.41493552
898.58573744,0.42423991
898.82618978,0.42198357
899.06664920,0.42060743
899.30711569,0.40794312
899.54758927,0.39583020
899.78806991,0.38944379
900.02855762,0.38517717
900.26905239,0.37276311
900.50955422,0.36568395
900.75006311,0.35519529
900.99057905,0.34063198
901.23110204,0.33289387
901.47163207,0.32301222
901.71216914,0.32039620
901.95271325,0.31296254
902.19326440,0.30886406
902.43382257,0.30346600
902.67438777,0.29655393
902.91495999,0.29608640
903.15553924,0.30621614
903.39612549,0.30701455
903.63671876,0.30051987
903.87731904,0.30365815
904.11792632,0.29847999
904.35854060,0.29325610
904.59916188,0.29055493
904.83979015,0.28956068
905.08042541,0.28678161
905.32106765,0.27701043
905.56171688,0.27243796
905.80237308,0.26183695
906.04303626,0.25993753
906.28370641,0.25636160
906.52438353,0.24262151
906.76506761,0.24628352
907.00575865,0.25613778
907.24645665,0.25649755
907.48716160,0.24771748
907.72787350,0.24419404
907.96859234,0.23604103
908.20931812,0.23125170
908.45005085,0.22949062
908.69079050,0.22161622
908.93153709,0.21976923
909.17229060,0.22103884
909.41305104,0.22037785
909.65381839,0.22123100
909.89459266,0.22525215
910.13537384,0.22690236
910.37616193,0.22156052
910.61695693,0.23216066
910.85775882,0.23615276
911.09856761,0.24859714
911.33938330,0.25046771
911.58020588,0.25663749
911.82103534,0.26395749
912.06187168,0.27309930
912.30271490,0.27728063
912.54356500,0.28733112
912.78442197,0.30239213
913.02528580,0.30329872
913.26615650,0.30850345
913.50703406,0.32298472
913.74791848,0.31568878
913.98880974,0.31579898
914.22970786,0.32216011
914.47061282,0.32686602
914.71152463,0.32656126
914.95244327,0.33939332
915.19336875,0.35695846
915.43430105,0.34379654
915.67524019,0.35315597
915.91618615,0.34057815
916.15713892,0.34231083
916.39809852,0.34222752
916.63906492,0.33383149
916.88003813,0.31417329
917.12101815,0.30442864
917.36200497,0.29099317
917.60299859,0.29952821
917.84399900,0.28846257
918.08500620,0.27662430
918.32602018,0.27505486
918.56704095,0.27092350
918.80806850,0.26379358
919.04910282,0.25602825
919.29014392,0.25344145
919.53119178,0.23466360
919.77224640,0.21935810
920.01330779,0.20016899
920.25437593,0.19794107
920.49545083,0.17806111
920.73653248,0.17377227
920.97762087,0.16322377
921.21871600,0.15895484
921.45981787,0.15383830
921.70092648,0.15257129
921.94204182,0.14155627
922.18316388,0.13387538
922.42429267,0.12195536
922.66542818,0.12564370
922.90657040,0.12498188
923.14771934,0.12349544
923.38887498,0.11810305
923.63003734,0.11675037
923.87120639,0.11782621
924.11238214,0.11975193
924.35356458,0.12090865
924.59475371,0.12859056
924.83594953,0.12223052
925.07715204,0.13412616
925.31836122,0.14541059
925.55957708,0.14552173
925.80079961,0.15300990
926.04202881,0.16140801
926.28326467,0.16672001
926.52450719,0.17332926
926.76575637,0.17495291
927.00701221,0.19281851
927.24827469,0.21616479
927.48954382,0.22012950
927.73081959,0.22503042
927.97210200,0.22839057
928.21339105,0.22849965
928.45468673,0.24055592
928.69598903,0.24920030
928.93729796,0.24831901
929.17861351,0.25751628
929.41993567,0.26731747
929.66126445,0.26968500
929.90259984,0.26571865
930.14394183,0.26550221
930.38529042,0.25955230
930.62664561,0.25520583
930.86800740,0.25156948
931.10937578,0.26390563
931.35075074,0.27188800
931.59213229,0.27744817
931.83352042,0.28377896
932.07491512,0.27854818
932.31631639,0.26528110
932.55772424,0.25481731
932.79913864,0.25016471
933.04055961,0.24118956
933.28198714,0.24259231
933.52342122,0.22717782
933.76486185,0.22398399
934.00630903,0.22266169
934.24776275,0.20201574
934.48922301,0.19235170
934.73068980,0.17756699
934.97216313,0.17575131
935.21364298,0.16740620
935.45512936,0.16292142
935.69662225,0.15416584
935.93812167,0.14838542
936.17962760,0.13973912
936.42114004,0.12630511
936.66265898,0.11791115
936.90418442,0.11182481
937.14571637,0.10196755
937.38725481,0.09888621
937.62879973,0.10235202
937.87035115,0.10257306
938.11190905,0.09728787
938.35347343,0.09263474
938.59504429,0.09172895
938.83662162,0.08390790
939.07820541,0.08385190
939.31979568,0.08068547
939.56139240,0.08076935
939.80299558,0.08297293
940.04460522,0.07620089
940.28622131,0.07955887
940.52784384,0.08010956
940.76947282,0.06893412
941.01110823,0.06601447
941.25275008,0.06337398
941.49439837,0.06298384
941.73605308,0.06298491
941.97771421,0.06199391
942.21938177,0.06284843
942.46105574,0.06667533
942.70273613,0.06298274
942.94442293,0.06254478
943.18611613,0.05329229
943.42781574,0.04778770
943.66952174,0.04486927
943.91123414,0.04591560
944.15295293,0.04082070
944.39467811,0.04123642
944.63640967,0.04443154
944.87814762,0.04387746
945.11989194,0.03870094
945.36164263,0.03964090
945.60339969,0.03914299
945.84516312,0.03336199
946.08693290,0.03749233
946.32870905,0.03776840
946.57049155,0.04013347
946.81228040,0.04063098
947.05407560,0.04074047
947.29587714,0.04652104
947.53768503,0.04921837
947.77949924,0.04954902
948.02131979,0.05183758
948.26314667,0.05769840
948.50497988,0.06218695
948.74681940,0.06562743
948.98866524,0.06705808
949.23051740,0.06725359
949.47237587,0.07567699
949.71424064,0.07807200
949.95611171,0.09051290
950.19798909,0.08765151
950.43987276,0.09326871
950.68176272,0.09398645
950.92365897,0.10125172
951.16556150,0.10301530
951.40747032,0.11218118
951.64938541,0.11413546
951.89130677,0.12327506
952.13323441,0.13115090
952.37516831,0.13423288
952.61710847,0.13291176
952.85905489,0.14477665
953.10100756,0.15218301
953.34296649,0.15088924
953.58493166,0.16000193
953.82690308,0.16710361
954.06888074,0.17332661
954.31086463,0.17756848
954.55285476,0.18913113
954.79485111,0.18527639
955.03685369,0.19125247
955.27886249,0.19221604
955.52087751,0.20113272
955.76289875,0.19679350
956.00492619,0.20184912
956.24695984,0.20371931
956.48899970,0.21253311
956.73104575,0.22288161
956.97309800,0.23037446
957.21515644,0.23546377
957.45722107,0.24950542
957.69929189,0.26302046
957.94136888,0.26225274
958.18345205,0.27078683
958.42554140,0.28427673
958.66763692,0.28837697
958.90973860,0.28846421
959.15184644,0.29589312
959.39396044,0.30517418
959.63608060,0.29804016
959.87820691,0.29027787
960.12033937,0.28218417
960.36247797,0.28876611
960.60462271,0.29765691
960.84677359,0.29063465
961.08893060,0.29264422
961.33109374,0.28939636
961.57326301,0.30161955
961.81543840,0.31100892
962.05761991,0.32744532
962.29980753,0.33058665
962.54200126,0.34589021
962.78420110,0.34517348
963.02640704,0.34247749
963.26861908,0.33674926
963.51083722,0.32975781
963.75306145,0.32171751
963.99529177,0.31709340
964.23752817,0.32232291
964.47977066,0.31499882
964.72201922,0.29567419
964.96427386,0.30522614
965.20653456,0.31197439
965.44880134,0.30134395
965.69107417,0.28862677
965.93335307,0.28138377
966.17563802,0.27293395
966.41792902,0.26313499
966.66022607,0.25327484
966.90252917,0.24716447
967.14483830,0.24413552
967.38715347,0.23810663
967.62947468,0.23202254
967.87180192,0.23538187
968.11413518,0.21941690
968.35647446,0.21192407
968.59881976,0.21104454
968.84117108,0.21385231
969.08352841,0.21220030
969.32589174,0.22040525
969.56826108,0.22588490
969.81063642,0.22293839
970.05301776,0.20807120
970.29540509,0.20215431
970.53779840,0.19458265
970.78019771,0.18882534
971.02260299,0.18359840
971.26501425,0.17850439
971.50743149,0.17194971
971.74985470,0.16820846
971.99228387,0.16583865
972.23471901,0.16974673
972.47716011,0.16716142
972.71960716,0.17258330
972.96206016,0.16606102
973.20451911,0.16672045
973.44698401,0.16121571
973.68945485,0.15279147
973.93193163,0.14673480
974.17441434,0.14111536
974.41690298,0.13494946
974.65939754,0.12801359
974.90189803,0.12801234
975.14440444,0.12289033
975.38691676,0.11154770
975.62943499,0.11061273
975.87195913,0.10664707
976.11448918,0.10257403
976.35702513,0.10367570
976.59956697,0.10152686
976.84211470,0.09425974
977.08466833,0.09139601
977.32722784,0.08624729
977.56979323,0.08583365
977.81236450,0.08572466
978.05494165,0.08068804
978.29752467,0.08049617
978.54011355,0.07977786
978.78270830,0.07994526
979.02530890,0.07465723
979.26791537,0.07482260
979.51052768,0.07801706
979.75314585,0.07674872
979.99576986,0.07520723
980.23839971,0.07708126
980.48103540,0.07614302
980.72367692,0.07498812
980.96632427,0.07785318
981.20897745,0.07554071
981.45163645,0.07917164
981.69430127,0.08068682
981.93697191,0.07707892
982.17964836,0.08500895
982.42233061,0.08143436
982.66501868,0.08666204
982.90771254,0.08137925
983.15041220,0.08236656
983.39311765,0.07928134
983.63582889,0.08087896
983.87854592,0.08283648
984.12126873,0.07944831
984.36399732,0.08044037
984.60673168,0.08212129
984.84947182,0.08256158
985.09221772,0.07730061
985.33496939,0.07405290
985.57772681,0.07834786
985.82049000,0.07752021
986.06325893,0.07738165
986.30603362,0.07278504
986.54881405,0.07069316
986.79160022,0.07030612
987.03439213,0.06788609
987.27718977,0.06369859
987.51999315,0.06604124
987.76280225,0.06783108
988.00561707,0.06650758
988.24843762,0.06620463
988.49126388,0.06012467
988.73409585,0.06436166
988.97693353,0.06474420
989.21977692,0.06375297
989.46262601,0.05893796
989.70548079,0.06265496
989.94834127,0.06155094
990.19120744,0.06639717
990.43407929,0.06499315
990.67695683,0.06926132
990.91984004,0.07085766
991.16272893,0.07611416
991.40562350,0.06865597
991.64852373,0.07327993
991.89142962,0.07058302
992.13434118,0.07231788
992.37725839,0.06772098
992.62018126,0.07404993
992.86310977,0.07256332
993.10604393,0.07785029
993.34898373,0.07432653
993.59192917,0.07884118
993.83488025,0.07581451
994.07783696,0.08090704
994.32079929,0.08946870
994.56376725,0.08523329
994.80674082,0.08539491
995.04972002,0.09128662
995.29270482,0.09943728
995.53569524,0.09549730
995.77869126,0.10213417
996.02169288,0.09959792
996.26470010,0.09299172
996.50771291,0.09089872
996.75073131,0.08869850
996.99375530,0.08214554
997.23678488,0.08085580
997.47982003,0.07741099
997.72286076,0.07713461
997.96590706,0.07484906
998.20895892,0.07862069
998.45201636,0.07347328
998.69507935,0.07168658
998.93814790,0.07289508
999.18122200,0.07003053
999.42430166,0.06832665
999.66738686,0.06727863
999.91047760,0.06273760
1000.15357388,0.06243465
1000.39667569,0.06270833
1000.63978304,0.06193826
1000.88289592,0.06281998
1001.12601431,0.06678269
1001.36913823,0.06479963
1001.61226767,0.05896402
1001.85540262,0.06232566
1002.09854307,0.06435988
1002.34168904,0.05566159
1002.58484050,0.05389980
1002.82799746,0.05428680
1003.07115992,0.05571831
1003.31432787,0.05153173
1003.55750130,0.05279832
1003.80068022,0.05241197
1004.04386462,0.05379094
1004.28705449,0.05379044
1004.53024984,0.05023763
1004.77345065,0.04822999
1005.01665693,0.05120007
1005.25986867,0.04487179
1005.50308587,0.05103624
1005.74630852,0.05097868
1005.98953662,0.05098208
1006.23277017,0.04801017
1006.47600916,0.05054134
1006.71925359,0.04712687
1006.96250346,0.04855781
1007.20575875,0.05263317
1007.44901948,0.05472544
1007.69228563,0.05698221
1007.93555720,0.05725681
1008.17883418,0.05681681
1008.42211658,0.05948945
1008.66540439,0.05323975
1008.90869761,0.05651847
1009.15199622,0.05780700
1009.39530024,0.06213056
1009.63860965,0.06471948
1009.88192445,0.06422372
1010.12524464,0.06507691
1010.36857021,0.06524290
1010.61190116,0.06375627
1010.85523749,0.06860076
1011.09857919,0.06315171
1011.34192626,0.07063909
1011.58527870,0.07278594
1011.82863649,0.08093416
1012.07199965,0.07724731
1012.31536816,0.07774141
1012.55874202,0.07807265
1012.80212122,0.08517472
1013.04550577,0.08478954
1013.28889566,0.09288285
1013.53229088,0.10064723
1013.77569144,0.09948961
1014.01909732,0.10061813
1014.26250853,0.09172822
1014.50592506,0.09123081
1014.74934691,0.09481034
1014.99277407,0.09872009
1015.23620654,0.09508700
1015.47964432,0.09739801
1015.72308739,0.09833449
1015.96653577,0.09905152
1016.20998944,0.09882794
1016.45344841,0.09885717
1016.69691266,0.10108735
1016.94038220,0.09877407
1017.18385701,0.10020702
1017.42733710,0.09701214
1017.67082247,0.10174633
1017.91431310,0.06342703
1018.15780900,0.00340086
1018.40131017,0.00274029
1018.64481659,0.00196921
1018.88832826,-0.00006788
1019.13184519,0.00009705
1019.37536736,0.00276748
