195.95165235,0.00112539
196.15151677,0.00286499
196.35139989,-0.00106904
196.55130171,-0.00098071
196.75122222,0.00002905
196.95116143,-0.00035484
197.15111932,0.00178815
197.35109589,0.00137541
197.55109115,0.00154974
197.75110507,-0.00087376
197.95113767,-0.00051369
198.15118894,-0.00106572
198.35125887,0.00008665
198.55134747,-0.00227443
198.75145472,-0.00188725
198.95158062,0.00250119
199.15172517,0.00124042
199.35188837,0.00036229
199.55207021,0.00055753
199.75227069,0.00272391
199.95248980,0.00206290
200.15272755,0.00151254
200.35298392,0.00039012
200.55325891,0.00042270
200.75355253,0.00014638
200.95386476,0.00052662
201.15419561,0.00167847
201.35454506,0.00157117
201.55491312,0.00041614
201.75529978,0.00036421
201.95570504,0.00101858
202.15612889,-0.00026422
202.35657133,-0.00021970
202.55703236,-0.00087416
202.75751198,0.00135469
202.95801017,0.00157292
203.15852694,0.00242371
203.35906228,0.00190293
203.55961619,0.00170998
203.76018866,0.00277957
203.96077969,0.00113356
204.16138928,0.00189863
204.36201743,-0.00081998
204.56266412,0.00203973
204.76332936,-0.00178336
204.96401315,0.00126633
205.16471547,0.00272036
205.36543633,0.00099018
205.56617572,0.00173330
205.76693363,0.00148361
205.96771007,0.00305168
206.16850503,0.00005450
206.36931851,0.00069092
206.57015050,0.00181672
206.77100100,-0.00002595
206.97187001,0.00310722
207.17275752,0.00453454
207.37366352,0.00130046
207.57458802,-0.00177863
207.77553101,0.00140699
207.97649249,-0.00118001
208.17747245,0.00005903
208.37847089,0.00061055
208.57948781,0.00228260
208.78052320,0.00294315
208.98157706,-0.00128708
209.18264938,0.00096779
209.38374017,0.00063260
209.58484941,0.00126281
209.78597710,0.00272406
209.98712325,-0.00043114
210.18828784,0.00332801
210.38947088,0.00146625
210.59067235,-0.00051747
210.79189226,-0.00051260
210.99313061,0.00440533
211.19438738,0.00135340
211.39566257,-0.00002707
211.59695619,0.00033644
211.79826822,0.00156736
211.99959866,-0.00161980
212.20094752,-0.00111785
212.40231478,0.00115856
212.60370044,-0.00046443
212.80510450,0.00074486
213.00652696,0.00325592
213.20796781,-0.00183371
213.40942704,0.00291856
213.61090466,0.00112565
213.81240066,-0.00277418
214.01391504,-0.00029743
214.21544779,0.00025032
214.41699890,0.00118996
214.61856839,0.00261727
214.82015623,0.00146797
215.02176243,0.00129261
215.22338699,0.00173381
215.42502990,-0.00095736
215.62669115,-0.00054130
215.82837075,0.00118142
216.03006868,-0.00167377
216.23178496,0.00074655
216.43351956,-0.00002217
216.63527249,0.00302643
216.83704375,0.00153585
217.03883333,0.00392640
217.24064123,0.00121539
217.44246744,-0.00084332
217.64431195,-0.00084688
217.84617478,-0.00120263
218.04805591,0.00066414
218.24995534,0.00082851
218.45187306,0.00068849
218.65380907,0.00115171
218.85576337,-0.00098826
219.05773596,0.00215082
219.25972683,-0.00194193
219.46173597,-0.00155979
219.66376339,-0.00216632
219.86580907,0.00052321
220.06787302,0.00057821
220.26995524,0.00252849
220.47205571,0.00228469
220.67417443,0.00176105
220.87631141,0.00371760
221.07846663,0.00032965
221.28064010,-0.00115277
221.48283181,0.00200644
221.68504175,0.00022462
221.88726993,0.00283474
222.08951633,0.00242222
222.29178096,0.00047286
222.49406382,0.00038999
222.69636488,-0.00169866
222.89868417,-0.00172343
223.10102166,0.00230881
223.30337736,-0.00095320
223.50575126,-0.00060462
223.70814337,-0.00079214
223.91055366,0.00008857
224.11298215,0.00019382
224.31542883,-0.00257377
224.51789369,0.00019664
224.72037673,0.00068998
224.92287795,0.00046798
225.12539735,0.00052949
225.32793491,-0.00205804
225.53049064,0.00028577
225.73306453,0.00036115
225.93565658,-0.00233237
226.13826679,-0.00062530
226.34089514,0.00013703
226.54354164,-0.00202948
226.74620629,0.00151128
226.94888908,0.00206926
227.15159000,0.00024571
227.35430906,0.00079931
227.55704625,-0.00070959
227.75980156,0.00123526
227.96257499,0.00269474
228.16536654,0.00271944
228.36817621,0.00035742
228.57100398,0.00093630
228.77384987,-0.00096123
228.97671385,-0.00307370
229.17959594,0.00492530
229.38249612,-0.00224804
229.58541439,-0.00153337
229.78835076,-0.00051908
229.99130520,0.00003320
230.19427773,0.00036327
230.39726834,-0.00276885
230.60027702,0.00486403
230.80330377,0.00003739
231.00634858,0.00003753
231.20941146,-0.00205599
231.41249240,0.00008846
231.61559139,-0.00008249
231.81870844,0.00052527
232.02184353,0.00167678
232.22499666,0.00360371
232.42816784,0.00145791
232.63135705,0.00121505
232.83456430,-0.00140056
233.03778958,-0.00139606
233.24103288,-0.00010813
233.44429420,0.00019739
233.64757355,0.00154259
233.85087090,0.00124358
234.05418627,-0.00178006
234.25751965,-0.00062913
234.46087103,-0.00142309
234.66424040,-0.00162129
234.86762778,0.00030575
235.07103315,0.00063524
235.27445650,0.00039201
235.47789784,0.00074784
235.68135717,0.00008728
235.88483447,-0.00134640
236.08832974,0.00050139
236.29184299,0.00150772
236.49537420,-0.00147465
236.69892338,-0.00085226
236.90249051,0.00052350
237.10607560,-0.00007922
237.30967864,-0.00138972
237.51329963,-0.00054229
237.71693857,-0.00068034
237.92059544,0.00013838
238.12427025,0.00173476
238.32796300,-0.00188656
238.53167367,-0.00098716
238.73540228,0.00252908
238.93914880,0.00161820
239.14291324,0.00069637
239.34669560,-0.00013723
239.55049587,-0.00222453
239.75431405,-0.00000116
239.95815013,0.00179506
240.16200411,-0.00295868
240.36587599,0.00390882
240.56976576,0.00157198
240.77367342,-0.00073866
240.97759896,0.00042167
241.18154239,-0.00029480
241.38550369,0.00179110
241.58948287,0.00085485
241.79347992,-0.00040625
241.99749484,0.00263877
242.20152762,0.00321550
242.40557826,0.00107443
242.60964676,0.00011501
242.81373311,0.00220048
243.01783730,0.00214830
243.22195934,0.00096539
243.42609923,0.00244538
243.63025695,0.00247487
243.83443250,0.00250538
244.03862589,-0.00034710
244.24283710,0.00403846
244.44706613,0.00069184
244.65131298,0.00209346
244.85557765,0.00327244
245.05986013,0.00101818
245.26416042,-0.00068306
245.46847851,-0.00002138
245.67281440,0.00112837
245.87716809,0.00305031
246.08153957,0.00278384
246.28592885,0.00058531
246.49033590,0.00104904
246.69476074,-0.00321053
246.89920336,-0.00122964
247.10366375,0.00156819
247.30814192,0.00107743
247.51263785,0.00066311
247.71715155,0.00297150
247.92168300,0.00146035
248.12623221,0.00266559
248.33079918,0.00357271
248.53538389,0.00294490
248.73998635,0.00036031
248.94460655,0.00181718
249.14924448,0.00190046
249.35390016,0.00153875
249.55857356,0.00116670
249.76326469,0.00063412
249.96797354,0.00013950
250.17270011,0.00162391
250.37744440,-0.00029944
250.58220640,-0.00106832
250.78698610,-0.00122853
250.99178352,0.00277627
251.19659863,0.00025385
251.40143144,0.00044374
251.60628194,0.00190456
251.81115014,-0.00236106
252.01603602,0.00071998
252.22093958,-0.00147655
252.42586082,-0.00106635
252.63079974,0.00101545
252.83575632,0.00119418
253.04073058,0.00140510
253.24572250,0.00126395
253.45073208,0.00156295
253.65575931,0.00112665
253.86080420,-0.00433635
254.06586674,0.00096583
254.27094692,0.00058124
254.47604475,0.00047506
254.68116021,0.00091002
254.88629331,0.00134738
255.09144404,0.00093337
255.29661240,0.00137833
255.50179838,-0.00090743
255.70700198,0.00181308
255.91222319,-0.00070768
256.11746202,0.00030528
256.32271846,0.00576877
256.52799250,0.00076678
256.73328414,0.00008493
256.93859338,-0.00068157
257.14392021,0.00168231
257.34926464,-0.00040966
257.55462665,0.00406557
257.76000624,-0.00046080
257.96540341,0.00060705
258.17081816,0.00255514
258.37625048,-0.00178485
258.58170037,0.00190088
258.78716782,-0.00029494
258.99265284,0.00167572
259.19815541,0.00310378
259.40367553,0.00060275
259.60921320,-0.00007931
259.81476842,-0.00147688
260.02034118,0.00060533
260.22593148,-0.00109896
260.43153931,-0.00271394
260.63716468,0.00063731
260.84280757,0.00094365
261.04846799,0.00195480
261.25414593,0.00090761
261.45984138,0.00011679
261.66555434,0.00052416
261.87128482,0.00148717
262.07703280,-0.00005564
262.28279828,-0.00079455
262.48858126,-0.00030377
262.69438173,0.00096642
262.90019970,0.00096567
263.10603515,0.00352232
263.31188808,0.00002905
263.51775850,0.00250553
263.72364639,0.00030632
263.92955175,0.00365835
264.13547458,0.00017026
264.34141487,0.00335547
264.54737263,0.00104708
264.75334784,-0.00084854
264.95934051,0.00042096
265.16535062,0.00088432
265.37137818,-0.00073832
265.57742319,0.00014431
265.78348563,0.00192456
265.98956551,0.00047079
266.19566282,-0.00062993
266.40177756,-0.00178207
266.60790972,0.00167635
266.81405931,-0.00106116
267.02022631,0.00019650
267.22641072,0.00008846
267.43261254,0.00134870
267.63883177,0.00025625
267.84506840,0.00068625
268.05132243,0.00013933
268.25759385,0.00214388
268.46388266,0.00237059
268.67018886,-0.00233117
268.87651245,-0.00106583
269.08285341,-0.00304388
269.28921175,-0.00106374
269.49558746,-0.00056983
269.70198054,-0.00074080
269.90839099,0.00159260
270.11481880,0.00343568
270.32126396,0.00086039
270.52772648,0.00239434
270.73420635,0.00082374
270.94070356,0.00167394
271.14721812,0.00299620
271.35375002,0.00175863
271.56029925,0.00148441
271.76686582,0.00277690
271.97344971,-0.00133648
272.18005093,0.00208874
272.38666947,0.00202513
272.59330532,0.00074638
272.79995849,0.00140616
273.00662897,0.00082692
273.21331676,0.00321395
273.42002184,0.00052229
273.62674423,-0.00216415
273.83348391,-0.00038159
274.04024088,-0.00183102
274.24701514,0.00057905
274.45380668,-0.00205450
274.66061550,-0.00159033
274.86744160,0.00096166
275.07428498,0.00250679
275.28114562,0.00305277
275.48802352,0.00285815
275.69491869,0.00041843
275.90183112,0.00236493
276.10876080,-0.00073110
276.31570773,-0.00177912
276.52267191,0.00142938
276.72965333,-0.00258046
276.93665199,0.00247871
277.14366789,0.00118778
277.35070102,-0.00103928
277.55775137,-0.00095472
277.76481895,-0.00134201
277.97190376,-0.00082245
278.17900578,0.00151311
278.38612501,0.00302373
278.59326146,-0.00287927
278.80041511,-0.00029657
279.00758596,0.00217415
279.21477401,0.00184326
279.42197926,0.00288357
279.62920170,0.00333102
279.83644133,-0.00107199
280.04369814,0.00283391
280.25097213,0.00014305
280.45826330,-0.00134008
280.66557164,-0.00104140
280.87289715,0.00071494
281.08023982,0.00178611
281.28759966,0.00069029
281.49497666,0.00393460
281.70237081,-0.00098524
281.90978211,0.00074245
282.11721056,-0.00117470
282.32465616,0.00047268
282.53211889,0.00203582
282.73959876,0.00225047
282.94709576,0.00073998
283.15460989,0.00013996
283.36214115,0.00077680
283.56968952,-0.00128690
283.77725502,-0.00166669
283.98483763,-0.00172819
284.19243735,0.00101752
284.40005417,0.00016619
284.60768810,-0.00085060
284.81533913,-0.00123632
285.02300725,-0.00296424
285.23069247,0.00285675
285.43839477,-0.00048830
285.64611416,-0.00033208
285.85385063,-0.00186145
286.06160417,-0.00170099
286.26937479,0.00066537
286.47716248,0.00294178
286.68496724,-0.00169975
286.89278906,0.00304799
287.10062793,-0.00106592
287.30848386,0.00211821
287.51635685,0.00063421
287.72424688,-0.00131439
287.93215395,0.00266333
288.14007806,0.00046919
288.34801921,0.00035891
288.55597740,-0.00005455
288.76395261,0.00165251
288.97194485,-0.00123606
289.17995411,-0.00024447
289.38798039,-0.00150454
289.59602368,0.00052519
289.80408398,0.00225706
290.01216129,0.00200601
290.22025561,0.00132108
290.42836692,-0.00115344
290.63649523,-0.00188917
290.84464053,-0.00098440
291.05280282,-0.00068321
291.26098209,0.00310711
291.46917835,-0.00096008
291.67739158,0.00195090
291.88562179,0.00154345
292.09386897,-0.00200449
292.30213311,0.00112983
292.51041422,-0.00021472
292.71871228,0.00107555
292.92702730,0.00283081
293.13535928,0.00041224
293.34370820,0.00363436
293.55207406,-0.00265670
293.76045686,0.00239924
293.96885661,0.00211792
294.17727328,-0.00071072
294.38570689,0.00151649
294.59415742,0.00217240
294.80262487,0.00164935
295.01110924,-0.00123583
295.21961052,-0.00010248
295.42812872,0.00022186
295.63666382,0.00077301
295.84521583,0.00406881
296.05378474,-0.00034830
296.26237054,0.00280270
296.47097324,0.00398547
296.67959282,0.00022484
296.88822929,0.00118460
297.09688264,-0.00062864
297.30555287,0.00024863
297.51423998,0.00321727
297.72294395,0.00162617
297.93166479,-0.00035363
298.14040250,0.00170874
298.34915706,-0.00252132
298.55792848,0.00046707
298.76671675,0.00645664
298.97552187,0.00200876
299.18434383,0.00145754
299.39318264,0.00156971
299.60203828,0.00101494
299.81091075,0.00000307
300.01980006,0.00204325
300.22870619,-0.00222413
300.43762914,-0.00015980
300.64656892,-0.00125829
300.85552550,0.00115667
301.06449890,-0.00051894
301.27348911,0.00150706
301.48249612,0.00049964
301.69151993,0.00267144
301.90056054,0.00058377
302.10961794,0.00288552
302.31869213,-0.00268985
302.52778310,0.00082626
302.73689086,-0.00183199
302.94601539,0.00275521
303.15515670,-0.00079374
303.36431478,0.00003389
303.57348963,0.00118801
303.78268124,0.00093582
303.99188961,0.00302739
304.20111474,0.00083145
304.41035662,-0.00140101
304.61961524,0.00253008
304.82889062,0.00278092
305.03818273,0.00123612
305.24749158,0.00036178
305.45681716,0.00127009
305.66615948,0.00162941
305.87551852,0.00280765
306.08489429,0.00052275
306.29428677,0.00263868
306.50369597,0.00129513
306.71312188,0.00176336
306.92256450,0.00305186
307.13202382,0.00000710
307.34149984,0.00057821
307.55099256,0.00104890
307.76050198,0.00156987
307.97002808,-0.00103965
308.17957087,0.00110399
308.38913034,0.00060403
308.59870649,-0.00067716
308.80829931,0.00071726
309.01790881,-0.00084768
309.22753497,0.00142847
309.43717780,0.00006117
309.64683728,0.00090678
309.85651343,-0.00010542
310.06620622,0.00066847
310.27591567,0.00145654
310.48564176,-0.00051793
310.69538449,-0.00084940
310.90514386,0.00145817
311.11491986,0.00088136
311.32471250,0.00044408
311.53452176,0.00431857
311.74434764,0.00167922
311.95419014,-0.00002245
312.16404926,0.00047065
312.37392499,-0.00013901
312.58381733,0.00043923
312.79372628,0.00115506
313.00365182,0.00283078
313.21359397,0.00091148
313.42355270,0.00119162
313.63352803,0.00121609
313.84351994,-0.00123434
314.05352843,-0.00128627
314.26355351,-0.00035309
314.47359516,0.00291671
314.68365338,0.00148457
314.89372816,0.00005867
315.10381952,-0.00123110
315.31392743,0.00283425
315.52405190,-0.00230492
315.73419292,0.00085370
315.94435049,0.00204029
316.15452461,0.00228197
316.36471526,0.00069046
316.57492246,0.00354759
316.78514619,-0.00222055
316.99538646,-0.00207711
317.20564324,0.00145210
317.41591656,0.00088418
317.62620639,0.00343525
317.83651274,0.00118620
318.04683560,-0.00131528
318.25717497,0.00194887
318.46753084,0.00250109
318.67790322,0.00214693
318.88829209,0.00271961
319.09869746,0.00568903
319.30911932,0.00009069
319.51955766,0.00472597
319.73001249,-0.00084980
319.94048380,0.00329786
320.15097158,0.00008522
320.36147583,0.00268981
320.57199655,-0.00021746
320.78253374,0.00115221
320.99308739,0.00198334
321.20365749,-0.00101688
321.41424405,0.00009344
321.62484706,-0.00057685
321.83546651,0.00200776
322.04610240,0.00321974
322.25675474,-0.00010896
322.46742351,-0.00073494
322.67810870,-0.00123019
322.88881033,0.00184137
323.09952838,0.00016886
323.31026285,0.00148768
323.52101374,0.00118735
323.73178104,-0.00032479
323.94256475,0.00041465
324.15336487,-0.00051661
324.36418138,0.00063435
324.57501430,0.00107096
324.78586360,0.00142997
324.99672930,-0.00131596
325.20761139,-0.00197613
325.41850986,-0.00158738
325.62942471,0.00052940
325.84035593,-0.00035529
326.05130353,0.00294242
326.26226749,0.00060907
326.47324782,0.00017011
326.68424451,-0.00035595
326.89525756,-0.00040972
327.10628696,0.00019885
327.31733271,0.00293989
327.52839481,0.00253740
327.73947325,-0.00203276
327.95056803,0.00156928
328.16167915,-0.00015642
328.37280659,0.00365097
328.58395037,0.00005818
328.79511046,0.00338874
329.00628688,0.00189877
329.21747962,0.00061158
329.42868867,0.00063739
329.63991403,-0.00189071
329.85115569,0.00019570
330.06241365,0.00547031
330.27368792,-0.00180557
330.48497848,-0.00024246
330.69628533,0.00432596
330.90760846,0.00008662
331.11894788,-0.00046271
331.33030358,0.00198251
331.54167556,0.00234396
331.75306381,0.00013996
331.96446832,-0.00081743
332.17588911,0.00217412
332.38732615,0.00044109
332.59877945,0.00016651
332.81024901,-0.00183374
333.02173481,0.00077108
333.23323686,-0.00008226
333.44475516,-0.00112074
333.65628969,0.00154221
333.86784046,-0.00024312
334.07940747,0.00143139
334.29099070,0.00266955
334.50259015,0.00359838
334.71420583,0.00316265
334.92583772,-0.00320784
335.13748582,0.00250419
335.34915014,0.00178884
335.56083066,0.00310479
335.77252739,0.00073998
335.98424031,0.00203526
336.19596943,0.00005529
336.40771473,0.00643188
336.61947623,0.00107357
336.83125391,-0.00030041
337.04304777,0.00043966
337.25485781,0.00450783
337.46668402,0.00050048
337.67852640,0.00038804
337.89038494,-0.00073921
338.10225965,0.00003802
338.31415051,0.00129754
338.52605753,0.00420290
338.73798070,0.00101600
338.94992001,0.00069098
339.16187547,-0.00156068
339.37384707,0.00266760
339.58583481,0.00327703
339.79783867,-0.00150224
340.00985867,0.00063197
340.22189479,0.00172997
340.43394703,0.00299545
340.64601539,-0.00046506
340.85809986,0.00093926
341.07020044,-0.00106788
341.28231713,-0.00046620
341.49444992,0.00036381
341.70659882,0.00172893
341.91876380,0.00212048
342.13094488,0.00190182
342.34314204,0.00195223
342.55535529,0.00126752
342.76758462,0.00373686
342.97983003,0.00022310
343.19209151,0.00102144
343.40436906,0.00123664
343.61666268,0.00162388
343.82897235,0.00260750
344.04129809,0.00327184
344.25363988,0.00381785
344.46599772,0.00008582
344.67837161,0.00170624
344.89076154,0.00173903
345.10316751,0.00060848
345.31558952,0.00137650
345.52802756,-0.00010744
345.74048163,0.00036364
345.95295173,0.00093909
346.16543784,0.00156805
346.37793998,0.00033310
346.59045813,0.00041574
346.80299228,-0.00120409
347.01554245,0.00255425
347.22810862,0.00080702
347.44069079,0.00286175
347.65328895,-0.00061835
347.86590310,0.00186934
348.07853325,-0.00065317
348.29117938,0.00041849
348.50384148,0.00096607
348.71651957,0.00140068
348.92921363,0.00192537
349.14192366,0.00418223
349.35464966,0.00151386
349.56739161,-0.00133774
349.78014953,-0.00076680
349.99292340,0.00280250
350.20571322,0.00255629
350.41851899,-0.00299147
350.63134071,-0.00040691
350.84417836,0.00171040
351.05703196,0.00263742
351.26990148,-0.00032371
351.48278693,-0.00057055
351.69568831,0.00137460
351.90860561,0.00164523
352.12153883,0.00099367
352.33448796,0.00206708
352.54745301,0.00349349
352.76043396,0.00222191
352.97343081,0.00036573
353.18644357,0.00178709
353.39947222,0.00186611
353.61251676,-0.00005097
353.82557719,0.00019472
354.03865351,0.00228286
354.25174570,-0.00232905
354.46485378,0.00329584
354.67797773,0.00047068
354.89111754,-0.00021618
355.10427323,0.00053234
355.31744478,-0.00116998
355.53063218,0.00069124
355.74383545,0.00293960
355.95705456,0.00157049
356.17028952,0.00491537
356.38354033,-0.00160874
356.59680697,0.00163282
356.81008946,0.00145677
357.02338777,0.00085771
357.23670192,0.00068814
357.45003189,0.00115546
357.66337769,0.00228128
357.87673930,0.00063621
358.09011673,-0.00090302
358.30350996,-0.00150918
358.51691901,0.00031131
358.73034386,0.00013934
358.94378451,0.00118313
359.15724095,0.00118397
359.37071319,-0.00314852
359.58420122,0.00508685
359.79770503,-0.00071383
360.01122463,0.00066365
360.22476000,0.00036000
360.43831115,0.00381555
360.65187806,-0.00161396
360.86546075,-0.00062176
361.07905919,0.00011606
361.29267340,0.00178674
361.50630336,0.00168919
361.71994907,0.00250350
361.93361053,0.00291313
362.14728774,0.00409614
362.36098069,0.00066057
362.57468937,0.00159446
362.78841379,0.00046870
363.00215394,0.00025090
363.21590981,0.00294757
363.42968141,0.00035980
363.64346873,-0.00040762
363.85727176,0.00121277
364.07109050,0.00173628
364.28492495,0.00167586
364.49877510,0.00289008
364.71264096,0.00272377
364.92652251,-0.00210832
365.14041975,0.00209339
365.35433268,0.00264142
365.56826130,0.00157423
365.78220560,0.00015122
365.99616558,-0.00101123
366.21014124,-0.00084871
366.42413256,-0.00071589
366.63813955,0.00038764
366.85216221,-0.00054431
367.06620052,0.00101648
367.28025449,0.00469967
367.49432411,0.00140590
367.70840938,0.00329587
367.92251030,0.00047099
368.13662686,0.00206264
368.35075905,0.00167807
368.56490688,0.00030929
368.77907034,0.00223431
368.99324943,0.00252888
369.20744414,0.00035728
369.42165446,0.00341184
369.63588041,0.00508433
369.85012196,0.00326975
370.06437912,-0.00051828
370.27865189,0.00126649
370.49294026,0.00030907
370.70724422,0.00013772
370.92156378,0.00206502
371.13589893,0.00244392
371.35024966,0.00011349
371.56461598,0.00329881
371.77899788,0.00082560
371.99339534,-0.00004888
372.20780838,0.00351732
372.42223699,0.00392695
372.63668116,0.00132133
372.85114090,0.00151122
373.06561618,0.00201177
373.28010703,0.00134798
373.49461342,0.00285920
373.70913535,0.00503030
373.92367283,0.00497471
374.13822584,0.00049780
374.35279439,0.00212073
374.56737847,0.00102030
374.78197808,0.00403703
374.99659321,0.00068654
375.21122386,0.00143070
375.42587002,0.00310573
375.64053170,0.00264139
375.85520888,0.00105156
376.06990157,0.00060676
376.28460976,0.00291608
376.49933345,0.00403886
376.71407263,0.00112947
376.92882731,0.00280626
377.14359746,0.00209063
377.35838311,0.00135050
377.57318422,0.00245211
377.78800082,0.00467248
378.00283289,0.00335842
378.21768042,0.00450475
378.43254342,0.00297241
378.64742188,0.00530125
378.86231579,0.00143317
379.07722516,0.00167761
379.29214998,0.00170365
379.50709024,0.00206657
379.72204595,0.00294676
379.93701709,0.00080183
380.15200367,0.00225543
380.36700568,-0.00098445
380.58202311,0.00250212
380.79705597,0.00195560
381.01210425,-0.00008092
381.22716795,0.00420892
381.44224706,0.00368273
381.65734157,-0.00136518
381.87245150,-0.00024298
382.08757682,0.00266711
382.30271754,0.00679331
382.51787365,0.00326989
382.73304516,0.00299422
382.94823205,0.00365393
383.16343433,0.00338139
383.37865198,0.00311169
383.59388501,0.00283333
383.80913341,0.00349174
384.02439718,0.00219420
384.23967631,0.00200656
384.45497081,0.00483874
384.67028066,-0.00062506
384.88560586,0.00343853
385.10094642,0.00508427
385.31630232,0.00266376
385.53167356,0.00392939
385.74706014,0.00536198
385.96246206,0.00138112
386.17787931,0.00275241
386.39331188,0.00436878
386.60875978,0.00272088
386.82422300,0.00500634
387.03970154,0.00423278
387.25519539,0.00296915
387.47070454,0.00393110
387.68622901,0.00360216
387.90176877,0.00324365
388.11732383,0.00041508
388.33289419,0.00517204
388.54847984,0.00426168
388.76408077,0.00233891
388.97969699,0.00181444
389.19532849,0.00406897
389.41097526,0.00338496
389.62663730,0.00417493
389.84231462,0.00393067
390.05800720,0.00475815
390.27371504,0.00486681
390.48943813,0.00255543
390.70517648,0.00151128
390.92093008,0.00431731
391.13669893,0.00409214
391.35248302,0.00601763
391.56828235,0.00357528
391.78409691,0.00568794
391.99992671,0.00398670
392.21577173,0.00437059
392.43163198,0.00294711
392.64750745,0.00475825
392.86339813,0.00662497
393.07930403,0.00689651
393.29522514,0.00110690
393.51116145,0.00374115
393.72711297,0.00445476
393.94307968,0.00203421
394.15906159,0.00466752
394.37505869,0.00410240
394.59107097,0.00689836
394.80709844,0.00299474
395.02314109,0.00450416
395.23919892,0.00264305
395.45527192,0.00354811
395.67136009,0.00447864
395.88746342,0.00541216
396.10358191,0.00461611
396.31971556,0.00618276
396.53586437,0.00675741
396.75202832,0.00645832
396.96820743,0.00678809
397.18440167,0.00558193
397.40061106,0.00626536
397.61683558,0.00483923
397.83307523,0.00637498
398.04933001,0.00700882
398.26559992,0.00324241
398.48188494,0.00613118
398.69818509,0.00039195
398.91450034,0.00346576
399.13083071,0.00977846
399.34717618,0.00541694
399.56353676,0.00470028
399.77991243,0.00313360
399.99630320,0.00735978
400.21270906,0.00893368
400.42913001,0.00357263
400.64556604,0.00288902
400.86201715,0.00788516
401.07848334,0.00525090
401.29496460,0.00684535
401.51146093,0.00502902
401.72797232,0.00475401
401.94449878,0.00716834
402.16104030,0.00733510
402.37759687,0.00508559
402.59416849,0.00675734
402.81075515,0.00528202
403.02735686,0.01047091
403.24397361,0.00714455
403.46060540,0.00607653
403.67725222,0.00517068
403.89391407,0.00739789
404.11059094,0.00530634
404.32728283,0.00573976
404.54398974,0.00876564
404.76071167,0.00656882
404.97744860,0.00870625
405.19420054,0.00766428
405.41096749,0.00711956
405.62774943,0.00442624
405.84454637,0.00997850
406.06135830,0.00907032
406.27818521,0.00569132
406.49502712,0.00632209
406.71188400,0.00755441
406.92875586,0.00689780
407.14564269,0.00690376
407.36254449,0.00678663
407.57946126,0.00461844
407.79639299,0.00841407
408.01333968,0.00557984
408.23030132,0.00915321
408.44727792,0.00733937
408.66426946,0.00827184
408.88127594,0.00553009
409.09829737,0.00937271
409.31533373,0.00923218
409.53238502,0.00613318
409.74945125,0.00709212
409.96653239,0.00615473
410.18362846,0.01101806
410.40073945,0.00944718
410.61786535,0.00563385
410.83500616,0.00717011
411.05216188,0.01212033
411.26933250,0.00579621
411.48651803,0.01010810
411.70371844,0.01082538
411.92093375,0.01128912
412.13816395,0.00879546
412.35540903,0.00805418
412.57266899,0.00681598
412.78994383,0.00915090
413.00723355,0.00605201
413.22453813,0.00692451
413.44185758,0.00805082
413.65919189,0.00846003
413.87654106,0.00838507
414.09390509,0.00956237
414.31128396,0.00876540
414.52867769,0.00904233
414.74608626,0.00717590
414.96350966,0.00920849
415.18094791,0.00662242
415.39840099,0.00714528
415.61586890,0.00613218
415.83335163,0.00382266
416.05084918,0.00777928
416.26836156,0.01170776
416.48588875,0.00879701
416.70343074,0.00624203
416.92098755,0.00758341
417.13855916,0.00893626
417.35614557,0.00560662
417.57374677,0.00464961
417.79136277,0.00942553
418.00899355,0.00780424
418.22663913,0.00750129
418.44429948,0.00568634
418.66197461,0.00728466
418.87966451,0.00590990
419.09736918,0.00700719
419.31508862,0.00695416
419.53282283,0.00668359
419.75057179,0.00541207
419.96833550,0.00832368
420.18611397,0.00711815
420.40390719,0.00904351
420.62171515,0.00917862
420.83953785,0.00637744
421.05737529,0.00799679
421.27522746,0.00828075
421.49309437,0.00634987
421.71097599,0.00566653
421.92887234,0.00656733
422.14678341,0.00734416
422.36470920,0.00731265
422.58264969,0.00673129
422.80060489,0.00681526
423.01857480,0.00772280
423.23655940,0.00580261
423.45455870,0.00857486
423.67257270,0.00634626
423.89060138,0.00689499
424.10864475,0.01024436
424.32670280,0.00623618
424.54477553,0.00975221
424.76286293,0.00832801
424.98096500,0.00497755
425.19908174,0.00764126
425.41721315,0.00956058
425.63535921,0.00816001
425.85351993,0.00481247
426.07169530,0.00793880
426.28988531,0.00906979
426.50808998,0.00596971
426.72630928,0.00709286
426.94454322,0.00695102
427.16279180,0.00783007
427.38105500,0.00838195
427.59933283,0.00517774
427.81762529,0.00650987
428.03593236,0.00692757
428.25425405,0.00695732
428.47259035,0.00819125
428.69094125,0.00846463
428.90930676,0.00810599
429.12768688,0.00687034
429.34608158,0.00868157
429.56449089,0.00750571
429.78291478,0.00852329
430.00135325,0.00884639
430.21980631,0.00763853
430.43827395,0.00926607
430.65675616,0.00818572
430.87525294,0.00651240
431.09376429,0.00945514
431.31229020,0.00948110
431.53083067,0.00772048
431.74938570,0.00590836
431.96795528,0.01063137
432.18653941,0.00783012
432.40513808,0.00854977
432.62375130,0.00938126
432.84237905,0.01189356
433.06102134,0.01090626
433.27967815,0.00662482
433.49834950,0.01179013
433.71703536,0.01162518
433.93573575,0.00931571
434.15445065,0.01085746
434.37318007,0.01096513
434.59192399,0.00997360
434.81068241,0.01250075
435.02945534,0.00885066
435.24824276,0.01143156
435.46704468,0.00991527
435.68586109,0.01151486
435.90469198,0.00980982
436.12353735,0.00860259
436.34239721,0.01041574
436.56127153,0.01003057
436.78016033,0.01238990
436.99906360,0.00964861
437.21798133,0.00849031
437.43691352,0.01222958
437.65586017,0.01141063
437.87482127,0.00907023
438.09379682,0.00958900
438.31278681,0.01002541
438.53179125,0.00846338
438.75081012,0.01318827
438.96984343,0.00939532
439.18889117,0.00907046
439.40795333,0.01080040
439.62702992,0.01417981
439.84612093,0.01241675
440.06522636,0.01236200
440.28434619,0.01316168
440.50348044,0.01104387
440.72262909,0.01665020
440.94179214,0.01294295
441.16096958,0.01514397
441.38016143,0.01821917
441.59936766,0.01525204
441.81858828,0.01582787
442.03782328,0.01813323
442.25707266,0.01694996
442.47633641,0.01637369
442.69561454,0.01667441
442.91490703,0.01472693
443.13421389,0.01898467
443.35353511,0.01643445
443.57287068,0.01899378
443.79222061,0.01805083
444.01158489,0.02217350
444.23096351,0.01846974
444.45035648,0.02178360
444.66976378,0.01947473
444.88918542,0.02271859
445.10862139,0.02310373
445.32807169,0.02381882
445.54753631,0.02382137
445.76701525,0.02382332
445.98650851,0.02228209
446.20601607,0.02263583
446.42553795,0.02623590
446.64507413,0.02390357
446.86462462,0.02681698
447.08418940,0.02623564
447.30376848,0.02623200
447.52336184,0.02184409
447.74296949,0.02241439
447.96259143,0.02294089
448.18222765,0.02755409
448.40187814,0.02337926
448.62154290,0.02255569
448.84122193,0.02574280
449.06091522,0.02645614
449.28062278,0.02453485
449.50034459,0.02631832
449.72008066,0.02288604
449.93983098,0.02366143
450.15959554,0.02327138
450.37937434,0.02458708
450.59916739,0.02552310
450.81897466,0.02321739
451.03879617,0.02202880
451.25863191,0.02225380
451.47848187,0.02239082
451.69834605,0.02412157
451.91822445,0.02338139
452.13811706,0.02143046
452.35802388,0.02909667
452.57794490,0.02612384
452.79788013,0.02244833
453.01782956,0.02579318
453.23779317,0.02821691
453.45777098,0.02697762
453.67776298,0.02343503
453.89776916,0.02686924
454.11778952,0.02909294
454.33782406,0.02821119
454.55787276,0.02706600
454.77793564,0.02637464
454.99801268,0.02788552
455.21810388,0.02853995
455.43820924,0.02645855
455.65832876,0.03135052
455.87846242,0.03137957
456.09861023,0.03112598
456.31877218,0.02939926
456.53894827,0.03134432
456.75913850,0.02928622
456.97934286,0.02925664
457.19956135,0.03148076
457.41979396,0.02766373
457.64004069,0.03184160
457.86030154,0.03244223
458.08057650,0.03452902
458.30086557,0.03164465
458.52116874,0.03459012
458.74148602,0.03618174
458.96181740,0.03269194
459.18216287,0.03442524
459.40252243,0.03491823
459.62289608,0.03213985
459.84328382,0.03612683
460.06368563,0.03502888
460.28410152,0.03736391
460.50453148,0.03618400
460.72497551,0.03733453
460.94543361,0.03848773
461.16590577,0.04068823
461.38639198,0.03560386
461.60689225,0.03763181
461.82740657,0.04227968
462.04793494,0.04148523
462.26847735,0.03711168
462.48903380,0.04422287
462.70960428,0.04354273
462.93018880,0.04288060
463.15078734,0.04271968
463.37139991,0.04164988
463.59202650,0.04285856
463.81266711,0.04403709
464.03332173,0.04895602
464.25399036,0.04349080
464.47467300,0.04481357
464.69536964,0.04703267
464.91608028,0.04474926
465.13680491,0.04513931
465.35754354,0.04620560
465.57829615,0.04483386
465.79906274,0.04420317
466.01984332,0.04447533
466.24063787,0.05005763
466.46144640,0.05030943
466.68226889,0.04623642
466.90310535,0.04914313
467.12395578,0.04557529
467.34482016,0.04485996
467.56569849,0.04804605
467.78659078,0.04699992
468.00749701,0.04760588
468.22841719,0.04746879
468.44935130,0.04804791
468.67029935,0.04587306
468.89126134,0.04447187
469.11223725,0.04626065
469.33322709,0.04947236
469.55423085,0.04447586
469.77524852,0.04071390
469.99628011,0.04409129
470.21732561,0.04447792
470.43838502,0.04884403
470.65945833,0.04738827
470.88054554,0.04628855
471.10164664,0.04678403
471.32276164,0.04387296
471.54389052,0.04623398
471.76503329,0.04640111
471.98618994,0.04442003
472.20736046,0.04568925
472.42854486,0.04381473
472.64974313,0.04519324
472.87095527,0.04565599
473.09218126,0.04197700
473.31342112,0.04480255
473.53467483,0.04582161
473.75594239,0.04447245
473.97722379,0.04269569
474.19851905,0.04494261
474.41982814,0.04491267
474.64115107,0.04518717
474.86248783,0.04966890
475.08383842,0.04343176
475.30520283,0.04169798
475.52658107,0.04261126
475.74797312,0.04205961
475.96937899,0.04013693
476.19079867,0.04334696
476.41223216,0.04048973
476.63367944,0.04161425
476.85514053,0.04683435
477.07661542,0.04238503
477.29810409,0.04233190
477.51960656,0.04323713
477.74112281,0.04483161
477.96265284,0.04485728
478.18419664,0.04477760
478.40575422,0.04376329
478.62732557,0.04327256
478.84891069,0.04233860
479.07050957,0.04404199
479.29212221,0.04030017
479.51374860,0.04574068
479.73538875,0.04530177
479.95704264,0.04297059
480.17871027,0.04156214
480.40039165,0.04271825
480.62208676,0.04332231
480.84379561,0.04272252
481.06551819,0.04298950
481.28725449,0.04282792
481.50900451,0.04530237
481.73076825,0.04477909
481.95254571,0.04058174
482.17433688,0.04112296
482.39614175,0.03975777
482.61796033,0.04233797
482.83979260,0.04224847
483.06163858,0.04529584
483.28349824,0.04277114
483.50537160,0.04288364
483.72725864,0.04367976
483.94915936,0.04098624
484.17107375,0.04634506
484.39300183,0.04043776
484.61494357,0.04255329
484.83689898,0.04430987
485.05886805,0.04552150
485.28085078,0.04568451
485.50284716,0.03673193
485.72485720,0.04230760
485.94688089,0.04274367
486.16891822,0.03931038
486.39096919,0.04090656
486.61303380,0.04200353
486.83511204,0.04101580
487.05720391,0.04280073
487.27930941,0.03942206
487.50142853,0.04139467
487.72356126,0.04293565
487.94570762,0.03928165
488.16786758,0.03826872
488.39004115,0.04068333
488.61222833,0.04062718
488.83442910,0.03772186
489.05664347,0.04038606
489.27887144,0.04172754
489.50111299,0.04233115
489.72336813,0.04200390
489.94563685,0.04096548
490.16791915,0.04727639
490.39021502,0.04156688
490.61252446,0.04244080
490.83484747,0.04431545
491.05718404,0.04452905
491.27953418,0.04519215
491.50189786,0.04843324
491.72427510,0.05038418
491.94666589,0.05277284
492.16907023,0.05296619
492.39148810,0.05216946
492.61391951,0.05299122
492.83636446,0.05389758
493.05882293,0.05571059
493.28129494,0.05420082
493.50378046,0.05125986
493.72627950,0.05365029
493.94879206,0.04955342
494.17131813,0.04975345
494.39385771,0.05403503
494.61641079,0.05268935
494.83897737,0.05486186
495.06155745,0.04694807
495.28415102,0.05233250
495.50675808,0.05205445
495.72937863,0.04854087
495.95201266,0.04637119
496.17466017,0.04763451
496.39732115,0.04524334
496.61999560,0.04618068
496.84268352,0.04758170
497.06538491,0.04648519
497.28809975,0.04563224
497.51082805,0.04994229
497.73356980,0.04403910
497.95632500,0.04732906
498.17909365,0.04821582
498.40187573,0.04623238
498.62467126,0.04241812
498.84748022,0.04623822
499.07030261,0.04208595
499.29313842,0.03876062
499.51598766,0.04644961
499.73885032,0.04716313
499.96172639,0.04315609
500.18461588,0.04153358
500.40751877,0.04079900
500.63043507,0.04250288
500.85336476,0.04024657
501.07630786,0.04005320
501.29926435,0.04453636
501.52223423,0.04431087
501.74521749,0.04459023
501.96821414,0.04785330
502.19122417,0.04579900
502.41424757,0.04444933
502.63728434,0.04151105
502.86033448,0.04590366
503.08339798,0.04321353
503.30647484,0.04191888
503.52956506,0.04277353
503.75266864,0.04436770
503.97578556,0.04535909
504.19891582,0.04661884
504.42205943,0.04217247
504.64521638,0.04779743
504.86838666,0.04810465
505.09157027,0.05051832
505.31476721,0.04920460
505.53797747,0.05159348
505.76120105,0.04777439
505.98443795,0.04859684
506.20768816,0.05540411
506.43095168,0.05489098
506.65422850,0.05540730
506.87751863,0.05719581
507.10082205,0.05996621
507.32413876,0.05967021
507.54746877,0.06456406
507.77081206,0.06702520
507.99416863,0.06194647
508.21753849,0.06375670
508.44092162,0.06535735
508.66431802,0.05785776
508.88772768,0.05870660
509.11115062,0.06087180
509.33458681,0.05714010
509.55803626,0.06112672
509.78149896,0.06320857
510.00497491,0.06430725
510.22846411,0.06304520
510.45196655,0.06216525
510.67548223,0.06299312
510.89901114,0.05787944
511.12255328,0.06046868
511.34610865,0.05914471
511.56967725,0.05886801
511.79325906,0.06090420
512.01685409,0.05365496
512.24046234,0.05617988
512.46408379,0.05700187
512.68771845,0.05337392
512.91136631,0.06007772
513.13502736,0.05672207
513.35870161,0.05677750
513.58238905,0.05703717
513.80608968,0.05925481
514.02980349,0.05747054
514.25353048,0.05431153
514.47727065,0.05436779
514.70102398,0.05200568
514.92479049,0.05183851
515.14857016,0.05433636
515.37236299,0.05398150
515.59616898,0.04974402
515.81998812,0.04727745
516.04382041,0.04820890
516.26766585,0.04804541
516.49152443,0.04950346
516.71539615,0.04518957
516.93928100,0.04326640
517.16317899,0.04914731
517.38709010,0.04686887
517.61101433,0.04738959
517.83495169,0.04364884
518.05890216,0.04928323
518.28286575,0.04908882
518.50684245,0.04939405
518.73083225,0.05381740
518.95483515,0.05051958
519.17885115,0.05194876
519.40288024,0.05057638
519.62692243,0.05224698
519.85097770,0.05793095
520.07504606,0.05691810
520.29912749,0.05810004
520.52322201,0.05878955
520.74732959,0.06389687
520.97145024,0.06788146
521.19558396,0.06820972
521.41973074,0.06609653
521.64389057,0.06845660
521.86806346,0.06633902
522.09224940,0.07293397
522.31644839,0.07161125
522.54066042,0.07323541
522.76488549,0.07243934
522.98912359,0.07881287
523.21337473,0.07936372
523.43763889,0.07766085
523.66191608,0.07859349
523.88620629,0.07854147
524.11050951,0.07939343
524.33482575,0.08002213
524.55915500,0.07990875
524.78349725,0.08540550
525.00785250,0.08785067
525.23222076,0.08441892
525.45660201,0.08408850
525.68099625,0.09392252
525.90540347,0.08925204
526.12982368,0.08925230
526.35425688,0.09208116
526.57870304,0.08392479
526.80316218,0.08851068
527.02763429,0.09331854
527.25211936,0.09076572
527.47661740,0.09633748
527.70112839,0.09798536
527.92565234,0.09837514
528.15018924,0.09950000
528.37473908,0.10655405
528.59930187,0.10619724
528.82387760,0.10556845
529.04846626,0.10933197
529.27306785,0.10913709
529.49768238,0.11770823
529.72230982,0.11413936
529.94695019,0.11512502
530.17160348,0.11676940
530.39626968,0.11441841
530.62094879,0.11792778
530.84564080,0.12386363
531.07034572,0.12798381
531.29506354,0.12836738
531.51979425,0.13413558
531.74453785,0.14121910
531.96929434,0.13539800
532.19406372,0.13515839
532.41884597,0.12721478
532.64364110,0.12548132
532.86844911,0.12809512
533.09326998,0.12561712
533.31810372,0.12702416
533.54295032,0.12319913
533.76780978,0.12270599
533.99268209,0.12729815
534.21756726,0.12578689
534.44246527,0.12578854
534.66737613,0.12611727
534.89229982,0.12473936
535.11723635,0.12584243
535.34218572,0.12383119
535.56714791,0.11814694
535.79212292,0.11175323
536.01711076,0.10551039
536.24211142,0.10810243
536.46712489,0.10612323
536.69215117,0.10430500
536.91719025,0.10243502
537.14224214,0.10287594
537.36730683,0.10787643
537.59238431,0.10650287
537.81747459,0.10070601
538.04257765,0.10009998
538.26769350,0.09834375
538.49282213,0.09754966
538.71796353,0.09463448
538.94311771,0.09329249
539.16828466,0.09414076
539.39346438,0.09411399
539.61865685,0.09394803
539.84386209,0.09798918
540.06908008,0.09595301
540.29431082,0.09587299
540.51955431,0.10207881
540.74481054,0.09551543
540.97007951,0.10007529
541.19536122,0.10427616
541.42065566,0.10397712
541.64596283,0.09883775
541.87128272,0.10397551
542.09661534,0.11430323
542.32196068,0.11254631
542.54731873,0.11886567
542.77268948,0.11969021
542.99807295,0.12292753
543.22346912,0.12358556
543.44887799,0.12177542
543.67429955,0.12122752
543.89973381,0.13292718
544.12518076,0.13004453
544.35064039,0.13356129
544.57611270,0.13781751
544.80159769,0.14133325
545.02709535,0.14210548
545.25260568,0.14358866
545.47812868,0.14781668
545.70366434,0.15301319
545.92921266,0.15342594
546.15477363,0.16391348
546.38034726,0.16638352
546.60593353,0.16578249
546.83153245,0.15704321
547.05714401,0.16302747
547.28276820,0.16347443
547.50840503,0.16264854
547.73405449,0.16539548
547.95971657,0.17143760
548.18539128,0.17342004
548.41107860,0.18102698
548.63677854,0.17783814
548.86249109,0.18401969
549.08821624,0.19048225
549.31395400,0.19654969
549.53970436,0.19698601
549.76546732,0.20572283
549.99124286,0.21319261
550.21703100,0.21545177
550.44283172,0.20687204
550.66864502,0.20261873
550.89447090,0.20275418
551.12030936,0.20207307
551.34616038,0.19495294
551.57202397,0.20036597
551.79790013,0.19676795
552.02378884,0.20138507
552.24969011,0.19426529
552.47560393,0.19495159
552.70153030,0.19632560
552.92746921,0.19923948
553.15342067,0.20055047
553.37938466,0.19618599
553.60536118,0.19671722
553.83135024,0.19720477
554.05735182,0.20019890
554.28336592,0.20615927
554.50939254,0.20742424
554.73543167,0.20748115
554.96148332,0.21269621
555.18754748,0.21082848
555.41362413,0.20893525
555.63971329,0.21722559
555.86581495,0.21577461
556.09192909,0.22610307
556.31805573,0.22964747
556.54419485,0.23247958
556.77034646,0.24110683
556.99651054,0.23736240
557.22268709,0.23868818
557.44887612,0.24365912
557.67507761,0.24821753
557.90129157,0.25393231
558.12751799,0.25884391
558.35375686,0.26294390
558.58000818,0.27013618
558.80627196,0.27961183
559.03254817,0.28642839
559.25883683,0.29587471
559.48513793,0.30554553
559.71145146,0.31137400
559.93777742,0.32688568
560.16411580,0.33897500
560.39046661,0.34444204
560.61682984,0.34459969
560.84320548,0.33378328
561.06959353,0.33356511
561.29599400,0.34732490
561.52240686,0.35938492
561.74883213,0.36675010
561.97526979,0.37817229
562.20171985,0.38366685
562.42818230,0.38962671
562.65465713,0.39734566
562.88114434,0.40918700
563.10764393,0.39943348
563.33415590,0.39718024
563.56068024,0.39460391
563.78721694,0.38767509
564.01376601,0.38597683
564.24032744,0.39048072
564.46690122,0.39262222
564.69348736,0.39698645
564.92008585,0.39509698
565.14669668,0.39742807
565.37331985,0.39597867
565.59995536,0.39578247
565.82660320,0.38878046
566.05326338,0.38699717
566.27993588,0.39010039
566.50662070,0.38416018
566.73331785,0.38784171
566.96002731,0.38525839
567.18674908,0.39833636
567.41348316,0.39907354
567.64022954,0.39040157
567.86698822,0.38977097
568.09375920,0.38053628
568.32054248,0.38303724
568.54733804,0.37965787
568.77414589,0.38849960
569.00096603,0.38235463
569.22779844,0.37960568
569.45464313,0.37054039
569.68150008,0.37262210
569.90836931,0.36300856
570.13525080,0.36125454
570.36214455,0.34246693
570.58905055,0.34537416
570.81596881,0.34092977
571.04289932,0.33441763
571.26984207,0.33345901
571.49679707,0.33507231
571.72376430,0.34345403
571.95074377,0.35018413
572.17773547,0.32949935
572.40473940,0.32581487
572.63175554,0.32114490
572.85878391,0.31666944
573.08582450,0.32126430
573.31287729,0.31279682
573.53994230,0.31148181
573.76701951,0.30109678
573.99410892,0.29403457
574.22121053,0.28499426
574.44832433,0.29037621
574.67545032,0.28521630
574.90258850,0.28739016
575.12973886,0.29307472
575.35690140,0.30038309
575.58407612,0.29571447
575.81126301,0.29994209
576.03846206,0.30151093
576.26567328,0.30917181
576.49289666,0.30482577
576.72013220,0.31005025
576.94737989,0.30768918
577.17463973,0.31832043
577.40191171,0.30804347
577.62919584,0.30661455
577.85649211,0.30173084
578.08380051,0.30263326
578.31112104,0.28854578
578.53845370,0.28846296
578.76579848,0.27362319
578.99315538,0.28101330
579.22052440,0.28738581
579.44790553,0.27802064
579.67529877,0.28065549
579.90270412,0.27733728
580.13012157,0.28099015
580.35755111,0.28326076
580.58499275,0.27565930
580.81244648,0.27453428
581.03991229,0.27175745
581.26739019,0.27305048
581.49488017,0.26087997
581.72238223,0.26511112
581.94989635,0.26197565
582.17742255,0.26733264
582.40496080,0.27886872
582.63251112,0.28642723
582.86007350,0.28296444
583.08764793,0.27525392
583.31523441,0.27500078
583.54283294,0.27098842
583.77044351,0.26730758
583.99806611,0.26483671
584.22570076,0.26109829
584.45334743,0.25752831
584.68100613,0.25319084
584.90867686,0.24755769
585.13635960,0.24000209
585.36405437,0.24307878
585.59176114,0.24744803
585.81947993,0.24717074
586.04721072,0.24819046
586.27495351,0.24555088
586.50270830,0.23275201
586.73047508,0.23615506
586.95825386,0.23099202
587.18604462,0.22899038
587.41384737,0.22376729
587.64166209,0.21541883
587.86948879,0.20921015
588.09732747,0.20962689
588.32517811,0.20699092
588.55304072,0.20827094
588.78091529,0.20363606
589.00880181,0.20363590
589.23670029,0.20264541
589.46461072,0.20453987
589.69253310,0.19594152
589.92046742,0.20319362
590.14841368,0.20547374
590.37637187,0.21044836
590.60434200,0.20731490
590.83232405,0.20910301
591.06031803,0.20874191
591.28832393,0.21442588
591.51634174,0.21882780
591.74437147,0.22923329
591.97241311,0.22866144
592.20046665,0.23714717
592.42853210,0.23899252
592.65660944,0.25159713
592.88469868,0.25346070
593.11279981,0.26868222
593.34091283,0.26758416
593.56903773,0.26796853
593.79717452,0.26385065
594.02532317,0.25796544
594.25348370,0.26076898
594.48165610,0.25739176
594.70984037,0.25409773
594.93803650,0.25739530
595.16624448,0.25676229
595.39446432,0.25818829
595.62269601,0.25576849
595.85093954,0.25964587
596.07919492,0.26681161
596.30746214,0.26672929
596.53574120,0.27181640
596.76403208,0.27169915
596.99233480,0.27197597
597.22064934,0.27552210
597.44897570,0.26889817
597.67731387,0.27396145
597.90566386,0.26725069
598.13402567,0.27016179
598.36239927,0.26675819
598.59078468,0.26266974
598.81918189,0.26533379
599.04759090,0.26705932
599.27601169,0.25873808
599.50444427,0.26126569
599.73288864,0.25131759
599.96134479,0.25093532
600.18981271,0.23956757
600.41829241,0.24157238
600.64678387,0.24642494
600.87528711,0.24549941
601.10380210,0.24417733
601.33232885,0.24513835
601.56086736,0.23805269
601.78941762,0.23739322
602.01797962,0.23344047
602.24655337,0.23401159
602.47513886,0.22896072
602.70373608,0.22926300
602.93234504,0.22719893
603.16096572,0.23000596
603.38959813,0.22799710
603.61824226,0.22228292
603.84689811,0.21357405
604.07556567,0.21423501
604.30424495,0.21687210
604.53293593,0.21335747
604.76163861,0.21739581
604.99035299,0.21417926
605.21907907,0.21385233
605.44781683,0.21429161
605.67656629,0.20965333
605.90532743,0.22132727
606.13410025,0.22038804
606.36288475,0.22412637
606.59168093,0.21811504
606.82048877,0.22819341
607.04930828,0.22945210
607.27813945,0.23676741
607.50698227,0.24039171
607.73583676,0.24939929
607.96470289,0.24832439
608.19358067,0.25695009
608.42247010,0.25714368
608.65137117,0.26258272
608.88028387,0.26469812
609.10920820,0.26815930
609.33814417,0.26263692
609.56709176,0.26705487
609.79605097,0.24805383
610.02502180,0.25519881
610.25400424,0.24379311
610.48299830,0.24017147
610.71200396,0.23478664
610.94102122,0.23431731
611.17005008,0.22369663
611.39909054,0.21821827
611.62814260,0.21432087
611.85720624,0.21171201
612.08628146,0.20901792
612.31536827,0.20731574
612.54446665,0.20528581
612.77357661,0.20816565
613.00269813,0.20781107
613.23183122,0.20398932
613.46097588,0.21006416
613.69013210,0.20838726
613.91929986,0.20583505
614.14847919,0.20995320
614.37767005,0.20500707
614.60687247,0.20660342
614.83608642,0.20665326
615.06531191,0.21110149
615.29454894,0.20852410
615.52379749,0.21181897
615.75305757,0.21346762
615.98232917,0.21893153
616.21161229,0.22030480
616.44090692,0.22429104
616.67021306,0.22580441
616.89953072,0.23181966
617.12885987,0.23286464
617.35820053,0.23818800
617.58755268,0.24937027
617.81691632,0.25736580
618.04629145,0.25692392
618.27567807,0.26785995
618.50507617,0.27537744
618.73448574,0.28804487
618.96390679,0.28909369
619.19333932,0.29557607
619.42278330,0.29752528
619.65223875,0.30565426
619.88170566,0.30505123
620.11118403,0.31471554
620.34067384,0.31949886
620.57017511,0.32573487
620.79968782,0.33375208
621.02921197,0.32845725
621.25874756,0.33092676
621.48829458,0.33449872
621.71785303,0.33664302
621.94742290,0.33820640
622.17700420,0.33834286
622.40659692,0.34485836
622.63620105,0.34416502
622.86581660,0.35298722
623.09544355,0.35287173
623.32508190,0.35438306
623.55473166,0.35996985
623.78439281,0.37443634
624.01406536,0.36388961
624.24374929,0.37347909
624.47344461,0.36597686
624.70315131,0.35644929
624.93286939,0.34611479
625.16259884,0.33779224
625.39233967,0.33040329
625.62209186,0.31634622
625.85185541,0.30911432
626.08163032,0.28933865
626.31141659,0.29810033
626.54121422,0.29216645
626.77102319,0.27848752
627.00084350,0.28386647
627.23067516,0.28099071
627.46051815,0.27741674
627.69037248,0.26884667
627.92023814,0.26184437
628.15011512,0.26066102
628.38000343,0.25780036
628.60990305,0.25769349
628.83981399,0.25242210
629.06973624,0.24769657
629.29966980,0.23772317
629.52961467,0.23146536
629.75957083,0.22269888
629.98953830,0.21932053
630.21951705,0.22000636
630.44950710,0.21484404
630.67950843,0.21827427
630.90952104,0.21017183
631.13954493,0.20945757
631.36958009,0.20508801
631.59962653,0.20632016
631.82968423,0.20794830
632.05975320,0.21165851
632.28983343,0.20923640
632.51992491,0.20978855
632.75002765,0.21539145
632.98014163,0.21319115
633.21026686,0.21659829
633.44040333,0.21539325
633.67055104,0.21484696
633.90070999,0.20632618
634.13088016,0.20585689
634.36106156,0.19863604
634.59125418,0.19918523
634.82145802,0.19726105
635.05167308,0.19684613
635.28189935,0.19506448
635.51213683,0.20075009
635.74238551,0.19624410
635.97264540,0.19817058
636.20291648,0.19196081
636.43319875,0.19094158
636.66349222,0.19731381
636.89379687,0.19530922
637.12411270,0.19585759
637.35443971,0.19643333
637.58477790,0.19575125
637.81512726,0.20912897
638.04548778,0.21503048
638.27585947,0.22393196
638.50624232,0.21923547
638.73663633,0.22753269
638.96704149,0.23332461
639.19745779,0.23203984
639.42788525,0.22533736
639.65832384,0.22477494
639.88877358,0.21888634
640.11923445,0.22969988
640.34970644,0.23886123
640.58018957,0.23740966
640.81068382,0.24338034
641.04118919,0.25520942
641.27170567,0.25719417
641.50223327,0.26707104
641.73277198,0.27147810
641.96332179,0.28799058
642.19388270,0.30095987
642.42445471,0.31583004
642.65503781,0.31521756
642.88563200,0.33358781
643.11623728,0.33309648
643.34685365,0.33963600
643.57748109,0.34951883
643.80811960,0.36787507
644.03876919,0.37254637
644.26942985,0.39154945
644.50010157,0.39785337
644.73078435,0.42208181
644.96147819,0.42985503
645.19218308,0.42258282
645.42289902,0.43017523
645.65362601,0.42869561
645.88436404,0.42601357
646.11511310,0.44965488
646.34587321,0.44190825
646.57664434,0.43892113
646.80742650,0.42518035
647.03821969,0.41628023
647.26902389,0.41348240
647.49983911,0.41446707
647.73066534,0.41829548
647.96150259,0.41523806
648.19235083,0.43206721
648.42321008,0.41929884
648.65408033,0.42492112
648.88496157,0.44526730
649.11585380,0.45114202
649.34675702,0.46292740
649.57767122,0.46122704
649.80859640,0.46502633
650.03953256,0.45718457
650.27047969,0.45033874
650.50143778,0.45454756
650.73240684,0.45705025
650.96338687,0.43223406
651.19437785,0.43647300
651.42537978,0.42553884
651.65639266,0.41716219
651.88741649,0.41037887
652.11845126,0.39210124
652.34949697,0.38046620
652.58055362,0.37237752
652.81162119,0.36435420
653.04269970,0.36202762
653.27378913,0.35974561
653.50488948,0.36158967
653.73600074,0.34451921
653.96712292,0.34804224
654.19825601,0.35222436
654.42940000,0.35743740
654.66055490,0.36031534
654.89172069,0.38274623
655.12289738,0.39348543
655.35408496,0.41037483
655.58528342,0.41772074
655.81649277,0.43316998
656.04771300,0.45831282
656.27894411,0.46610374
656.51018608,0.47459915
656.74143893,0.47522874
656.97270264,0.47784977
657.20397721,0.48054378
657.43526264,0.46250174
657.66655893,0.47561442
657.89786606,0.48718463
658.12918404,0.47861649
658.36051286,0.47846421
658.59185253,0.47568619
658.82320303,0.46599318
659.05456435,0.46769547
659.28593651,0.45415481
659.51731949,0.45234087
659.74871330,0.44729040
659.98011792,0.44533742
660.21153335,0.44170721
660.44295959,0.43536888
660.67439664,0.41438244
660.90584449,0.40534024
661.13730314,0.40333301
661.36877259,0.39410860
661.60025282,0.40168528
661.83174384,0.41646375
662.06324565,0.41410170
662.29475824,0.40960231
662.52628160,0.41583591
662.75781573,0.42105602
662.98936064,0.42157701
663.22091631,0.43385651
663.45248274,0.43141307
663.68405993,0.42089070
663.91564787,0.42555987
664.14724657,0.44261563
664.37885601,0.44519692
664.61047619,0.46214442
664.84210712,0.48458994
665.07374878,0.51444826
665.30540117,0.52738870
665.53706429,0.55625250
665.76873813,0.55949621
666.00042270,0.55048607
666.23211798,0.54084775
666.46382398,0.55504902
666.69554069,0.55087200
666.92726810,0.56746040
667.15900621,0.56697363
667.39075503,0.56103623
667.62251454,0.55260443
667.85428474,0.57532266
668.08606563,0.57402922
668.31785720,0.59111466
668.54965945,0.58710442
668.78147238,0.59535076
669.01329599,0.59452402
669.24513026,0.60644332
669.47697520,0.61098013
669.70883080,0.62064849
669.94069705,0.59216374
670.17257397,0.59471160
670.40446153,0.58820382
670.63635974,0.59270768
670.86826860,0.58490383
671.10018809,0.58051133
671.33211822,0.57584292
671.56405898,0.57073203
671.79601037,0.55661670
672.02797239,0.55766062
672.25994503,0.54419585
672.49192828,0.55002582
672.72392215,0.55260187
672.95592663,0.56065616
673.18794172,0.57232729
673.41996741,0.57825320
673.65200370,0.57666909
673.88405058,0.56587144
674.11610806,0.57115138
674.34817612,0.57444201
674.58025477,0.56699843
674.81234400,0.56916750
675.04444381,0.56378430
675.27655419,0.57145008
675.50867513,0.56595422
675.74080665,0.58438781
675.97294873,0.57768626
676.20510136,0.59202420
676.43726455,0.58592426
676.66943830,0.58853595
676.90162259,0.56935828
677.13381742,0.56543086
677.36602279,0.54589897
677.59823870,0.56249580
677.83046515,0.54232947
678.06270212,0.52128967
678.29494962,0.52480672
678.52720764,0.54224869
678.75947617,0.54765979
678.99175522,0.55768855
679.22404479,0.55883918
679.45634486,0.55903303
679.68865543,0.55787926
679.92097650,0.58891800
680.15330807,0.59001811
680.38565013,0.59836850
680.61800268,0.57902719
680.85036571,0.56988100
681.08273922,0.57661613
681.31512321,0.57472392
681.54751768,0.56963905
681.77992262,0.57046157
682.01233802,0.56238874
682.24476388,0.56024313
682.47720020,0.54711272
682.70964698,0.55186305
682.94210421,0.55211350
683.17457189,0.53667123
683.40705001,0.53617991
683.63953858,0.53156296
683.87203758,0.51887672
684.10454701,0.52208710
684.33706687,0.50989131
684.56959716,0.50700544
684.80213787,0.49769552
685.03468900,0.49782803
685.26725054,0.49684005
685.49982249,0.50343822
685.73240485,0.50516428
685.96499762,0.51659087
686.19760078,0.52241466
686.43021434,0.54384192
686.66283829,0.53975012
686.89547264,0.53491583
687.12811736,0.54360243
687.36077247,0.51302188
687.59343796,0.49052230
687.82611382,0.48780787
688.05880005,0.47362738
688.29149665,0.47249954
688.52420361,0.45989529
688.75692093,0.45443049
688.98964860,0.43783653
689.22238663,0.42564030
689.45513500,0.41366849
689.68789372,0.41987451
689.92066278,0.40218205
690.15344218,0.40245826
690.38623191,0.39962189
690.61903197,0.40767362
690.85184236,0.39948956
691.08466307,0.37702230
691.31749410,0.37333960
691.55033544,0.36861567
691.78318709,0.35218958
692.01604906,0.33460903
692.24892132,0.33120317
692.48180389,0.32592750
692.71469675,0.32513054
692.94759991,0.32142519
693.18051335,0.32653281
693.41343708,0.31447512
693.64637109,0.30428337
693.87931538,0.30318600
694.11226995,0.30356748
694.34523478,0.30071319
694.57820988,0.29142479
694.81119525,0.28680849
695.04419087,0.27667341
695.27719676,0.26917340
695.51021289,0.26091025
695.74323927,0.26843418
695.97627590,0.26637411
696.20932276,0.26118289
696.44237987,0.26093568
696.67544721,0.26610282
696.90852478,0.26959022
697.14161257,0.27186959
697.37471059,0.27480569
697.60781883,0.28016437
697.84093728,0.29329668
698.07406595,0.28873375
698.30720482,0.29631634
698.54035389,0.28884501
698.77351317,0.29334930
699.00668264,0.29318371
699.23986231,0.29862557
699.47305217,0.29700442
699.70625221,0.29971787
699.93946243,0.30752141
700.17268284,0.31633902
700.40591342,0.30472065
700.63915416,0.30790364
700.87240508,0.29614567
701.10566616,0.29079311
701.33893740,0.29123469
701.57221879,0.30060116
701.80551034,0.29477488
702.03881204,0.29653374
702.27212388,0.28912207
702.50544587,0.28889797
702.73877799,0.28054782
702.97212024,0.28310169
703.20547263,0.28027161
703.43883514,0.27755660
703.67220778,0.26818307
703.90559054,0.27387299
704.13898341,0.26988918
704.37238639,0.28488890
704.60579948,0.28596170
704.83922268,0.30046603
705.07265598,0.30062900
705.30609937,0.31414021
705.53955286,0.32339739
705.77301643,0.33230150
706.00649010,0.32987888
706.23997384,0.33735514
706.47346767,0.34779350
706.70697157,0.36444029
706.94048554,0.37388953
707.17400958,0.38726600
707.40754368,0.38790086
707.64108785,0.40562319
707.87464207,0.41976672
708.10820634,0.43143625
708.34178066,0.42978902
708.57536503,0.43168750
708.80895944,0.43619519
709.04256389,0.45017069
709.27617837,0.45157229
709.50980288,0.47902105
709.74343742,0.48717825
709.97708198,0.49665048
710.21073657,0.49767265
710.44440117,0.52161841
710.67807578,0.54947913
710.91176040,0.57098099
711.14545502,0.58781941
711.37915965,0.60614616
711.61287427,0.60386409
711.84659889,0.63028537
712.08033350,0.64028895
712.31407809,0.66814476
712.54783267,0.67794998
712.78159723,0.67945928
713.01537176,0.67905254
713.24915626,0.70363834
713.48295073,0.69558657
713.71675517,0.71874104
713.95056956,0.71931910
714.18439392,0.73212112
714.41822822,0.73175693
714.65207248,0.74670491
714.88592668,0.75079393
715.11979083,0.76499892
715.35366491,0.73618467
715.58754893,0.73934249
715.82144288,0.72220076
716.05534675,0.73330143
716.28926055,0.70763955
716.52318427,0.70591042
716.75711791,0.68885210
716.99106146,0.70409785
717.22501491,0.69643210
717.45897828,0.68064394
717.69295154,0.67231321
717.92693470,0.67393663
718.16092776,0.65726426
718.39493071,0.66374782
718.62894354,0.65566977
718.86296626,0.66995603
719.09699886,0.63949708
719.33104133,0.62251239
719.56509367,0.60416371
719.79915588,0.60760388
720.03322796,0.59427461
720.26730990,0.57526688
720.50140170,0.55913821
720.73550335,0.54928170
720.96961484,0.52634312
721.20373619,0.50373951
721.43786738,0.49371264
721.67200841,0.48181371
721.90615927,0.47044103
722.14031996,0.45998220
722.37449048,0.45421167
722.60867083,0.44599496
722.84286099,0.42292189
723.07706098,0.44077731
723.31127077,0.41932698
723.54549038,0.41699411
723.77971979,0.41286708
724.01395900,0.41742859
724.24820801,0.41143863
724.48246681,0.40072973
724.71673541,0.40426935
724.95101379,0.41248444
725.18530196,0.40751568
725.41959990,0.39885688
725.65390763,0.39748573
725.88822512,0.39270299
726.12255238,0.38809076
726.35688941,0.38715734
726.59123620,0.38265255
726.82559275,0.39904558
727.05995905,0.40088626
727.29433510,0.39847516
727.52872090,0.39270460
727.76311644,0.40561787
727.99752172,0.39674483
728.23193674,0.38712994
728.46636149,0.38265769
728.70079596,0.40432263
728.93524016,0.40531674
729.16969408,0.40838577
729.40415772,0.40050703
729.63863107,0.40839387
729.87311413,0.40467814
730.10760690,0.39245817
730.34210937,0.40058994
730.57662153,0.40621664
730.81114340,0.40539269
731.04567495,0.40270977
731.28021619,0.39262159
731.51476712,0.39380412
731.74932772,0.38438346
731.98389800,0.40638449
732.21847796,0.38800578
732.45306758,0.37317349
732.68766687,0.37078096
732.92227582,0.37163710
733.15689443,0.37119547
733.39152269,0.37147234
733.62616060,0.37367169
733.86080816,0.37358687
734.09546537,0.39042237
734.33013221,0.39430089
734.56480869,0.40138697
734.79949480,0.40113459
735.03419054,0.40460529
735.26889590,0.39687977
735.50361089,0.39569796
735.73833549,0.39432453
735.97306970,0.39869358
736.20781353,0.41372094
736.44256696,0.40218125
736.67733000,0.40141511
736.91210263,0.40080981
737.14688486,0.41031436
737.38167668,0.41478883
737.61647809,0.42316854
737.85128908,0.42646579
738.08610965,0.43792106
738.32093980,0.43462633
738.55577953,0.43009037
738.79062882,0.41272932
739.02548768,0.40713147
739.26035610,0.39069526
739.49523407,0.40152459
739.73012161,0.39042077
739.96501869,0.40666131
740.19992532,0.39400643
740.43484150,0.39309284
740.66976721,0.39432139
740.90470246,0.38748831
741.13964724,0.39501069
741.37460156,0.39998368
741.60956539,0.38833628
741.84453875,0.40805902
742.07952163,0.40608603
742.31451402,0.41157884
742.54951592,0.40207317
742.78452733,0.40267942
743.01954823,0.39762448
743.25457864,0.39223464
743.48961855,0.40259516
743.72466795,0.40476618
743.95972683,0.39287352
744.19479520,0.40490676
744.42987305,0.40232028
744.66496038,0.41031251
744.90005718,0.41630160
745.13516345,0.42632453
745.37027918,0.43745540
745.60540438,0.45093857
745.84053904,0.45311401
746.07568315,0.47079945
746.31083672,0.47372255
746.54599973,0.46289033
746.78117218,0.46871484
747.01635408,0.46607758
747.25154541,0.46256411
747.48674617,0.46811447
747.72195637,0.47665337
747.95717599,0.45352608
748.19240503,0.44085845
748.42764349,0.45971308
748.66289136,0.46373859
748.89814864,0.45728758
749.13341533,0.45613281
749.36869143,0.46536298
749.60397692,0.47407667
749.83927181,0.47802532
750.07457609,0.46319181
750.30988976,0.45931871
750.54521282,0.44168033
750.78054526,0.43885468
751.01588707,0.43599932
751.25123826,0.42357766
751.48659882,0.41943642
751.72196874,0.41124964
751.95734803,0.40297753
752.19273667,0.40256771
752.42813467,0.41157953
752.66354203,0.41839211
752.89895873,0.42831016
753.13438477,0.42486869
753.36982016,0.42143419
753.60526488,0.42410156
753.84071893,0.44303435
754.07618232,0.44036475
754.31165503,0.44959546
754.54713706,0.44866454
754.78262841,0.45303210
755.01812908,0.45231286
755.25363905,0.46192622
755.48915834,0.45844190
755.72468693,0.45360816
755.96022481,0.45129521
756.19577200,0.45588307
756.43132847,0.46849718
756.66689424,0.46145702
756.90246929,0.45157186
757.13805362,0.46114010
757.37364723,0.46168366
757.60925011,0.44597002
757.84486227,0.44613458
758.08048369,0.43904762
758.31611437,0.42251011
758.55175432,0.41806356
758.78740352,0.40259380
759.02306197,0.39157993
759.25872967,0.38069944
759.49440661,0.37059657
759.73009279,0.36746301
759.96578822,0.36960220
760.20149287,0.37586684
760.43720676,0.39536910
760.67292987,0.40391627
760.90866220,0.41270146
761.14440375,0.41037154
761.38015452,0.42588556
761.61591450,0.43552796
761.85168368,0.45011793
762.08746207,0.45500663
762.32324967,0.47692584
762.55904645,0.50370700
762.79485243,0.50357338
763.03066760,0.51104386
763.26649196,0.52540555
763.50232549,0.51282451
763.73816821,0.53576967
763.97402010,0.55876094
764.20988116,0.55540756
764.44575138,0.55254939
764.68163077,0.56103692
764.91751932,0.54960781
765.15341703,0.54474740
765.38932389,0.56188910
765.62523989,0.53614579
765.86116505,0.51184014
766.09709934,0.49489499
766.33304277,0.45956884
766.56899533,0.44599988
766.80495703,0.41014649
767.04092785,0.38537397
767.27690779,0.36383637
767.51289685,0.33872944
767.74889503,0.31461330
767.98490232,0.29131434
768.22091872,0.27991605
768.45694422,0.25964422
768.69297882,0.23631905
768.92902252,0.22885262
769.16507532,0.21165621
769.40113720,0.19879825
769.63720817,0.18272760
769.87328822,0.17734836
770.10937735,0.15751518
770.34547555,0.15007172
770.58158282,0.14265355
770.81769917,0.13787382
771.05382457,0.13657680
771.28995904,0.13646771
771.52610256,0.13820959
771.76225513,0.14254005
771.99841676,0.14325453
772.23458743,0.14630229
772.47076714,0.15518512
772.70695589,0.17336412
772.94315367,0.18693139
773.17936048,0.21096767
773.41557632,0.23027942
773.65180118,0.26008494
773.88803507,0.28060396
774.12427796,0.31870552
774.36052987,0.34246476
774.59679079,0.36240817
774.83306072,0.38779090
775.06933964,0.41833055
775.30562756,0.43341415
775.54192448,0.46443409
775.77823038,0.47352413
776.01454527,0.49931450
776.25086914,0.50997397
776.48720200,0.54230254
776.72354382,0.55807004
776.95989462,0.56551887
777.19625439,0.53766721
777.43262312,0.56161120
777.66900081,0.54776568
777.90538746,0.54801750
778.14178306,0.55988232
778.37818761,0.55848363
778.61460110,0.54979982
778.85102354,0.58402813
779.08745492,0.57150290
779.32389523,0.53916977
779.56034447,0.52244527
779.79680263,0.49997201
780.03326972,0.50560746
780.26974574,0.48149028
780.50623066,0.45722671
780.74272450,0.45346340
780.97922725,0.43431676
781.21573890,0.43775844
781.45225946,0.42159974
781.68878891,0.41498089
781.92532726,0.40823044
782.16187449,0.40254227
782.39843061,0.38965759
782.63499562,0.38350052
782.87156950,0.38514739
783.10815226,0.38883356
783.34474390,0.38212797
783.58134440,0.40487259
783.81795376,0.40915729
784.05457199,0.39503783
784.29119907,0.39256404
784.52783500,0.38103370
784.76447979,0.38168891
785.00113342,0.37828601
785.23779589,0.36350264
785.47446720,0.36751669
785.71114735,0.35441265
785.94783633,0.34257079
786.18453413,0.33636847
786.42124076,0.34197068
786.65795621,0.33185831
786.89468048,0.32290488
787.13141355,0.30917439
787.36815544,0.30073942
787.60490613,0.28865009
787.84166563,0.29263338
788.07843392,0.28911827
788.31521101,0.28694693
788.55199688,0.26346164
788.78879155,0.26598664
789.02559499,0.25763750
789.26240722,0.25572069
789.49922822,0.25049107
789.73605800,0.24692386
789.97289654,0.24132361
790.20974385,0.24807994
790.44659991,0.23868689
790.68346474,0.22953336
790.92033832,0.22978664
791.15722065,0.23492398
791.39411172,0.23857569
791.63101154,0.23887755
791.86792010,0.23876348
792.10483739,0.24596308
792.34176341,0.24357618
792.57869817,0.25288622
792.81564164,0.25052530
793.05259384,0.25563156
793.28955475,0.26299817
793.52652438,0.28400914
793.76350271,0.28557354
794.00048975,0.29199798
794.23748550,0.29474647
794.47448994,0.32070600
794.71150307,0.32268898
794.94852490,0.32883779
795.18555541,0.32842658
795.42259461,0.32134817
795.65964249,0.32924658
795.89669904,0.34106352
796.13376427,0.34032641
796.37083816,0.35172020
796.60792072,0.35232671
796.84501194,0.35688535
797.08211182,0.36480229
797.31922035,0.37463236
797.55633753,0.36988195
797.79346336,0.38330922
798.03059784,0.37966372
798.26774095,0.37715946
798.50489270,0.37372193
798.74205307,0.38009609
798.97922208,0.38514917
799.21639971,0.38564399
799.45358597,0.37685789
799.69078084,0.37841989
799.92798432,0.38012537
800.16519641,0.38762200
800.40241711,0.38869719
800.63964641,0.39338970
800.87688431,0.38718855
801.11413080,0.39767618
801.35138589,0.40740774
801.58864956,0.41311478
801.82592182,0.39344547
802.06320266,0.41237227
802.30049207,0.41042347
802.53779006,0.40404988
802.77509661,0.40339388
803.01241173,0.40097208
803.24973542,0.38888346
803.48706766,0.38548138
803.72440845,0.39586575
803.96175780,0.39783859
804.19911569,0.39597319
804.43648213,0.36608843
804.67385710,0.36394579
804.91124061,0.37155102
805.14863266,0.35416233
805.38603323,0.34979630
805.62344232,0.33851137
805.86085994,0.34142230
806.09828608,0.32683660
806.33572073,0.33787495
806.57316388,0.32384221
806.81061555,0.31628142
807.04807572,0.30664511
807.28554438,0.30040841
807.52302155,0.28999975
807.76050720,0.28823870
807.99800134,0.27930835
808.23550397,0.27143206
808.47301507,0.26401718
808.71053466,0.26098988
808.94806271,0.25420432
809.18559924,0.25011550
809.42314423,0.24629373
809.66069769,0.23472432
809.89825960,0.23335768
810.13582996,0.22198659
810.37340878,0.20739906
810.61099605,0.20808600
810.84859175,0.20473250
811.08619590,0.19589056
811.32380849,0.19146486
811.56142950,0.18962150
811.79905895,0.18349843
812.03669682,0.17990118
812.27434311,0.17599782
812.51199782,0.17383153
812.74966095,0.17176383
812.98733248,0.16677061
813.22501242,0.17319590
813.46270077,0.17217699
813.70039751,0.17819939
813.93810265,0.18176821
814.17581618,0.18196138
814.41353810,0.18456639
814.65126841,0.18560853
814.88900709,0.18578232
815.12675415,0.19523531
815.36450959,0.20500335
815.60227339,0.20461915
815.84004556,0.20627462
816.07782610,0.21764259
816.31561499,0.22772352
816.55341224,0.22739676
816.79121784,0.22357844
817.02903178,0.25758221
817.26685407,0.27576571
817.50468470,0.27686821
817.74252367,0.29326599
817.98037097,0.30150510
818.21822660,0.31169392
818.45609055,0.32878400
818.69396283,0.33999363
818.93184342,0.34754820
819.16973233,0.37474006
819.40762955,0.39073064
819.64553508,0.38564502
819.88344891,0.38542504
820.12137104,0.39394401
820.35930146,0.41149480
820.59724018,0.40146764
820.83518719,0.41501163
821.07314248,0.40644225
821.31110605,0.40732219
821.54907790,0.41679241
821.78705802,0.42720669
822.02504642,0.43388544
822.26304308,0.43344277
822.50104800,0.43058774
822.73906118,0.43173948
822.97708262,0.44022855
823.21511231,0.44223376
823.45315024,0.44437591
823.69119643,0.43769427
823.92925085,0.41904805
824.16731351,0.41344796
824.40538440,0.40641216
824.64346352,0.42379979
824.88155087,0.40135330
825.11964643,0.39273353
825.35775022,0.38627902
825.59586222,0.39512169
825.83398244,0.39611025
826.07211086,0.36869495
826.31024748,0.35867049
826.54839231,0.34765446
826.78654533,0.33779144
827.02470654,0.33799160
827.26287594,0.35048390
827.50105353,0.35397153
827.73923930,0.33855697
827.97743325,0.34076254
828.21563537,0.34207927
828.45384566,0.33323292
828.69206412,0.33493561
828.93029074,0.33966319
829.16852552,0.32889471
829.40676846,0.31493955
829.64501954,0.30873399
829.88327878,0.30403221
830.12154616,0.30411515
830.35982168,0.28994585
830.59810534,0.25761226
830.83639714,0.25313490
831.07469706,0.24576852
831.31300511,0.23997311
831.55132128,0.24118829
831.78964557,0.23428818
832.02797798,0.21959633
832.26631849,0.21033556
832.50466712,0.20763952
832.74302384,0.20363328
832.98138867,0.20929130
833.21976160,0.19800009
833.45814262,0.19058541
833.69653172,0.19012328
833.93492892,0.18704324
834.17333419,0.17926651
834.41174755,0.17122151
834.65016897,0.17525429
834.88859847,0.17204006
835.12703604,0.18138299
835.36548167,0.18811618
835.60393535,0.18737465
835.84239710,0.18814082
836.08086690,0.18684844
836.31934474,0.18391188
836.55783063,0.19363466
836.79632456,0.19989639
837.03482653,0.19750266
837.27333654,0.19934924
837.51185457,0.20028445
837.75038063,0.20017395
837.98891471,0.20660551
838.22745681,0.20303031
838.46600693,0.21616159
838.70456506,0.21704248
838.94313120,0.21808935
839.18170534,0.22643139
839.42028748,0.22775705
839.65887762,0.23129324
839.89747575,0.23495034
840.13608187,0.23107857
840.37469598,0.24101668
840.61331807,0.23192744
840.85194814,0.23099317
841.09058618,0.21956292
841.32923220,0.22176369
841.56788618,0.21450758
841.80654812,0.20973234
842.04521803,0.21918426
842.28389589,0.20978907
842.52258171,0.20946308
842.76127547,0.21399011
842.99997718,0.21698014
843.23868683,0.23914871
843.47740442,0.23440058
843.71612994,0.23610233
843.95486339,0.24297432
844.19360477,0.24870897
844.43235408,0.24816087
844.67111130,0.26840521
844.90987644,0.29384532
845.14864949,0.31026881
845.38743045,0.32246598
845.62621931,0.33875312
845.86501608,0.35718602
846.10382074,0.38570122
846.34263329,0.39875010
846.58145374,0.40163186
846.82028207,0.40262763
847.05911828,0.40781565
847.29796238,0.41267693
847.53681435,0.40861176
847.77567419,0.41748527
848.01454189,0.42014743
848.25341746,0.41896548
848.49230090,0.42364014
848.73119218,0.43124162
848.97009133,0.46044315
849.20899832,0.45085894
849.44791315,0.45956808
849.68683583,0.46355094
849.92576635,0.45305560
850.16470470,0.43456786
850.40365088,0.42830460
850.64260489,0.43119273
850.88156673,0.43432244
851.12053638,0.43778796
851.35951385,0.44879880
851.59849913,0.45970758
851.83749222,0.44868952
852.07649311,0.45635574
852.31550181,0.46239442
852.55451830,0.44679637
852.79354259,0.42292450
853.03257467,0.41064654
853.27161453,0.40899360
853.51066218,0.36384281
853.74971761,0.35182863
853.98878081,0.34108919
854.22785178,0.34045498
854.46693053,0.33392287
854.70601703,0.31578660
854.94511130,0.30158914
855.18421332,0.29972559
855.42332310,0.28252579
855.66244063,0.26613312
855.90156590,0.25527748
856.14069892,0.24335865
856.37983967,0.23712030
856.61898816,0.22340950
856.85814438,0.21684593
857.09730833,0.19998645
857.33648000,0.18693514
857.57565939,0.18481906
857.81484650,0.17951698
858.05404132,0.18764754
858.29324385,0.18681948
858.53245409,0.18011680
858.77167203,0.17847518
859.01089766,0.17679353
859.25013099,0.17391176
859.48937201,0.17655412
859.72862072,0.18088841
859.96787711,0.18495617
860.20714118,0.18780941
860.44641292,0.19827667
860.68569234,0.20165902
860.92497943,0.19347079
861.16427418,0.18814294
861.40357659,0.19292006
861.64288666,0.19703749
861.88220438,0.19835872
862.12152976,0.19089071
862.36086277,0.19544612
862.60020344,0.19055996
862.83955174,0.19121647
863.07890767,0.18616268
863.31827124,0.18330744
863.55764244,0.18256787
863.79702126,0.17806656
864.03640770,0.17712435
864.27580175,0.16385906
864.51520342,0.15603566
864.75461270,0.15297996
864.99402959,0.14811685
865.23345408,0.14913071
865.47288616,0.14352744
865.71232584,0.13775791
865.95177311,0.13639105
866.19122797,0.13704736
866.43069041,0.13809607
866.67016043,0.13853498
866.90963803,0.13963267
867.14912320,0.14759469
867.38861594,0.15116390
867.62811625,0.14729452
867.86762411,0.15166391
868.10713954,0.15391382
868.34666251,0.15561664
868.58619304,0.15572639
868.82573112,0.15707535
869.06527673,0.16544712
869.30482989,0.18083187
869.54439058,0.18709583
869.78395881,0.19703826
870.02353456,0.19734170
870.26311784,0.20358423
870.50270863,0.21116133
870.74230695,0.21176580
870.98191278,0.21245189
871.22152611,0.20849596
871.46114696,0.21160021
871.70077530,0.21341070
871.94041115,0.21813933
872.18005449,0.21371718
872.41970532,0.20973273
872.65936364,0.19893313
872.89902944,0.19632664
873.13870273,0.19055827
873.37838349,0.18544758
873.61807172,0.18588595
873.85776742,0.18094126
874.09747059,0.17146580
874.33718122,0.17462662
874.57689930,0.17242887
874.81662484,0.17141096
875.05635784,0.16556084
875.29609827,0.16435491
875.53584616,0.15857946
875.77560148,0.15842147
876.01536424,0.15169440
876.25513443,0.15484549
876.49491204,0.15545093
876.73469709,0.16133150
876.97448955,0.16432366
877.21428943,0.16937649
877.45409673,0.17657840
877.69391143,0.19033734
877.93373355,0.18896940
878.17356306,0.19303123
878.41339998,0.19789173
878.65324428,0.20822265
878.89309599,0.21853330
879.13295507,0.24148515
879.37282155,0.25599635
879.61269540,0.26532858
879.85257663,0.27409392
880.09246523,0.27835047
880.33236121,0.29109700
880.57226455,0.29645919
880.81217525,0.29637378
881.05209331,0.29606986
881.29201872,0.29436264
881.53195149,0.29499846
881.77189160,0.29538607
882.01183905,0.28673027
882.25179385,0.29051865
882.49175598,0.29323478
882.73172545,0.29788274
882.97170224,0.30131152
883.21168636,0.31436269
883.45167780,0.31843117
883.69167656,0.32628241
883.93168263,0.33342845
884.17169601,0.34721811
884.41171670,0.36633770
884.65174469,0.36886250
884.89177999,0.38206944
885.13182257,0.39553946
885.37187245,0.40954215
885.61192962,0.41926298
885.85199407,0.43289279
886.09206581,0.45923815
886.33214482,0.46140630
886.57223110,0.45003710
886.81232465,0.44514249
887.05242547,0.45003224
887.29253356,0.45486876
887.53264890,0.46454655
887.77277149,0.45824848
888.01290134,0.44289159
888.25303843,0.44044721
888.49318277,0.42630063
888.73333435,0.42632791
888.97349317,0.42204508
889.21365922,0.41179252
889.45383250,0.41473475
889.69401300,0.41119100
889.93420072,0.40855950
890.17439567,0.40603261
890.41459783,0.42404243
890.65480719,0.41168648
890.89502377,0.40984371
891.13524755,0.41663037
891.37547853,0.41970903
891.61571670,0.41954556
891.85596207,0.42067092
892.09621463,0.42767281
892.33647437,0.43828410
892.57674129,0.45481003
892.81701539,0.45423679
893.05729666,0.44893517
893.29758510,0.44275628
893.53788071,0.44256067
893.77818349,0.45940199
894.01849342,0.44907423
894.25881051,0.46629777
894.49913474,0.47299648
894.73946613,0.47151526
894.97980466,0.46245062
895.22015033,0.48627152
895.46050314,0.49489202
895.70086308,0.49535587
895.94123016,0.49019467
896.18160435,0.49156683
896.42198567,0.48799818
896.66237411,0.49096421
896.90276966,0.48826946
897.14317233,0.48571654
897.38358210,0.48436663
897.62399897,0.47354596
897.86442295,0.46349612
898.10485402,0.45522811
898.34529218,0.46813417
898.58573744,0.46291416
898.82618978,0.44942675
899.06664920,0.43536584
899.30711569,0.43607912
899.54758927,0.42484552
899.78806991,0.41509538
900.02855762,0.40828317
900.26905239,0.40438610
900.50955422,0.39204632
900.75006311,0.38866892
900.99057905,0.37801017
901.23110204,0.37894026
901.47163207,0.37029323
901.71216914,0.37048227
901.95271325,0.37180111
902.19326440,0.34648093
902.43382257,0.34969350
902.67438777,0.35806530
902.91495999,0.34850791
903.15553924,0.34825670
903.39612549,0.36059077
903.63671876,0.35576217
903.87731904,0.35866883
904.11792632,0.36624880
904.35854060,0.35917288
904.59916188,0.35612054
904.83979015,0.36509543
905.08042541,0.35620048
905.32106765,0.32961315
905.56171688,0.33466262
905.80237308,0.33180308
906.04303626,0.33163933
906.28370641,0.33238745
906.52438353,0.32993620
906.76506761,0.32741039
907.00575865,0.32130923
907.24645665,0.32213515
907.48716160,0.30585270
907.72787350,0.30329746
907.96859234,0.29356639
908.20931812,0.28708519
908.45005085,0.27725379
908.69079050,0.27538369
908.93153709,0.27883850
909.17229060,0.27502832
909.41305104,0.27115424
909.65381839,0.26371101
909.89459266,0.25742281
910.13537384,0.25840764
910.37616193,0.26763526
910.61695693,0.26458901
910.85775882,0.27412082
911.09856761,0.27956094
911.33938330,0.28332011
911.58020588,0.28310580
911.82103534,0.28257843
912.06187168,0.28876180
912.30271490,0.29834325
912.54356500,0.30551603
912.78442197,0.32249553
913.02528580,0.33493456
913.26615650,0.34339803
913.50703406,0.35241015
913.74791848,0.36213180
913.98880974,0.39204450
914.22970786,0.38394550
914.47061282,0.38657927
914.71152463,0.39031209
914.95244327,0.39026208
915.19336875,0.38812220
915.43430105,0.38709998
915.67524019,0.39371841
915.91618615,0.40463175
916.15713892,0.41102799
916.39809852,0.41097251
916.63906492,0.39652479
916.88003813,0.38962623
917.12101815,0.37279081
917.36200497,0.36839454
917.60299859,0.36367026
917.84399900,0.35930568
918.08500620,0.35669665
918.32602018,0.32312938
918.56704095,0.29175490
918.80806850,0.26420440
919.04910282,0.25340658
919.29014392,0.24198167
919.53119178,0.24293841
919.77224640,0.23791482
920.01330779,0.22939865
920.25437593,0.23154479
920.49545083,0.21214645
920.73653248,0.20031948
920.97762087,0.19204012
921.21871600,0.19456464
921.45981787,0.19080985
921.70092648,0.17539961
921.94204182,0.18138186
922.18316388,0.17259229
922.42429267,0.16852859
922.66542818,0.16750883
922.90657040,0.15360908
923.14771934,0.14957148
923.38887498,0.14650086
923.63003734,0.13635779
923.87120639,0.13688404
924.11238214,0.13729287
924.35356458,0.14424302
924.59475371,0.13935714
924.83594953,0.13795252
925.07715204,0.13631073
925.31836122,0.13600364
925.55957708,0.14512485
925.80079961,0.15424340
926.04202881,0.16270709
926.28326467,0.17520367
926.52450719,0.18946226
926.76575637,0.19610813
927.00701221,0.20146106
927.24827469,0.21308213
927.48954382,0.20984074
927.73081959,0.22731244
927.97210200,0.23484254
928.21339105,0.26346207
928.45468673,0.28093013
928.69598903,0.28603837
928.93729796,0.28636861
929.17861351,0.29323905
929.41993567,0.29197695
929.66126445,0.28557492
929.90259984,0.28304394
930.14394183,0.28585418
930.38529042,0.28656184
930.62664561,0.27637723
930.86800740,0.26760935
931.10937578,0.26503193
931.35075074,0.26574473
931.59213229,0.26483599
931.83352042,0.25486196
932.07491512,0.25354348
932.31631639,0.24538799
932.55772424,0.22873993
932.79913864,0.23170668
933.04055961,0.22670640
933.28198714,0.22980856
933.52342122,0.22346727
933.76486185,0.22478348
934.00630903,0.23002950
934.24776275,0.21830398
934.48922301,0.20253718
934.73068980,0.19717883
934.97216313,0.19053383
935.21364298,0.17973132
935.45512936,0.18347059
935.69662225,0.17099822
935.93812167,0.16405255
936.17962760,0.14822769
936.42114004,0.14531549
936.66265898,0.13738301
936.90418442,0.12592539
937.14571637,0.12235063
937.38725481,0.11359150
937.62879973,0.11075850
937.87035115,0.10622663
938.11190905,0.10087133
938.35347343,0.10076174
938.59504429,0.10353990
938.83662162,0.11023553
939.07820541,0.10732389
939.31979568,0.10254393
939.56139240,0.09823371
939.80299558,0.09024180
940.04460522,0.08598340
940.28622131,0.08532435
940.52784384,0.08172600
940.76947282,0.08373537
941.01110823,0.08406169
941.25275008,0.08329657
941.49439837,0.07567951
941.73605308,0.07815461
941.97771421,0.07101349
942.21938177,0.07293541
942.46105574,0.06678486
942.70273613,0.06979910
942.94442293,0.06452962
943.18611613,0.05941599
943.42781574,0.05939160
943.66952174,0.05491457
943.91123414,0.05639680
944.15295293,0.04804352
944.39467811,0.04887397
944.63640967,0.05090719
944.87814762,0.04626003
945.11989194,0.04543452
945.36164263,0.04395901
945.60339969,0.04041174
945.84516312,0.04252570
946.08693290,0.04233627
946.32870905,0.04640224
946.57049155,0.04546331
946.81228040,0.04747299
947.05407560,0.04486166
947.29587714,0.05158975
947.53768503,0.05249524
947.77949924,0.05485645
948.02131979,0.05794269
948.26314667,0.06263074
948.50497988,0.06889707
948.74681940,0.07306987
948.98866524,0.08125518
949.23051740,0.08268869
949.47237587,0.08908697
949.71424064,0.09068028
949.95611171,0.09216067
950.19798909,0.09798515
950.43987276,0.09908631
950.68176272,0.11252100
950.92365897,0.11427404
951.16556150,0.12685962
951.40747032,0.13861024
951.64938541,0.13644063
951.89130677,0.15003769
952.13323441,0.15276039
952.37516831,0.15028715
952.61710847,0.15643774
952.85905489,0.15767383
953.10100756,0.16264805
953.34296649,0.16451560
953.58493166,0.16940561
953.82690308,0.17742370
954.06888074,0.18165708
954.31086463,0.18558946
954.55285476,0.19896430
954.79485111,0.20135425
955.03685369,0.20319931
955.27886249,0.20383154
955.52087751,0.21396132
955.76289875,0.21118466
956.00492619,0.21778048
956.24695984,0.22522107
956.48899970,0.22811281
956.73104575,0.23464439
956.97309800,0.24588857
957.21515644,0.25533154
957.45722107,0.26739178
957.69929189,0.27535447
957.94136888,0.27755661
958.18345205,0.27793853
958.42554140,0.28266441
958.66763692,0.29403245
958.90973860,0.30637632
959.15184644,0.31290515
959.39396044,0.32332248
959.63608060,0.33284653
959.87820691,0.33639428
960.12033937,0.34208036
960.36247797,0.35076438
960.60462271,0.36677444
960.84677359,0.38454418
961.08893060,0.40569770
961.33109374,0.41413167
961.57326301,0.41684987
961.81543840,0.39721124
962.05761991,0.37957698
962.29980753,0.36444791
962.54200126,0.36414032
962.78420110,0.35386366
963.02640704,0.35969075
963.26861908,0.35677497
963.51083722,0.36479916
963.75306145,0.37279144
963.99529177,0.36444043
964.23752817,0.36954753
964.47977066,0.36712796
964.72201922,0.34631056
964.96427386,0.34688519
965.20653456,0.34873083
965.44880134,0.34213309
965.69107417,0.33427977
965.93335307,0.32320577
966.17563802,0.32169848
966.41792902,0.31502697
966.66022607,0.30438789
966.90252917,0.29126254
967.14483830,0.29024503
967.38715347,0.28659114
967.62947468,0.28054719
967.87180192,0.26659475
968.11413518,0.25209705
968.35647446,0.25705876
968.59881976,0.25030452
968.84117108,0.24013956
969.08352841,0.22423524
969.32589174,0.21330257
969.56826108,0.21187749
969.81063642,0.20528581
970.05301776,0.20338671
970.29540509,0.21127489
970.53779840,0.21151882
970.78019771,0.20445496
971.02260299,0.20270403
971.26501425,0.19737387
971.50743149,0.19124352
971.74985470,0.18559055
971.99228387,0.17802970
972.23471901,0.16863549
972.47716011,0.16342124
972.71960716,0.16207186
972.96206016,0.15561910
973.20451911,0.15710281
973.44698401,0.15430203
973.68945485,0.14738055
973.93193163,0.14169499
974.17441434,0.13600175
974.41690298,0.12770783
974.65939754,0.12625515
974.90189803,0.11974248
975.14440444,0.11463174
975.38691676,0.10880740
975.62943499,0.11119823
975.87195913,0.10114432
976.11448918,0.10507409
976.35702513,0.10070705
976.59956697,0.10238059
976.84211470,0.09628499
977.08466833,0.09658572
977.32722784,0.09268298
977.56979323,0.09320316
977.81236450,0.08963483
978.05494165,0.08491317
978.29752467,0.08571201
978.54011355,0.08589903
978.78270830,0.08903592
979.02530890,0.08842544
979.26791537,0.09018511
979.51052768,0.08787957
979.75314585,0.08683218
979.99576986,0.08900045
980.23839971,0.08568248
980.48103540,0.08441438
980.72367692,0.08139476
980.96632427,0.08106903
981.20897745,0.07854199
981.45163645,0.07828931
981.69430127,0.08032499
981.93697191,0.07661148
982.17964836,0.07601100
982.42233061,0.07876597
982.66501868,0.07958468
982.90771254,0.07920484
983.15041220,0.07743969
983.39311765,0.07982596
983.63582889,0.07754656
983.87854592,0.07837780
984.12126873,0.06930998
984.36399732,0.07442006
984.60673168,0.07428677
984.84947182,0.07077040
985.09221772,0.06848510
985.33496939,0.06788218
985.57772681,0.06714129
985.82049000,0.06601223
986.06325893,0.06837210
986.30603362,0.06507721
986.54881405,0.06348633
986.79160022,0.06677902
987.03439213,0.06639780
987.27718977,0.06397531
987.51999315,0.05851452
987.76280225,0.05813217
988.00561707,0.05779792
988.24843762,0.05763153
988.49126388,0.05349301
988.73409585,0.05876061
988.97693353,0.05856289
989.21977692,0.05447084
989.46262601,0.05744204
989.70548079,0.05936541
989.94834127,0.06287490
990.19120744,0.06254658
990.43407929,0.05848364
990.67695683,0.06131367
990.91984004,0.06452725
991.16272893,0.06518356
991.40562350,0.06716557
991.64852373,0.06862060
991.89142962,0.07013246
992.13434118,0.07348469
992.37725839,0.07686384
992.62018126,0.07364467
992.86310977,0.07254478
993.10604393,0.07669521
993.34898373,0.07125729
993.59192917,0.07603568
993.83488025,0.07694705
994.07783696,0.07658890
994.32079929,0.07436283
994.56376725,0.07810563
994.80674082,0.07947171
995.04972002,0.07859375
995.29270482,0.07634511
995.53569524,0.07870001
995.77869126,0.08065468
996.02169288,0.07707723
996.26470010,0.07315100
996.50771291,0.07625426
996.75073131,0.07595663
996.99375530,0.07416966
997.23678488,0.07403979
997.47982003,0.06832103
997.72286076,0.06779709
997.96590706,0.06859211
998.20895892,0.07315045
998.45201636,0.07282288
998.69507935,0.07626243
998.93814790,0.07271246
999.18122200,0.07369953
999.42430166,0.07051915
999.66738686,0.06826208
999.91047760,0.07134163
1000.15357388,0.07076420
1000.39667569,0.07106418
1000.63978304,0.06820797
1000.88289592,0.07194576
1001.12601431,0.07076281
1001.36913823,0.07153028
1001.61226767,0.06189024
1001.85540262,0.06942210
1002.09854307,0.06411594
1002.34168904,0.06419905
1002.58484050,0.06408905
1002.82799746,0.05942221
1003.07115992,0.05695250
1003.31432787,0.06112342
1003.55750130,0.06148036
1003.80068022,0.06123049
1004.04386462,0.05832386
1004.28705449,0.05557661
1004.53024984,0.05364877
1004.77345065,0.05387506
1005.01665693,0.05340070
1005.25986867,0.05562946
1005.50308587,0.04887116
1005.74630852,0.05089991
1005.98953662,0.05068597
1006.23277017,0.05250061
1006.47600916,0.05233307
1006.71925359,0.05318253
1006.96250346,0.05348341
1007.20575875,0.05557370
1007.44901948,0.05183877
1007.69228563,0.05211180
1007.93555720,0.05106647
1008.17883418,0.05548956
1008.42211658,0.05236327
1008.66540439,0.05156416
1008.90869761,0.05310889
1009.15199622,0.05771093
1009.39530024,0.05469422
1009.63860965,0.05834949
1009.88192445,0.05991352
1010.12524464,0.06200230
1010.36857021,0.06881445
1010.61190116,0.06656282
1010.85523749,0.07071061
1011.09857919,0.07030152
1011.34192626,0.07450304
1011.58527870,0.07730353
1011.82863649,0.07754911
1012.07199965,0.07991609
1012.31536816,0.08131287
1012.55874202,0.08548988
1012.80212122,0.08716485
1013.04550577,0.09279642
1013.28889566,0.09084538
1013.53229088,0.09516012
1013.77569144,0.09878218
1014.01909732,0.10627933
1014.26250853,0.11045886
1014.50592506,0.11292798
1014.74934691,0.11262649
1014.99277407,0.11716036
1015.23620654,0.11460698
1015.47964432,0.11529175
1015.72308739,0.11839687
1015.96653577,0.11699821
1016.20998944,0.11320101
1016.45344841,0.11292867
1016.69691266,0.11468654
1016.94038220,0.11097899
1017.18385701,0.11161177
1017.42733710,0.10979653
1017.67082247,0.11531534
1017.91431310,0.06574243
1018.15780900,0.00369652
1018.40131017,0.00070267
1018.64481659,0.00273532
1018.88832826,-0.00034112
1019.13184519,0.00001535
1019.37536736,0.00062002
