195.95165235,-0.00002008
196.15151677,0.00139914
196.35139989,0.00033359
196.55130171,0.00356440
196.75122222,0.00069094
196.95116143,0.00375856
197.15111932,-0.00152927
197.35109589,0.00140237
197.55109115,0.00221974
197.75110507,-0.00303662
197.95113767,-0.00095595
198.15118894,-0.01158565
198.35125887,0.00011420
198.55134747,-0.00303669
198.75145472,0.00066018
198.95158062,-0.00196644
199.15172517,-0.00180396
199.35188837,0.00060673
199.55207021,0.00046753
199.75227069,0.00145588
199.95248980,-0.00100822
200.15272755,0.00156646
200.35298392,0.00019557
200.55325891,-0.00024541
200.75355253,0.00027615
200.95386476,0.00030522
201.15419561,0.00227830
201.35454506,-0.00018804
201.55491312,0.00025105
201.75529978,0.00057868
201.95570504,0.00090901
202.15612889,-0.00005345
202.35657133,-0.00262345
202.55703236,-0.00106439
202.75751198,0.00013986
202.95801017,0.00181136
203.15852694,0.00109889
203.35906228,0.00033059
203.55961619,-0.00177797
203.76018866,-0.00248878
203.96077969,-0.00249059
204.16138928,-0.00128274
204.36201743,0.00090860
204.56266412,-0.00164090
204.76332936,-0.00256905
204.96401315,-0.00229635
205.16471547,-0.00034953
205.36543633,-0.00117194
205.56617572,-0.00391226
205.76693363,0.00151271
205.96771007,0.00181281
206.16850503,-0.00015723
206.36931851,-0.00325536
206.57015050,-0.00057098
206.77100100,-0.00128141
206.97187001,0.00112779
207.17275752,0.00140221
207.37366352,0.00304244
207.57458802,-0.00106502
207.77553101,-0.00309189
207.97649249,0.00080065
208.17747245,0.00041572
208.37847089,-0.00270882
208.57948781,0.00088154
208.78052320,-0.00100992
208.98157706,0.00022413
209.18264938,0.00271539
209.38374017,0.00192451
209.58484941,0.00260971
209.78597710,0.00052412
209.98712325,-0.00194218
210.18828784,0.00090810
210.38947088,-0.00314904
210.59067235,-0.00163965
210.79189226,-0.00205243
210.99313061,-0.00139636
211.19438738,0.00167352
211.39566257,-0.00161036
211.59695619,-0.00084589
211.79826822,-0.00259683
211.99959866,-0.00434873
212.20094752,0.00013954
212.40231478,-0.00188622
212.60370044,-0.00194010
212.80510450,0.00096350
213.00652696,-0.00011070
213.20796781,-0.00380431
213.40942704,-0.00476394
213.61090466,0.00162336
213.81240066,0.00049972
214.01391504,0.00266167
214.21544779,0.00101809
214.41699890,-0.00117625
214.61856839,0.00315288
214.82015623,-0.00112200
215.02176243,0.00126639
215.22338699,-0.00369335
215.42502990,-0.00218678
215.62669115,-0.00246261
215.82837075,0.00208822
216.03006868,0.00356774
216.23178496,0.00101810
216.43351956,0.00167516
216.63527249,0.00033215
216.83704375,-0.00067718
217.03883333,0.00200688
217.24064123,-0.00150426
217.44246744,0.00216636
217.64431195,-0.00095437
217.84617478,0.00014102
218.04805591,-0.00139294
218.24995534,0.00049712
218.45187306,-0.00292638
218.65380907,-0.00308887
218.85576337,0.00080084
219.05773596,-0.00539488
219.25972683,-0.00438090
219.46173597,-0.00122900
219.66376339,-0.00029659
219.86580907,0.00047200
220.06787302,-0.00150109
220.26995524,0.00266279
220.47205571,-0.00237960
220.67417443,0.00195075
220.87631141,-0.00068327
221.07846663,0.00118392
221.28064010,-0.00045892
221.48283181,0.00469075
221.68504175,-0.00391396
221.88726993,0.00186638
222.08951633,0.00038741
222.29178096,0.00318219
222.49406382,0.00342776
222.69636488,0.00099157
222.89868417,-0.00079142
223.10102166,-0.00130931
223.30337736,-0.00120312
223.50575126,0.00061026
223.70814337,0.00192196
223.91055366,0.00238734
224.11298215,0.00414232
224.31542883,-0.00144937
224.51789369,-0.00446135
224.72037673,0.00153957
224.92287795,-0.00095320
225.12539735,0.00030446
225.32793491,0.00244387
225.53049064,0.00046647
225.73306453,-0.00128379
225.93565658,-0.00054215
226.13826679,-0.00317466
226.34089514,0.00244515
226.54354164,0.00038919
226.74620629,0.00030825
226.94888908,-0.00240897
227.15159000,0.00052805
227.35430906,0.00101914
227.55704625,0.00312761
227.75980156,-0.00095151
227.96257499,0.00175868
228.16536654,-0.00248642
228.36817621,0.00195116
228.57100398,-0.00084389
228.77384987,-0.00073278
228.97671385,0.00118346
229.17959594,-0.00298389
229.38249612,0.00036091
229.58541439,0.00304540
229.78835076,0.00307377
229.99130520,-0.00194217
230.19427773,-0.00172299
230.39726834,-0.00046103
230.60027702,-0.00133795
230.80330377,-0.00046410
231.00634858,0.00008374
231.20941146,0.00142882
231.41249240,-0.00144812
231.61559139,0.00047263
231.81870844,-0.00078958
232.02184353,0.00090941
232.22499666,-0.00153049
232.42816784,0.00315587
232.63135705,0.00244187
232.83456430,-0.00139111
233.03778958,0.00211365
233.24103288,0.00173158
233.44429420,-0.00374954
233.64757355,0.00063443
233.85087090,-0.00243562
234.05418627,-0.00029719
234.25751965,0.00310161
234.46087103,-0.00215989
234.66424040,0.00102059
234.86762778,0.00060749
235.07103315,-0.00067968
235.27445650,-0.00062711
235.47789784,0.00115446
235.68135717,-0.00018737
235.88483447,0.00219867
236.08832974,0.00161947
236.29184299,-0.00100575
236.49537420,-0.00068230
236.69892338,0.00496536
236.90249051,-0.00270637
237.10607560,-0.00037859
237.30967864,0.00093250
237.51329963,-0.00177775
237.71693857,0.00238755
237.92059544,-0.00029500
238.12427025,0.00079840
238.32796300,-0.00131242
238.53167367,0.00321082
238.73540228,0.00156709
238.93914880,0.00176107
239.14291324,-0.00060094
239.34669560,0.00165039
239.55049587,-0.00078790
239.75431405,0.00030815
239.95815013,0.00145336
240.16200411,-0.00188795
240.36587599,0.00005723
240.56976576,0.00150982
240.77367342,0.00107345
240.97759896,-0.00079298
241.18154239,0.00030347
241.38550369,0.00057948
241.58948287,0.00123791
241.79347992,0.00214048
241.99749484,-0.00067986
242.20152762,0.00189571
242.40557826,0.00096304
242.60964676,-0.00122873
242.81373311,0.00331952
243.01783730,-0.00218856
243.22195934,0.00145677
243.42609923,0.00266381
243.63025695,0.00041575
243.83443250,0.00035999
244.03862589,-0.00024513
244.24283710,0.00019756
244.44706613,0.00107243
244.65131298,-0.00002381
244.85557765,-0.00007767
245.05986013,-0.00018651
245.26416042,0.00030655
245.46847851,-0.00035222
245.67281440,0.00197776
245.87716809,0.00112921
246.08153957,0.00161796
246.28592885,0.00035868
246.49033590,0.00074354
246.69476074,-0.00182977
246.89920336,0.00008514
247.10366375,-0.00089892
247.30814192,-0.00221578
247.51263785,-0.00005028
247.71715155,-0.00029759
247.92168300,-0.00451602
248.12623221,-0.00018590
248.33079918,0.00151194
248.53538389,0.00205843
248.73998635,0.00008732
248.94460655,-0.00035218
249.14924448,-0.00098258
249.35390016,-0.00078834
249.55857356,-0.00216466
249.76326469,-0.00150108
249.96797354,-0.00174777
250.17270011,0.00219667
250.37744440,0.00129331
250.58220640,0.00069052
250.78698610,0.00263317
250.99178352,0.00019686
251.19659863,-0.00051716
251.40143144,0.00014156
251.60628194,0.00123450
251.81115014,-0.00213078
252.01603602,0.00233242
252.22093958,0.00109934
252.42586082,-0.00141987
252.63079974,0.00033586
252.83575632,-0.00057508
253.04073058,0.00129173
253.24572250,0.00102011
253.45073208,-0.00067706
253.65575931,0.00022558
253.86080420,0.00288214
254.06586674,0.00101798
254.27094692,0.00022391
254.47604475,0.00076919
254.68116021,0.00074456
254.88629331,0.00296475
255.09144404,-0.00204785
255.29661240,-0.00040758
255.50179838,-0.00059506
255.70700198,0.00173217
255.91222319,0.00392136
256.11746202,0.00200527
256.32271846,-0.00100756
256.52799250,-0.00021136
256.73328414,0.00151247
256.93859338,-0.00133809
257.14392021,0.00241336
257.34926464,-0.00202143
257.55462665,-0.00095209
257.76000624,0.00315442
257.96540341,-0.00166593
258.17081816,0.00038937
258.37625048,-0.00133570
258.58170037,-0.00038004
258.78716782,-0.00314690
258.99265284,-0.00215739
259.19815541,-0.00207570
259.40367553,-0.00040380
259.60921320,-0.00073474
259.81476842,0.00123633
260.02034118,0.00140299
260.22593148,-0.00125326
260.43153931,0.00381175
260.63716468,-0.00292765
260.84280757,0.00126217
261.04846799,0.00101817
261.25414593,-0.00046006
261.45984138,-0.00172184
261.66555434,-0.00106294
261.87128482,-0.00205043
262.07703280,0.00211642
262.28279828,0.00091000
262.48858126,-0.00144480
262.69438173,0.00060715
262.90019970,-0.00243340
263.10603515,-0.00065485
263.31188808,0.00266315
263.51775850,0.00161991
263.72364639,-0.00248918
263.92955175,-0.00270796
264.13547458,-0.00142109
264.34141487,0.00036035
264.54737263,-0.00150221
264.75334784,0.00014290
264.95934051,0.00096043
265.16535062,-0.00043427
265.37137818,-0.00059783
265.57742319,-0.00150452
265.78348563,0.00118378
265.98956551,-0.00084464
266.19566282,0.00085508
266.40177756,0.00011457
266.60790972,0.00112962
266.81405931,-0.00166932
267.02022631,-0.00380352
267.22641072,0.00038679
267.43261254,-0.00089925
267.63883177,0.00112486
267.84506840,0.00145841
268.05132243,0.00129349
268.25759385,0.00170451
268.46388266,-0.00205237
268.67018886,-0.00281679
268.87651245,-0.00106412
269.08285341,-0.00024248
269.28921175,-0.00057216
269.49558746,0.00066096
269.70198054,-0.00032292
269.90839099,0.00397910
270.11481880,-0.00067965
270.32126396,0.00038552
270.52772648,-0.00051663
270.73420635,-0.00155541
270.94070356,0.00296564
271.14721812,0.00000492
271.35375002,0.00178630
271.56029925,-0.00117214
271.76686582,0.00099144
271.97344971,-0.00071107
272.18005093,0.00107355
272.38666947,-0.00046936
272.59330532,0.00041473
272.79995849,0.00112643
273.00662897,-0.00185773
273.21331676,0.00107523
273.42002184,0.00047222
273.62674423,0.00090835
273.83348391,0.00055336
274.04024088,-0.00369624
274.24701514,0.00397753
274.45380668,-0.00229732
274.66061550,0.00044382
274.86744160,0.00112975
275.07428498,0.00120826
275.28114562,-0.00166668
275.48802352,-0.00067908
275.69491869,-0.00106508
275.90183112,-0.00163865
276.10876080,0.00063139
276.31570773,0.00027779
276.52267191,-0.00292588
276.72965333,0.00178664
276.93665199,-0.00029863
277.14366789,0.00011242
277.35070102,0.00271686
277.55775137,0.00183855
277.76481895,0.00071719
277.97190376,-0.00111646
278.17900578,0.00378585
278.38612501,0.00195018
278.59326146,-0.00268028
278.80041511,0.00046992
279.00758596,-0.00062589
279.21477401,0.00195020
279.42197926,-0.00100775
279.62920170,-0.00249059
279.83644133,0.00206185
280.04369814,-0.00177650
280.25097213,-0.00018762
280.45826330,0.00052412
280.66557164,0.00003273
280.87289715,0.00151289
281.08023982,-0.00237748
281.28759966,0.00151203
281.49497666,-0.00134008
281.70237081,-0.00078949
281.90978211,0.00375979
282.11721056,0.00112663
282.32465616,0.00049716
282.53211889,-0.00210491
282.73959876,0.00167852
282.94709576,0.00041834
283.15460989,-0.00103553
283.36214115,0.00219395
283.56968952,0.00016868
283.77725502,-0.00112080
283.98483763,0.00211528
284.19243735,-0.00199409
284.40005417,0.00206043
284.60768810,-0.00002101
284.81533913,0.00313028
285.02300725,0.00079979
285.23069247,-0.00133611
285.43839477,-0.00133903
285.64611416,0.00243289
285.85385063,0.00194863
286.06160417,0.00063598
286.26937479,-0.00109220
286.47716248,0.00444253
286.68496724,-0.00024118
286.89278906,-0.00177422
287.10062793,0.00036030
287.30848386,-0.00226915
287.51635685,-0.00196709
287.72424688,0.00068964
287.93215395,0.00132214
288.14007806,0.00214267
288.34801921,0.00290998
288.55597740,0.00093838
288.76395261,0.00230469
288.97194485,0.00280135
289.17995411,-0.00276159
289.38798039,-0.00227059
289.59602368,0.00403239
289.80408398,-0.00347527
290.01216129,-0.00013077
290.22025561,-0.00013169
290.42836692,-0.00004819
290.63649523,-0.00057204
290.84464053,0.00137417
291.05280282,-0.00037831
291.26098209,0.00137481
291.46917835,0.00282796
291.67739158,0.00110170
291.88562179,-0.00128413
292.09386897,0.00359563
292.30213311,-0.00243372
292.51041422,-0.00002333
292.71871228,-0.00002250
292.92702730,-0.00056961
293.13535928,0.00047228
293.34370820,-0.00213411
293.55207406,0.00101628
293.76045686,-0.00106716
293.96885661,0.00386769
294.17727328,0.00044305
294.38570689,0.00046970
294.59415742,0.00112863
294.80262487,0.00077288
295.01110924,-0.00111682
295.21961052,-0.00150439
295.42812872,-0.00150130
295.63666382,0.00131947
295.84521583,-0.00051574
296.05378474,-0.00221615
296.26237054,0.00285504
296.47097324,0.00206024
296.67959282,0.00019590
296.88822929,0.00266156
297.09688264,0.00019746
297.30555287,-0.00133615
297.51423998,-0.00032407
297.72294395,0.00046924
297.93166479,-0.00161143
298.14040250,0.00036021
298.34915706,0.00120924
298.55792848,-0.00308930
298.76671675,0.00079923
298.97552187,0.00269028
299.18434383,0.00189590
299.39318264,-0.00092687
299.60203828,-0.00029420
299.81091075,0.00044360
300.01980006,0.00106947
300.22870619,0.00134848
300.43762914,-0.00029719
300.64656892,0.00022325
300.85552550,0.00192283
301.06449890,0.00003284
301.27348911,0.00239178
301.48249612,0.00200377
301.69151993,-0.00079201
301.90056054,0.00063303
302.10961794,-0.00106248
302.31869213,0.00101864
302.52778310,-0.00065193
302.73689086,0.00044071
302.94601539,0.00002918
303.15515670,0.00189548
303.36431478,-0.00353101
303.57348963,0.00150958
303.78268124,-0.00035056
303.99188961,0.00260591
304.20111474,-0.00051716
304.41035662,0.00134934
304.61961524,-0.00051556
304.82889062,0.00164617
305.03818273,0.00225263
305.24749158,-0.00043400
305.45681716,0.00120838
305.66615948,-0.00095651
305.87551852,-0.00180515
306.08489429,0.00137576
306.29428677,0.00123794
306.50369597,0.00296344
306.71312188,-0.00221513
306.92256450,-0.00259758
307.13202382,-0.00038059
307.34149984,-0.00095288
307.55099256,0.00227737
307.76050198,-0.00007792
307.97002808,0.00093627
308.17957087,0.00129159
308.38913034,0.00126694
308.59870649,-0.00117567
308.80829931,0.00079922
309.01790881,-0.00005041
309.22753497,0.00008842
309.43717780,-0.00470816
309.64683728,0.00063616
309.85651343,0.00008643
310.06620622,-0.00221699
310.27591567,-0.00172017
310.48564176,0.00058011
310.69538449,0.00282762
310.90514386,-0.00084386
311.11491986,0.00085504
311.32471250,0.00055231
311.53452176,0.00200311
311.74434764,0.00222352
311.95419014,-0.00002316
312.16404926,-0.00106430
312.37392499,0.00178798
312.58381733,0.00008893
312.79372628,-0.00193948
313.00365182,-0.00133680
313.21359397,-0.00194063
313.42355270,-0.00079377
313.63352803,-0.00002481
313.84351994,0.00173208
314.05352843,-0.00040676
314.26355351,-0.00287218
314.47359516,0.00041466
314.68365338,-0.00215816
314.89372816,0.00047074
315.10381952,-0.00281806
315.31392743,0.00068850
315.52405190,-0.00128177
315.73419292,0.00244339
315.94435049,-0.00133997
316.15452461,0.00151196
316.36471526,0.00197693
316.57492246,-0.00292691
316.78514619,0.00057964
316.99538646,-0.00024489
317.20564324,0.00151501
317.41591656,0.00107287
317.62620639,-0.00150132
317.83651274,0.00088109
318.04683560,-0.00204933
318.25717497,-0.00352674
318.46753084,-0.00054213
318.67790322,-0.00429669
318.88829209,-0.00155521
319.09869746,0.00082681
319.30911932,0.00118034
319.51955766,-0.00007625
319.73001249,0.00269046
319.94048380,-0.00067945
320.15097158,0.00052560
320.36147583,0.00203411
320.57199655,-0.00152905
320.78253374,-0.00018412
320.99308739,-0.00369475
321.20365749,0.00058210
321.41424405,-0.00098552
321.62484706,-0.00166432
321.83546651,-0.00067999
322.04610240,0.00011312
322.25675474,0.00178686
322.46742351,0.00101750
322.67810870,-0.00166704
322.88881033,-0.00237758
323.09952838,0.00238766
323.31026285,-0.00101000
323.52101374,-0.00073580
323.73178104,-0.00391328
323.94256475,0.00025120
324.15336487,0.00142878
324.36418138,-0.00007750
324.57501430,-0.00073299
324.78586360,-0.00018549
324.99672930,-0.00221359
325.20761139,-0.00026827
325.41850986,-0.00232467
325.62942471,0.00331748
325.84035593,0.00200580
326.05130353,0.00162095
326.26226749,0.00025023
326.47324782,0.00074404
326.68424451,0.00145824
326.89525756,-0.00035097
327.10628696,-0.00172245
327.31733271,-0.00073382
327.52839481,0.00041208
327.73947325,-0.00152727
327.95056803,0.00241484
328.16167915,0.00126213
328.37280659,0.00014455
328.58395037,0.00118269
328.79511046,0.00189123
329.00628688,-0.00056990
329.21747962,0.00068826
329.42868867,0.00233213
329.63991403,0.00112813
329.85115569,0.00153872
330.06241365,0.00167502
330.27368792,0.00213993
330.48497848,0.00129188
330.69628533,0.00051991
330.90760846,0.00090780
331.11894788,-0.00183085
331.33030358,0.00277088
331.54167556,0.00008367
331.75306381,-0.00100845
331.96446832,-0.00142157
332.17588911,0.00079884
332.38732615,0.00118320
332.59877945,0.00375873
332.81024901,-0.00144805
333.02173481,0.00200549
333.23323686,0.00085598
333.44475516,0.00088131
333.65628969,-0.00205021
333.86784046,0.00183963
334.07940747,-0.00035079
334.29099070,-0.00314593
334.50259015,0.00315702
334.71420583,0.00310032
334.92583772,0.00120959
335.13748582,0.00003115
335.34915014,0.00167588
335.56083066,-0.00114492
335.77252739,0.00154149
335.98424031,0.00090907
336.19596943,0.00014374
336.40771473,-0.00144880
336.61947623,0.00058054
336.83125391,0.00227998
337.04304777,-0.00100731
337.25485781,-0.00188568
337.46668402,0.00003053
337.67852640,0.00063487
337.89038494,-0.00171976
338.10225965,0.00112470
338.31415051,0.00252317
338.52605753,0.00025317
338.73798070,-0.00040465
338.94992001,0.00183999
339.16187547,0.00216811
339.37384707,-0.00079027
339.58583481,-0.00035315
339.79783867,-0.00202379
340.00985867,-0.00330892
340.22189479,0.00113007
340.43394703,0.00189604
340.64601539,0.00244376
340.85809986,-0.00128365
341.07020044,0.00260824
341.28231713,-0.00292569
341.49444992,0.00427712
341.70659882,-0.00111535
341.91876380,0.00287982
342.13094488,-0.00062734
342.34314204,-0.00109056
342.55535529,-0.00248842
342.76758462,0.00222455
342.97983003,0.00019664
343.19209151,-0.00279037
343.40436906,0.00058091
343.61666268,0.00096334
343.82897235,-0.00067718
344.04129809,-0.00057054
344.25363988,0.00104744
344.46599772,-0.00024193
344.67837161,0.00282697
344.89076154,-0.00043604
345.10316751,0.00156620
345.31558952,-0.00248789
345.52802756,0.00123797
345.74048163,-0.00262661
345.95295173,-0.00226945
346.16543784,0.00019697
346.37793998,0.00375790
346.59045813,-0.00122822
346.80299228,0.00000467
347.01554245,-0.00100692
347.22810862,-0.00194369
347.44069079,-0.00150290
347.65328895,-0.00364355
347.86590310,0.00269084
348.07853325,-0.00383147
348.29117938,-0.00029816
348.50384148,0.00249713
348.71651957,-0.00248620
348.92921363,-0.00051495
349.14192366,0.00027704
349.35464966,-0.00035086
349.56739161,0.00224941
349.78014953,0.00192265
349.99292340,-0.00056936
350.20571322,-0.00026842
350.41851899,0.00052660
350.63134071,-0.00147481
350.84417836,0.00024920
351.05703196,0.00156822
351.26990148,-0.00155752
351.48278693,-0.00229800
351.69568831,-0.00139150
351.90860561,0.00236398
352.12153883,0.00148369
352.33448796,0.00150982
352.54745301,0.00200319
352.76043396,-0.00079975
352.97343081,-0.00007989
353.18644357,-0.00166522
353.39947222,0.00102078
353.61251676,0.00153838
353.82557719,0.00271731
354.03865351,0.00123739
354.25174570,0.00041515
354.46485378,0.00099299
354.67797773,0.00014133
354.89111754,0.00129238
355.10427323,-0.00019026
355.31744478,0.00096005
355.53063218,-0.00100874
355.74383545,-0.00084357
355.95705456,0.00129209
356.17028952,-0.00193850
356.38354033,0.00211020
356.59680697,-0.00019126
356.81008946,0.00123900
357.02338777,-0.00188700
357.23670192,0.00249817
357.45003189,0.00216966
357.66337769,-0.00177529
357.87673930,-0.00111905
358.09011673,0.00096368
358.30350996,0.00249950
358.51691901,0.00024845
358.73034386,-0.00185742
358.94378451,0.00129360
359.15724095,-0.00188576
359.37071319,-0.00262845
359.58420122,0.00402993
359.79770503,0.00028026
360.01122463,0.00088087
360.22476000,0.00082693
360.43831115,0.00266485
360.65187806,0.00107195
360.86546075,0.00249480
361.07905919,0.00137354
361.29267340,-0.00103555
361.50630336,-0.00123237
361.71994907,-0.00254336
361.93361053,0.00030758
362.14728774,0.00142943
362.36098069,0.00315668
362.57468937,0.00060851
362.78841379,0.00419686
363.00215394,0.00173058
363.21590981,-0.00032720
363.42968141,-0.00347419
363.64346873,0.00052460
363.85727176,-0.00150266
364.07109050,0.00424988
364.28492495,0.00247162
364.49877510,-0.00117442
364.71264096,0.00337340
364.92652251,-0.00062639
365.14041975,0.00090789
365.35433268,0.00263383
365.56826130,-0.00229850
365.78220560,-0.00074044
365.99616558,-0.00166651
366.21014124,0.00233322
366.42413256,-0.00007470
366.63813955,0.00200497
366.85216221,0.00178503
367.06620052,0.00112962
367.28025449,0.00422412
367.49432411,0.00129193
367.70840938,0.00052683
367.92251030,0.00025123
368.13662686,0.00233400
368.35075905,0.00134787
368.56490688,-0.00301103
368.77907034,0.00200134
368.99324943,-0.00139161
369.20744414,0.00019826
369.42165446,0.00041438
369.63588041,-0.00092676
369.85012196,-0.00013110
370.06437912,-0.00010434
370.27865189,0.00145701
370.49294026,-0.00029838
370.70724422,0.00302013
370.92156378,-0.00005078
371.13589893,-0.00133570
371.35024966,0.00151157
371.56461598,0.00044394
371.77899788,0.00282740
371.99339534,0.00304451
372.20780838,0.00151258
372.42223699,0.00200674
372.63668116,0.00085410
372.85114090,0.00110189
373.06561618,0.00238645
373.28010703,0.00485458
373.49461342,-0.00215926
373.70913535,-0.00194021
373.92367283,-0.00432439
374.13822584,-0.00046080
374.35279439,0.00414094
374.56737847,0.00060718
374.78197808,-0.00062350
374.99659321,0.00375980
375.21122386,0.00375882
375.42587002,0.00266229
375.64053170,-0.00210541
375.85520888,0.00183823
376.06990157,0.00025184
376.28460976,-0.00210560
376.49933345,0.00630635
376.71407263,0.00277219
376.92882731,0.00184005
377.14359746,-0.00265253
377.35838311,-0.00254298
377.57318422,0.00041352
377.78800082,-0.00018762
378.00283289,-0.00007953
378.21768042,0.00277363
378.43254342,-0.00018873
378.64742188,0.00006051
378.86231579,-0.00035242
379.07722516,0.00474496
379.29214998,0.00143093
379.50709024,0.00145438
379.72204595,0.00192085
379.93701709,0.00019575
380.15200367,0.00195024
380.36700568,0.00090877
380.58202311,0.00203311
380.79705597,0.00134605
381.01210425,0.00123872
381.22716795,0.00233167
381.44224706,0.00077230
381.65734157,-0.00205243
381.87245150,0.00318163
382.08757682,0.00370302
382.30271754,-0.00101254
382.51787365,0.00447146
382.73304516,0.00249889
382.94823205,0.00581413
383.16343433,0.00277166
383.37865198,0.00194706
383.59388501,0.00131883
383.80913341,0.00285374
384.02439718,0.00562439
384.23967631,0.00143026
384.45497081,0.00288061
384.67028066,0.00463338
384.88560586,0.00151039
385.10094642,0.00211501
385.31630232,0.00112993
385.53167356,0.00337494
385.74706014,0.00438621
385.96246206,0.00183848
386.17787931,0.00375735
386.39331188,0.00233408
386.60875978,0.00321104
386.82422300,0.00233134
387.03970154,0.00449755
387.25519539,0.00485368
387.47070454,0.00397660
387.68622901,0.00425022
387.90176877,0.00260718
388.11732383,0.00304673
388.33289419,0.00197487
388.54847984,0.00099085
388.76408077,0.00529156
388.97969699,0.00356677
389.19532849,0.00315521
389.41097526,0.00178365
389.62663730,0.00419805
389.84231462,0.00337471
390.05800720,0.00134576
390.27371504,0.00098999
390.48943813,0.00219736
390.70517648,0.00244478
390.92093008,0.00098997
391.13669893,0.00556728
391.35248302,0.00321036
391.56828235,0.00523667
391.78409691,0.00249795
391.99992671,0.00197687
392.21577173,0.00512763
392.43163198,0.00496078
392.64750745,0.00435870
392.86339813,0.00578445
393.07930403,0.00123825
393.29522514,0.00641328
393.51116145,0.00282560
393.72711297,0.00666125
393.94307968,0.00737486
394.15906159,0.00419908
394.37505869,0.00485036
394.59107097,0.00419607
394.80709844,0.00397853
395.02314109,0.00452722
395.23919892,0.00383851
395.45527192,0.00288073
395.67136009,0.00518377
395.88746342,0.00260827
396.10358191,0.00312864
396.31971556,0.00375804
396.53586437,0.00595057
396.75202832,0.00518172
396.96820743,0.00553814
397.18440167,0.00315362
397.40061106,0.00551131
397.61683558,0.00452437
397.83307523,0.00457947
398.04933001,0.00805827
398.26559992,0.00729310
398.48188494,0.00329048
398.69818509,0.00016725
398.91450034,0.00518202
399.13083071,0.00392345
399.34717618,0.00518099
399.56353676,0.00452459
399.77991243,0.00800469
399.99630320,0.00485631
400.21270906,0.00523506
400.42913001,0.00644356
400.64556604,0.00515432
400.86201715,0.00531956
401.07848334,0.00383931
401.29496460,0.00159220
401.51146093,0.00523743
401.72797232,0.00868982
401.94449878,0.00436182
402.16104030,0.00578540
402.37759687,0.00742773
402.59416849,0.00441697
402.81075515,0.00704252
403.02735686,0.00594771
403.24397361,0.00671646
403.46060540,0.00824908
403.67725222,0.00685128
403.89391407,0.00720615
404.11059094,0.00764693
404.32728283,0.00984137
404.54398974,0.00660598
404.76071167,0.00972919
404.97744860,0.00737595
405.19420054,0.00693708
405.41096749,0.00945432
405.62774943,0.00682572
405.84454637,0.00687798
406.06135830,0.00682396
406.27818521,0.00789327
406.49502712,0.00435869
406.71188400,0.00589505
406.92875586,0.00638773
407.14564269,0.00561699
407.36254449,0.00994940
407.57946126,0.00677095
407.79639299,0.00737050
408.01333968,0.00616851
408.23030132,0.00846766
408.44727792,0.00619465
408.66426946,0.00967480
408.88127594,0.00775446
409.09829737,0.00731725
409.31533373,0.00808537
409.53238502,0.00696029
409.74945125,0.00792074
409.96653239,0.00279885
410.18362846,0.00764714
410.40073945,0.00836233
410.61786535,0.00718246
410.83500616,0.00682667
411.05216188,0.01101499
411.26933250,0.00666290
411.48651803,0.00729277
411.70371844,0.00849722
411.92093375,0.00682719
412.13816395,0.00676994
412.35540903,0.00813921
412.57266899,0.00630520
412.78994383,0.00430508
413.00723355,0.00413840
413.22453813,0.00638762
413.44185758,0.00775790
413.65919189,0.00518360
413.87654106,0.01098760
414.09390509,0.00912641
414.31128396,0.00740111
414.52867769,0.01104369
414.74608626,0.00857770
414.96350966,0.00323521
415.18094791,0.00731918
415.39840099,0.00559292
415.61586890,0.00726226
415.83335163,0.00638768
416.05084918,0.00518030
416.26836156,0.00712481
416.48588875,0.00496039
416.70343074,0.00644034
416.92098755,0.01033245
417.13855916,0.00843841
417.35614557,0.00720951
417.57374677,0.00770018
417.79136277,0.00635966
418.00899355,0.01000361
418.22663913,0.00808609
418.44429948,0.00792320
418.66197461,0.00830356
418.87966451,0.00874305
419.09736918,0.00564781
419.31508862,0.00890681
419.53282283,0.00309805
419.75057179,0.00493685
419.96833550,0.01257988
420.18611397,0.00896256
420.40390719,0.00400175
420.62171515,0.00575621
420.83953785,0.00619476
421.05737529,0.00926353
421.27522746,0.00777928
421.49309437,0.00868782
421.71097599,0.00791952
421.92887234,0.00567503
422.14678341,0.00391831
422.36470920,0.00600197
422.58264969,0.01104508
422.80060489,0.01200370
423.01857480,0.00534544
423.23655940,0.00956376
423.45455870,0.00896203
423.67257270,0.01027892
423.89060138,0.00603208
424.10864475,0.00951211
424.32670280,0.00573119
424.54477553,0.00830575
424.76286293,0.00811263
424.98096500,0.00846832
425.19908174,0.00918048
425.41721315,0.00710043
425.63535921,0.00731979
425.85351993,0.00934501
426.07169530,0.00775806
426.28988531,0.00633145
426.50808998,0.00528828
426.72630928,0.00701656
426.94454322,0.00830560
427.16279180,0.00940199
427.38105500,0.00731823
427.59933283,0.00923081
427.81762529,0.00890994
428.03593236,0.01087891
428.25425405,0.00619338
428.47259035,0.00868733
428.69094125,0.00750996
428.90930676,0.00838754
429.12768688,0.00707205
429.34608158,0.01205971
429.56449089,0.00972823
429.78291478,0.00797359
430.00135325,0.00693594
430.21980631,0.01016835
430.43827395,0.00904184
430.65675616,0.01055278
430.87525294,0.00704566
431.09376429,0.00715315
431.31229020,0.01140035
431.53083067,0.00712708
431.74938570,0.01082554
431.96795528,0.01098974
432.18653941,0.00770287
432.40513808,0.00950979
432.62375130,0.00928563
432.84237905,0.00795056
433.06102134,0.01153817
433.27967815,0.01389300
433.49834950,0.00909727
433.71703536,0.00852168
433.93573575,0.01087981
434.15445065,0.00983609
434.37318007,0.00950856
434.59192399,0.01109961
434.81068241,0.01279747
435.02945534,0.00945468
435.24824276,0.00896090
435.46704468,0.01318300
435.68586109,0.01194744
435.90469198,0.01271541
436.12353735,0.01082467
436.34239721,0.01227611
436.56127153,0.01389243
436.78016033,0.01093535
436.99906360,0.01164448
437.21798133,0.01463359
437.43691352,0.00885074
437.65586017,0.00786230
437.87482127,0.00961851
438.09379682,0.00715445
438.31278681,0.01170408
438.53179125,0.01372969
438.75081012,0.00715395
438.96984343,0.01129227
439.18889117,0.00994729
439.40795333,0.00846842
439.62702992,0.01233040
439.84612093,0.01348410
440.06522636,0.01518204
440.28434619,0.01296086
440.50348044,0.01370266
440.72262909,0.01405676
440.94179214,0.01463229
441.16096958,0.01391811
441.38016143,0.01306810
441.59936766,0.01501396
441.81858828,0.01178205
442.03782328,0.01255026
442.25707266,0.01148296
442.47633641,0.01315393
442.69561454,0.01460637
442.91490703,0.01203082
443.13421389,0.01824825
443.35353511,0.01158890
443.57287068,0.01421622
443.79222061,0.01416638
444.01158489,0.01841187
444.23096351,0.01734089
444.45035648,0.01734520
444.66976378,0.02279832
444.88918542,0.01613859
445.10862139,0.01876864
445.32807169,0.01852172
445.54753631,0.01794540
445.76701525,0.02186166
445.98650851,0.02156195
446.20601607,0.02008422
446.42553795,0.01948077
446.64507413,0.01662982
446.86462462,0.02213543
447.08418940,0.02430154
447.30376848,0.02545430
447.52336184,0.02167069
447.74296949,0.02008500
447.96259143,0.02057552
448.18222765,0.02334322
448.40187814,0.02397386
448.62154290,0.02057633
448.84122193,0.02408175
449.06091522,0.02115152
449.28062278,0.02147941
449.50034459,0.02389072
449.72008066,0.01980928
449.93983098,0.02199709
450.15959554,0.02358867
450.37937434,0.02632940
450.59916739,0.02512303
450.81897466,0.01925950
451.03879617,0.02500396
451.25863191,0.02074054
451.47848187,0.02019176
451.69834605,0.02287703
451.91822445,0.01964393
452.13811706,0.02093238
452.35802388,0.02024518
452.57794490,0.02189219
452.79788013,0.02073951
453.01782956,0.02468667
453.23779317,0.02188936
453.45777098,0.02383603
453.67776298,0.02304129
453.89776916,0.02662901
454.11778952,0.02441070
454.33782406,0.02148108
454.55787276,0.02517571
454.77793564,0.02627405
454.99801268,0.02375262
455.21810388,0.02644016
455.43820924,0.02555975
455.65832876,0.02832534
455.87846242,0.02544837
456.09861023,0.02479348
456.31877218,0.02539488
456.53894827,0.02901407
456.75913850,0.02621850
456.97934286,0.02887758
457.19956135,0.02956175
457.41979396,0.02742493
457.64004069,0.02884767
457.86030154,0.02649395
458.08057650,0.03295930
458.30086557,0.03079508
458.52116874,0.02599781
458.74148602,0.02594385
458.96181740,0.03164260
459.18216287,0.02961405
459.40252243,0.02621800
459.62289608,0.03186375
459.84328382,0.03164233
460.06368563,0.02742277
460.28410152,0.03394266
460.50453148,0.03235287
460.72497551,0.03101260
460.94543361,0.03673780
461.16590577,0.03448995
461.38639198,0.03208117
461.60689225,0.03386329
461.82740657,0.03076526
462.04793494,0.03629706
462.26847735,0.03432896
462.48903380,0.03520586
462.70960428,0.03076451
462.93018880,0.03443763
463.15078734,0.03618844
463.37139991,0.03651714
463.59202650,0.03881782
463.81266711,0.03876384
464.03332173,0.03958415
464.25399036,0.04435067
464.47467300,0.03766476
464.69536964,0.03689982
464.91608028,0.04336753
465.13680491,0.04257004
465.35754354,0.04139462
465.57829615,0.04454389
465.79906274,0.04155733
466.01984332,0.04427041
466.24063787,0.04073397
466.46144640,0.04242973
466.68226889,0.04125499
466.90310535,0.04281918
467.12395578,0.04084601
467.34482016,0.04259976
467.56569849,0.04385943
467.78659078,0.04243681
468.00749701,0.04303830
468.22841719,0.04221615
468.44935130,0.04879048
468.67029935,0.04427246
468.89126134,0.04402603
469.11223725,0.04224343
469.33322709,0.04517601
469.55423085,0.04320275
469.77524852,0.04111997
469.99628011,0.03794230
470.21732561,0.04068103
470.43838502,0.04068182
470.65945833,0.03739384
470.88054554,0.03736747
471.10164664,0.04122967
471.32276164,0.03843611
471.54389052,0.03635361
471.76503329,0.03881774
471.98618994,0.03668381
472.20736046,0.03884463
472.42854486,0.03827308
472.64974313,0.03659942
472.87095527,0.03662845
473.09218126,0.03914841
473.31342112,0.04046472
473.53467483,0.03777880
473.75594239,0.03476740
473.97722379,0.03681746
474.19851905,0.03435447
474.41982814,0.03635624
474.64115107,0.03345197
474.86248783,0.03712042
475.08383842,0.03021805
475.30520283,0.03301402
475.52658107,0.02917520
475.74797312,0.03388892
475.96937899,0.03358733
476.19079867,0.03583553
476.41223216,0.03361698
476.63367944,0.03547961
476.85514053,0.03334228
477.07661542,0.03980805
477.29810409,0.03805327
477.51960656,0.04095735
477.74112281,0.03920295
477.96265284,0.03805380
478.18419664,0.03802498
478.40575422,0.03750361
478.62732557,0.03969373
478.84891069,0.03536467
479.07050957,0.03815931
479.29212221,0.04473702
479.51374860,0.04298279
479.73538875,0.03838008
479.95704264,0.03668014
480.17871027,0.04032730
480.40039165,0.04188817
480.62208676,0.03832680
480.84379561,0.03955689
481.06551819,0.03939583
481.28725449,0.03947693
481.50900451,0.03977719
481.73076825,0.03596988
481.95254571,0.03766574
482.17433688,0.03854710
482.39614175,0.03813155
482.61796033,0.03555717
482.83979260,0.04095782
483.06163858,0.03832776
483.28349824,0.04040927
483.50537160,0.04021623
483.72725864,0.04281902
483.94915936,0.04002575
484.17107375,0.04298151
484.39300183,0.03903893
484.61494357,0.04183304
484.83689898,0.03958721
485.05886805,0.03936555
485.28085078,0.03991420
485.50284716,0.04139344
485.72485720,0.04095552
485.94688089,0.04309266
486.16891822,0.04158697
486.39096919,0.04199607
486.61303380,0.04550308
486.83511204,0.04177766
487.05720391,0.04303754
487.27930941,0.04172303
487.50142853,0.04002703
487.72356126,0.03640922
487.94570762,0.04109430
488.16786758,0.04270953
488.39004115,0.03797087
488.61222833,0.04035487
488.83442910,0.04221554
489.05664347,0.03985839
489.27887144,0.03736838
489.50111299,0.03893030
489.72336813,0.04331143
489.94563685,0.03949987
490.16791915,0.04106510
490.39021502,0.03942050
490.61252446,0.04257352
490.83484747,0.04196695
491.05718404,0.04572335
491.27953418,0.04662505
491.50189786,0.03881793
491.72427510,0.04383067
491.94666589,0.04270798
492.16907023,0.04522742
492.39148810,0.04561142
492.61391951,0.04911932
492.83636446,0.04815963
493.05882293,0.04974899
493.28129494,0.04941931
493.50378046,0.05306391
493.72627950,0.04698187
493.94879206,0.04934044
494.17131813,0.04993904
494.39385771,0.04684435
494.61641079,0.04802309
494.83897737,0.04870596
495.06155745,0.05087278
495.28415102,0.04665230
495.50675808,0.04605111
495.72937863,0.04306470
495.95201266,0.05054299
496.17466017,0.04139433
496.39732115,0.04317552
496.61999560,0.04867984
496.84268352,0.04405017
497.06538491,0.04550155
497.28809975,0.04596792
497.51082805,0.04473569
497.73356980,0.04528225
497.95632500,0.04728478
498.17909365,0.04435000
498.40187573,0.04298345
498.62467126,0.03662584
498.84748022,0.04054280
499.07030261,0.04402467
499.29313842,0.04306684
499.51598766,0.04481977
499.73885032,0.03925989
499.96172639,0.04495635
500.18461588,0.04188900
500.40751877,0.04199507
500.63043507,0.04240511
500.85336476,0.04363974
501.07630786,0.04153157
501.29926435,0.04281534
501.52223423,0.04125708
501.74521749,0.04177463
501.96821414,0.04087469
502.19122417,0.04319914
502.41424757,0.04117411
502.63728434,0.04035230
502.86033448,0.04364052
503.08339798,0.03980415
503.30647484,0.04112162
503.52956506,0.04709148
503.75266864,0.04303715
503.97578556,0.04561081
504.19891582,0.04643411
504.42205943,0.04396694
504.64521638,0.04577741
504.86838666,0.05245925
505.09157027,0.04566736
505.31476721,0.04796681
505.53797747,0.04643252
505.76120105,0.04659822
505.98443795,0.04648861
506.20768816,0.04835417
506.43095168,0.05139019
506.65422850,0.05240663
506.87751863,0.05002124
507.10082205,0.05525514
507.32413876,0.05692341
507.54746877,0.05738723
507.77081206,0.05766584
507.99416863,0.05648703
508.21753849,0.05711854
508.44092162,0.05977113
508.66431802,0.05645703
508.88772768,0.06034912
509.11115062,0.05914614
509.33458681,0.05810358
509.55803626,0.06582525
509.78149896,0.05821319
510.00497491,0.06002087
510.22846411,0.05777411
510.45196655,0.06051430
510.67548223,0.05538967
510.89901114,0.05202234
511.12255328,0.05634707
511.34610865,0.05898028
511.56967725,0.05624117
511.79325906,0.05777378
512.01685409,0.05897746
512.24046234,0.05530819
512.46408379,0.05591132
512.68771845,0.06273352
512.91136631,0.05393954
513.13502736,0.06010551
513.35870161,0.05881735
513.58238905,0.05437404
513.80608968,0.05692533
514.02980349,0.05843107
514.25353048,0.05741801
514.47727065,0.05328052
514.70102398,0.04747337
514.92479049,0.05213190
515.14857016,0.04531117
515.37236299,0.04320042
515.59616898,0.04402759
515.81998812,0.04446297
516.04382041,0.04002578
516.26766585,0.04123096
516.49152443,0.03936582
516.71539615,0.03928501
516.93928100,0.04183358
517.16317899,0.04081702
517.38709010,0.03988576
517.61101433,0.04084526
517.83495169,0.04155986
518.05890216,0.04166765
518.28286575,0.04188745
518.50684245,0.04194104
518.73083225,0.04566659
518.95483515,0.04320152
519.17885115,0.04353012
519.40288024,0.04599588
519.62692243,0.04534042
519.85097770,0.05114779
520.07504606,0.05084477
520.29912749,0.05048927
520.52322201,0.05265124
520.74732959,0.05498004
520.97145024,0.06073212
521.19558396,0.05470590
521.41973074,0.05473332
521.64389057,0.06078795
521.86806346,0.06120008
522.09224940,0.06544404
522.31644839,0.05879027
522.54066042,0.06089730
522.76488549,0.06385604
522.98912359,0.06286858
523.21337473,0.06319690
523.43763889,0.06607292
523.66191608,0.06643079
523.88620629,0.06651110
524.11050951,0.06111367
524.33482575,0.06434788
524.55915500,0.06226708
524.78349725,0.06881334
525.00785250,0.07223704
525.23222076,0.07218254
525.45660201,0.06763520
525.68099625,0.06938733
525.90540347,0.07486648
526.12982368,0.06982607
526.35425688,0.07415385
526.57870304,0.07618215
526.80316218,0.07796094
527.02763429,0.07650871
527.25211936,0.08089157
527.47661740,0.08045465
527.70112839,0.08220850
527.92565234,0.08431514
528.15018924,0.08757497
528.37473908,0.09593230
528.59930187,0.10165775
528.82387760,0.10242329
529.04846626,0.10127189
529.27306785,0.10888905
529.49768238,0.10636755
529.72230982,0.10483264
529.94695019,0.10675220
530.17160348,0.10587747
530.39626968,0.11581613
530.62094879,0.10817599
530.84564080,0.11683049
531.07034572,0.11803578
531.29506354,0.11548881
531.51979425,0.11770772
531.74453785,0.11990046
531.96929434,0.12126925
532.19406372,0.12192312
532.41884597,0.11546096
532.64364110,0.11447580
532.86844911,0.11608964
533.09326998,0.11847673
533.31810372,0.11855586
533.54295032,0.11373824
533.76780978,0.11434001
533.99268209,0.11047516
534.21756726,0.11080330
534.44246527,0.11521354
534.66737613,0.10480400
534.89229982,0.11423047
535.11723635,0.11025552
535.34218572,0.10675234
535.56714791,0.10847702
535.79212292,0.10932412
536.01711076,0.10730060
536.24211142,0.10255652
536.46712489,0.10677563
536.69215117,0.10894229
536.91719025,0.10406729
537.14224214,0.10612156
537.36730683,0.10039549
537.59238431,0.09897118
537.81747459,0.09516363
538.04257765,0.09694537
538.26769350,0.09420543
538.49282213,0.09261534
538.71796353,0.09710980
538.94311771,0.09823024
539.16828466,0.09546498
539.39346438,0.09992974
539.61865685,0.10203990
539.84386209,0.10477717
540.06908008,0.10806638
540.29431082,0.10198344
540.51955431,0.11116087
540.74481054,0.10510680
540.97007951,0.09814905
541.19536122,0.10710708
541.42065566,0.10206535
541.64596283,0.11118850
541.87128272,0.11083142
542.09661534,0.11332461
542.32196068,0.11847355
542.54731873,0.11896533
542.77268948,0.12173352
542.99807295,0.12381619
543.22346912,0.13069200
543.44887799,0.12992471
543.67429955,0.13477169
543.89973381,0.13841489
544.12518076,0.14268846
544.35064039,0.14630274
544.57611270,0.15506958
544.80159769,0.15764460
545.02709535,0.16216176
545.25260568,0.17199574
545.47812868,0.17194175
545.70366434,0.17785688
545.92921266,0.18106107
546.15477363,0.17654506
546.38034726,0.18188643
546.60593353,0.17906352
546.83153245,0.17687480
547.05714401,0.18073865
547.28276820,0.18125586
547.50840503,0.18133965
547.73405449,0.17876420
547.95971657,0.18432492
548.18539128,0.18596665
548.41107860,0.19070617
548.63677854,0.19095475
548.86249109,0.19256950
549.08821624,0.19215474
549.31395400,0.19043127
549.53970436,0.19002154
549.76546732,0.19180153
549.99124286,0.18985714
550.21703100,0.20239999
550.44283172,0.20292496
550.66864502,0.20382702
550.89447090,0.20903246
551.12030936,0.20935812
551.34616038,0.21018279
551.57202397,0.20481223
551.79790013,0.20369001
552.02378884,0.20056583
552.24969011,0.19336482
552.47560393,0.18972132
552.70153030,0.18347525
552.92746921,0.19243154
553.15342067,0.18728560
553.37938466,0.18364169
553.60536118,0.18355457
553.83135024,0.17128618
554.05735182,0.17232740
554.28336592,0.17361507
554.50939254,0.16739603
554.73543167,0.17640758
554.96148332,0.17569676
555.18754748,0.17260173
555.41362413,0.17764061
555.63971329,0.17906714
555.86581495,0.18257129
556.09192909,0.18950173
556.31805573,0.19489784
556.54419485,0.19196468
556.77034646,0.20086665
556.99651054,0.20462335
557.22268709,0.20738625
557.44887612,0.21182513
557.67507761,0.20645557
557.90129157,0.21631717
558.12751799,0.21533308
558.35375686,0.23340827
558.58000818,0.23784898
558.80627196,0.25907791
559.03254817,0.26299211
559.25883683,0.27668981
559.48513793,0.29241182
559.71145146,0.30221559
559.93777742,0.29958990
560.16411580,0.29772612
560.39046661,0.30161589
560.61682984,0.30559085
560.84320548,0.30506707
561.06959353,0.32002215
561.29599400,0.32999363
561.52240686,0.33963625
561.74883213,0.34160579
561.97526979,0.34952549
562.20171985,0.34662122
562.42818230,0.34158086
562.65465713,0.33760998
562.88114434,0.34612815
563.10764393,0.34506022
563.33415590,0.33848709
563.56068024,0.33889437
563.78721694,0.33421403
564.01376601,0.32955385
564.24032744,0.32876100
564.46690122,0.32870724
564.69348736,0.34086916
564.92008585,0.34067582
565.14669668,0.33626721
565.37331985,0.34187922
565.59995536,0.35519381
565.82660320,0.35774024
566.05326338,0.36406638
566.27993588,0.35984813
566.50662070,0.36341204
566.73331785,0.36713781
566.96002731,0.36226219
567.18674908,0.36067166
567.41348316,0.36733124
567.64022954,0.35752012
567.86698822,0.36039648
568.09375920,0.36154947
568.32054248,0.36061790
568.54733804,0.34204527
568.77414589,0.34738871
569.00096603,0.34615146
569.22779844,0.33601727
569.45464313,0.33245748
569.68150008,0.33528185
569.90836931,0.32221622
570.13525080,0.30673726
570.36214455,0.30213484
570.58905055,0.29917830
570.81596881,0.29786122
571.04289932,0.29635487
571.26984207,0.29695760
571.49679707,0.29337228
571.72376430,0.28868669
571.95074377,0.28928870
572.17773547,0.28304375
572.40473940,0.27888201
572.63175554,0.28408725
572.85878391,0.28860547
573.08582450,0.28167085
573.31287729,0.26365089
573.53994230,0.26474456
573.76701951,0.26597774
573.99410892,0.27028028
574.22121053,0.27151415
574.44832433,0.27636393
574.67545032,0.27343022
574.90258850,0.27756440
575.12973886,0.28249636
575.35690140,0.28945222
575.58407612,0.30013443
575.81126301,0.31084618
576.03846206,0.31292677
576.26567328,0.31153131
576.49289666,0.30446711
576.72013220,0.30586150
576.94737989,0.29923169
577.17463973,0.29024683
577.40191171,0.28411319
577.62919584,0.27630694
577.85649211,0.26899030
578.08380051,0.26332201
578.31112104,0.26027914
578.53845370,0.25345991
578.76579848,0.23877970
578.99315538,0.23878009
579.22052440,0.23483582
579.44790553,0.23483494
579.67529877,0.23472608
579.90270412,0.22612170
580.13012157,0.22119163
580.35755111,0.23190715
580.58499275,0.23247833
580.81244648,0.24192727
581.03991229,0.24513495
581.26739019,0.25080337
581.49488017,0.25529629
581.72238223,0.25324158
581.94989635,0.26096786
582.17742255,0.26052949
582.40496080,0.25995455
582.63251112,0.26011668
582.86007350,0.25557060
583.08764793,0.26493430
583.31523441,0.27052499
583.54283294,0.28041516
583.77044351,0.28416684
583.99806611,0.28167442
584.22570076,0.28167518
584.45334743,0.28140108
584.68100613,0.27362085
584.90867686,0.27652450
585.13635960,0.26430903
585.36405437,0.25756917
585.59176114,0.25088582
585.81947993,0.24464158
586.04721072,0.23817506
586.27495351,0.24686085
586.50270830,0.23220451
586.73047508,0.23417862
586.95825386,0.22335853
587.18604462,0.21952180
587.41384737,0.21757907
587.64166209,0.20853856
587.86948879,0.20941493
588.09732747,0.20171498
588.32517811,0.20075608
588.55304072,0.19396912
588.78091529,0.19473181
589.00880181,0.20166223
589.23670029,0.19588296
589.46461072,0.19881493
589.69253310,0.20360963
589.92046742,0.20519756
590.14841368,0.20459400
590.37637187,0.20922189
590.60434200,0.21434585
590.83232405,0.21828784
591.06031803,0.21582492
591.28832393,0.22508480
591.51634174,0.21935708
591.74437147,0.21886590
591.97241311,0.21998744
592.20046665,0.22138496
592.42853210,0.21505494
592.65660944,0.21533096
592.88469868,0.21588058
593.11279981,0.21949471
593.34091283,0.21626143
593.56903773,0.22502699
593.79717452,0.22231502
594.02532317,0.21977075
594.25348370,0.21347011
594.48165610,0.22346795
594.70984037,0.22031544
594.93803650,0.22401307
595.16624448,0.22108211
595.39446432,0.23313700
595.62269601,0.23456269
595.85093954,0.23291691
596.07919492,0.23949242
596.30746214,0.23702617
596.53574120,0.24439226
596.76403208,0.24047816
596.99233480,0.24743569
597.22064934,0.24491422
597.44897570,0.24119168
597.67731387,0.22948981
597.90566386,0.22902910
598.13402567,0.22672795
598.36239927,0.22527561
598.59078468,0.21461792
598.81918189,0.20897478
599.04759090,0.20352673
599.27601169,0.20946963
599.50444427,0.21250967
599.73288864,0.21106005
599.96134479,0.21914039
600.18981271,0.21428944
600.41829241,0.20881072
600.64678387,0.20541831
600.87528711,0.21075607
601.10380210,0.21656523
601.33232885,0.21218219
601.56086736,0.21598882
601.78941762,0.21127780
602.01797962,0.20182647
602.24655337,0.20051455
602.47513886,0.20242901
602.70373608,0.19758136
602.93234504,0.19114665
603.16096572,0.19369079
603.38959813,0.18457094
603.61824226,0.18843451
603.84689811,0.18942159
604.07556567,0.18769443
604.30424495,0.18668187
604.53293593,0.18057229
604.76163861,0.17906441
604.99035299,0.18476405
605.21907907,0.18481716
605.44781683,0.19298098
605.67656629,0.18536376
605.90532743,0.18810236
606.13410025,0.19407688
606.36288475,0.20004691
606.59168093,0.20097527
606.82048877,0.20557827
607.04930828,0.21336122
607.27813945,0.22138296
607.50698227,0.20946768
607.73583676,0.20952370
607.96470289,0.20777257
608.19358067,0.20771716
608.42247010,0.20966171
608.65137117,0.21242850
608.88028387,0.21357840
609.10920820,0.22497376
609.33814417,0.22442696
609.56709176,0.23182422
609.79605097,0.23631310
610.02502180,0.23288581
610.25400424,0.23735578
610.48299830,0.23494216
610.71200396,0.22938268
610.94102122,0.22716443
611.17005008,0.23094026
611.39909054,0.22804220
611.62814260,0.21998780
611.85720624,0.21133141
612.08628146,0.20966173
612.31536827,0.20152580
612.54446665,0.19777226
612.77357661,0.19582892
613.00269813,0.20492182
613.23183122,0.19843187
613.46097588,0.19029389
613.69013210,0.18018718
613.91929986,0.18018549
614.14847919,0.17739326
614.37767005,0.17383354
614.60687247,0.17254409
614.83608642,0.17840860
615.06531191,0.18207990
615.29454894,0.17270937
615.52379749,0.18528377
615.75305757,0.18544759
615.98232917,0.18925599
616.21161229,0.19344657
616.44090692,0.19073367
616.67021306,0.19434788
616.89953072,0.19736096
617.12885987,0.20319508
617.35820053,0.21051133
617.58755268,0.22524751
617.81691632,0.23456007
618.04629145,0.22968467
618.27567807,0.23642139
618.50507617,0.24891718
618.73448574,0.24929878
618.96390679,0.24899500
619.19333932,0.25055570
619.42278330,0.26129495
619.65223875,0.26069205
619.88170566,0.25756959
620.11118403,0.26387254
620.34067384,0.26036380
620.57017511,0.26732125
620.79968782,0.27104789
621.02921197,0.27674362
621.25874756,0.27937387
621.48829458,0.28526220
621.71785303,0.29695771
621.94742290,0.30668250
622.17700420,0.31585998
622.40659692,0.32078787
622.63620105,0.32616000
622.86581660,0.32733572
623.09544355,0.32720209
623.32508190,0.33692574
623.55473166,0.33667394
623.78439281,0.34300545
624.01406536,0.34116983
624.24374929,0.33925115
624.47344461,0.32961085
624.70315131,0.32276047
624.93286939,0.29509664
625.16259884,0.28742827
625.39233967,0.27208773
625.62209186,0.26320962
625.85185541,0.26107670
626.08163032,0.25620042
626.31141659,0.24765416
626.54121422,0.25061283
626.77102319,0.24688757
627.00084350,0.24283570
627.23067516,0.24332494
627.46051815,0.23954626
627.69037248,0.23020507
627.92023814,0.23023242
628.15011512,0.22182373
628.38000343,0.22187942
628.60990305,0.21812565
628.83981399,0.21889134
629.06973624,0.21785040
629.29966980,0.21850849
629.52961467,0.21615154
629.75957083,0.21544080
629.98953830,0.21124906
630.21951705,0.21001657
630.44950710,0.20960498
630.67950843,0.21327605
630.90952104,0.20974361
631.13954493,0.21322288
631.36958009,0.20684144
631.59962653,0.19364045
631.82968423,0.19675885
632.05975320,0.19440268
632.28983343,0.19152805
632.51992491,0.19615671
632.75002765,0.20004663
632.98014163,0.20317059
633.21026686,0.20590968
633.44040333,0.19648530
633.67055104,0.18662267
633.90070999,0.17939355
634.13088016,0.17616177
634.36106156,0.17802356
634.59125418,0.17492916
634.82145802,0.16964251
635.05167308,0.17177980
635.28189935,0.16378004
635.51213683,0.15739757
635.74238551,0.15802809
635.97264540,0.15531493
636.20291648,0.15342538
636.43319875,0.15915195
636.66349222,0.15534466
636.89379687,0.15101618
637.12411270,0.15304420
637.35443971,0.15414051
637.58477790,0.15583671
637.81512726,0.15693134
638.04548778,0.15745445
638.27585947,0.16663009
638.50624232,0.16032921
638.73663633,0.17284657
638.96704149,0.16843881
639.19745779,0.17391361
639.42788525,0.17761630
639.65832384,0.17753011
639.88877358,0.18734470
640.11923445,0.19891885
640.34970644,0.18893970
640.58018957,0.18857784
640.81068382,0.19680821
641.04118919,0.20250646
641.27170567,0.20615555
641.50223327,0.21652586
641.73277198,0.22364616
641.96332179,0.22392459
642.19388270,0.23428823
642.42445471,0.25041776
642.65503781,0.25408777
642.88563200,0.26294541
643.11623728,0.27500542
643.34685365,0.29550050
643.57748109,0.31283711
643.80811960,0.32203225
644.03876919,0.32028264
644.26942985,0.32544317
644.50010157,0.33185779
644.73078435,0.34780653
644.96147819,0.35774193
645.19218308,0.36050518
645.42289902,0.35584031
645.65362601,0.36175468
645.88436404,0.35044858
646.11511310,0.35447059
646.34587321,0.35304939
646.57664434,0.36299558
646.80742650,0.37178441
647.03821969,0.38213141
647.26902389,0.36780583
647.49983911,0.35831657
647.73066534,0.36416054
647.96150259,0.38179179
648.19235083,0.39720601
648.42321008,0.38960118
648.65408033,0.36690283
648.88496157,0.37007735
649.11585380,0.36170933
649.34675702,0.36002279
649.57767122,0.33564406
649.80859640,0.34672667
650.03953256,0.33412509
650.27047969,0.33434052
650.50143778,0.32392097
650.73240684,0.31625378
650.96338687,0.30175815
651.19437785,0.30479768
651.42537978,0.28096947
651.65639266,0.29269377
651.88741649,0.28449220
652.11845126,0.26682255
652.34949697,0.27046083
652.58055362,0.26890191
652.81162119,0.26154683
653.04269970,0.24568757
653.27378913,0.24572495
653.50488948,0.24026248
653.73600074,0.23378677
653.96712292,0.23671346
654.19825601,0.24316818
654.42940000,0.24787795
654.66055490,0.25471612
654.89172069,0.26240613
655.12289738,0.27241799
655.35408496,0.28960277
655.58528342,0.29808155
655.81649277,0.31076255
656.04771300,0.32716112
656.27894411,0.33622596
656.51018608,0.35955780
656.74143893,0.37016184
656.97270264,0.37522319
657.20397721,0.38231142
657.43526264,0.39820814
657.66655893,0.40680646
657.89786606,0.39359240
658.12918404,0.38656782
658.36051286,0.38899628
658.59185253,0.38875131
658.82320303,0.38023076
659.05456435,0.37541037
659.28593651,0.35932933
659.51731949,0.35590722
659.74871330,0.34387935
659.98011792,0.33267769
660.21153335,0.31599770
660.44295959,0.31177681
660.67439664,0.30933948
660.90584449,0.30851974
661.13730314,0.30282200
661.36877259,0.30539466
661.60025282,0.30723233
661.83174384,0.31421703
662.06324565,0.31377875
662.29475824,0.32511680
662.52628160,0.31659771
662.75781573,0.31952896
662.98936064,0.32243285
663.22091631,0.33941561
663.45248274,0.35242590
663.68405993,0.37598362
663.91564787,0.37795613
664.14724657,0.38203801
664.37885601,0.38647704
664.61047619,0.40502197
664.84210712,0.40729354
665.07374878,0.42750877
665.30540117,0.44197016
665.53706429,0.46468221
665.76873813,0.46552982
666.00042270,0.47385625
666.23211798,0.48470226
666.46382398,0.48968814
666.69554069,0.47818444
666.92726810,0.48727975
667.15900621,0.48453632
667.39075503,0.49078378
667.62251454,0.49670000
667.85428474,0.50338335
668.08606563,0.50075490
668.31785720,0.50335751
668.54965945,0.49782405
668.78147238,0.49428765
669.01329599,0.47971579
669.24513026,0.47706039
669.47697520,0.46333558
669.70883080,0.46470576
669.94069705,0.46013032
670.17257397,0.44410992
670.40446153,0.42994607
670.63635974,0.43937000
670.86826860,0.43496095
671.10018809,0.43591857
671.33211822,0.44071146
671.56405898,0.45805224
671.79601037,0.46024081
672.02797239,0.45226999
672.25994503,0.43917845
672.49192828,0.44399597
672.72392215,0.43468574
672.95592663,0.43298534
673.18794172,0.43495870
673.41996741,0.43726402
673.65200370,0.42775468
673.88405058,0.43131639
674.11610806,0.43298402
674.34817612,0.43375441
674.58025477,0.44646382
674.81234400,0.45950233
675.04444381,0.43753371
675.27655419,0.43720372
675.50867513,0.43808243
675.74080665,0.45665324
675.97294873,0.44898253
676.20510136,0.46802029
676.43726455,0.47193873
676.66943830,0.48122235
676.90162259,0.48618355
677.13381742,0.48336112
677.36602279,0.46925511
677.59823870,0.48229024
677.83046515,0.47752612
678.06270212,0.49768666
678.29494962,0.49270091
678.52720764,0.50083611
678.75947617,0.49133128
678.99175522,0.50239650
679.22404479,0.49538560
679.45634486,0.49324839
679.68865543,0.50195965
679.92097650,0.51691528
680.15330807,0.50163036
680.38565013,0.51573720
680.61800268,0.52864072
680.85036571,0.55025209
681.08273922,0.53592357
681.31512321,0.53362139
681.54751768,0.52619955
681.77992262,0.53734899
682.01233802,0.50811885
682.24476388,0.51855765
682.47720020,0.51412013
682.70964698,0.52984389
682.94210421,0.51756992
683.17457189,0.53592551
683.40705001,0.52025537
683.63953858,0.51877796
683.87203758,0.50403925
684.10454701,0.50242514
684.33706687,0.50179432
684.56959716,0.50497262
684.80213787,0.48700312
685.03468900,0.47730793
685.26725054,0.47210294
685.49982249,0.46714291
685.73240485,0.45440745
685.96499762,0.45679016
686.19760078,0.46300832
686.43021434,0.47358136
686.66283829,0.46344570
686.89547264,0.46224048
687.12811736,0.44100798
687.36077247,0.43980694
687.59343796,0.42293484
687.82611382,0.41172853
688.05880005,0.40184425
688.29149665,0.39368155
688.52420361,0.39310493
688.75692093,0.39535007
688.98964860,0.39614526
689.22238663,0.40356804
689.45513500,0.40359318
689.68789372,0.39140484
689.92066278,0.37467015
690.15344218,0.37839493
690.38623191,0.38253386
690.61903197,0.38371051
690.85184236,0.36401520
691.08466307,0.34872798
691.31749410,0.34957817
691.55033544,0.33445803
691.78318709,0.32966425
692.01604906,0.32533690
692.24892132,0.30501149
692.48180389,0.29986283
692.71469675,0.29416611
692.94759991,0.27918073
693.18051335,0.26649854
693.41343708,0.25669251
693.64637109,0.24699642
693.87931538,0.23395653
694.11226995,0.22776811
694.34523478,0.22916288
694.57820988,0.22596043
694.81119525,0.22776909
695.04419087,0.22771346
695.27719676,0.22656380
695.51021289,0.21426144
695.74323927,0.21037374
695.97627590,0.22215207
696.20932276,0.21576832
696.44237987,0.22371293
696.67544721,0.22332846
696.90852478,0.22716395
697.14161257,0.22858725
697.37471059,0.23601345
697.60781883,0.24023033
697.84093728,0.23968013
698.07406595,0.23888774
698.30720482,0.24661272
698.54035389,0.24403823
698.77351317,0.24754332
699.00668264,0.24403828
699.23986231,0.25384327
699.47305217,0.25513117
699.70625221,0.25159981
699.93946243,0.26096696
700.17268284,0.26693884
700.40591342,0.27603271
700.63915416,0.27345889
700.87240508,0.26880301
701.10566616,0.26696563
701.33893740,0.26433485
701.57221879,0.25787108
701.80551034,0.24990224
702.03881204,0.25137988
702.27212388,0.25137774
702.50544587,0.25557031
702.73877799,0.25277636
702.97212024,0.25510500
703.20547263,0.25039417
703.43883514,0.24787157
703.67220778,0.24453294
703.90559054,0.24650254
704.13898341,0.25411892
704.37238639,0.25313212
704.60579948,0.25266479
704.83922268,0.25362434
705.07265598,0.25565153
705.30609937,0.25740703
705.53955286,0.27008950
705.77301643,0.27419583
706.00649010,0.27482874
706.23997384,0.29520632
706.47346767,0.30136912
706.70697157,0.31306430
706.94048554,0.31580482
707.17400958,0.32462490
707.40754368,0.32547253
707.64108785,0.32385461
707.87464207,0.33297809
708.10820634,0.32895313
708.34178066,0.33519769
708.57536503,0.35070167
708.80895944,0.35831452
709.04256389,0.35719418
709.27617837,0.35848111
709.50980288,0.37565151
709.74343742,0.37946043
709.97708198,0.38740614
710.21073657,0.39205961
710.44440117,0.41499049
710.67807578,0.43985884
710.91176040,0.45654267
711.14545502,0.46574731
711.37915965,0.47374242
711.61287427,0.48634550
711.84659889,0.49815308
712.08033350,0.51570870
712.31407809,0.53384101
712.54783267,0.54134698
712.78159723,0.54052621
713.01537176,0.55027523
713.24915626,0.56964120
713.48295073,0.57095756
713.71675517,0.59341949
713.95056956,0.58413292
714.18439392,0.58169436
714.41822822,0.57559005
714.65207248,0.57980574
714.88592668,0.59057228
715.11979083,0.58213358
715.35366491,0.57506594
715.58754893,0.57219153
715.82144288,0.55044147
716.05534675,0.56761522
716.28926055,0.55471699
716.52318427,0.56213934
716.75711791,0.56490559
716.99106146,0.58920087
717.22501491,0.58139588
717.45897828,0.59843119
717.69295154,0.60610375
717.92693470,0.61974401
718.16092776,0.60325260
718.39493071,0.60856637
718.62894354,0.59489960
718.86296626,0.58558398
719.09699886,0.56068310
719.33104133,0.55173111
719.56509367,0.51280759
719.79915588,0.49924467
720.03322796,0.47760847
720.26730990,0.45333863
720.50140170,0.43709751
720.73550335,0.41090823
720.96961484,0.40252756
721.20373619,0.37935205
721.43786738,0.36951959
721.67200841,0.37105486
721.90615927,0.35935940
722.14031996,0.35516439
722.37449048,0.35535667
722.60867083,0.35333072
722.84286099,0.34648313
723.07706098,0.35486501
723.31127077,0.36012234
723.54549038,0.35631447
723.77971979,0.35398893
724.01395900,0.36116517
724.24820801,0.34404641
724.48246681,0.33626454
724.71673541,0.32741868
724.95101379,0.32637647
725.18530196,0.31355663
725.41959990,0.30994488
725.65390763,0.31898179
725.88822512,0.32262656
726.12255238,0.31229846
726.35688941,0.30955800
726.59123620,0.31432542
726.82559275,0.32060090
727.05995905,0.32813338
727.29433510,0.33878563
727.52872090,0.33443152
727.76311644,0.33306091
727.99752172,0.32780223
728.23193674,0.33829271
728.46636149,0.33388062
728.70079596,0.33281663
728.93524016,0.32615750
729.16969408,0.32733883
729.40415772,0.31607823
729.63863107,0.32870566
729.87311413,0.32621555
730.10760690,0.33476015
730.34210937,0.32621366
730.57662153,0.33810470
730.81114340,0.32859854
731.04567495,0.33642801
731.28021619,0.32878884
731.51476712,0.33393833
731.74932772,0.32210511
731.98389800,0.32106346
732.21847796,0.30862939
732.45306758,0.29737083
732.68766687,0.29509821
732.92227582,0.30027361
733.15689443,0.29685020
733.39152269,0.30627151
733.62616060,0.31251506
733.86080816,0.32213301
734.09546537,0.33092646
734.33013221,0.32859576
734.56480869,0.33437567
734.79949480,0.34363622
735.03419054,0.34291976
735.26889590,0.35026356
735.50361089,0.34423749
735.73833549,0.35338762
735.97306970,0.34231997
736.20781353,0.34174289
736.44256696,0.33202082
736.67733000,0.33618382
736.91210263,0.32914424
737.14688486,0.34155235
737.38167668,0.32813202
737.61647809,0.31166830
737.85128908,0.30835404
738.08610965,0.31596840
738.32093980,0.32473351
738.55577953,0.31933918
738.79062882,0.31383249
739.02548768,0.30983050
739.26035610,0.30808310
739.49523407,0.31084641
739.73012161,0.30276861
739.96501869,0.29876618
740.19992532,0.28783314
740.43484150,0.29043785
740.66976721,0.28605930
740.90470246,0.29548015
741.13964724,0.29465930
741.37460156,0.29758906
741.60956539,0.30112342
741.84453875,0.31492911
742.07952163,0.30397018
742.31451402,0.30944853
742.54951592,0.31468144
742.78452733,0.31144830
743.01954823,0.30517541
743.25457864,0.31153340
743.48961855,0.30109464
743.72466795,0.31506347
743.95972683,0.32281542
744.19479520,0.32040389
744.42987305,0.31163989
744.66496038,0.32405083
744.90005718,0.33097993
745.13516345,0.35053879
745.37027918,0.34198976
745.60540438,0.34161005
745.84053904,0.33919655
746.07568315,0.35218233
746.31083672,0.35940756
746.54599973,0.36253429
746.78117218,0.35174122
747.01635408,0.37168281
747.25154541,0.38077563
747.48674617,0.37507772
747.72195637,0.37839362
747.95717599,0.37431270
748.19240503,0.36193324
748.42764349,0.36510508
748.66289136,0.36313850
748.89814864,0.36160304
749.13341533,0.36488977
749.36869143,0.36149336
749.60397692,0.36433977
749.83927181,0.38546228
750.07457609,0.38121676
750.30988976,0.38932397
750.54521282,0.38987449
750.78054526,0.38379048
751.01588707,0.38696754
751.25123826,0.38480545
751.48659882,0.39869054
751.72196874,0.38951401
751.95734803,0.38398293
752.19273667,0.38551626
752.42813467,0.38861049
752.66354203,0.37529666
752.89895873,0.38222731
753.13438477,0.38165627
753.36982016,0.39557203
753.60526488,0.39748735
753.84071893,0.40025158
754.07618232,0.40143093
754.31165503,0.38995394
754.54713706,0.40016869
754.78262841,0.40403189
755.01812908,0.39967929
755.25363905,0.41507281
755.48915834,0.42312450
755.72468693,0.42931397
755.96022481,0.41337459
756.19577200,0.40696581
756.43132847,0.41309754
756.66689424,0.42603156
756.90246929,0.42356443
757.13805362,0.42555950
757.37364723,0.41770074
757.60925011,0.41109976
757.84486227,0.40833321
758.08048369,0.40499113
758.31611437,0.39852835
758.55175432,0.37360000
758.78740352,0.34434691
759.02306197,0.34116897
759.25872967,0.32865178
759.49440661,0.31914427
759.73009279,0.30895637
759.96578822,0.31216226
760.20149287,0.30594426
760.43720676,0.30353365
760.67292987,0.29545019
760.90866220,0.30810815
761.14440375,0.32456977
761.38015452,0.34790967
761.61591450,0.35229170
761.85168368,0.36480773
762.08746207,0.38390041
762.32324967,0.41216837
762.55904645,0.43019377
762.79485243,0.44533964
763.03066760,0.45906357
763.26649196,0.45786004
763.50232549,0.45484760
763.73816821,0.45341877
763.97402010,0.46837448
764.20988116,0.50097341
764.44575138,0.48152534
764.68163077,0.47875855
764.91751932,0.47930786
765.15341703,0.47985413
765.38932389,0.44972343
765.62523989,0.43841274
765.86116505,0.41178571
766.09709934,0.38715818
766.33304277,0.37858515
766.56899533,0.36231383
766.80495703,0.34774428
767.04092785,0.32051446
767.27690779,0.28123559
767.51289685,0.26699137
767.74889503,0.23888694
767.98490232,0.22157789
768.22091872,0.20711330
768.45694422,0.19396601
768.69297882,0.18816035
768.92902252,0.16832599
769.16507532,0.15254881
769.40113720,0.14581216
769.63720817,0.13855279
769.87328822,0.12729267
770.10937735,0.12019892
770.34547555,0.12088305
770.58158282,0.11600878
770.81769917,0.11365267
771.05382457,0.11957208
771.28995904,0.12055785
771.52610256,0.12657803
771.76225513,0.14608697
771.99841676,0.14581145
772.23458743,0.15255106
772.47076714,0.15731158
772.70695589,0.16701141
772.94315367,0.18673511
773.17936048,0.21094961
773.41557632,0.22091986
773.65180118,0.24699581
773.88803507,0.28572869
774.12427796,0.30380521
774.36052987,0.32785674
774.59679079,0.35261900
774.83306072,0.36193218
775.06933964,0.40187070
775.30562756,0.40367812
775.54192448,0.42194498
775.77823038,0.42632775
776.01454527,0.43180848
776.25086914,0.45385819
776.48720200,0.47374646
776.72354382,0.49461841
776.95989462,0.51252989
777.19625439,0.51836352
777.43262312,0.51883343
777.66900081,0.53023005
777.90538746,0.53537712
778.14178306,0.51603920
778.37818761,0.50310878
778.61460110,0.48823772
778.85102354,0.49382468
779.08745492,0.48442867
779.32389523,0.48557899
779.56034447,0.46925213
779.79680263,0.45821603
780.03326972,0.44988515
780.26974574,0.44678996
780.50623066,0.42153860
780.74272450,0.41981366
780.97922725,0.40981508
781.21573890,0.40537319
781.45225946,0.40855464
781.68878891,0.39556998
781.92532726,0.37806382
782.16187449,0.38143293
782.39843061,0.35993185
782.63499562,0.34774525
782.87156950,0.34418452
783.10815226,0.34982473
783.34474390,0.34190913
783.58134440,0.35735862
783.81795376,0.35223662
784.05457199,0.36626113
784.29119907,0.36642557
784.52783500,0.38241965
784.76447979,0.37113732
785.00113342,0.37381981
785.23779589,0.37382299
785.47446720,0.36154831
785.71114735,0.33475920
785.94783633,0.32903662
786.18453413,0.31980294
786.42124076,0.30407982
786.65795621,0.28731792
786.89468048,0.29246650
787.13141355,0.28660360
787.36815544,0.26447124
787.60490613,0.26515814
787.84166563,0.26463626
788.07843392,0.25127007
788.31521101,0.24636680
788.55199688,0.23604183
788.78879155,0.23078211
789.02559499,0.22656272
789.26240722,0.23239408
789.49922822,0.22886632
789.73605800,0.22987762
789.97289654,0.22494552
790.20974385,0.22352181
790.44659991,0.22535689
790.68346474,0.21864815
790.92033832,0.21749429
791.15722065,0.23110805
791.39411172,0.22587621
791.63101154,0.22108357
791.86792010,0.21927866
792.10483739,0.22872648
792.34176341,0.22453424
792.57869817,0.22502900
792.81564164,0.23017829
793.05259384,0.23253396
793.28955475,0.24348861
793.52652438,0.24987300
793.76350271,0.24414849
794.00048975,0.25825731
794.23748550,0.25592790
794.47448994,0.25532463
794.71150307,0.25439117
794.94852490,0.27132133
795.18555541,0.28315368
795.42259461,0.29227109
795.65964249,0.30391929
795.89669904,0.31514646
796.13376427,0.31895220
796.37083816,0.32328319
796.60792072,0.32391167
796.84501194,0.33333502
797.08211182,0.32037621
797.31922035,0.32232252
797.55633753,0.30865351
797.79346336,0.31054563
798.03059784,0.31174773
798.26774095,0.31602315
798.50489270,0.31060142
798.74205307,0.32588496
798.97922208,0.33180265
799.21639971,0.33136442
799.45358597,0.32971856
799.69078084,0.33845818
799.92798432,0.34319591
800.16519641,0.34681204
800.40241711,0.34193460
800.63964641,0.34541523
800.87688431,0.35426052
801.11413080,0.34999054
801.35138589,0.36055930
801.58864956,0.36897183
801.82592182,0.37165747
802.06320266,0.36587668
802.30049207,0.38020214
802.53779006,0.38765387
802.77509661,0.38715887
803.01241173,0.38694088
803.24973542,0.37995826
803.48706766,0.38349037
803.72440845,0.37699727
803.96175780,0.36935725
804.19911569,0.35346873
804.43648213,0.36226076
804.67385710,0.35401575
804.91124061,0.36486442
805.14863266,0.35634587
805.38603323,0.35870058
805.62344232,0.34637197
805.86085994,0.33979778
806.09828608,0.32621339
806.33572073,0.31410688
806.57316388,0.29764278
806.81061555,0.29931707
807.04807572,0.27920919
807.28554438,0.28685172
807.52302155,0.27077069
807.76050720,0.27493641
807.99800134,0.26381573
808.23550397,0.26463472
808.47301507,0.26496152
808.71053466,0.26233619
808.94806271,0.25537859
809.18559924,0.24387183
809.42314423,0.24496967
809.66069769,0.24724595
809.89825960,0.24179107
810.13582996,0.23737986
810.37340878,0.23406603
810.61099605,0.23014910
810.84859175,0.21883756
811.08619590,0.21713737
811.32380849,0.21845505
811.56142950,0.20569207
811.79905895,0.20062236
812.03669682,0.18750072
812.27434311,0.18240754
812.51199782,0.17862638
812.74966095,0.17862929
812.98733248,0.17243524
813.22501242,0.17706700
813.46270077,0.17588948
813.70039751,0.18139222
813.93810265,0.18487184
814.17581618,0.19207563
814.41353810,0.20569238
814.65126841,0.21067752
814.88900709,0.20963276
815.12675415,0.21593033
815.36450959,0.22678307
815.60227339,0.23708201
815.84004556,0.23888674
816.07782610,0.24206605
816.31561499,0.24776346
816.55341224,0.26189621
816.79121784,0.26866302
817.02903178,0.27455343
817.26685407,0.28863323
817.50468470,0.30777889
817.74252367,0.31895481
817.98037097,0.34021151
818.21822660,0.34314377
818.45609055,0.35026247
818.69396283,0.34872809
818.93184342,0.36256111
819.16973233,0.36949186
819.40762955,0.38252939
819.64553508,0.38899596
819.88344891,0.39743243
820.12137104,0.39069230
820.35930146,0.39633634
820.59724018,0.38154514
820.83518719,0.38861099
821.07314248,0.37905106
821.31110605,0.38913156
821.54907790,0.38976420
821.78705802,0.40841628
822.02504642,0.38913078
822.26304308,0.40345875
822.50104800,0.39929334
822.73906118,0.40367718
822.97708262,0.39693876
823.21511231,0.40156801
823.45315024,0.41627776
823.69119643,0.40650201
823.92925085,0.38978981
824.16731351,0.40170435
824.40538440,0.38483183
824.64346352,0.36102849
824.88155087,0.35393626
825.11964643,0.35114005
825.35775022,0.35344014
825.59586222,0.33793739
825.83398244,0.32900919
826.07211086,0.32692640
826.31024748,0.33147302
826.54839231,0.33174759
826.78654533,0.32988603
827.02470654,0.32396500
827.26287594,0.30290383
827.50105353,0.29915172
827.73923930,0.29496222
827.97743325,0.30120366
828.21563537,0.29909571
828.45384566,0.28994753
828.69206412,0.28578360
828.93029074,0.28391968
829.16852552,0.27915457
829.40676846,0.27159521
829.64501954,0.25636241
829.88327878,0.25014741
830.12154616,0.23724524
830.35982168,0.23872196
830.59810534,0.23390257
830.83639714,0.22256173
831.07469706,0.20421199
831.31300511,0.19878865
831.55132128,0.18549931
831.78964557,0.17594226
832.02797798,0.17632589
832.26631849,0.16432850
832.50466712,0.16159138
832.74302384,0.15611096
832.98138867,0.15290560
833.21976160,0.15101667
833.45814262,0.14909834
833.69653172,0.14202896
833.93492892,0.13666215
834.17333419,0.13847121
834.41174755,0.12603319
834.65016897,0.13148799
834.88859847,0.12275009
835.12703604,0.13249995
835.36548167,0.12203347
835.60393535,0.12811523
835.84239710,0.12784250
836.08086690,0.13669076
836.31934474,0.12811545
836.55783063,0.12759536
836.79632456,0.13356834
837.03482653,0.13699354
837.27333654,0.13786664
837.51185457,0.13814083
837.75038063,0.13764731
837.98891471,0.14611030
838.22745681,0.14865931
838.46600693,0.15323316
838.70456506,0.15210939
838.94313120,0.16068235
839.18170534,0.16142556
839.42028748,0.16328445
839.65887762,0.16832785
839.89747575,0.17139359
840.13608187,0.16339606
840.37469598,0.17008172
840.61331807,0.16706692
840.85194814,0.17029909
841.09058618,0.16843852
841.32923220,0.16624569
841.56788618,0.16526170
841.80654812,0.15857383
842.04521803,0.16542190
842.28389589,0.17161232
842.52258171,0.17922565
842.76127547,0.18092751
842.99997718,0.18021789
843.23868683,0.19500856
843.47740442,0.19829345
843.71612994,0.20788083
843.95486339,0.20782374
844.19360477,0.21426391
844.43235408,0.22179712
844.67111130,0.23598513
844.90987644,0.22946413
845.14864949,0.24316241
845.38743045,0.25033784
845.62621931,0.26696676
845.86501608,0.26841796
846.10382074,0.27693548
846.34263329,0.29301396
846.58145374,0.31635296
846.82028207,0.32670397
847.05911828,0.33653905
847.29796238,0.35056393
847.53681435,0.36664329
847.77567419,0.35469879
848.01454189,0.34810052
848.25341746,0.34511475
848.49230090,0.36401230
848.73119218,0.36160509
848.97009133,0.36332949
849.20899832,0.35941142
849.44791315,0.36932655
849.68683583,0.37343539
849.92576635,0.39143332
850.16470470,0.40367747
850.40365088,0.42953481
850.64260489,0.43197224
850.88156673,0.43668429
851.12053638,0.41359106
851.35951385,0.40181420
851.59849913,0.38302104
851.83749222,0.36872548
852.07649311,0.35431584
852.31550181,0.35508562
852.55451830,0.33656580
852.79354259,0.32927879
853.03257467,0.31887098
853.27161453,0.30314898
853.51066218,0.29276421
853.74971761,0.28551036
853.98878081,0.28625026
854.22785178,0.27817026
854.46693053,0.26115660
854.70601703,0.25979122
854.94511130,0.24086173
855.18421332,0.22754614
855.42332310,0.21861845
855.66244063,0.20623424
855.90156590,0.19434855
856.14069892,0.18919740
856.37983967,0.18410342
856.61898816,0.17682062
856.85814438,0.16857410
857.09730833,0.15720327
857.33648000,0.15052130
857.57565939,0.14331731
857.81484650,0.13247132
858.05404132,0.12877330
858.29324385,0.11875094
858.53245409,0.12461237
858.77167203,0.12296566
859.01089766,0.11527060
859.25013099,0.11666642
859.48937201,0.11699269
859.72862072,0.12088516
859.96787711,0.13060818
860.20714118,0.12921292
860.44641292,0.13666304
860.68569234,0.13715417
860.92497943,0.14737265
861.16427418,0.14476979
861.40357659,0.14690756
861.64288666,0.14427928
861.88220438,0.14959145
862.12152976,0.15605492
862.36086277,0.15265963
862.60020344,0.15052193
862.83955174,0.14767458
863.07890767,0.14822254
863.31827124,0.15046748
863.55764244,0.15046593
863.79702126,0.15544980
864.03640770,0.14915304
864.27580175,0.15759023
864.51520342,0.15402541
864.75461270,0.15016633
864.99402959,0.15575562
865.23345408,0.15093558
865.47288616,0.15120905
865.71232584,0.15148384
865.95177311,0.15824609
866.19122797,0.16284877
866.43069041,0.16761309
866.67016043,0.17769418
866.90963803,0.17900914
867.14912320,0.18046181
867.38861594,0.18377708
867.62811625,0.19226724
867.86762411,0.19478592
868.10713954,0.21021013
868.34666251,0.20999060
868.58619304,0.21396203
868.82573112,0.21689174
869.06527673,0.21966196
869.30482989,0.21708624
869.54439058,0.21839968
869.78395881,0.22415281
870.02353456,0.23028909
870.26311784,0.23253097
870.50270863,0.23760054
870.74230695,0.23439519
870.98191278,0.23568334
871.22152611,0.23310874
871.46114696,0.23845003
871.70077530,0.24283472
871.94041115,0.24148945
872.18005449,0.22801410
872.41970532,0.22938375
872.65936364,0.21812771
872.89902944,0.20536106
873.13870273,0.19944420
873.37838349,0.19747371
873.61807172,0.19481718
873.85776742,0.18416123
874.09747059,0.17539565
874.33718122,0.17194230
874.57689930,0.16838173
874.81662484,0.16120579
875.05635784,0.15520665
875.29609827,0.15621891
875.53584616,0.15304478
875.77560148,0.15657536
876.01536424,0.15353351
876.25513443,0.15068806
876.49491204,0.14805748
876.73469709,0.15260393
876.97448955,0.15468726
877.21428943,0.15096290
877.45409673,0.15345285
877.69391143,0.15718015
877.93373355,0.15813626
878.17356306,0.16399850
878.41339998,0.16904079
878.65324428,0.16964169
878.89309599,0.18256528
879.13295507,0.19711575
879.37282155,0.20300250
879.61269540,0.21308694
879.85257663,0.22524711
880.09246523,0.22508246
880.33236121,0.22973869
880.57226455,0.22502442
880.81217525,0.22406809
881.05209331,0.23716156
881.29201872,0.23784937
881.53195149,0.22765726
881.77189160,0.23151776
882.01183905,0.22406898
882.25179385,0.22804198
882.49175598,0.24601274
882.73172545,0.25181673
882.97170224,0.24272428
883.21168636,0.24360010
883.45167780,0.24143465
883.69167656,0.25494178
883.93168263,0.27345699
884.17169601,0.27422261
884.41171670,0.27833103
884.65174469,0.27860615
884.89177999,0.28490898
885.13182257,0.30199613
885.37187245,0.33421347
885.61192962,0.34700702
885.85199407,0.34248441
886.09206581,0.35376797
886.33214482,0.34708626
886.57223110,0.35064578
886.81232465,0.35546950
887.05242547,0.36965713
887.29253356,0.37475211
887.53264890,0.37047438
887.77277149,0.35261894
888.01290134,0.34566100
888.25303843,0.34752401
888.49318277,0.35368781
888.73333435,0.35108566
888.97349317,0.34187975
889.21365922,0.33667938
889.45383250,0.34141657
889.69401300,0.34385457
889.93420072,0.34987789
890.17439567,0.35439716
890.41459783,0.35305970
890.65480719,0.34905861
890.89502377,0.35289412
891.13524755,0.34462034
891.37547853,0.35119353
891.61571670,0.35834231
891.85596207,0.37710610
892.09621463,0.36919130
892.33647437,0.37400947
892.57674129,0.38488850
892.81701539,0.37836682
893.05729666,0.37467038
893.29758510,0.37192869
893.53788071,0.38669523
893.77818349,0.39403511
894.01849342,0.39124130
894.25881051,0.38633700
894.49913474,0.37699854
894.73946613,0.38406447
894.97980466,0.39597946
895.22015033,0.40225043
895.46050314,0.40060908
895.70086308,0.39803677
895.94123016,0.40082892
896.18160435,0.41912720
896.42198567,0.41715313
896.66237411,0.43314979
896.90276966,0.42490727
897.14317233,0.41112814
897.38358210,0.40450190
897.62399897,0.40354181
897.86442295,0.39562301
898.10485402,0.37699583
898.34529218,0.37617698
898.58573744,0.37105605
898.82618978,0.36412488
899.06664920,0.35930327
899.30711569,0.35845432
899.54758927,0.35114056
899.78806991,0.34023744
900.02855762,0.33245709
900.26905239,0.32631998
900.50955422,0.31662667
900.75006311,0.31355794
900.99057905,0.29575372
901.23110204,0.28929053
901.47163207,0.29411055
901.71216914,0.28255033
901.95271325,0.27614132
902.19326440,0.26709870
902.43382257,0.26014250
902.67438777,0.25285902
902.91495999,0.25474856
903.15553924,0.25992735
903.39612549,0.25532535
903.63671876,0.26359495
903.87731904,0.26986861
904.11792632,0.27050076
904.35854060,0.26967168
904.59916188,0.26353916
904.83979015,0.27033681
905.08042541,0.26485518
905.32106765,0.26759291
905.56171688,0.25630884
905.80237308,0.25861232
906.04303626,0.25313383
906.28370641,0.24529671
906.52438353,0.23335607
906.76506761,0.23234236
907.00575865,0.21410053
907.24645665,0.21494837
907.48716160,0.20470173
907.72787350,0.20207144
907.96859234,0.20223907
908.20931812,0.20437535
908.45005085,0.20204598
908.69079050,0.19895160
908.93153709,0.18410751
909.17229060,0.18793926
909.41305104,0.18530972
909.65381839,0.17890060
909.89459266,0.18744440
910.13537384,0.19161011
910.37616193,0.19785660
910.61695693,0.20738724
910.85775882,0.21453680
911.09856761,0.21982301
911.33938330,0.22935730
911.58020588,0.23466826
911.82103534,0.24184825
912.06187168,0.25050231
912.30271490,0.24858746
912.54356500,0.25589983
912.78442197,0.26496433
913.02528580,0.27334827
913.26615650,0.27121057
913.50703406,0.27044294
913.74791848,0.27504539
913.98880974,0.28583791
914.22970786,0.28698608
914.47061282,0.29599972
914.71152463,0.29893294
914.95244327,0.30375131
915.19336875,0.30785887
915.43430105,0.31514834
915.67524019,0.30865665
915.91618615,0.31503567
916.15713892,0.31281809
916.39809852,0.30602590
916.63906492,0.30440932
916.88003813,0.30145240
917.12101815,0.30188914
917.36200497,0.29526070
917.60299859,0.29936891
917.84399900,0.29153344
918.08500620,0.27805711
918.32602018,0.26693587
918.56704095,0.25674872
918.80806850,0.24891401
919.04910282,0.23171295
919.29014392,0.21760467
919.53119178,0.20180300
919.77224640,0.18991232
920.01330779,0.17569721
920.25437593,0.16509370
920.49545083,0.15655059
920.73653248,0.15035347
920.97762087,0.15120805
921.21871600,0.14841480
921.45981787,0.13622149
921.70092648,0.13186670
921.94204182,0.13036321
922.18316388,0.12658248
922.42429267,0.12324023
922.66542818,0.11579074
922.90657040,0.11160003
923.14771934,0.11310818
923.38887498,0.11184314
923.63003734,0.11401116
923.87120639,0.11409169
924.11238214,0.11349018
924.35356458,0.11546150
924.59475371,0.11655582
924.83594953,0.12307695
925.07715204,0.11666386
925.31836122,0.12050165
925.55957708,0.13353895
925.80079961,0.14624974
926.04202881,0.15928723
926.28326467,0.17194268
926.52450719,0.17161237
926.76575637,0.16465644
927.00701221,0.16684943
927.24827469,0.16778000
927.48954382,0.17862652
927.73081959,0.19591081
927.97210200,0.20837208
928.21339105,0.21270094
928.45468673,0.21286795
928.69598903,0.21012869
928.93729796,0.20711637
929.17861351,0.19949835
929.41993567,0.21905639
929.66126445,0.22574042
929.90259984,0.23489098
930.14394183,0.25093878
930.38529042,0.26428278
930.62664561,0.24502177
930.86800740,0.24603841
931.10937578,0.24466617
931.35075074,0.24743348
931.59213229,0.24277772
931.83352042,0.24129999
932.07491512,0.24316311
932.31631639,0.22924565
932.55772424,0.22809754
932.79913864,0.21938634
933.04055961,0.20106147
933.28198714,0.19506315
933.52342122,0.19155573
933.76486185,0.18821402
934.00630903,0.19322782
934.24776275,0.17780343
934.48922301,0.17254520
934.73068980,0.15726093
934.97216313,0.14704317
935.21364298,0.13743178
935.45512936,0.13614271
935.69662225,0.12619946
935.93812167,0.12589729
936.17962760,0.11644806
936.42114004,0.11094162
936.66265898,0.10455659
936.90418442,0.10077910
937.14571637,0.09667210
937.38725481,0.08760195
937.62879973,0.08549642
937.87035115,0.08489208
938.11190905,0.08217983
938.35347343,0.08050877
938.59504429,0.07878147
938.83662162,0.07160716
939.07820541,0.07201902
939.31979568,0.06999252
939.56139240,0.06884044
939.80299558,0.06785274
940.04460522,0.07267464
940.28622131,0.07119634
940.52784384,0.06971628
940.76947282,0.06845347
941.01110823,0.07366086
941.25275008,0.07056280
941.49439837,0.06445876
941.73605308,0.05936246
941.97771421,0.05780120
942.21938177,0.05528018
942.46105574,0.04960897
942.70273613,0.05492720
942.94442293,0.04991200
943.18611613,0.04909263
943.42781574,0.04533748
943.66952174,0.04687280
943.91123414,0.03873681
944.15295293,0.03925981
944.39467811,0.03744814
944.63640967,0.03780337
944.87814762,0.03931347
945.11989194,0.03487624
945.36164263,0.03629628
945.60339969,0.03701178
945.84516312,0.03602479
946.08693290,0.03695515
946.32870905,0.04026959
946.57049155,0.03835446
946.81228040,0.04191329
947.05407560,0.04259876
947.29587714,0.04068224
947.53768503,0.04514784
947.77949924,0.04676358
948.02131979,0.05042965
948.26314667,0.05229698
948.50497988,0.05626657
948.74681940,0.05810337
948.98866524,0.06522588
949.23051740,0.06982543
949.47237587,0.07563347
949.71424064,0.07623605
949.95611171,0.07733309
950.19798909,0.07842789
950.43987276,0.09141127
950.68176272,0.09239557
950.92365897,0.09565779
951.16556150,0.10160006
951.40747032,0.10672417
951.64938541,0.12036661
951.89130677,0.12789886
952.13323441,0.12690998
952.37516831,0.13217053
952.61710847,0.13732172
952.85905489,0.13644535
953.10100756,0.13674554
953.34296649,0.14720910
953.58493166,0.15003027
953.82690308,0.15222278
954.06888074,0.15479616
954.31086463,0.16306697
954.55285476,0.17654385
954.79485111,0.17498288
955.03685369,0.18843028
955.27886249,0.19741490
955.52087751,0.20240350
955.76289875,0.21192320
956.00492619,0.20963373
956.24695984,0.21489506
956.48899970,0.22442312
956.73104575,0.22571431
956.97309800,0.23285872
957.21515644,0.23828651
957.45722107,0.23959994
957.69929189,0.25653039
957.94136888,0.26173166
958.18345205,0.27646939
958.42554140,0.28290625
958.66763692,0.29537139
958.90973860,0.30287246
959.15184644,0.30695738
959.39396044,0.30785877
959.63608060,0.29501584
959.87820691,0.27726393
960.12033937,0.28600261
960.36247797,0.28621820
960.60462271,0.29553437
960.84677359,0.31049207
961.08893060,0.30980658
961.33109374,0.31380457
961.57326301,0.31914678
961.81543840,0.31769385
962.05761991,0.32903356
962.29980753,0.33201616
962.54200126,0.34004505
962.78420110,0.34774350
963.02640704,0.35363092
963.26861908,0.36286422
963.51083722,0.36072617
963.75306145,0.34662022
963.99529177,0.32977333
964.23752817,0.31147731
964.47977066,0.30265820
964.72201922,0.30210842
964.96427386,0.29920536
965.20653456,0.29728475
965.44880134,0.29939785
965.69107417,0.29301399
965.93335307,0.29400229
966.17563802,0.28589204
966.41792902,0.27496041
966.66022607,0.26614464
966.90252917,0.25910371
967.14483830,0.25291385
967.38715347,0.23595843
967.62947468,0.23620484
967.87180192,0.23280706
968.11413518,0.22666833
968.35647446,0.23675425
968.59881976,0.22502822
968.84117108,0.21396247
969.08352841,0.21144270
969.32589174,0.20640173
969.56826108,0.19462136
969.81063642,0.18725377
970.05301776,0.17632566
970.29540509,0.17626899
970.53779840,0.17522854
970.78019771,0.16767155
971.02260299,0.16736675
971.26501425,0.16635351
971.50743149,0.15890573
971.74985470,0.14756275
971.99228387,0.14384012
972.23471901,0.13956715
972.47716011,0.14123612
972.71960716,0.14074391
972.96206016,0.13455226
973.20451911,0.13148537
973.44698401,0.12510161
973.68945485,0.11765019
973.93193163,0.11989646
974.17441434,0.11420290
974.41690298,0.10521643
974.65939754,0.10466783
974.90189803,0.10149116
975.14440444,0.10264300
975.38691676,0.09710997
975.62943499,0.09864317
975.87195913,0.09631553
976.11448918,0.08711014
976.35702513,0.08423406
976.59956697,0.08281034
976.84211470,0.08453563
977.08466833,0.09017944
977.32722784,0.08297506
977.56979323,0.08524981
977.81236450,0.08193449
978.05494165,0.08417913
978.29752467,0.08190480
978.54011355,0.08053677
978.78270830,0.07491869
979.02530890,0.07700383
979.26791537,0.07908507
979.51052768,0.07891997
979.75314585,0.08357872
979.99576986,0.08308568
980.23839971,0.08412291
980.48103540,0.08870082
980.72367692,0.09431562
980.96632427,0.08721796
981.20897745,0.08730072
981.45163645,0.08604332
981.69430127,0.08817812
981.93697191,0.08672934
982.17964836,0.08406949
982.42233061,0.08696991
982.66501868,0.08965717
982.90771254,0.08918790
983.15041220,0.09261634
983.39311765,0.08864573
983.63582889,0.08971411
983.87854592,0.08291701
984.12126873,0.08313902
984.36399732,0.08447929
984.60673168,0.08094426
984.84947182,0.08505314
985.09221772,0.08034473
985.33496939,0.08122090
985.57772681,0.07667327
985.82049000,0.07420992
986.06325893,0.07305988
986.30603362,0.07782628
986.54881405,0.07149733
986.79160022,0.07473112
987.03439213,0.06889394
987.27718977,0.06780051
987.51999315,0.07305807
987.76280225,0.06782544
988.00561707,0.07242939
988.24843762,0.07388205
988.49126388,0.06664543
988.73409585,0.07231884
988.97693353,0.07111674
989.21977692,0.07314388
989.46262601,0.07234689
989.70548079,0.07218212
989.94834127,0.07311644
990.19120744,0.07171851
990.43407929,0.06856796
990.67695683,0.07021011
990.91984004,0.06796462
991.16272893,0.06856936
991.40562350,0.06823790
991.64852373,0.07174525
991.89142962,0.07286793
992.13434118,0.07201738
992.37725839,0.06801756
992.62018126,0.07355368
992.86310977,0.07410215
993.10604393,0.07300541
993.34898373,0.07251214
993.59192917,0.07245755
993.83488025,0.07448310
994.07783696,0.07456493
994.32079929,0.07568850
994.56376725,0.07267167
994.80674082,0.07097698
995.04972002,0.06982650
995.29270482,0.07149466
995.53569524,0.06974586
995.77869126,0.06971625
996.02169288,0.07065079
996.26470010,0.06637615
996.50771291,0.06917036
996.75073131,0.06878513
996.99375530,0.07229185
997.23678488,0.07464374
997.47982003,0.07661947
997.72286076,0.07670228
997.96590706,0.07826537
998.20895892,0.07264944
998.45201636,0.07368924
998.69507935,0.06949548
998.93814790,0.06730694
999.18122200,0.06769209
999.42430166,0.06785342
999.66738686,0.06462311
999.91047760,0.06823785
1000.15357388,0.06297812
1000.39667569,0.06497977
1000.63978304,0.06226680
1000.88289592,0.06007460
1001.12601431,0.05498078
1001.36913823,0.05284550
1001.61226767,0.05120140
1001.85540262,0.04599350
1002.09854307,0.05125583
1002.34168904,0.05169334
1002.58484050,0.05580250
1002.82799746,0.05218510
1003.07115992,0.05106151
1003.31432787,0.04752948
1003.55750130,0.05172113
1003.80068022,0.05131102
1004.04386462,0.05051396
1004.28705449,0.04960981
1004.53024984,0.04585948
1004.77345065,0.04391218
1005.01665693,0.04616173
1005.25986867,0.04111804
1005.50308587,0.04484581
1005.74630852,0.04714907
1005.98953662,0.04322809
1006.23277017,0.04210372
1006.47600916,0.04429678
1006.71925359,0.04117522
1006.96250346,0.04416152
1007.20575875,0.04785870
1007.44901948,0.04481758
1007.69228563,0.04520291
1007.93555720,0.04774999
1008.17883418,0.04681834
1008.42211658,0.04621368
1008.66540439,0.04457035
1008.90869761,0.04930696
1009.15199622,0.04849091
1009.39530024,0.04862556
1009.63860965,0.05119983
1009.88192445,0.04829597
1010.12524464,0.05251473
1010.36857021,0.05591124
1010.61190116,0.06078615
1010.85523749,0.05766463
1011.09857919,0.05508812
1011.34192626,0.05218486
1011.58527870,0.05804775
1011.82863649,0.05676050
1012.07199965,0.06451104
1012.31536816,0.06429331
1012.55874202,0.06722357
1012.80212122,0.06719647
1013.04550577,0.07275684
1013.28889566,0.07420975
1013.53229088,0.07146880
1013.77569144,0.07152541
1014.01909732,0.07426512
1014.26250853,0.07963168
1014.50592506,0.07914082
1014.74934691,0.08396112
1014.99277407,0.08089312
1015.23620654,0.08143998
1015.47964432,0.08494737
1015.72308739,0.08834369
1015.96653577,0.09425793
1016.20998944,0.09426198
1016.45344841,0.08831647
1016.69691266,0.09163041
1016.94038220,0.09206948
1017.18385701,0.09135507
1017.42733710,0.09338467
1017.67082247,0.09344025
1017.91431310,0.05618297
1018.15780900,0.00234101
1018.40131017,0.00272425
1018.64481659,0.00327240
1018.88832826,0.00346420
1019.13184519,0.00250571
1019.37536736,0.00075219
